============================================================
YouTube 專家知識庫爬蟲 (多量版) 2026-03-11 13:21:51
每頻道抓取: 20 部
============================================================

[阿銘師x針還傳] 抓取中...
WARNING: [youtube] YouTube said: ERROR - Precondition check failed.
WARNING: [youtube] HTTP Error 400: Bad Request. Retrying (1/3)...
WARNING: [youtube] YouTube said: ERROR - Precondition check failed.
WARNING: [youtube] HTTP Error 400: Bad Request. Retrying (2/3)...
WARNING: [youtube] YouTube said: ERROR - Precondition check failed.
WARNING: [youtube] HTTP Error 400: Bad Request. Retrying (3/3)...
WARNING: [youtube] YouTube said: ERROR - Precondition check failed.
WARNING: [youtube] Unable to download API page: HTTP Error 400: Bad Request (caused by <HTTPError 400: Bad Request>)
WARNING: [youtube] [jsc] Remote components challenge solver script (deno) and NPM package (deno) were skipped. These may be required to solve JS challenges. You can enable these downloads with  --remote-components ejs:github  (recommended) or  --remote-components ejs:npm , respectively. For more information and alternatives, refer to  https://github.com/yt-dlp/yt-dlp/wiki/EJS
WARNING: [youtube] I5bwVUmF974: n challenge solving failed: Some formats may be missing. Ensure you have a supported JavaScript runtime and challenge solver script distribution installed. Review any warnings presented before this message. For more details, refer to  https://github.com/yt-dlp/yt-dlp/wiki/EJS
WARNING: [youtube] YouTube said: ERROR - Precondition check failed.
WARNING: [youtube] HTTP Error 400: Bad Request. Retrying (1/3)...
WARNING: [youtube] YouTube said: ERROR - Precondition check failed.
WARNING: [youtube] HTTP Error 400: Bad Request. Retrying (2/3)...
WARNING: [youtube] YouTube said: ERROR - Precondition check failed.
WARNING: [youtube] HTTP Error 400: Bad Request. Retrying (3/3)...
WARNING: [youtube] YouTube said: ERROR - Precondition check failed.
WARNING: [youtube] Unable to download API page: HTTP Error 400: Bad Request (caused by <HTTPError 400: Bad Request>)
WARNING: [youtube] [jsc] Remote components challenge solver script (deno) and NPM package (deno) were skipped. These may be required to solve JS challenges. You can enable these downloads with  --remote-components ejs:github  (recommended) or  --remote-components ejs:npm , respectively. For more information and alternatives, refer to  https://github.com/yt-dlp/yt-dlp/wiki/EJS
WARNING: [youtube] FqXdZpn2fbM: n challenge solving failed: Some formats may be missing. Ensure you have a supported JavaScript runtime and challenge solver script distribution installed. Review any warnings presented before this message. For more details, refer to  https://github.com/yt-dlp/yt-dlp/wiki/EJS
WARNING: [youtube] YouTube said: ERROR - Precondition check failed.
WARNING: [youtube] HTTP Error 400: Bad Request. Retrying (1/3)...
WARNING: [youtube] YouTube said: ERROR - Precondition check failed.
WARNING: [youtube] HTTP Error 400: Bad Request. Retrying (2/3)...
WARNING: [youtube] YouTube said: ERROR - Precondition check failed.
WARNING: [youtube] HTTP Error 400: Bad Request. Retrying (3/3)...
WARNING: [youtube] YouTube said: ERROR - Precondition check failed.
WARNING: [youtube] Unable to download API page: HTTP Error 400: Bad Request (caused by <HTTPError 400: Bad Request>)
WARNING: [youtube] EsG7n04uNaw: Some android_vr client https formats have been skipped as they are missing a URL. YouTube may have enabled the SABR-only streaming experiment for the current session. See  https://github.com/yt-dlp/yt-dlp/issues/12482  for more details
WARNING: [youtube] [jsc] Remote components challenge solver script (deno) and NPM package (deno) were skipped. These may be required to solve JS challenges. You can enable these downloads with  --remote-components ejs:github  (recommended) or  --remote-components ejs:npm , respectively. For more information and alternatives, refer to  https://github.com/yt-dlp/yt-dlp/wiki/EJS
WARNING: [youtube] EsG7n04uNaw: n challenge solving failed: Some formats may be missing. Ensure you have a supported JavaScript runtime and challenge solver script distribution installed. Review any warnings presented before this message. For more details, refer to  https://github.com/yt-dlp/yt-dlp/wiki/EJS
WARNING: [youtube] YouTube said: ERROR - Precondition check failed.
WARNING: [youtube] HTTP Error 400: Bad Request. Retrying (1/3)...
WARNING: [youtube] YouTube said: ERROR - Precondition check failed.
WARNING: [youtube] HTTP Error 400: Bad Request. Retrying (2/3)...
WARNING: [youtube] YouTube said: ERROR - Precondition check failed.
WARNING: [youtube] HTTP Error 400: Bad Request. Retrying (3/3)...
WARNING: [youtube] YouTube said: ERROR - Precondition check failed.
WARNING: [youtube] Unable to download API page: HTTP Error 400: Bad Request (caused by <HTTPError 400: Bad Request>)
WARNING: [youtube] [jsc] Remote components challenge solver script (deno) and NPM package (deno) were skipped. These may be required to solve JS challenges. You can enable these downloads with  --remote-components ejs:github  (recommended) or  --remote-components ejs:npm , respectively. For more information and alternatives, refer to  https://github.com/yt-dlp/yt-dlp/wiki/EJS
WARNING: [youtube] V3B2UOcmaFc: n challenge solving failed: Some formats may be missing. Ensure you have a supported JavaScript runtime and challenge solver script distribution installed. Review any warnings presented before this message. For more details, refer to  https://github.com/yt-dlp/yt-dlp/wiki/EJS
WARNING: [youtube] YouTube said: ERROR - Precondition check failed.
WARNING: [youtube] HTTP Error 400: Bad Request. Retrying (1/3)...
WARNING: [youtube] YouTube said: ERROR - Precondition check failed.
WARNING: [youtube] HTTP Error 400: Bad Request. Retrying (2/3)...
WARNING: [youtube] YouTube said: ERROR - Precondition check failed.
WARNING: [youtube] HTTP Error 400: Bad Request. Retrying (3/3)...
WARNING: [youtube] YouTube said: ERROR - Precondition check failed.
WARNING: [youtube] Unable to download API page: HTTP Error 400: Bad Request (caused by <HTTPError 400: Bad Request>)
WARNING: [youtube] [jsc] Remote components challenge solver script (deno) and NPM package (deno) were skipped. These may be required to solve JS challenges. You can enable these downloads with  --remote-components ejs:github  (recommended) or  --remote-components ejs:npm , respectively. For more information and alternatives, refer to  https://github.com/yt-dlp/yt-dlp/wiki/EJS
WARNING: [youtube] rFwmOcWHQUc: n challenge solving failed: Some formats may be missing. Ensure you have a supported JavaScript runtime and challenge solver script distribution installed. Review any warnings presented before this message. For more details, refer to  https://github.com/yt-dlp/yt-dlp/wiki/EJS
WARNING: [youtube] YouTube said: ERROR - Precondition check failed.
WARNING: [youtube] HTTP Error 400: Bad Request. Retrying (1/3)...
WARNING: [youtube] YouTube said: ERROR - Precondition check failed.
WARNING: [youtube] HTTP Error 400: Bad Request. Retrying (2/3)...
WARNING: [youtube] YouTube said: ERROR - Precondition check failed.
WARNING: [youtube] HTTP Error 400: Bad Request. Retrying (3/3)...
WARNING: [youtube] YouTube said: ERROR - Precondition check failed.
WARNING: [youtube] Unable to download API page: HTTP Error 400: Bad Request (caused by <HTTPError 400: Bad Request>)
WARNING: [youtube] [jsc] Remote components challenge solver script (deno) and NPM package (deno) were skipped. These may be required to solve JS challenges. You can enable these downloads with  --remote-components ejs:github  (recommended) or  --remote-components ejs:npm , respectively. For more information and alternatives, refer to  https://github.com/yt-dlp/yt-dlp/wiki/EJS
WARNING: [youtube] tAVIf0bPUVM: n challenge solving failed: Some formats may be missing. Ensure you have a supported JavaScript runtime and challenge solver script distribution installed. Review any warnings presented before this message. For more details, refer to  https://github.com/yt-dlp/yt-dlp/wiki/EJS
WARNING: [youtube] YouTube said: ERROR - Precondition check failed.
WARNING: [youtube] HTTP Error 400: Bad Request. Retrying (1/3)...
WARNING: [youtube] YouTube said: ERROR - Precondition check failed.
WARNING: [youtube] HTTP Error 400: Bad Request. Retrying (2/3)...
WARNING: [youtube] YouTube said: ERROR - Precondition check failed.
WARNING: [youtube] HTTP Error 400: Bad Request. Retrying (3/3)...
WARNING: [youtube] YouTube said: ERROR - Precondition check failed.
WARNING: [youtube] Unable to download API page: HTTP Error 400: Bad Request (caused by <HTTPError 400: Bad Request>)
WARNING: [youtube] [jsc] Remote components challenge solver script (deno) and NPM package (deno) were skipped. These may be required to solve JS challenges. You can enable these downloads with  --remote-components ejs:github  (recommended) or  --remote-components ejs:npm , respectively. For more information and alternatives, refer to  https://github.com/yt-dlp/yt-dlp/wiki/EJS
WARNING: [youtube] wD9NiMi1AKg: n challenge solving failed: Some formats may be missing. Ensure you have a supported JavaScript runtime and challenge solver script distribution installed. Review any warnings presented before this message. For more details, refer to  https://github.com/yt-dlp/yt-dlp/wiki/EJS
WARNING: [youtube] YouTube said: ERROR - Precondition check failed.
WARNING: [youtube] HTTP Error 400: Bad Request. Retrying (1/3)...
WARNING: [youtube] YouTube said: ERROR - Precondition check failed.
WARNING: [youtube] HTTP Error 400: Bad Request. Retrying (2/3)...
WARNING: [youtube] YouTube said: ERROR - Precondition check failed.
WARNING: [youtube] HTTP Error 400: Bad Request. Retrying (3/3)...
WARNING: [youtube] YouTube said: ERROR - Precondition check failed.
WARNING: [youtube] Unable to download API page: HTTP Error 400: Bad Request (caused by <HTTPError 400: Bad Request>)
WARNING: [youtube] [jsc] Remote components challenge solver script (deno) and NPM package (deno) were skipped. These may be required to solve JS challenges. You can enable these downloads with  --remote-components ejs:github  (recommended) or  --remote-components ejs:npm , respectively. For more information and alternatives, refer to  https://github.com/yt-dlp/yt-dlp/wiki/EJS
WARNING: [youtube] 42KI2yrwX-k: n challenge solving failed: Some formats may be missing. Ensure you have a supported JavaScript runtime and challenge solver script distribution installed. Review any warnings presented before this message. For more details, refer to  https://github.com/yt-dlp/yt-dlp/wiki/EJS
WARNING: [youtube] YouTube said: ERROR - Precondition check failed.
WARNING: [youtube] HTTP Error 400: Bad Request. Retrying (1/3)...
WARNING: [youtube] YouTube said: ERROR - Precondition check failed.
WARNING: [youtube] HTTP Error 400: Bad Request. Retrying (2/3)...
WARNING: [youtube] YouTube said: ERROR - Precondition check failed.
WARNING: [youtube] HTTP Error 400: Bad Request. Retrying (3/3)...
WARNING: [youtube] YouTube said: ERROR - Precondition check failed.
WARNING: [youtube] Unable to download API page: HTTP Error 400: Bad Request (caused by <HTTPError 400: Bad Request>)
WARNING: [youtube] miceEZXE-A8: Some android_vr client https formats have been skipped as they are missing a URL. YouTube may have enabled the SABR-only streaming experiment for the current session. See  https://github.com/yt-dlp/yt-dlp/issues/12482  for more details
WARNING: [youtube] [jsc] Remote components challenge solver script (deno) and NPM package (deno) were skipped. These may be required to solve JS challenges. You can enable these downloads with  --remote-components ejs:github  (recommended) or  --remote-components ejs:npm , respectively. For more information and alternatives, refer to  https://github.com/yt-dlp/yt-dlp/wiki/EJS
WARNING: [youtube] miceEZXE-A8: n challenge solving failed: Some formats may be missing. Ensure you have a supported JavaScript runtime and challenge solver script distribution installed. Review any warnings presented before this message. For more details, refer to  https://github.com/yt-dlp/yt-dlp/wiki/EJS
WARNING: [youtube] YouTube said: ERROR - Precondition check failed.
WARNING: [youtube] HTTP Error 400: Bad Request. Retrying (1/3)...
WARNING: [youtube] YouTube said: ERROR - Precondition check failed.
WARNING: [youtube] HTTP Error 400: Bad Request. Retrying (2/3)...
WARNING: [youtube] YouTube said: ERROR - Precondition check failed.
WARNING: [youtube] HTTP Error 400: Bad Request. Retrying (3/3)...
WARNING: [youtube] YouTube said: ERROR - Precondition check failed.
WARNING: [youtube] Unable to download API page: HTTP Error 400: Bad Request (caused by <HTTPError 400: Bad Request>)
WARNING: [youtube] ttglUKfpl4g: Some android_vr client https formats have been skipped as they are missing a URL. YouTube may have enabled the SABR-only streaming experiment for the current session. See  https://github.com/yt-dlp/yt-dlp/issues/12482  for more details
WARNING: [youtube] [jsc] Remote components challenge solver script (deno) and NPM package (deno) were skipped. These may be required to solve JS challenges. You can enable these downloads with  --remote-components ejs:github  (recommended) or  --remote-components ejs:npm , respectively. For more information and alternatives, refer to  https://github.com/yt-dlp/yt-dlp/wiki/EJS
WARNING: [youtube] ttglUKfpl4g: n challenge solving failed: Some formats may be missing. Ensure you have a supported JavaScript runtime and challenge solver script distribution installed. Review any warnings presented before this message. For more details, refer to  https://github.com/yt-dlp/yt-dlp/wiki/EJS
WARNING: [youtube] YouTube said: ERROR - Precondition check failed.
WARNING: [youtube] HTTP Error 400: Bad Request. Retrying (1/3)...
WARNING: [youtube] YouTube said: ERROR - Precondition check failed.
WARNING: [youtube] HTTP Error 400: Bad Request. Retrying (2/3)...
WARNING: [youtube] YouTube said: ERROR - Precondition check failed.
WARNING: [youtube] HTTP Error 400: Bad Request. Retrying (3/3)...
WARNING: [youtube] YouTube said: ERROR - Precondition check failed.
WARNING: [youtube] Unable to download API page: HTTP Error 400: Bad Request (caused by <HTTPError 400: Bad Request>)
WARNING: [youtube] [jsc] Remote components challenge solver script (deno) and NPM package (deno) were skipped. These may be required to solve JS challenges. You can enable these downloads with  --remote-components ejs:github  (recommended) or  --remote-components ejs:npm , respectively. For more information and alternatives, refer to  https://github.com/yt-dlp/yt-dlp/wiki/EJS
WARNING: [youtube] 7mbSTASGEqg: n challenge solving failed: Some formats may be missing. Ensure you have a supported JavaScript runtime and challenge solver script distribution installed. Review any warnings presented before this message. For more details, refer to  https://github.com/yt-dlp/yt-dlp/wiki/EJS
WARNING: [youtube] YouTube said: ERROR - Precondition check failed.
WARNING: [youtube] HTTP Error 400: Bad Request. Retrying (1/3)...
WARNING: [youtube] YouTube said: ERROR - Precondition check failed.
WARNING: [youtube] HTTP Error 400: Bad Request. Retrying (2/3)...
WARNING: [youtube] YouTube said: ERROR - Precondition check failed.
WARNING: [youtube] HTTP Error 400: Bad Request. Retrying (3/3)...
WARNING: [youtube] YouTube said: ERROR - Precondition check failed.
WARNING: [youtube] Unable to download API page: HTTP Error 400: Bad Request (caused by <HTTPError 400: Bad Request>)
WARNING: [youtube] [jsc] Remote components challenge solver script (deno) and NPM package (deno) were skipped. These may be required to solve JS challenges. You can enable these downloads with  --remote-components ejs:github  (recommended) or  --remote-components ejs:npm , respectively. For more information and alternatives, refer to  https://github.com/yt-dlp/yt-dlp/wiki/EJS
WARNING: [youtube] MsvxzmQbW94: n challenge solving failed: Some formats may be missing. Ensure you have a supported JavaScript runtime and challenge solver script distribution installed. Review any warnings presented before this message. For more details, refer to  https://github.com/yt-dlp/yt-dlp/wiki/EJS
WARNING: [youtube] YouTube said: ERROR - Precondition check failed.
WARNING: [youtube] HTTP Error 400: Bad Request. Retrying (1/3)...
WARNING: [youtube] YouTube said: ERROR - Precondition check failed.
WARNING: [youtube] HTTP Error 400: Bad Request. Retrying (2/3)...
WARNING: [youtube] YouTube said: ERROR - Precondition check failed.
WARNING: [youtube] HTTP Error 400: Bad Request. Retrying (3/3)...
WARNING: [youtube] YouTube said: ERROR - Precondition check failed.
WARNING: [youtube] Unable to download API page: HTTP Error 400: Bad Request (caused by <HTTPError 400: Bad Request>)
WARNING: [youtube] [jsc] Remote components challenge solver script (deno) and NPM package (deno) were skipped. These may be required to solve JS challenges. You can enable these downloads with  --remote-components ejs:github  (recommended) or  --remote-components ejs:npm , respectively. For more information and alternatives, refer to  https://github.com/yt-dlp/yt-dlp/wiki/EJS
WARNING: [youtube] mFKoI195pZA: n challenge solving failed: Some formats may be missing. Ensure you have a supported JavaScript runtime and challenge solver script distribution installed. Review any warnings presented before this message. For more details, refer to  https://github.com/yt-dlp/yt-dlp/wiki/EJS
WARNING: [youtube] YouTube said: ERROR - Precondition check failed.
WARNING: [youtube] HTTP Error 400: Bad Request. Retrying (1/3)...
WARNING: [youtube] YouTube said: ERROR - Precondition check failed.
WARNING: [youtube] HTTP Error 400: Bad Request. Retrying (2/3)...
WARNING: [youtube] YouTube said: ERROR - Precondition check failed.
WARNING: [youtube] HTTP Error 400: Bad Request. Retrying (3/3)...
WARNING: [youtube] YouTube said: ERROR - Precondition check failed.
WARNING: [youtube] Unable to download API page: HTTP Error 400: Bad Request (caused by <HTTPError 400: Bad Request>)
WARNING: [youtube] dUnp9QVGn-w: Some android_vr client https formats have been skipped as they are missing a URL. YouTube may have enabled the SABR-only streaming experiment for the current session. See  https://github.com/yt-dlp/yt-dlp/issues/12482  for more details
WARNING: [youtube] [jsc] Remote components challenge solver script (deno) and NPM package (deno) were skipped. These may be required to solve JS challenges. You can enable these downloads with  --remote-components ejs:github  (recommended) or  --remote-components ejs:npm , respectively. For more information and alternatives, refer to  https://github.com/yt-dlp/yt-dlp/wiki/EJS
WARNING: [youtube] dUnp9QVGn-w: n challenge solving failed: Some formats may be missing. Ensure you have a supported JavaScript runtime and challenge solver script distribution installed. Review any warnings presented before this message. For more details, refer to  https://github.com/yt-dlp/yt-dlp/wiki/EJS
WARNING: [youtube] YouTube said: ERROR - Precondition check failed.
WARNING: [youtube] HTTP Error 400: Bad Request. Retrying (1/3)...
WARNING: [youtube] YouTube said: ERROR - Precondition check failed.
WARNING: [youtube] HTTP Error 400: Bad Request. Retrying (2/3)...
WARNING: [youtube] YouTube said: ERROR - Precondition check failed.
WARNING: [youtube] HTTP Error 400: Bad Request. Retrying (3/3)...
WARNING: [youtube] YouTube said: ERROR - Precondition check failed.
WARNING: [youtube] Unable to download API page: HTTP Error 400: Bad Request (caused by <HTTPError 400: Bad Request>)
WARNING: [youtube] [jsc] Remote components challenge solver script (deno) and NPM package (deno) were skipped. These may be required to solve JS challenges. You can enable these downloads with  --remote-components ejs:github  (recommended) or  --remote-components ejs:npm , respectively. For more information and alternatives, refer to  https://github.com/yt-dlp/yt-dlp/wiki/EJS
WARNING: [youtube] xcIriDXG7LU: n challenge solving failed: Some formats may be missing. Ensure you have a supported JavaScript runtime and challenge solver script distribution installed. Review any warnings presented before this message. For more details, refer to  https://github.com/yt-dlp/yt-dlp/wiki/EJS
WARNING: [youtube] YouTube said: ERROR - Precondition check failed.
WARNING: [youtube] HTTP Error 400: Bad Request. Retrying (1/3)...
WARNING: [youtube] YouTube said: ERROR - Precondition check failed.
WARNING: [youtube] HTTP Error 400: Bad Request. Retrying (2/3)...
WARNING: [youtube] YouTube said: ERROR - Precondition check failed.
WARNING: [youtube] HTTP Error 400: Bad Request. Retrying (3/3)...
WARNING: [youtube] YouTube said: ERROR - Precondition check failed.
WARNING: [youtube] Unable to download API page: HTTP Error 400: Bad Request (caused by <HTTPError 400: Bad Request>)
WARNING: [youtube] [jsc] Remote components challenge solver script (deno) and NPM package (deno) were skipped. These may be required to solve JS challenges. You can enable these downloads with  --remote-components ejs:github  (recommended) or  --remote-components ejs:npm , respectively. For more information and alternatives, refer to  https://github.com/yt-dlp/yt-dlp/wiki/EJS
WARNING: [youtube] pv3qNSgvB38: n challenge solving failed: Some formats may be missing. Ensure you have a supported JavaScript runtime and challenge solver script distribution installed. Review any warnings presented before this message. For more details, refer to  https://github.com/yt-dlp/yt-dlp/wiki/EJS
WARNING: [youtube] YouTube said: ERROR - Precondition check failed.
WARNING: [youtube] HTTP Error 400: Bad Request. Retrying (1/3)...
WARNING: [youtube] YouTube said: ERROR - Precondition check failed.
WARNING: [youtube] HTTP Error 400: Bad Request. Retrying (2/3)...
WARNING: [youtube] YouTube said: ERROR - Precondition check failed.
WARNING: [youtube] HTTP Error 400: Bad Request. Retrying (3/3)...
WARNING: [youtube] YouTube said: ERROR - Precondition check failed.
WARNING: [youtube] Unable to download API page: HTTP Error 400: Bad Request (caused by <HTTPError 400: Bad Request>)
WARNING: [youtube] htmaLCVF0go: Some android_vr client https formats have been skipped as they are missing a URL. YouTube may have enabled the SABR-only streaming experiment for the current session. See  https://github.com/yt-dlp/yt-dlp/issues/12482  for more details
WARNING: [youtube] [jsc] Remote components challenge solver script (deno) and NPM package (deno) were skipped. These may be required to solve JS challenges. You can enable these downloads with  --remote-components ejs:github  (recommended) or  --remote-components ejs:npm , respectively. For more information and alternatives, refer to  https://github.com/yt-dlp/yt-dlp/wiki/EJS
WARNING: [youtube] htmaLCVF0go: n challenge solving failed: Some formats may be missing. Ensure you have a supported JavaScript runtime and challenge solver script distribution installed. Review any warnings presented before this message. For more details, refer to  https://github.com/yt-dlp/yt-dlp/wiki/EJS
WARNING: [youtube] YouTube said: ERROR - Precondition check failed.
WARNING: [youtube] HTTP Error 400: Bad Request. Retrying (1/3)...
WARNING: [youtube] YouTube said: ERROR - Precondition check failed.
WARNING: [youtube] HTTP Error 400: Bad Request. Retrying (2/3)...
WARNING: [youtube] YouTube said: ERROR - Precondition check failed.
WARNING: [youtube] HTTP Error 400: Bad Request. Retrying (3/3)...
WARNING: [youtube] YouTube said: ERROR - Precondition check failed.
WARNING: [youtube] Unable to download API page: HTTP Error 400: Bad Request (caused by <HTTPError 400: Bad Request>)
WARNING: [youtube] [jsc] Remote components challenge solver script (deno) and NPM package (deno) were skipped. These may be required to solve JS challenges. You can enable these downloads with  --remote-components ejs:github  (recommended) or  --remote-components ejs:npm , respectively. For more information and alternatives, refer to  https://github.com/yt-dlp/yt-dlp/wiki/EJS
WARNING: [youtube] 9QViJbsGcSc: n challenge solving failed: Some formats may be missing. Ensure you have a supported JavaScript runtime and challenge solver script distribution installed. Review any warnings presented before this message. For more details, refer to  https://github.com/yt-dlp/yt-dlp/wiki/EJS
WARNING: [youtube] YouTube said: ERROR - Precondition check failed.
WARNING: [youtube] HTTP Error 400: Bad Request. Retrying (1/3)...
WARNING: [youtube] YouTube said: ERROR - Precondition check failed.
WARNING: [youtube] HTTP Error 400: Bad Request. Retrying (2/3)...
WARNING: [youtube] YouTube said: ERROR - Precondition check failed.
WARNING: [youtube] HTTP Error 400: Bad Request. Retrying (3/3)...
WARNING: [youtube] YouTube said: ERROR - Precondition check failed.
WARNING: [youtube] Unable to download API page: HTTP Error 400: Bad Request (caused by <HTTPError 400: Bad Request>)
WARNING: [youtube] [jsc] Remote components challenge solver script (deno) and NPM package (deno) were skipped. These may be required to solve JS challenges. You can enable these downloads with  --remote-components ejs:github  (recommended) or  --remote-components ejs:npm , respectively. For more information and alternatives, refer to  https://github.com/yt-dlp/yt-dlp/wiki/EJS
WARNING: [youtube] 8CJcXiDS7wM: n challenge solving failed: Some formats may be missing. Ensure you have a supported JavaScript runtime and challenge solver script distribution installed. Review any warnings presented before this message. For more details, refer to  https://github.com/yt-dlp/yt-dlp/wiki/EJS
WARNING: [youtube] YouTube said: ERROR - Precondition check failed.
WARNING: [youtube] HTTP Error 400: Bad Request. Retrying (1/3)...
WARNING: [youtube] YouTube said: ERROR - Precondition check failed.
WARNING: [youtube] HTTP Error 400: Bad Request. Retrying (2/3)...
WARNING: [youtube] YouTube said: ERROR - Precondition check failed.
WARNING: [youtube] HTTP Error 400: Bad Request. Retrying (3/3)...
WARNING: [youtube] YouTube said: ERROR - Precondition check failed.
WARNING: [youtube] Unable to download API page: HTTP Error 400: Bad Request (caused by <HTTPError 400: Bad Request>)
WARNING: [youtube] [jsc] Remote components challenge solver script (deno) and NPM package (deno) were skipped. These may be required to solve JS challenges. You can enable these downloads with  --remote-components ejs:github  (recommended) or  --remote-components ejs:npm , respectively. For more information and alternatives, refer to  https://github.com/yt-dlp/yt-dlp/wiki/EJS
WARNING: [youtube] v5lj4-Gic2w: n challenge solving failed: Some formats may be missing. Ensure you have a supported JavaScript runtime and challenge solver script distribution installed. Review any warnings presented before this message. For more details, refer to  https://github.com/yt-dlp/yt-dlp/wiki/EJS
[阿銘師x針還傳] 完成 (共 0 個字幕)

[胡乃文開示] 抓取中...
WARNING: [youtube] YouTube said: ERROR - Precondition check failed.
WARNING: [youtube] HTTP Error 400: Bad Request. Retrying (1/3)...
WARNING: [youtube] YouTube said: ERROR - Precondition check failed.
WARNING: [youtube] HTTP Error 400: Bad Request. Retrying (2/3)...
WARNING: [youtube] YouTube said: ERROR - Precondition check failed.
WARNING: [youtube] HTTP Error 400: Bad Request. Retrying (3/3)...
WARNING: [youtube] YouTube said: ERROR - Precondition check failed.
WARNING: [youtube] Unable to download API page: HTTP Error 400: Bad Request (caused by <HTTPError 400: Bad Request>)
ERROR: [youtube] fFDJcicBBPA: Join this channel to get access to members-only content like this video, and other exclusive perks.
WARNING: [youtube] YouTube said: ERROR - Precondition check failed.
WARNING: [youtube] HTTP Error 400: Bad Request. Retrying (1/3)...
WARNING: [youtube] YouTube said: ERROR - Precondition check failed.
WARNING: [youtube] HTTP Error 400: Bad Request. Retrying (2/3)...
WARNING: [youtube] YouTube said: ERROR - Precondition check failed.
WARNING: [youtube] HTTP Error 400: Bad Request. Retrying (3/3)...
WARNING: [youtube] YouTube said: ERROR - Precondition check failed.
WARNING: [youtube] Unable to download API page: HTTP Error 400: Bad Request (caused by <HTTPError 400: Bad Request>)
ERROR: [youtube] YiV3krI8Uo8: Join this channel to get access to members-only content like this video, and other exclusive perks.
WARNING: [youtube] YouTube said: ERROR - Precondition check failed.
WARNING: [youtube] HTTP Error 400: Bad Request. Retrying (1/3)...
WARNING: [youtube] YouTube said: ERROR - Precondition check failed.
WARNING: [youtube] HTTP Error 400: Bad Request. Retrying (2/3)...
WARNING: [youtube] YouTube said: ERROR - Precondition check failed.
WARNING: [youtube] HTTP Error 400: Bad Request. Retrying (3/3)...
WARNING: [youtube] YouTube said: ERROR - Precondition check failed.
WARNING: [youtube] Unable to download API page: HTTP Error 400: Bad Request (caused by <HTTPError 400: Bad Request>)
ERROR: [youtube] IueYJNnZSJU: Join this channel to get access to members-only content like this video, and other exclusive perks.
WARNING: [youtube] YouTube said: ERROR - Precondition check failed.
WARNING: [youtube] HTTP Error 400: Bad Request. Retrying (1/3)...
WARNING: [youtube] YouTube said: ERROR - Precondition check failed.
WARNING: [youtube] HTTP Error 400: Bad Request. Retrying (2/3)...
WARNING: [youtube] YouTube said: ERROR - Precondition check failed.
WARNING: [youtube] HTTP Error 400: Bad Request. Retrying (3/3)...
WARNING: [youtube] YouTube said: ERROR - Precondition check failed.
WARNING: [youtube] Unable to download API page: HTTP Error 400: Bad Request (caused by <HTTPError 400: Bad Request>)
WARNING: [youtube] [jsc] Remote components challenge solver script (deno) and NPM package (deno) were skipped. These may be required to solve JS challenges. You can enable these downloads with  --remote-components ejs:github  (recommended) or  --remote-components ejs:npm , respectively. For more information and alternatives, refer to  https://github.com/yt-dlp/yt-dlp/wiki/EJS
WARNING: [youtube] Q2bXloq73ow: n challenge solving failed: Some formats may be missing. Ensure you have a supported JavaScript runtime and challenge solver script distribution installed. Review any warnings presented before this message. For more details, refer to  https://github.com/yt-dlp/yt-dlp/wiki/EJS
WARNING: The extractor specified to use impersonation for this download, but no impersonate target is available. If you encounter errors, then see  https://github.com/yt-dlp/yt-dlp#impersonation  for information on installing the required dependencies
WARNING: The extractor specified to use impersonation for this download, but no impersonate target is available. If you encounter errors, then see  https://github.com/yt-dlp/yt-dlp#impersonation  for information on installing the required dependencies
WARNING: [youtube] YouTube said: ERROR - Precondition check failed.
WARNING: [youtube] HTTP Error 400: Bad Request. Retrying (1/3)...
WARNING: [youtube] YouTube said: ERROR - Precondition check failed.
WARNING: [youtube] HTTP Error 400: Bad Request. Retrying (2/3)...
WARNING: [youtube] YouTube said: ERROR - Precondition check failed.
WARNING: [youtube] HTTP Error 400: Bad Request. Retrying (3/3)...
WARNING: [youtube] YouTube said: ERROR - Precondition check failed.
WARNING: [youtube] Unable to download API page: HTTP Error 400: Bad Request (caused by <HTTPError 400: Bad Request>)
WARNING: [youtube] [jsc] Remote components challenge solver script (deno) and NPM package (deno) were skipped. These may be required to solve JS challenges. You can enable these downloads with  --remote-components ejs:github  (recommended) or  --remote-components ejs:npm , respectively. For more information and alternatives, refer to  https://github.com/yt-dlp/yt-dlp/wiki/EJS
WARNING: [youtube] hhHykKQuzBc: n challenge solving failed: Some formats may be missing. Ensure you have a supported JavaScript runtime and challenge solver script distribution installed. Review any warnings presented before this message. For more details, refer to  https://github.com/yt-dlp/yt-dlp/wiki/EJS
WARNING: The extractor specified to use impersonation for this download, but no impersonate target is available. If you encounter errors, then see  https://github.com/yt-dlp/yt-dlp#impersonation  for information on installing the required dependencies
WARNING: The extractor specified to use impersonation for this download, but no impersonate target is available. If you encounter errors, then see  https://github.com/yt-dlp/yt-dlp#impersonation  for information on installing the required dependencies
WARNING: [youtube] YouTube said: ERROR - Precondition check failed.
WARNING: [youtube] HTTP Error 400: Bad Request. Retrying (1/3)...
WARNING: [youtube] YouTube said: ERROR - Precondition check failed.
WARNING: [youtube] HTTP Error 400: Bad Request. Retrying (2/3)...
WARNING: [youtube] YouTube said: ERROR - Precondition check failed.
WARNING: [youtube] HTTP Error 400: Bad Request. Retrying (3/3)...
WARNING: [youtube] YouTube said: ERROR - Precondition check failed.
WARNING: [youtube] Unable to download API page: HTTP Error 400: Bad Request (caused by <HTTPError 400: Bad Request>)
ERROR: [youtube] WlT5xtjvdv4: Join this channel to get access to members-only content like this video, and other exclusive perks.
WARNING: [youtube] YouTube said: ERROR - Precondition check failed.
WARNING: [youtube] HTTP Error 400: Bad Request. Retrying (1/3)...
WARNING: [youtube] YouTube said: ERROR - Precondition check failed.
WARNING: [youtube] HTTP Error 400: Bad Request. Retrying (2/3)...
WARNING: [youtube] YouTube said: ERROR - Precondition check failed.
WARNING: [youtube] HTTP Error 400: Bad Request. Retrying (3/3)...
WARNING: [youtube] YouTube said: ERROR - Precondition check failed.
WARNING: [youtube] Unable to download API page: HTTP Error 400: Bad Request (caused by <HTTPError 400: Bad Request>)
WARNING: [youtube] [jsc] Remote components challenge solver script (deno) and NPM package (deno) were skipped. These may be required to solve JS challenges. You can enable these downloads with  --remote-components ejs:github  (recommended) or  --remote-components ejs:npm , respectively. For more information and alternatives, refer to  https://github.com/yt-dlp/yt-dlp/wiki/EJS
WARNING: [youtube] X9-hE0EtNpY: n challenge solving failed: Some formats may be missing. Ensure you have a supported JavaScript runtime and challenge solver script distribution installed. Review any warnings presented before this message. For more details, refer to  https://github.com/yt-dlp/yt-dlp/wiki/EJS
WARNING: The extractor specified to use impersonation for this download, but no impersonate target is available. If you encounter errors, then see  https://github.com/yt-dlp/yt-dlp#impersonation  for information on installing the required dependencies
WARNING: [youtube] YouTube said: ERROR - Precondition check failed.
WARNING: [youtube] HTTP Error 400: Bad Request. Retrying (1/3)...
WARNING: [youtube] YouTube said: ERROR - Precondition check failed.
WARNING: [youtube] HTTP Error 400: Bad Request. Retrying (2/3)...
WARNING: [youtube] YouTube said: ERROR - Precondition check failed.
WARNING: [youtube] HTTP Error 400: Bad Request. Retrying (3/3)...
WARNING: [youtube] YouTube said: ERROR - Precondition check failed.
WARNING: [youtube] Unable to download API page: HTTP Error 400: Bad Request (caused by <HTTPError 400: Bad Request>)
WARNING: [youtube] [jsc] Remote components challenge solver script (deno) and NPM package (deno) were skipped. These may be required to solve JS challenges. You can enable these downloads with  --remote-components ejs:github  (recommended) or  --remote-components ejs:npm , respectively. For more information and alternatives, refer to  https://github.com/yt-dlp/yt-dlp/wiki/EJS
WARNING: [youtube] akWTuJ0ZbtE: n challenge solving failed: Some formats may be missing. Ensure you have a supported JavaScript runtime and challenge solver script distribution installed. Review any warnings presented before this message. For more details, refer to  https://github.com/yt-dlp/yt-dlp/wiki/EJS
WARNING: The extractor specified to use impersonation for this download, but no impersonate target is available. If you encounter errors, then see  https://github.com/yt-dlp/yt-dlp#impersonation  for information on installing the required dependencies
WARNING: The extractor specified to use impersonation for this download, but no impersonate target is available. If you encounter errors, then see  https://github.com/yt-dlp/yt-dlp#impersonation  for information on installing the required dependencies
WARNING: [youtube] YouTube said: ERROR - Precondition check failed.
WARNING: [youtube] HTTP Error 400: Bad Request. Retrying (1/3)...
WARNING: [youtube] YouTube said: ERROR - Precondition check failed.
WARNING: [youtube] HTTP Error 400: Bad Request. Retrying (2/3)...
WARNING: [youtube] YouTube said: ERROR - Precondition check failed.
WARNING: [youtube] HTTP Error 400: Bad Request. Retrying (3/3)...
WARNING: [youtube] YouTube said: ERROR - Precondition check failed.
WARNING: [youtube] Unable to download API page: HTTP Error 400: Bad Request (caused by <HTTPError 400: Bad Request>)
WARNING: [youtube] [jsc] Remote components challenge solver script (deno) and NPM package (deno) were skipped. These may be required to solve JS challenges. You can enable these downloads with  --remote-components ejs:github  (recommended) or  --remote-components ejs:npm , respectively. For more information and alternatives, refer to  https://github.com/yt-dlp/yt-dlp/wiki/EJS
WARNING: [youtube] SvEEh1X09Fs: n challenge solving failed: Some formats may be missing. Ensure you have a supported JavaScript runtime and challenge solver script distribution installed. Review any warnings presented before this message. For more details, refer to  https://github.com/yt-dlp/yt-dlp/wiki/EJS
WARNING: The extractor specified to use impersonation for this download, but no impersonate target is available. If you encounter errors, then see  https://github.com/yt-dlp/yt-dlp#impersonation  for information on installing the required dependencies
WARNING: The extractor specified to use impersonation for this download, but no impersonate target is available. If you encounter errors, then see  https://github.com/yt-dlp/yt-dlp#impersonation  for information on installing the required dependencies
WARNING: [youtube] YouTube said: ERROR - Precondition check failed.
WARNING: [youtube] HTTP Error 400: Bad Request. Retrying (1/3)...
WARNING: [youtube] YouTube said: ERROR - Precondition check failed.
WARNING: [youtube] HTTP Error 400: Bad Request. Retrying (2/3)...
WARNING: [youtube] YouTube said: ERROR - Precondition check failed.
WARNING: [youtube] HTTP Error 400: Bad Request. Retrying (3/3)...
WARNING: [youtube] YouTube said: ERROR - Precondition check failed.
WARNING: [youtube] Unable to download API page: HTTP Error 400: Bad Request (caused by <HTTPError 400: Bad Request>)
ERROR: [youtube] LTvQ65J1FJg: Join this channel to get access to members-only content like this video, and other exclusive perks.
WARNING: [youtube] YouTube said: ERROR - Precondition check failed.
WARNING: [youtube] HTTP Error 400: Bad Request. Retrying (1/3)...
WARNING: [youtube] YouTube said: ERROR - Precondition check failed.
WARNING: [youtube] HTTP Error 400: Bad Request. Retrying (2/3)...
WARNING: [youtube] YouTube said: ERROR - Precondition check failed.
WARNING: [youtube] HTTP Error 400: Bad Request. Retrying (3/3)...
WARNING: [youtube] YouTube said: ERROR - Precondition check failed.
WARNING: [youtube] Unable to download API page: HTTP Error 400: Bad Request (caused by <HTTPError 400: Bad Request>)
WARNING: [youtube] [jsc] Remote components challenge solver script (deno) and NPM package (deno) were skipped. These may be required to solve JS challenges. You can enable these downloads with  --remote-components ejs:github  (recommended) or  --remote-components ejs:npm , respectively. For more information and alternatives, refer to  https://github.com/yt-dlp/yt-dlp/wiki/EJS
WARNING: [youtube] TOTaq_ITTIM: n challenge solving failed: Some formats may be missing. Ensure you have a supported JavaScript runtime and challenge solver script distribution installed. Review any warnings presented before this message. For more details, refer to  https://github.com/yt-dlp/yt-dlp/wiki/EJS
WARNING: The extractor specified to use impersonation for this download, but no impersonate target is available. If you encounter errors, then see  https://github.com/yt-dlp/yt-dlp#impersonation  for information on installing the required dependencies
WARNING: The extractor specified to use impersonation for this download, but no impersonate target is available. If you encounter errors, then see  https://github.com/yt-dlp/yt-dlp#impersonation  for information on installing the required dependencies
WARNING: [youtube] YouTube said: ERROR - Precondition check failed.
WARNING: [youtube] HTTP Error 400: Bad Request. Retrying (1/3)...
WARNING: [youtube] YouTube said: ERROR - Precondition check failed.
WARNING: [youtube] HTTP Error 400: Bad Request. Retrying (2/3)...
WARNING: [youtube] YouTube said: ERROR - Precondition check failed.
WARNING: [youtube] HTTP Error 400: Bad Request. Retrying (3/3)...
WARNING: [youtube] YouTube said: ERROR - Precondition check failed.
WARNING: [youtube] Unable to download API page: HTTP Error 400: Bad Request (caused by <HTTPError 400: Bad Request>)
WARNING: [youtube] [jsc] Remote components challenge solver script (deno) and NPM package (deno) were skipped. These may be required to solve JS challenges. You can enable these downloads with  --remote-components ejs:github  (recommended) or  --remote-components ejs:npm , respectively. For more information and alternatives, refer to  https://github.com/yt-dlp/yt-dlp/wiki/EJS
WARNING: [youtube] mYqEAohFa6M: n challenge solving failed: Some formats may be missing. Ensure you have a supported JavaScript runtime and challenge solver script distribution installed. Review any warnings presented before this message. For more details, refer to  https://github.com/yt-dlp/yt-dlp/wiki/EJS
WARNING: The extractor specified to use impersonation for this download, but no impersonate target is available. If you encounter errors, then see  https://github.com/yt-dlp/yt-dlp#impersonation  for information on installing the required dependencies
WARNING: The extractor specified to use impersonation for this download, but no impersonate target is available. If you encounter errors, then see  https://github.com/yt-dlp/yt-dlp#impersonation  for information on installing the required dependencies
WARNING: [youtube] YouTube said: ERROR - Precondition check failed.
WARNING: [youtube] HTTP Error 400: Bad Request. Retrying (1/3)...
WARNING: [youtube] YouTube said: ERROR - Precondition check failed.
WARNING: [youtube] HTTP Error 400: Bad Request. Retrying (2/3)...
WARNING: [youtube] YouTube said: ERROR - Precondition check failed.
WARNING: [youtube] HTTP Error 400: Bad Request. Retrying (3/3)...
WARNING: [youtube] YouTube said: ERROR - Precondition check failed.
WARNING: [youtube] Unable to download API page: HTTP Error 400: Bad Request (caused by <HTTPError 400: Bad Request>)
ERROR: [youtube] f67fcVPBO1E: Join this channel to get access to members-only content like this video, and other exclusive perks.
WARNING: [youtube] YouTube said: ERROR - Precondition check failed.
WARNING: [youtube] HTTP Error 400: Bad Request. Retrying (1/3)...
WARNING: [youtube] YouTube said: ERROR - Precondition check failed.
WARNING: [youtube] HTTP Error 400: Bad Request. Retrying (2/3)...
WARNING: [youtube] YouTube said: ERROR - Precondition check failed.
WARNING: [youtube] HTTP Error 400: Bad Request. Retrying (3/3)...
WARNING: [youtube] YouTube said: ERROR - Precondition check failed.
WARNING: [youtube] Unable to download API page: HTTP Error 400: Bad Request (caused by <HTTPError 400: Bad Request>)
WARNING: [youtube] [jsc] Remote components challenge solver script (deno) and NPM package (deno) were skipped. These may be required to solve JS challenges. You can enable these downloads with  --remote-components ejs:github  (recommended) or  --remote-components ejs:npm , respectively. For more information and alternatives, refer to  https://github.com/yt-dlp/yt-dlp/wiki/EJS
WARNING: [youtube] QE5M8Nn5PLY: n challenge solving failed: Some formats may be missing. Ensure you have a supported JavaScript runtime and challenge solver script distribution installed. Review any warnings presented before this message. For more details, refer to  https://github.com/yt-dlp/yt-dlp/wiki/EJS
WARNING: The extractor specified to use impersonation for this download, but no impersonate target is available. If you encounter errors, then see  https://github.com/yt-dlp/yt-dlp#impersonation  for information on installing the required dependencies
WARNING: The extractor specified to use impersonation for this download, but no impersonate target is available. If you encounter errors, then see  https://github.com/yt-dlp/yt-dlp#impersonation  for information on installing the required dependencies
WARNING: [youtube] YouTube said: ERROR - Precondition check failed.
WARNING: [youtube] HTTP Error 400: Bad Request. Retrying (1/3)...
WARNING: [youtube] YouTube said: ERROR - Precondition check failed.
WARNING: [youtube] HTTP Error 400: Bad Request. Retrying (2/3)...
WARNING: [youtube] YouTube said: ERROR - Precondition check failed.
WARNING: [youtube] HTTP Error 400: Bad Request. Retrying (3/3)...
WARNING: [youtube] YouTube said: ERROR - Precondition check failed.
WARNING: [youtube] Unable to download API page: HTTP Error 400: Bad Request (caused by <HTTPError 400: Bad Request>)
ERROR: [youtube] cjdf50O2drE: Join this channel to get access to members-only content like this video, and other exclusive perks.
WARNING: [youtube] YouTube said: ERROR - Precondition check failed.
WARNING: [youtube] HTTP Error 400: Bad Request. Retrying (1/3)...
WARNING: [youtube] YouTube said: ERROR - Precondition check failed.
WARNING: [youtube] HTTP Error 400: Bad Request. Retrying (2/3)...
WARNING: [youtube] YouTube said: ERROR - Precondition check failed.
WARNING: [youtube] HTTP Error 400: Bad Request. Retrying (3/3)...
WARNING: [youtube] YouTube said: ERROR - Precondition check failed.
WARNING: [youtube] Unable to download API page: HTTP Error 400: Bad Request (caused by <HTTPError 400: Bad Request>)
WARNING: [youtube] [jsc] Remote components challenge solver script (deno) and NPM package (deno) were skipped. These may be required to solve JS challenges. You can enable these downloads with  --remote-components ejs:github  (recommended) or  --remote-components ejs:npm , respectively. For more information and alternatives, refer to  https://github.com/yt-dlp/yt-dlp/wiki/EJS
WARNING: [youtube] ohQLbmKBWFA: n challenge solving failed: Some formats may be missing. Ensure you have a supported JavaScript runtime and challenge solver script distribution installed. Review any warnings presented before this message. For more details, refer to  https://github.com/yt-dlp/yt-dlp/wiki/EJS
WARNING: The extractor specified to use impersonation for this download, but no impersonate target is available. If you encounter errors, then see  https://github.com/yt-dlp/yt-dlp#impersonation  for information on installing the required dependencies
WARNING: The extractor specified to use impersonation for this download, but no impersonate target is available. If you encounter errors, then see  https://github.com/yt-dlp/yt-dlp#impersonation  for information on installing the required dependencies
WARNING: [youtube] YouTube said: ERROR - Precondition check failed.
WARNING: [youtube] HTTP Error 400: Bad Request. Retrying (1/3)...
WARNING: [youtube] YouTube said: ERROR - Precondition check failed.
WARNING: [youtube] HTTP Error 400: Bad Request. Retrying (2/3)...
WARNING: [youtube] YouTube said: ERROR - Precondition check failed.
WARNING: [youtube] HTTP Error 400: Bad Request. Retrying (3/3)...
WARNING: [youtube] YouTube said: ERROR - Precondition check failed.
WARNING: [youtube] Unable to download API page: HTTP Error 400: Bad Request (caused by <HTTPError 400: Bad Request>)
WARNING: [youtube] O_UeOYi92M4: Some android_vr client https formats have been skipped as they are missing a URL. YouTube may have enabled the SABR-only streaming experiment for the current session. See  https://github.com/yt-dlp/yt-dlp/issues/12482  for more details
WARNING: [youtube] [jsc] Remote components challenge solver script (deno) and NPM package (deno) were skipped. These may be required to solve JS challenges. You can enable these downloads with  --remote-components ejs:github  (recommended) or  --remote-components ejs:npm , respectively. For more information and alternatives, refer to  https://github.com/yt-dlp/yt-dlp/wiki/EJS
WARNING: [youtube] O_UeOYi92M4: n challenge solving failed: Some formats may be missing. Ensure you have a supported JavaScript runtime and challenge solver script distribution installed. Review any warnings presented before this message. For more details, refer to  https://github.com/yt-dlp/yt-dlp/wiki/EJS
WARNING: The extractor specified to use impersonation for this download, but no impersonate target is available. If you encounter errors, then see  https://github.com/yt-dlp/yt-dlp#impersonation  for information on installing the required dependencies
WARNING: The extractor specified to use impersonation for this download, but no impersonate target is available. If you encounter errors, then see  https://github.com/yt-dlp/yt-dlp#impersonation  for information on installing the required dependencies
WARNING: [youtube] YouTube said: ERROR - Precondition check failed.
WARNING: [youtube] HTTP Error 400: Bad Request. Retrying (1/3)...
WARNING: [youtube] YouTube said: ERROR - Precondition check failed.
WARNING: [youtube] HTTP Error 400: Bad Request. Retrying (2/3)...
WARNING: [youtube] YouTube said: ERROR - Precondition check failed.
WARNING: [youtube] HTTP Error 400: Bad Request. Retrying (3/3)...
WARNING: [youtube] YouTube said: ERROR - Precondition check failed.
WARNING: [youtube] Unable to download API page: HTTP Error 400: Bad Request (caused by <HTTPError 400: Bad Request>)
WARNING: [youtube] [jsc] Remote components challenge solver script (deno) and NPM package (deno) were skipped. These may be required to solve JS challenges. You can enable these downloads with  --remote-components ejs:github  (recommended) or  --remote-components ejs:npm , respectively. For more information and alternatives, refer to  https://github.com/yt-dlp/yt-dlp/wiki/EJS
WARNING: [youtube] E7ioZPpeSrw: n challenge solving failed: Some formats may be missing. Ensure you have a supported JavaScript runtime and challenge solver script distribution installed. Review any warnings presented before this message. For more details, refer to  https://github.com/yt-dlp/yt-dlp/wiki/EJS
WARNING: The extractor specified to use impersonation for this download, but no impersonate target is available. If you encounter errors, then see  https://github.com/yt-dlp/yt-dlp#impersonation  for information on installing the required dependencies
WARNING: The extractor specified to use impersonation for this download, but no impersonate target is available. If you encounter errors, then see  https://github.com/yt-dlp/yt-dlp#impersonation  for information on installing the required dependencies
[胡乃文開示] 完成 (共 25 個字幕)

[柏格醫生中文] 抓取中...
WARNING: [youtube] YouTube said: ERROR - Precondition check failed.
WARNING: [youtube] HTTP Error 400: Bad Request. Retrying (1/3)...
WARNING: [youtube] YouTube said: ERROR - Precondition check failed.
WARNING: [youtube] HTTP Error 400: Bad Request. Retrying (2/3)...
WARNING: [youtube] YouTube said: ERROR - Precondition check failed.
WARNING: [youtube] HTTP Error 400: Bad Request. Retrying (3/3)...
WARNING: [youtube] YouTube said: ERROR - Precondition check failed.
WARNING: [youtube] Unable to download API page: HTTP Error 400: Bad Request (caused by <HTTPError 400: Bad Request>)
WARNING: [youtube] [jsc] Remote components challenge solver script (deno) and NPM package (deno) were skipped. These may be required to solve JS challenges. You can enable these downloads with  --remote-components ejs:github  (recommended) or  --remote-components ejs:npm , respectively. For more information and alternatives, refer to  https://github.com/yt-dlp/yt-dlp/wiki/EJS
WARNING: [youtube] UV9jNiKlFtA: n challenge solving failed: Some formats may be missing. Ensure you have a supported JavaScript runtime and challenge solver script distribution installed. Review any warnings presented before this message. For more details, refer to  https://github.com/yt-dlp/yt-dlp/wiki/EJS
WARNING: The extractor specified to use impersonation for this download, but no impersonate target is available. If you encounter errors, then see  https://github.com/yt-dlp/yt-dlp#impersonation  for information on installing the required dependencies
WARNING: [youtube] YouTube said: ERROR - Precondition check failed.
WARNING: [youtube] HTTP Error 400: Bad Request. Retrying (1/3)...
WARNING: [youtube] YouTube said: ERROR - Precondition check failed.
WARNING: [youtube] HTTP Error 400: Bad Request. Retrying (2/3)...
WARNING: [youtube] YouTube said: ERROR - Precondition check failed.
WARNING: [youtube] HTTP Error 400: Bad Request. Retrying (3/3)...
WARNING: [youtube] YouTube said: ERROR - Precondition check failed.
WARNING: [youtube] Unable to download API page: HTTP Error 400: Bad Request (caused by <HTTPError 400: Bad Request>)
WARNING: [youtube] [jsc] Remote components challenge solver script (deno) and NPM package (deno) were skipped. These may be required to solve JS challenges. You can enable these downloads with  --remote-components ejs:github  (recommended) or  --remote-components ejs:npm , respectively. For more information and alternatives, refer to  https://github.com/yt-dlp/yt-dlp/wiki/EJS
WARNING: [youtube] jpXz6cNhj_o: n challenge solving failed: Some formats may be missing. Ensure you have a supported JavaScript runtime and challenge solver script distribution installed. Review any warnings presented before this message. For more details, refer to  https://github.com/yt-dlp/yt-dlp/wiki/EJS
WARNING: The extractor specified to use impersonation for this download, but no impersonate target is available. If you encounter errors, then see  https://github.com/yt-dlp/yt-dlp#impersonation  for information on installing the required dependencies
WARNING: [youtube] YouTube said: ERROR - Precondition check failed.
WARNING: [youtube] HTTP Error 400: Bad Request. Retrying (1/3)...
WARNING: [youtube] YouTube said: ERROR - Precondition check failed.
WARNING: [youtube] HTTP Error 400: Bad Request. Retrying (2/3)...
WARNING: [youtube] YouTube said: ERROR - Precondition check failed.
WARNING: [youtube] HTTP Error 400: Bad Request. Retrying (3/3)...
WARNING: [youtube] YouTube said: ERROR - Precondition check failed.
WARNING: [youtube] Unable to download API page: HTTP Error 400: Bad Request (caused by <HTTPError 400: Bad Request>)
WARNING: [youtube] [jsc] Remote components challenge solver script (deno) and NPM package (deno) were skipped. These may be required to solve JS challenges. You can enable these downloads with  --remote-components ejs:github  (recommended) or  --remote-components ejs:npm , respectively. For more information and alternatives, refer to  https://github.com/yt-dlp/yt-dlp/wiki/EJS
WARNING: [youtube] GuxexK6vDsU: n challenge solving failed: Some formats may be missing. Ensure you have a supported JavaScript runtime and challenge solver script distribution installed. Review any warnings presented before this message. For more details, refer to  https://github.com/yt-dlp/yt-dlp/wiki/EJS
WARNING: The extractor specified to use impersonation for this download, but no impersonate target is available. If you encounter errors, then see  https://github.com/yt-dlp/yt-dlp#impersonation  for information on installing the required dependencies
WARNING: [youtube] YouTube said: ERROR - Precondition check failed.
WARNING: [youtube] HTTP Error 400: Bad Request. Retrying (1/3)...
WARNING: [youtube] YouTube said: ERROR - Precondition check failed.
WARNING: [youtube] HTTP Error 400: Bad Request. Retrying (2/3)...
WARNING: [youtube] YouTube said: ERROR - Precondition check failed.
WARNING: [youtube] HTTP Error 400: Bad Request. Retrying (3/3)...
WARNING: [youtube] YouTube said: ERROR - Precondition check failed.
WARNING: [youtube] Unable to download API page: HTTP Error 400: Bad Request (caused by <HTTPError 400: Bad Request>)
WARNING: [youtube] [jsc] Remote components challenge solver script (deno) and NPM package (deno) were skipped. These may be required to solve JS challenges. You can enable these downloads with  --remote-components ejs:github  (recommended) or  --remote-components ejs:npm , respectively. For more information and alternatives, refer to  https://github.com/yt-dlp/yt-dlp/wiki/EJS
WARNING: [youtube] CvDP9R1sYnE: n challenge solving failed: Some formats may be missing. Ensure you have a supported JavaScript runtime and challenge solver script distribution installed. Review any warnings presented before this message. For more details, refer to  https://github.com/yt-dlp/yt-dlp/wiki/EJS
WARNING: The extractor specified to use impersonation for this download, but no impersonate target is available. If you encounter errors, then see  https://github.com/yt-dlp/yt-dlp#impersonation  for information on installing the required dependencies
WARNING: [youtube] YouTube said: ERROR - Precondition check failed.
WARNING: [youtube] HTTP Error 400: Bad Request. Retrying (1/3)...
WARNING: [youtube] YouTube said: ERROR - Precondition check failed.
WARNING: [youtube] HTTP Error 400: Bad Request. Retrying (2/3)...
WARNING: [youtube] YouTube said: ERROR - Precondition check failed.
WARNING: [youtube] HTTP Error 400: Bad Request. Retrying (3/3)...
WARNING: [youtube] YouTube said: ERROR - Precondition check failed.
WARNING: [youtube] Unable to download API page: HTTP Error 400: Bad Request (caused by <HTTPError 400: Bad Request>)
WARNING: [youtube] [jsc] Remote components challenge solver script (deno) and NPM package (deno) were skipped. These may be required to solve JS challenges. You can enable these downloads with  --remote-components ejs:github  (recommended) or  --remote-components ejs:npm , respectively. For more information and alternatives, refer to  https://github.com/yt-dlp/yt-dlp/wiki/EJS
WARNING: [youtube] u1wvgdw92CM: n challenge solving failed: Some formats may be missing. Ensure you have a supported JavaScript runtime and challenge solver script distribution installed. Review any warnings presented before this message. For more details, refer to  https://github.com/yt-dlp/yt-dlp/wiki/EJS
WARNING: The extractor specified to use impersonation for this download, but no impersonate target is available. If you encounter errors, then see  https://github.com/yt-dlp/yt-dlp#impersonation  for information on installing the required dependencies
WARNING: [youtube] YouTube said: ERROR - Precondition check failed.
WARNING: [youtube] HTTP Error 400: Bad Request. Retrying (1/3)...
WARNING: [youtube] YouTube said: ERROR - Precondition check failed.
WARNING: [youtube] HTTP Error 400: Bad Request. Retrying (2/3)...
WARNING: [youtube] YouTube said: ERROR - Precondition check failed.
WARNING: [youtube] HTTP Error 400: Bad Request. Retrying (3/3)...
WARNING: [youtube] YouTube said: ERROR - Precondition check failed.
WARNING: [youtube] Unable to download API page: HTTP Error 400: Bad Request (caused by <HTTPError 400: Bad Request>)
WARNING: [youtube] [jsc] Remote components challenge solver script (deno) and NPM package (deno) were skipped. These may be required to solve JS challenges. You can enable these downloads with  --remote-components ejs:github  (recommended) or  --remote-components ejs:npm , respectively. For more information and alternatives, refer to  https://github.com/yt-dlp/yt-dlp/wiki/EJS
WARNING: [youtube] jkIfjrkGAF8: n challenge solving failed: Some formats may be missing. Ensure you have a supported JavaScript runtime and challenge solver script distribution installed. Review any warnings presented before this message. For more details, refer to  https://github.com/yt-dlp/yt-dlp/wiki/EJS
WARNING: The extractor specified to use impersonation for this download, but no impersonate target is available. If you encounter errors, then see  https://github.com/yt-dlp/yt-dlp#impersonation  for information on installing the required dependencies
WARNING: [youtube] YouTube said: ERROR - Precondition check failed.
WARNING: [youtube] HTTP Error 400: Bad Request. Retrying (1/3)...
WARNING: [youtube] YouTube said: ERROR - Precondition check failed.
WARNING: [youtube] HTTP Error 400: Bad Request. Retrying (2/3)...
WARNING: [youtube] YouTube said: ERROR - Precondition check failed.
WARNING: [youtube] HTTP Error 400: Bad Request. Retrying (3/3)...
WARNING: [youtube] YouTube said: ERROR - Precondition check failed.
WARNING: [youtube] Unable to download API page: HTTP Error 400: Bad Request (caused by <HTTPError 400: Bad Request>)
WARNING: [youtube] [jsc] Remote components challenge solver script (deno) and NPM package (deno) were skipped. These may be required to solve JS challenges. You can enable these downloads with  --remote-components ejs:github  (recommended) or  --remote-components ejs:npm , respectively. For more information and alternatives, refer to  https://github.com/yt-dlp/yt-dlp/wiki/EJS
WARNING: [youtube] IHonocZyggE: n challenge solving failed: Some formats may be missing. Ensure you have a supported JavaScript runtime and challenge solver script distribution installed. Review any warnings presented before this message. For more details, refer to  https://github.com/yt-dlp/yt-dlp/wiki/EJS
WARNING: The extractor specified to use impersonation for this download, but no impersonate target is available. If you encounter errors, then see  https://github.com/yt-dlp/yt-dlp#impersonation  for information on installing the required dependencies
WARNING: [youtube] YouTube said: ERROR - Precondition check failed.
WARNING: [youtube] HTTP Error 400: Bad Request. Retrying (1/3)...
WARNING: [youtube] YouTube said: ERROR - Precondition check failed.
WARNING: [youtube] HTTP Error 400: Bad Request. Retrying (2/3)...
WARNING: [youtube] YouTube said: ERROR - Precondition check failed.
WARNING: [youtube] HTTP Error 400: Bad Request. Retrying (3/3)...
WARNING: [youtube] YouTube said: ERROR - Precondition check failed.
WARNING: [youtube] Unable to download API page: HTTP Error 400: Bad Request (caused by <HTTPError 400: Bad Request>)
WARNING: [youtube] [jsc] Remote components challenge solver script (deno) and NPM package (deno) were skipped. These may be required to solve JS challenges. You can enable these downloads with  --remote-components ejs:github  (recommended) or  --remote-components ejs:npm , respectively. For more information and alternatives, refer to  https://github.com/yt-dlp/yt-dlp/wiki/EJS
WARNING: [youtube] ThPXNKCGgmY: n challenge solving failed: Some formats may be missing. Ensure you have a supported JavaScript runtime and challenge solver script distribution installed. Review any warnings presented before this message. For more details, refer to  https://github.com/yt-dlp/yt-dlp/wiki/EJS
WARNING: The extractor specified to use impersonation for this download, but no impersonate target is available. If you encounter errors, then see  https://github.com/yt-dlp/yt-dlp#impersonation  for information on installing the required dependencies
WARNING: [youtube] YouTube said: ERROR - Precondition check failed.
WARNING: [youtube] HTTP Error 400: Bad Request. Retrying (1/3)...
WARNING: [youtube] YouTube said: ERROR - Precondition check failed.
WARNING: [youtube] HTTP Error 400: Bad Request. Retrying (2/3)...
WARNING: [youtube] YouTube said: ERROR - Precondition check failed.
WARNING: [youtube] HTTP Error 400: Bad Request. Retrying (3/3)...
WARNING: [youtube] YouTube said: ERROR - Precondition check failed.
WARNING: [youtube] Unable to download API page: HTTP Error 400: Bad Request (caused by <HTTPError 400: Bad Request>)
WARNING: [youtube] [jsc] Remote components challenge solver script (deno) and NPM package (deno) were skipped. These may be required to solve JS challenges. You can enable these downloads with  --remote-components ejs:github  (recommended) or  --remote-components ejs:npm , respectively. For more information and alternatives, refer to  https://github.com/yt-dlp/yt-dlp/wiki/EJS
WARNING: [youtube] ALWhPRyVzw8: n challenge solving failed: Some formats may be missing. Ensure you have a supported JavaScript runtime and challenge solver script distribution installed. Review any warnings presented before this message. For more details, refer to  https://github.com/yt-dlp/yt-dlp/wiki/EJS
WARNING: The extractor specified to use impersonation for this download, but no impersonate target is available. If you encounter errors, then see  https://github.com/yt-dlp/yt-dlp#impersonation  for information on installing the required dependencies
WARNING: [youtube] YouTube said: ERROR - Precondition check failed.
WARNING: [youtube] HTTP Error 400: Bad Request. Retrying (1/3)...
WARNING: [youtube] YouTube said: ERROR - Precondition check failed.
WARNING: [youtube] HTTP Error 400: Bad Request. Retrying (2/3)...
WARNING: [youtube] YouTube said: ERROR - Precondition check failed.
WARNING: [youtube] HTTP Error 400: Bad Request. Retrying (3/3)...
WARNING: [youtube] YouTube said: ERROR - Precondition check failed.
WARNING: [youtube] Unable to download API page: HTTP Error 400: Bad Request (caused by <HTTPError 400: Bad Request>)
WARNING: [youtube] [jsc] Remote components challenge solver script (deno) and NPM package (deno) were skipped. These may be required to solve JS challenges. You can enable these downloads with  --remote-components ejs:github  (recommended) or  --remote-components ejs:npm , respectively. For more information and alternatives, refer to  https://github.com/yt-dlp/yt-dlp/wiki/EJS
WARNING: [youtube] G35ibMHMwas: n challenge solving failed: Some formats may be missing. Ensure you have a supported JavaScript runtime and challenge solver script distribution installed. Review any warnings presented before this message. For more details, refer to  https://github.com/yt-dlp/yt-dlp/wiki/EJS
WARNING: The extractor specified to use impersonation for this download, but no impersonate target is available. If you encounter errors, then see  https://github.com/yt-dlp/yt-dlp#impersonation  for information on installing the required dependencies
WARNING: [youtube] YouTube said: ERROR - Precondition check failed.
WARNING: [youtube] HTTP Error 400: Bad Request. Retrying (1/3)...
WARNING: [youtube] YouTube said: ERROR - Precondition check failed.
WARNING: [youtube] HTTP Error 400: Bad Request. Retrying (2/3)...
WARNING: [youtube] YouTube said: ERROR - Precondition check failed.
WARNING: [youtube] HTTP Error 400: Bad Request. Retrying (3/3)...
WARNING: [youtube] YouTube said: ERROR - Precondition check failed.
WARNING: [youtube] Unable to download API page: HTTP Error 400: Bad Request (caused by <HTTPError 400: Bad Request>)
WARNING: [youtube] [jsc] Remote components challenge solver script (deno) and NPM package (deno) were skipped. These may be required to solve JS challenges. You can enable these downloads with  --remote-components ejs:github  (recommended) or  --remote-components ejs:npm , respectively. For more information and alternatives, refer to  https://github.com/yt-dlp/yt-dlp/wiki/EJS
WARNING: [youtube] euFdcKf5m6M: n challenge solving failed: Some formats may be missing. Ensure you have a supported JavaScript runtime and challenge solver script distribution installed. Review any warnings presented before this message. For more details, refer to  https://github.com/yt-dlp/yt-dlp/wiki/EJS
WARNING: The extractor specified to use impersonation for this download, but no impersonate target is available. If you encounter errors, then see  https://github.com/yt-dlp/yt-dlp#impersonation  for information on installing the required dependencies
WARNING: [youtube] YouTube said: ERROR - Precondition check failed.
WARNING: [youtube] HTTP Error 400: Bad Request. Retrying (1/3)...
WARNING: [youtube] YouTube said: ERROR - Precondition check failed.
WARNING: [youtube] HTTP Error 400: Bad Request. Retrying (2/3)...
WARNING: [youtube] YouTube said: ERROR - Precondition check failed.
WARNING: [youtube] HTTP Error 400: Bad Request. Retrying (3/3)...
WARNING: [youtube] YouTube said: ERROR - Precondition check failed.
WARNING: [youtube] Unable to download API page: HTTP Error 400: Bad Request (caused by <HTTPError 400: Bad Request>)
WARNING: [youtube] [jsc] Remote components challenge solver script (deno) and NPM package (deno) were skipped. These may be required to solve JS challenges. You can enable these downloads with  --remote-components ejs:github  (recommended) or  --remote-components ejs:npm , respectively. For more information and alternatives, refer to  https://github.com/yt-dlp/yt-dlp/wiki/EJS
WARNING: [youtube] R3rCNeqJeuo: n challenge solving failed: Some formats may be missing. Ensure you have a supported JavaScript runtime and challenge solver script distribution installed. Review any warnings presented before this message. For more details, refer to  https://github.com/yt-dlp/yt-dlp/wiki/EJS
WARNING: The extractor specified to use impersonation for this download, but no impersonate target is available. If you encounter errors, then see  https://github.com/yt-dlp/yt-dlp#impersonation  for information on installing the required dependencies
WARNING: [youtube] YouTube said: ERROR - Precondition check failed.
WARNING: [youtube] HTTP Error 400: Bad Request. Retrying (1/3)...
WARNING: [youtube] YouTube said: ERROR - Precondition check failed.
WARNING: [youtube] HTTP Error 400: Bad Request. Retrying (2/3)...
WARNING: [youtube] YouTube said: ERROR - Precondition check failed.
WARNING: [youtube] HTTP Error 400: Bad Request. Retrying (3/3)...
WARNING: [youtube] YouTube said: ERROR - Precondition check failed.
WARNING: [youtube] Unable to download API page: HTTP Error 400: Bad Request (caused by <HTTPError 400: Bad Request>)
WARNING: [youtube] [jsc] Remote components challenge solver script (deno) and NPM package (deno) were skipped. These may be required to solve JS challenges. You can enable these downloads with  --remote-components ejs:github  (recommended) or  --remote-components ejs:npm , respectively. For more information and alternatives, refer to  https://github.com/yt-dlp/yt-dlp/wiki/EJS
WARNING: [youtube] vSs1n4TBsHE: n challenge solving failed: Some formats may be missing. Ensure you have a supported JavaScript runtime and challenge solver script distribution installed. Review any warnings presented before this message. For more details, refer to  https://github.com/yt-dlp/yt-dlp/wiki/EJS
WARNING: The extractor specified to use impersonation for this download, but no impersonate target is available. If you encounter errors, then see  https://github.com/yt-dlp/yt-dlp#impersonation  for information on installing the required dependencies
WARNING: [youtube] YouTube said: ERROR - Precondition check failed.
WARNING: [youtube] HTTP Error 400: Bad Request. Retrying (1/3)...
WARNING: [youtube] YouTube said: ERROR - Precondition check failed.
WARNING: [youtube] HTTP Error 400: Bad Request. Retrying (2/3)...
WARNING: [youtube] YouTube said: ERROR - Precondition check failed.
WARNING: [youtube] HTTP Error 400: Bad Request. Retrying (3/3)...
WARNING: [youtube] YouTube said: ERROR - Precondition check failed.
WARNING: [youtube] Unable to download API page: HTTP Error 400: Bad Request (caused by <HTTPError 400: Bad Request>)
WARNING: [youtube] r_C95BdQGcY: Some android_vr client https formats have been skipped as they are missing a URL. YouTube may have enabled the SABR-only streaming experiment for the current session. See  https://github.com/yt-dlp/yt-dlp/issues/12482  for more details
WARNING: [youtube] [jsc] Remote components challenge solver script (deno) and NPM package (deno) were skipped. These may be required to solve JS challenges. You can enable these downloads with  --remote-components ejs:github  (recommended) or  --remote-components ejs:npm , respectively. For more information and alternatives, refer to  https://github.com/yt-dlp/yt-dlp/wiki/EJS
WARNING: [youtube] r_C95BdQGcY: n challenge solving failed: Some formats may be missing. Ensure you have a supported JavaScript runtime and challenge solver script distribution installed. Review any warnings presented before this message. For more details, refer to  https://github.com/yt-dlp/yt-dlp/wiki/EJS
WARNING: The extractor specified to use impersonation for this download, but no impersonate target is available. If you encounter errors, then see  https://github.com/yt-dlp/yt-dlp#impersonation  for information on installing the required dependencies
WARNING: [youtube] YouTube said: ERROR - Precondition check failed.
WARNING: [youtube] HTTP Error 400: Bad Request. Retrying (1/3)...
WARNING: [youtube] YouTube said: ERROR - Precondition check failed.
WARNING: [youtube] HTTP Error 400: Bad Request. Retrying (2/3)...
WARNING: [youtube] YouTube said: ERROR - Precondition check failed.
WARNING: [youtube] HTTP Error 400: Bad Request. Retrying (3/3)...
WARNING: [youtube] YouTube said: ERROR - Precondition check failed.
WARNING: [youtube] Unable to download API page: HTTP Error 400: Bad Request (caused by <HTTPError 400: Bad Request>)
WARNING: [youtube] [jsc] Remote components challenge solver script (deno) and NPM package (deno) were skipped. These may be required to solve JS challenges. You can enable these downloads with  --remote-components ejs:github  (recommended) or  --remote-components ejs:npm , respectively. For more information and alternatives, refer to  https://github.com/yt-dlp/yt-dlp/wiki/EJS
WARNING: [youtube] SvvIF0cIPns: n challenge solving failed: Some formats may be missing. Ensure you have a supported JavaScript runtime and challenge solver script distribution installed. Review any warnings presented before this message. For more details, refer to  https://github.com/yt-dlp/yt-dlp/wiki/EJS
WARNING: The extractor specified to use impersonation for this download, but no impersonate target is available. If you encounter errors, then see  https://github.com/yt-dlp/yt-dlp#impersonation  for information on installing the required dependencies
[柏格醫生中文] 完成 (共 20 個字幕)

[周慕姿放心說] 抓取中...
WARNING: [youtube] YouTube said: ERROR - Precondition check failed.
WARNING: [youtube] HTTP Error 400: Bad Request. Retrying (1/3)...
WARNING: [youtube] YouTube said: ERROR - Precondition check failed.
WARNING: [youtube] HTTP Error 400: Bad Request. Retrying (2/3)...
WARNING: [youtube] YouTube said: ERROR - Precondition check failed.
WARNING: [youtube] HTTP Error 400: Bad Request. Retrying (3/3)...
WARNING: [youtube] YouTube said: ERROR - Precondition check failed.
WARNING: [youtube] Unable to download API page: HTTP Error 400: Bad Request (caused by <HTTPError 400: Bad Request>)
WARNING: [youtube] [jsc] Remote components challenge solver script (deno) and NPM package (deno) were skipped. These may be required to solve JS challenges. You can enable these downloads with  --remote-components ejs:github  (recommended) or  --remote-components ejs:npm , respectively. For more information and alternatives, refer to  https://github.com/yt-dlp/yt-dlp/wiki/EJS
WARNING: [youtube] -ZBltnp_ZOI: n challenge solving failed: Some formats may be missing. Ensure you have a supported JavaScript runtime and challenge solver script distribution installed. Review any warnings presented before this message. For more details, refer to  https://github.com/yt-dlp/yt-dlp/wiki/EJS
WARNING: The extractor specified to use impersonation for this download, but no impersonate target is available. If you encounter errors, then see  https://github.com/yt-dlp/yt-dlp#impersonation  for information on installing the required dependencies
WARNING: [youtube] YouTube said: ERROR - Precondition check failed.
WARNING: [youtube] HTTP Error 400: Bad Request. Retrying (1/3)...
WARNING: [youtube] YouTube said: ERROR - Precondition check failed.
WARNING: [youtube] HTTP Error 400: Bad Request. Retrying (2/3)...
WARNING: [youtube] YouTube said: ERROR - Precondition check failed.
WARNING: [youtube] HTTP Error 400: Bad Request. Retrying (3/3)...
WARNING: [youtube] YouTube said: ERROR - Precondition check failed.
WARNING: [youtube] Unable to download API page: HTTP Error 400: Bad Request (caused by <HTTPError 400: Bad Request>)
WARNING: [youtube] [jsc] Remote components challenge solver script (deno) and NPM package (deno) were skipped. These may be required to solve JS challenges. You can enable these downloads with  --remote-components ejs:github  (recommended) or  --remote-components ejs:npm , respectively. For more information and alternatives, refer to  https://github.com/yt-dlp/yt-dlp/wiki/EJS
WARNING: [youtube] iM33WvLajUY: n challenge solving failed: Some formats may be missing. Ensure you have a supported JavaScript runtime and challenge solver script distribution installed. Review any warnings presented before this message. For more details, refer to  https://github.com/yt-dlp/yt-dlp/wiki/EJS
WARNING: The extractor specified to use impersonation for this download, but no impersonate target is available. If you encounter errors, then see  https://github.com/yt-dlp/yt-dlp#impersonation  for information on installing the required dependencies
WARNING: [youtube] YouTube said: ERROR - Precondition check failed.
WARNING: [youtube] HTTP Error 400: Bad Request. Retrying (1/3)...
WARNING: [youtube] YouTube said: ERROR - Precondition check failed.
WARNING: [youtube] HTTP Error 400: Bad Request. Retrying (2/3)...
WARNING: [youtube] YouTube said: ERROR - Precondition check failed.
WARNING: [youtube] HTTP Error 400: Bad Request. Retrying (3/3)...
WARNING: [youtube] YouTube said: ERROR - Precondition check failed.
WARNING: [youtube] Unable to download API page: HTTP Error 400: Bad Request (caused by <HTTPError 400: Bad Request>)
WARNING: [youtube] [jsc] Remote components challenge solver script (deno) and NPM package (deno) were skipped. These may be required to solve JS challenges. You can enable these downloads with  --remote-components ejs:github  (recommended) or  --remote-components ejs:npm , respectively. For more information and alternatives, refer to  https://github.com/yt-dlp/yt-dlp/wiki/EJS
WARNING: [youtube] JlH54stpzHM: n challenge solving failed: Some formats may be missing. Ensure you have a supported JavaScript runtime and challenge solver script distribution installed. Review any warnings presented before this message. For more details, refer to  https://github.com/yt-dlp/yt-dlp/wiki/EJS
WARNING: The extractor specified to use impersonation for this download, but no impersonate target is available. If you encounter errors, then see  https://github.com/yt-dlp/yt-dlp#impersonation  for information on installing the required dependencies
WARNING: [youtube] YouTube said: ERROR - Precondition check failed.
WARNING: [youtube] HTTP Error 400: Bad Request. Retrying (1/3)...
WARNING: [youtube] YouTube said: ERROR - Precondition check failed.
WARNING: [youtube] HTTP Error 400: Bad Request. Retrying (2/3)...
WARNING: [youtube] YouTube said: ERROR - Precondition check failed.
WARNING: [youtube] HTTP Error 400: Bad Request. Retrying (3/3)...
WARNING: [youtube] YouTube said: ERROR - Precondition check failed.
WARNING: [youtube] Unable to download API page: HTTP Error 400: Bad Request (caused by <HTTPError 400: Bad Request>)
WARNING: [youtube] [jsc] Remote components challenge solver script (deno) and NPM package (deno) were skipped. These may be required to solve JS challenges. You can enable these downloads with  --remote-components ejs:github  (recommended) or  --remote-components ejs:npm , respectively. For more information and alternatives, refer to  https://github.com/yt-dlp/yt-dlp/wiki/EJS
WARNING: [youtube] raIF2LhchJ8: n challenge solving failed: Some formats may be missing. Ensure you have a supported JavaScript runtime and challenge solver script distribution installed. Review any warnings presented before this message. For more details, refer to  https://github.com/yt-dlp/yt-dlp/wiki/EJS
WARNING: The extractor specified to use impersonation for this download, but no impersonate target is available. If you encounter errors, then see  https://github.com/yt-dlp/yt-dlp#impersonation  for information on installing the required dependencies
WARNING: [youtube] YouTube said: ERROR - Precondition check failed.
WARNING: [youtube] HTTP Error 400: Bad Request. Retrying (1/3)...
WARNING: [youtube] YouTube said: ERROR - Precondition check failed.
WARNING: [youtube] HTTP Error 400: Bad Request. Retrying (2/3)...
WARNING: [youtube] YouTube said: ERROR - Precondition check failed.
WARNING: [youtube] HTTP Error 400: Bad Request. Retrying (3/3)...
WARNING: [youtube] YouTube said: ERROR - Precondition check failed.
WARNING: [youtube] Unable to download API page: HTTP Error 400: Bad Request (caused by <HTTPError 400: Bad Request>)
WARNING: [youtube] [jsc] Remote components challenge solver script (deno) and NPM package (deno) were skipped. These may be required to solve JS challenges. You can enable these downloads with  --remote-components ejs:github  (recommended) or  --remote-components ejs:npm , respectively. For more information and alternatives, refer to  https://github.com/yt-dlp/yt-dlp/wiki/EJS
WARNING: [youtube] q4y8CPKwJVw: n challenge solving failed: Some formats may be missing. Ensure you have a supported JavaScript runtime and challenge solver script distribution installed. Review any warnings presented before this message. For more details, refer to  https://github.com/yt-dlp/yt-dlp/wiki/EJS
WARNING: The extractor specified to use impersonation for this download, but no impersonate target is available. If you encounter errors, then see  https://github.com/yt-dlp/yt-dlp#impersonation  for information on installing the required dependencies
WARNING: [youtube] YouTube said: ERROR - Precondition check failed.
WARNING: [youtube] HTTP Error 400: Bad Request. Retrying (1/3)...
WARNING: [youtube] YouTube said: ERROR - Precondition check failed.
WARNING: [youtube] HTTP Error 400: Bad Request. Retrying (2/3)...
WARNING: [youtube] YouTube said: ERROR - Precondition check failed.
WARNING: [youtube] HTTP Error 400: Bad Request. Retrying (3/3)...
WARNING: [youtube] YouTube said: ERROR - Precondition check failed.
WARNING: [youtube] Unable to download API page: HTTP Error 400: Bad Request (caused by <HTTPError 400: Bad Request>)
WARNING: [youtube] [jsc] Remote components challenge solver script (deno) and NPM package (deno) were skipped. These may be required to solve JS challenges. You can enable these downloads with  --remote-components ejs:github  (recommended) or  --remote-components ejs:npm , respectively. For more information and alternatives, refer to  https://github.com/yt-dlp/yt-dlp/wiki/EJS
WARNING: [youtube] GFKi57nXY4s: n challenge solving failed: Some formats may be missing. Ensure you have a supported JavaScript runtime and challenge solver script distribution installed. Review any warnings presented before this message. For more details, refer to  https://github.com/yt-dlp/yt-dlp/wiki/EJS
WARNING: The extractor specified to use impersonation for this download, but no impersonate target is available. If you encounter errors, then see  https://github.com/yt-dlp/yt-dlp#impersonation  for information on installing the required dependencies
WARNING: [youtube] YouTube said: ERROR - Precondition check failed.
WARNING: [youtube] HTTP Error 400: Bad Request. Retrying (1/3)...
WARNING: [youtube] YouTube said: ERROR - Precondition check failed.
WARNING: [youtube] HTTP Error 400: Bad Request. Retrying (2/3)...
WARNING: [youtube] YouTube said: ERROR - Precondition check failed.
WARNING: [youtube] HTTP Error 400: Bad Request. Retrying (3/3)...
WARNING: [youtube] YouTube said: ERROR - Precondition check failed.
WARNING: [youtube] Unable to download API page: HTTP Error 400: Bad Request (caused by <HTTPError 400: Bad Request>)
WARNING: [youtube] [jsc] Remote components challenge solver script (deno) and NPM package (deno) were skipped. These may be required to solve JS challenges. You can enable these downloads with  --remote-components ejs:github  (recommended) or  --remote-components ejs:npm , respectively. For more information and alternatives, refer to  https://github.com/yt-dlp/yt-dlp/wiki/EJS
WARNING: [youtube] WwK4GXqo8g4: Signature solving failed: Some formats may be missing. Ensure you have a supported JavaScript runtime and challenge solver script distribution installed. Review any warnings presented before this message. For more details, refer to  https://github.com/yt-dlp/yt-dlp/wiki/EJS
WARNING: [youtube] WwK4GXqo8g4: n challenge solving failed: Some formats may be missing. Ensure you have a supported JavaScript runtime and challenge solver script distribution installed. Review any warnings presented before this message. For more details, refer to  https://github.com/yt-dlp/yt-dlp/wiki/EJS
WARNING: The extractor specified to use impersonation for this download, but no impersonate target is available. If you encounter errors, then see  https://github.com/yt-dlp/yt-dlp#impersonation  for information on installing the required dependencies
WARNING: [youtube] YouTube said: ERROR - Precondition check failed.
WARNING: [youtube] HTTP Error 400: Bad Request. Retrying (1/3)...
WARNING: [youtube] YouTube said: ERROR - Precondition check failed.
WARNING: [youtube] HTTP Error 400: Bad Request. Retrying (2/3)...
WARNING: [youtube] YouTube said: ERROR - Precondition check failed.
WARNING: [youtube] HTTP Error 400: Bad Request. Retrying (3/3)...
WARNING: [youtube] YouTube said: ERROR - Precondition check failed.
WARNING: [youtube] Unable to download API page: HTTP Error 400: Bad Request (caused by <HTTPError 400: Bad Request>)
WARNING: [youtube] [jsc] Remote components challenge solver script (deno) and NPM package (deno) were skipped. These may be required to solve JS challenges. You can enable these downloads with  --remote-components ejs:github  (recommended) or  --remote-components ejs:npm , respectively. For more information and alternatives, refer to  https://github.com/yt-dlp/yt-dlp/wiki/EJS
WARNING: [youtube] kNJRSgtd-h8: n challenge solving failed: Some formats may be missing. Ensure you have a supported JavaScript runtime and challenge solver script distribution installed. Review any warnings presented before this message. For more details, refer to  https://github.com/yt-dlp/yt-dlp/wiki/EJS
WARNING: The extractor specified to use impersonation for this download, but no impersonate target is available. If you encounter errors, then see  https://github.com/yt-dlp/yt-dlp#impersonation  for information on installing the required dependencies
WARNING: [youtube] YouTube said: ERROR - Precondition check failed.
WARNING: [youtube] HTTP Error 400: Bad Request. Retrying (1/3)...
WARNING: [youtube] YouTube said: ERROR - Precondition check failed.
WARNING: [youtube] HTTP Error 400: Bad Request. Retrying (2/3)...
WARNING: [youtube] YouTube said: ERROR - Precondition check failed.
WARNING: [youtube] HTTP Error 400: Bad Request. Retrying (3/3)...
WARNING: [youtube] YouTube said: ERROR - Precondition check failed.
WARNING: [youtube] Unable to download API page: HTTP Error 400: Bad Request (caused by <HTTPError 400: Bad Request>)
WARNING: [youtube] [jsc] Remote components challenge solver script (deno) and NPM package (deno) were skipped. These may be required to solve JS challenges. You can enable these downloads with  --remote-components ejs:github  (recommended) or  --remote-components ejs:npm , respectively. For more information and alternatives, refer to  https://github.com/yt-dlp/yt-dlp/wiki/EJS
WARNING: [youtube] qssL07RUpmU: n challenge solving failed: Some formats may be missing. Ensure you have a supported JavaScript runtime and challenge solver script distribution installed. Review any warnings presented before this message. For more details, refer to  https://github.com/yt-dlp/yt-dlp/wiki/EJS
WARNING: The extractor specified to use impersonation for this download, but no impersonate target is available. If you encounter errors, then see  https://github.com/yt-dlp/yt-dlp#impersonation  for information on installing the required dependencies
WARNING: [youtube] YouTube said: ERROR - Precondition check failed.
WARNING: [youtube] HTTP Error 400: Bad Request. Retrying (1/3)...
WARNING: [youtube] YouTube said: ERROR - Precondition check failed.
WARNING: [youtube] HTTP Error 400: Bad Request. Retrying (2/3)...
WARNING: [youtube] YouTube said: ERROR - Precondition check failed.
WARNING: [youtube] HTTP Error 400: Bad Request. Retrying (3/3)...
WARNING: [youtube] YouTube said: ERROR - Precondition check failed.
WARNING: [youtube] Unable to download API page: HTTP Error 400: Bad Request (caused by <HTTPError 400: Bad Request>)
WARNING: [youtube] [jsc] Remote components challenge solver script (deno) and NPM package (deno) were skipped. These may be required to solve JS challenges. You can enable these downloads with  --remote-components ejs:github  (recommended) or  --remote-components ejs:npm , respectively. For more information and alternatives, refer to  https://github.com/yt-dlp/yt-dlp/wiki/EJS
WARNING: [youtube] 22AqV8Ghb6w: Signature solving failed: Some formats may be missing. Ensure you have a supported JavaScript runtime and challenge solver script distribution installed. Review any warnings presented before this message. For more details, refer to  https://github.com/yt-dlp/yt-dlp/wiki/EJS
WARNING: [youtube] 22AqV8Ghb6w: n challenge solving failed: Some formats may be missing. Ensure you have a supported JavaScript runtime and challenge solver script distribution installed. Review any warnings presented before this message. For more details, refer to  https://github.com/yt-dlp/yt-dlp/wiki/EJS
WARNING: The extractor specified to use impersonation for this download, but no impersonate target is available. If you encounter errors, then see  https://github.com/yt-dlp/yt-dlp#impersonation  for information on installing the required dependencies
WARNING: [youtube] YouTube said: ERROR - Precondition check failed.
WARNING: [youtube] HTTP Error 400: Bad Request. Retrying (1/3)...
WARNING: [youtube] YouTube said: ERROR - Precondition check failed.
WARNING: [youtube] HTTP Error 400: Bad Request. Retrying (2/3)...
WARNING: [youtube] YouTube said: ERROR - Precondition check failed.
WARNING: [youtube] HTTP Error 400: Bad Request. Retrying (3/3)...
WARNING: [youtube] YouTube said: ERROR - Precondition check failed.
WARNING: [youtube] Unable to download API page: HTTP Error 400: Bad Request (caused by <HTTPError 400: Bad Request>)
WARNING: [youtube] [jsc] Remote components challenge solver script (deno) and NPM package (deno) were skipped. These may be required to solve JS challenges. You can enable these downloads with  --remote-components ejs:github  (recommended) or  --remote-components ejs:npm , respectively. For more information and alternatives, refer to  https://github.com/yt-dlp/yt-dlp/wiki/EJS
WARNING: [youtube] ieuhotYe3p0: n challenge solving failed: Some formats may be missing. Ensure you have a supported JavaScript runtime and challenge solver script distribution installed. Review any warnings presented before this message. For more details, refer to  https://github.com/yt-dlp/yt-dlp/wiki/EJS
WARNING: The extractor specified to use impersonation for this download, but no impersonate target is available. If you encounter errors, then see  https://github.com/yt-dlp/yt-dlp#impersonation  for information on installing the required dependencies
WARNING: [youtube] YouTube said: ERROR - Precondition check failed.
WARNING: [youtube] HTTP Error 400: Bad Request. Retrying (1/3)...
WARNING: [youtube] YouTube said: ERROR - Precondition check failed.
WARNING: [youtube] HTTP Error 400: Bad Request. Retrying (2/3)...
WARNING: [youtube] YouTube said: ERROR - Precondition check failed.
WARNING: [youtube] HTTP Error 400: Bad Request. Retrying (3/3)...
WARNING: [youtube] YouTube said: ERROR - Precondition check failed.
WARNING: [youtube] Unable to download API page: HTTP Error 400: Bad Request (caused by <HTTPError 400: Bad Request>)
WARNING: [youtube] [jsc] Remote components challenge solver script (deno) and NPM package (deno) were skipped. These may be required to solve JS challenges. You can enable these downloads with  --remote-components ejs:github  (recommended) or  --remote-components ejs:npm , respectively. For more information and alternatives, refer to  https://github.com/yt-dlp/yt-dlp/wiki/EJS
WARNING: [youtube] j33FbJtsM1w: n challenge solving failed: Some formats may be missing. Ensure you have a supported JavaScript runtime and challenge solver script distribution installed. Review any warnings presented before this message. For more details, refer to  https://github.com/yt-dlp/yt-dlp/wiki/EJS
WARNING: The extractor specified to use impersonation for this download, but no impersonate target is available. If you encounter errors, then see  https://github.com/yt-dlp/yt-dlp#impersonation  for information on installing the required dependencies
WARNING: [youtube] YouTube said: ERROR - Precondition check failed.
WARNING: [youtube] HTTP Error 400: Bad Request. Retrying (1/3)...
WARNING: [youtube] YouTube said: ERROR - Precondition check failed.
WARNING: [youtube] HTTP Error 400: Bad Request. Retrying (2/3)...
WARNING: [youtube] YouTube said: ERROR - Precondition check failed.
WARNING: [youtube] HTTP Error 400: Bad Request. Retrying (3/3)...
WARNING: [youtube] YouTube said: ERROR - Precondition check failed.
WARNING: [youtube] Unable to download API page: HTTP Error 400: Bad Request (caused by <HTTPError 400: Bad Request>)
WARNING: [youtube] [jsc] Remote components challenge solver script (deno) and NPM package (deno) were skipped. These may be required to solve JS challenges. You can enable these downloads with  --remote-components ejs:github  (recommended) or  --remote-components ejs:npm , respectively. For more information and alternatives, refer to  https://github.com/yt-dlp/yt-dlp/wiki/EJS
WARNING: [youtube] 4KAlLIuXZ-8: n challenge solving failed: Some formats may be missing. Ensure you have a supported JavaScript runtime and challenge solver script distribution installed. Review any warnings presented before this message. For more details, refer to  https://github.com/yt-dlp/yt-dlp/wiki/EJS
WARNING: The extractor specified to use impersonation for this download, but no impersonate target is available. If you encounter errors, then see  https://github.com/yt-dlp/yt-dlp#impersonation  for information on installing the required dependencies
WARNING: [youtube] YouTube said: ERROR - Precondition check failed.
WARNING: [youtube] HTTP Error 400: Bad Request. Retrying (1/3)...
WARNING: [youtube] YouTube said: ERROR - Precondition check failed.
WARNING: [youtube] HTTP Error 400: Bad Request. Retrying (2/3)...
WARNING: [youtube] YouTube said: ERROR - Precondition check failed.
WARNING: [youtube] HTTP Error 400: Bad Request. Retrying (3/3)...
WARNING: [youtube] YouTube said: ERROR - Precondition check failed.
WARNING: [youtube] Unable to download API page: HTTP Error 400: Bad Request (caused by <HTTPError 400: Bad Request>)
WARNING: [youtube] [jsc] Remote components challenge solver script (deno) and NPM package (deno) were skipped. These may be required to solve JS challenges. You can enable these downloads with  --remote-components ejs:github  (recommended) or  --remote-components ejs:npm , respectively. For more information and alternatives, refer to  https://github.com/yt-dlp/yt-dlp/wiki/EJS
WARNING: [youtube] pPR27sDPlMo: n challenge solving failed: Some formats may be missing. Ensure you have a supported JavaScript runtime and challenge solver script distribution installed. Review any warnings presented before this message. For more details, refer to  https://github.com/yt-dlp/yt-dlp/wiki/EJS
WARNING: The extractor specified to use impersonation for this download, but no impersonate target is available. If you encounter errors, then see  https://github.com/yt-dlp/yt-dlp#impersonation  for information on installing the required dependencies
WARNING: [youtube] YouTube said: ERROR - Precondition check failed.
WARNING: [youtube] HTTP Error 400: Bad Request. Retrying (1/3)...
WARNING: [youtube] YouTube said: ERROR - Precondition check failed.
WARNING: [youtube] HTTP Error 400: Bad Request. Retrying (2/3)...
WARNING: [youtube] YouTube said: ERROR - Precondition check failed.
WARNING: [youtube] HTTP Error 400: Bad Request. Retrying (3/3)...
WARNING: [youtube] YouTube said: ERROR - Precondition check failed.
WARNING: [youtube] Unable to download API page: HTTP Error 400: Bad Request (caused by <HTTPError 400: Bad Request>)
WARNING: [youtube] [jsc] Remote components challenge solver script (deno) and NPM package (deno) were skipped. These may be required to solve JS challenges. You can enable these downloads with  --remote-components ejs:github  (recommended) or  --remote-components ejs:npm , respectively. For more information and alternatives, refer to  https://github.com/yt-dlp/yt-dlp/wiki/EJS
WARNING: [youtube] XOEVxEYtXm4: n challenge solving failed: Some formats may be missing. Ensure you have a supported JavaScript runtime and challenge solver script distribution installed. Review any warnings presented before this message. For more details, refer to  https://github.com/yt-dlp/yt-dlp/wiki/EJS
WARNING: The extractor specified to use impersonation for this download, but no impersonate target is available. If you encounter errors, then see  https://github.com/yt-dlp/yt-dlp#impersonation  for information on installing the required dependencies
[周慕姿放心說] 完成 (共 0 個字幕)

[松明講心理] 抓取中...
WARNING: [youtube] YouTube said: ERROR - Precondition check failed.
WARNING: [youtube] HTTP Error 400: Bad Request. Retrying (1/3)...
WARNING: [youtube] YouTube said: ERROR - Precondition check failed.
WARNING: [youtube] HTTP Error 400: Bad Request. Retrying (2/3)...
WARNING: [youtube] YouTube said: ERROR - Precondition check failed.
WARNING: [youtube] HTTP Error 400: Bad Request. Retrying (3/3)...
WARNING: [youtube] YouTube said: ERROR - Precondition check failed.
WARNING: [youtube] Unable to download API page: HTTP Error 400: Bad Request (caused by <HTTPError 400: Bad Request>)
WARNING: [youtube] [jsc] Remote components challenge solver script (deno) and NPM package (deno) were skipped. These may be required to solve JS challenges. You can enable these downloads with  --remote-components ejs:github  (recommended) or  --remote-components ejs:npm , respectively. For more information and alternatives, refer to  https://github.com/yt-dlp/yt-dlp/wiki/EJS
WARNING: [youtube] RPy3Jp66yrQ: n challenge solving failed: Some formats may be missing. Ensure you have a supported JavaScript runtime and challenge solver script distribution installed. Review any warnings presented before this message. For more details, refer to  https://github.com/yt-dlp/yt-dlp/wiki/EJS
WARNING: [youtube] YouTube said: ERROR - Precondition check failed.
WARNING: [youtube] HTTP Error 400: Bad Request. Retrying (1/3)...
WARNING: [youtube] YouTube said: ERROR - Precondition check failed.
WARNING: [youtube] HTTP Error 400: Bad Request. Retrying (2/3)...
WARNING: [youtube] YouTube said: ERROR - Precondition check failed.
WARNING: [youtube] HTTP Error 400: Bad Request. Retrying (3/3)...
WARNING: [youtube] YouTube said: ERROR - Precondition check failed.
WARNING: [youtube] Unable to download API page: HTTP Error 400: Bad Request (caused by <HTTPError 400: Bad Request>)
WARNING: [youtube] [jsc] Remote components challenge solver script (deno) and NPM package (deno) were skipped. These may be required to solve JS challenges. You can enable these downloads with  --remote-components ejs:github  (recommended) or  --remote-components ejs:npm , respectively. For more information and alternatives, refer to  https://github.com/yt-dlp/yt-dlp/wiki/EJS
WARNING: [youtube] vlYfxR33_V0: n challenge solving failed: Some formats may be missing. Ensure you have a supported JavaScript runtime and challenge solver script distribution installed. Review any warnings presented before this message. For more details, refer to  https://github.com/yt-dlp/yt-dlp/wiki/EJS
WARNING: [youtube] YouTube said: ERROR - Precondition check failed.
WARNING: [youtube] HTTP Error 400: Bad Request. Retrying (1/3)...
WARNING: [youtube] YouTube said: ERROR - Precondition check failed.
WARNING: [youtube] HTTP Error 400: Bad Request. Retrying (2/3)...
WARNING: [youtube] YouTube said: ERROR - Precondition check failed.
WARNING: [youtube] HTTP Error 400: Bad Request. Retrying (3/3)...
WARNING: [youtube] YouTube said: ERROR - Precondition check failed.
WARNING: [youtube] Unable to download API page: HTTP Error 400: Bad Request (caused by <HTTPError 400: Bad Request>)
WARNING: [youtube] fwA81LGZhq8: Some android_vr client https formats have been skipped as they are missing a URL. YouTube may have enabled the SABR-only streaming experiment for the current session. See  https://github.com/yt-dlp/yt-dlp/issues/12482  for more details
WARNING: [youtube] [jsc] Remote components challenge solver script (deno) and NPM package (deno) were skipped. These may be required to solve JS challenges. You can enable these downloads with  --remote-components ejs:github  (recommended) or  --remote-components ejs:npm , respectively. For more information and alternatives, refer to  https://github.com/yt-dlp/yt-dlp/wiki/EJS
WARNING: [youtube] fwA81LGZhq8: n challenge solving failed: Some formats may be missing. Ensure you have a supported JavaScript runtime and challenge solver script distribution installed. Review any warnings presented before this message. For more details, refer to  https://github.com/yt-dlp/yt-dlp/wiki/EJS
WARNING: [youtube] YouTube said: ERROR - Precondition check failed.
WARNING: [youtube] HTTP Error 400: Bad Request. Retrying (1/3)...
WARNING: [youtube] YouTube said: ERROR - Precondition check failed.
WARNING: [youtube] HTTP Error 400: Bad Request. Retrying (2/3)...
WARNING: [youtube] YouTube said: ERROR - Precondition check failed.
WARNING: [youtube] HTTP Error 400: Bad Request. Retrying (3/3)...
WARNING: [youtube] YouTube said: ERROR - Precondition check failed.
WARNING: [youtube] Unable to download API page: HTTP Error 400: Bad Request (caused by <HTTPError 400: Bad Request>)
WARNING: [youtube] [jsc] Remote components challenge solver script (deno) and NPM package (deno) were skipped. These may be required to solve JS challenges. You can enable these downloads with  --remote-components ejs:github  (recommended) or  --remote-components ejs:npm , respectively. For more information and alternatives, refer to  https://github.com/yt-dlp/yt-dlp/wiki/EJS
WARNING: [youtube] GTp9YHXVK7k: n challenge solving failed: Some formats may be missing. Ensure you have a supported JavaScript runtime and challenge solver script distribution installed. Review any warnings presented before this message. For more details, refer to  https://github.com/yt-dlp/yt-dlp/wiki/EJS
WARNING: [youtube] YouTube said: ERROR - Precondition check failed.
WARNING: [youtube] HTTP Error 400: Bad Request. Retrying (1/3)...
WARNING: [youtube] YouTube said: ERROR - Precondition check failed.
WARNING: [youtube] HTTP Error 400: Bad Request. Retrying (2/3)...
WARNING: [youtube] YouTube said: ERROR - Precondition check failed.
WARNING: [youtube] HTTP Error 400: Bad Request. Retrying (3/3)...
WARNING: [youtube] YouTube said: ERROR - Precondition check failed.
WARNING: [youtube] Unable to download API page: HTTP Error 400: Bad Request (caused by <HTTPError 400: Bad Request>)
WARNING: [youtube] [jsc] Remote components challenge solver script (deno) and NPM package (deno) were skipped. These may be required to solve JS challenges. You can enable these downloads with  --remote-components ejs:github  (recommended) or  --remote-components ejs:npm , respectively. For more information and alternatives, refer to  https://github.com/yt-dlp/yt-dlp/wiki/EJS
WARNING: [youtube] CWAnuIXtrSk: n challenge solving failed: Some formats may be missing. Ensure you have a supported JavaScript runtime and challenge solver script distribution installed. Review any warnings presented before this message. For more details, refer to  https://github.com/yt-dlp/yt-dlp/wiki/EJS
WARNING: [youtube] YouTube said: ERROR - Precondition check failed.
WARNING: [youtube] HTTP Error 400: Bad Request. Retrying (1/3)...
WARNING: [youtube] YouTube said: ERROR - Precondition check failed.
WARNING: [youtube] HTTP Error 400: Bad Request. Retrying (2/3)...
WARNING: [youtube] YouTube said: ERROR - Precondition check failed.
WARNING: [youtube] HTTP Error 400: Bad Request. Retrying (3/3)...
WARNING: [youtube] YouTube said: ERROR - Precondition check failed.
WARNING: [youtube] Unable to download API page: HTTP Error 400: Bad Request (caused by <HTTPError 400: Bad Request>)
WARNING: [youtube] [jsc] Remote components challenge solver script (deno) and NPM package (deno) were skipped. These may be required to solve JS challenges. You can enable these downloads with  --remote-components ejs:github  (recommended) or  --remote-components ejs:npm , respectively. For more information and alternatives, refer to  https://github.com/yt-dlp/yt-dlp/wiki/EJS
WARNING: [youtube] yX4o3fTThTM: n challenge solving failed: Some formats may be missing. Ensure you have a supported JavaScript runtime and challenge solver script distribution installed. Review any warnings presented before this message. For more details, refer to  https://github.com/yt-dlp/yt-dlp/wiki/EJS
WARNING: [youtube] YouTube said: ERROR - Precondition check failed.
WARNING: [youtube] HTTP Error 400: Bad Request. Retrying (1/3)...
WARNING: [youtube] YouTube said: ERROR - Precondition check failed.
WARNING: [youtube] HTTP Error 400: Bad Request. Retrying (2/3)...
WARNING: [youtube] YouTube said: ERROR - Precondition check failed.
WARNING: [youtube] HTTP Error 400: Bad Request. Retrying (3/3)...
WARNING: [youtube] YouTube said: ERROR - Precondition check failed.
WARNING: [youtube] Unable to download API page: HTTP Error 400: Bad Request (caused by <HTTPError 400: Bad Request>)
WARNING: [youtube] [jsc] Remote components challenge solver script (deno) and NPM package (deno) were skipped. These may be required to solve JS challenges. You can enable these downloads with  --remote-components ejs:github  (recommended) or  --remote-components ejs:npm , respectively. For more information and alternatives, refer to  https://github.com/yt-dlp/yt-dlp/wiki/EJS
WARNING: [youtube] WNnlp892vrQ: n challenge solving failed: Some formats may be missing. Ensure you have a supported JavaScript runtime and challenge solver script distribution installed. Review any warnings presented before this message. For more details, refer to  https://github.com/yt-dlp/yt-dlp/wiki/EJS
WARNING: [youtube] YouTube said: ERROR - Precondition check failed.
WARNING: [youtube] HTTP Error 400: Bad Request. Retrying (1/3)...
WARNING: [youtube] YouTube said: ERROR - Precondition check failed.
WARNING: [youtube] HTTP Error 400: Bad Request. Retrying (2/3)...
WARNING: [youtube] YouTube said: ERROR - Precondition check failed.
WARNING: [youtube] HTTP Error 400: Bad Request. Retrying (3/3)...
WARNING: [youtube] YouTube said: ERROR - Precondition check failed.
WARNING: [youtube] Unable to download API page: HTTP Error 400: Bad Request (caused by <HTTPError 400: Bad Request>)
WARNING: [youtube] [jsc] Remote components challenge solver script (deno) and NPM package (deno) were skipped. These may be required to solve JS challenges. You can enable these downloads with  --remote-components ejs:github  (recommended) or  --remote-components ejs:npm , respectively. For more information and alternatives, refer to  https://github.com/yt-dlp/yt-dlp/wiki/EJS
WARNING: [youtube] L3Ycz3PGsqY: n challenge solving failed: Some formats may be missing. Ensure you have a supported JavaScript runtime and challenge solver script distribution installed. Review any warnings presented before this message. For more details, refer to  https://github.com/yt-dlp/yt-dlp/wiki/EJS
WARNING: [youtube] YouTube said: ERROR - Precondition check failed.
WARNING: [youtube] HTTP Error 400: Bad Request. Retrying (1/3)...
WARNING: [youtube] YouTube said: ERROR - Precondition check failed.
WARNING: [youtube] HTTP Error 400: Bad Request. Retrying (2/3)...
WARNING: [youtube] YouTube said: ERROR - Precondition check failed.
WARNING: [youtube] HTTP Error 400: Bad Request. Retrying (3/3)...
WARNING: [youtube] YouTube said: ERROR - Precondition check failed.
WARNING: [youtube] Unable to download API page: HTTP Error 400: Bad Request (caused by <HTTPError 400: Bad Request>)
WARNING: [youtube] [jsc] Remote components challenge solver script (deno) and NPM package (deno) were skipped. These may be required to solve JS challenges. You can enable these downloads with  --remote-components ejs:github  (recommended) or  --remote-components ejs:npm , respectively. For more information and alternatives, refer to  https://github.com/yt-dlp/yt-dlp/wiki/EJS
WARNING: [youtube] bMo3uYDD4uQ: n challenge solving failed: Some formats may be missing. Ensure you have a supported JavaScript runtime and challenge solver script distribution installed. Review any warnings presented before this message. For more details, refer to  https://github.com/yt-dlp/yt-dlp/wiki/EJS
WARNING: [youtube] YouTube said: ERROR - Precondition check failed.
WARNING: [youtube] HTTP Error 400: Bad Request. Retrying (1/3)...
WARNING: [youtube] YouTube said: ERROR - Precondition check failed.
WARNING: [youtube] HTTP Error 400: Bad Request. Retrying (2/3)...
WARNING: [youtube] YouTube said: ERROR - Precondition check failed.
WARNING: [youtube] HTTP Error 400: Bad Request. Retrying (3/3)...
WARNING: [youtube] YouTube said: ERROR - Precondition check failed.
WARNING: [youtube] Unable to download API page: HTTP Error 400: Bad Request (caused by <HTTPError 400: Bad Request>)
ERROR: [youtube] cwr7jzAxBTs: This video is available to this channel's members on level: 中級會員『五天特訓營』課程 (or any higher level). Join this channel to get access to members-only content and other exclusive perks.
WARNING: [youtube] YouTube said: ERROR - Precondition check failed.
WARNING: [youtube] HTTP Error 400: Bad Request. Retrying (1/3)...
WARNING: [youtube] YouTube said: ERROR - Precondition check failed.
WARNING: [youtube] HTTP Error 400: Bad Request. Retrying (2/3)...
WARNING: [youtube] YouTube said: ERROR - Precondition check failed.
WARNING: [youtube] HTTP Error 400: Bad Request. Retrying (3/3)...
WARNING: [youtube] YouTube said: ERROR - Precondition check failed.
WARNING: [youtube] Unable to download API page: HTTP Error 400: Bad Request (caused by <HTTPError 400: Bad Request>)
WARNING: [youtube] [jsc] Remote components challenge solver script (deno) and NPM package (deno) were skipped. These may be required to solve JS challenges. You can enable these downloads with  --remote-components ejs:github  (recommended) or  --remote-components ejs:npm , respectively. For more information and alternatives, refer to  https://github.com/yt-dlp/yt-dlp/wiki/EJS
WARNING: [youtube] vJ06-SN6kB8: n challenge solving failed: Some formats may be missing. Ensure you have a supported JavaScript runtime and challenge solver script distribution installed. Review any warnings presented before this message. For more details, refer to  https://github.com/yt-dlp/yt-dlp/wiki/EJS
WARNING: [youtube] YouTube said: ERROR - Precondition check failed.
WARNING: [youtube] HTTP Error 400: Bad Request. Retrying (1/3)...
WARNING: [youtube] YouTube said: ERROR - Precondition check failed.
WARNING: [youtube] HTTP Error 400: Bad Request. Retrying (2/3)...
WARNING: [youtube] YouTube said: ERROR - Precondition check failed.
WARNING: [youtube] HTTP Error 400: Bad Request. Retrying (3/3)...
WARNING: [youtube] YouTube said: ERROR - Precondition check failed.
WARNING: [youtube] Unable to download API page: HTTP Error 400: Bad Request (caused by <HTTPError 400: Bad Request>)
ERROR: [youtube] mXqlb4sBci0: Join this channel to get access to members-only content like this video, and other exclusive perks.
WARNING: [youtube] YouTube said: ERROR - Precondition check failed.
WARNING: [youtube] HTTP Error 400: Bad Request. Retrying (1/3)...
WARNING: [youtube] YouTube said: ERROR - Precondition check failed.
WARNING: [youtube] HTTP Error 400: Bad Request. Retrying (2/3)...
WARNING: [youtube] YouTube said: ERROR - Precondition check failed.
WARNING: [youtube] HTTP Error 400: Bad Request. Retrying (3/3)...
WARNING: [youtube] YouTube said: ERROR - Precondition check failed.
WARNING: [youtube] Unable to download API page: HTTP Error 400: Bad Request (caused by <HTTPError 400: Bad Request>)
ERROR: [youtube] BYwEL3l5wK4: This video is available to this channel's members on level: 中級會員『五天特訓營』課程 (or any higher level). Join this channel to get access to members-only content and other exclusive perks.
WARNING: [youtube] YouTube said: ERROR - Precondition check failed.
WARNING: [youtube] HTTP Error 400: Bad Request. Retrying (1/3)...
WARNING: [youtube] YouTube said: ERROR - Precondition check failed.
WARNING: [youtube] HTTP Error 400: Bad Request. Retrying (2/3)...
WARNING: [youtube] YouTube said: ERROR - Precondition check failed.
WARNING: [youtube] HTTP Error 400: Bad Request. Retrying (3/3)...
WARNING: [youtube] YouTube said: ERROR - Precondition check failed.
WARNING: [youtube] Unable to download API page: HTTP Error 400: Bad Request (caused by <HTTPError 400: Bad Request>)
ERROR: [youtube] dRzfj7y7cdM: Join this channel to get access to members-only content like this video, and other exclusive perks.
WARNING: [youtube] YouTube said: ERROR - Precondition check failed.
WARNING: [youtube] HTTP Error 400: Bad Request. Retrying (1/3)...
WARNING: [youtube] YouTube said: ERROR - Precondition check failed.
WARNING: [youtube] HTTP Error 400: Bad Request. Retrying (2/3)...
WARNING: [youtube] YouTube said: ERROR - Precondition check failed.
WARNING: [youtube] HTTP Error 400: Bad Request. Retrying (3/3)...
WARNING: [youtube] YouTube said: ERROR - Precondition check failed.
WARNING: [youtube] Unable to download API page: HTTP Error 400: Bad Request (caused by <HTTPError 400: Bad Request>)
ERROR: [youtube] jUpdh5xcOtU: Join this channel to get access to members-only content like this video, and other exclusive perks.
WARNING: [youtube] YouTube said: ERROR - Precondition check failed.
WARNING: [youtube] HTTP Error 400: Bad Request. Retrying (1/3)...
WARNING: [youtube] YouTube said: ERROR - Precondition check failed.
WARNING: [youtube] HTTP Error 400: Bad Request. Retrying (2/3)...
WARNING: [youtube] YouTube said: ERROR - Precondition check failed.
WARNING: [youtube] HTTP Error 400: Bad Request. Retrying (3/3)...
WARNING: [youtube] YouTube said: ERROR - Precondition check failed.
WARNING: [youtube] Unable to download API page: HTTP Error 400: Bad Request (caused by <HTTPError 400: Bad Request>)
ERROR: [youtube] C_Gt-GXqskU: Join this channel to get access to members-only content like this video, and other exclusive perks.
WARNING: [youtube] YouTube said: ERROR - Precondition check failed.
WARNING: [youtube] HTTP Error 400: Bad Request. Retrying (1/3)...
WARNING: [youtube] YouTube said: ERROR - Precondition check failed.
WARNING: [youtube] HTTP Error 400: Bad Request. Retrying (2/3)...
WARNING: [youtube] YouTube said: ERROR - Precondition check failed.
WARNING: [youtube] HTTP Error 400: Bad Request. Retrying (3/3)...
WARNING: [youtube] YouTube said: ERROR - Precondition check failed.
WARNING: [youtube] Unable to download API page: HTTP Error 400: Bad Request (caused by <HTTPError 400: Bad Request>)
ERROR: [youtube] eJSYaTJeJcc: This video is available to this channel's members on level: 中級會員『五天特訓營』課程 (or any higher level). Join this channel to get access to members-only content and other exclusive perks.
WARNING: [youtube] YouTube said: ERROR - Precondition check failed.
WARNING: [youtube] HTTP Error 400: Bad Request. Retrying (1/3)...
WARNING: [youtube] YouTube said: ERROR - Precondition check failed.
WARNING: [youtube] HTTP Error 400: Bad Request. Retrying (2/3)...
WARNING: [youtube] YouTube said: ERROR - Precondition check failed.
WARNING: [youtube] HTTP Error 400: Bad Request. Retrying (3/3)...
WARNING: [youtube] YouTube said: ERROR - Precondition check failed.
WARNING: [youtube] Unable to download API page: HTTP Error 400: Bad Request (caused by <HTTPError 400: Bad Request>)
ERROR: [youtube] u4h2b_kwN10: This video is available to this channel's members on level: 中級會員『五天特訓營』課程 (or any higher level). Join this channel to get access to members-only content and other exclusive perks.
WARNING: [youtube] YouTube said: ERROR - Precondition check failed.
WARNING: [youtube] HTTP Error 400: Bad Request. Retrying (1/3)...
WARNING: [youtube] YouTube said: ERROR - Precondition check failed.
WARNING: [youtube] HTTP Error 400: Bad Request. Retrying (2/3)...
WARNING: [youtube] YouTube said: ERROR - Precondition check failed.
WARNING: [youtube] HTTP Error 400: Bad Request. Retrying (3/3)...
WARNING: [youtube] YouTube said: ERROR - Precondition check failed.
WARNING: [youtube] Unable to download API page: HTTP Error 400: Bad Request (caused by <HTTPError 400: Bad Request>)
ERROR: [youtube] wE2jF6Lg4ss: This video is available to this channel's members on level: 中級會員『五天特訓營』課程 (or any higher level). Join this channel to get access to members-only content and other exclusive perks.
WARNING: [youtube] YouTube said: ERROR - Precondition check failed.
WARNING: [youtube] HTTP Error 400: Bad Request. Retrying (1/3)...
WARNING: [youtube] YouTube said: ERROR - Precondition check failed.
WARNING: [youtube] HTTP Error 400: Bad Request. Retrying (2/3)...
WARNING: [youtube] YouTube said: ERROR - Precondition check failed.
WARNING: [youtube] HTTP Error 400: Bad Request. Retrying (3/3)...
WARNING: [youtube] YouTube said: ERROR - Precondition check failed.
WARNING: [youtube] Unable to download API page: HTTP Error 400: Bad Request (caused by <HTTPError 400: Bad Request>)
ERROR: [youtube] Z6V6IJbr47E: This video is available to this channel's members on level: 中級會員『五天特訓營』課程 (or any higher level). Join this channel to get access to members-only content and other exclusive perks.
[松明講心理] 完成 (共 0 個字幕)

[Dr.Harvey不廢話] 抓取中...
[Dr.Harvey不廢話] 完成 (共 0 個字幕)

[初日醫學] 抓取中...
WARNING: [youtube] YouTube said: ERROR - Precondition check failed.
WARNING: [youtube] HTTP Error 400: Bad Request. Retrying (1/3)...
WARNING: [youtube] YouTube said: ERROR - Precondition check failed.
WARNING: [youtube] HTTP Error 400: Bad Request. Retrying (2/3)...
WARNING: [youtube] YouTube said: ERROR - Precondition check failed.
WARNING: [youtube] HTTP Error 400: Bad Request. Retrying (3/3)...
WARNING: [youtube] YouTube said: ERROR - Precondition check failed.
WARNING: [youtube] Unable to download API page: HTTP Error 400: Bad Request (caused by <HTTPError 400: Bad Request>)
ERROR: [youtube] HmTm3gkL-p0: Join this channel to get access to members-only content like this video, and other exclusive perks.
WARNING: [youtube] YouTube said: ERROR - Precondition check failed.
WARNING: [youtube] HTTP Error 400: Bad Request. Retrying (1/3)...
WARNING: [youtube] YouTube said: ERROR - Precondition check failed.
WARNING: [youtube] HTTP Error 400: Bad Request. Retrying (2/3)...
WARNING: [youtube] YouTube said: ERROR - Precondition check failed.
WARNING: [youtube] HTTP Error 400: Bad Request. Retrying (3/3)...
WARNING: [youtube] YouTube said: ERROR - Precondition check failed.
WARNING: [youtube] Unable to download API page: HTTP Error 400: Bad Request (caused by <HTTPError 400: Bad Request>)
ERROR: [youtube] f1rhnJjBPQI: Join this channel to get access to members-only content like this video, and other exclusive perks.
WARNING: [youtube] YouTube said: ERROR - Precondition check failed.
WARNING: [youtube] HTTP Error 400: Bad Request. Retrying (1/3)...
WARNING: [youtube] YouTube said: ERROR - Precondition check failed.
WARNING: [youtube] HTTP Error 400: Bad Request. Retrying (2/3)...
WARNING: [youtube] YouTube said: ERROR - Precondition check failed.
WARNING: [youtube] HTTP Error 400: Bad Request. Retrying (3/3)...
WARNING: [youtube] YouTube said: ERROR - Precondition check failed.
WARNING: [youtube] Unable to download API page: HTTP Error 400: Bad Request (caused by <HTTPError 400: Bad Request>)
WARNING: [youtube] 4qjQuxDs960: Some android_vr client https formats have been skipped as they are missing a URL. YouTube may have enabled the SABR-only streaming experiment for the current session. See  https://github.com/yt-dlp/yt-dlp/issues/12482  for more details
WARNING: [youtube] [jsc] Remote components challenge solver script (deno) and NPM package (deno) were skipped. These may be required to solve JS challenges. You can enable these downloads with  --remote-components ejs:github  (recommended) or  --remote-components ejs:npm , respectively. For more information and alternatives, refer to  https://github.com/yt-dlp/yt-dlp/wiki/EJS
WARNING: [youtube] 4qjQuxDs960: n challenge solving failed: Some formats may be missing. Ensure you have a supported JavaScript runtime and challenge solver script distribution installed. Review any warnings presented before this message. For more details, refer to  https://github.com/yt-dlp/yt-dlp/wiki/EJS
WARNING: The extractor specified to use impersonation for this download, but no impersonate target is available. If you encounter errors, then see  https://github.com/yt-dlp/yt-dlp#impersonation  for information on installing the required dependencies
WARNING: [youtube] YouTube said: ERROR - Precondition check failed.
WARNING: [youtube] HTTP Error 400: Bad Request. Retrying (1/3)...
WARNING: [youtube] YouTube said: ERROR - Precondition check failed.
WARNING: [youtube] HTTP Error 400: Bad Request. Retrying (2/3)...
WARNING: [youtube] YouTube said: ERROR - Precondition check failed.
WARNING: [youtube] HTTP Error 400: Bad Request. Retrying (3/3)...
WARNING: [youtube] YouTube said: ERROR - Precondition check failed.
WARNING: [youtube] Unable to download API page: HTTP Error 400: Bad Request (caused by <HTTPError 400: Bad Request>)
WARNING: [youtube] [jsc] Remote components challenge solver script (deno) and NPM package (deno) were skipped. These may be required to solve JS challenges. You can enable these downloads with  --remote-components ejs:github  (recommended) or  --remote-components ejs:npm , respectively. For more information and alternatives, refer to  https://github.com/yt-dlp/yt-dlp/wiki/EJS
WARNING: [youtube] ndnwJ_sUGNE: n challenge solving failed: Some formats may be missing. Ensure you have a supported JavaScript runtime and challenge solver script distribution installed. Review any warnings presented before this message. For more details, refer to  https://github.com/yt-dlp/yt-dlp/wiki/EJS
WARNING: The extractor specified to use impersonation for this download, but no impersonate target is available. If you encounter errors, then see  https://github.com/yt-dlp/yt-dlp#impersonation  for information on installing the required dependencies
WARNING: [youtube] YouTube said: ERROR - Precondition check failed.
WARNING: [youtube] HTTP Error 400: Bad Request. Retrying (1/3)...
WARNING: [youtube] YouTube said: ERROR - Precondition check failed.
WARNING: [youtube] HTTP Error 400: Bad Request. Retrying (2/3)...
WARNING: [youtube] YouTube said: ERROR - Precondition check failed.
WARNING: [youtube] HTTP Error 400: Bad Request. Retrying (3/3)...
WARNING: [youtube] YouTube said: ERROR - Precondition check failed.
WARNING: [youtube] Unable to download API page: HTTP Error 400: Bad Request (caused by <HTTPError 400: Bad Request>)
WARNING: [youtube] [jsc] Remote components challenge solver script (deno) and NPM package (deno) were skipped. These may be required to solve JS challenges. You can enable these downloads with  --remote-components ejs:github  (recommended) or  --remote-components ejs:npm , respectively. For more information and alternatives, refer to  https://github.com/yt-dlp/yt-dlp/wiki/EJS
WARNING: [youtube] pSbW7nAtb9A: n challenge solving failed: Some formats may be missing. Ensure you have a supported JavaScript runtime and challenge solver script distribution installed. Review any warnings presented before this message. For more details, refer to  https://github.com/yt-dlp/yt-dlp/wiki/EJS
WARNING: The extractor specified to use impersonation for this download, but no impersonate target is available. If you encounter errors, then see  https://github.com/yt-dlp/yt-dlp#impersonation  for information on installing the required dependencies
WARNING: [youtube] YouTube said: ERROR - Precondition check failed.
WARNING: [youtube] HTTP Error 400: Bad Request. Retrying (1/3)...
WARNING: [youtube] YouTube said: ERROR - Precondition check failed.
WARNING: [youtube] HTTP Error 400: Bad Request. Retrying (2/3)...
WARNING: [youtube] YouTube said: ERROR - Precondition check failed.
WARNING: [youtube] HTTP Error 400: Bad Request. Retrying (3/3)...
WARNING: [youtube] YouTube said: ERROR - Precondition check failed.
WARNING: [youtube] Unable to download API page: HTTP Error 400: Bad Request (caused by <HTTPError 400: Bad Request>)
ERROR: [youtube] N8NSXGqmP2E: Join this channel to get access to members-only content like this video, and other exclusive perks.
WARNING: [youtube] YouTube said: ERROR - Precondition check failed.
WARNING: [youtube] HTTP Error 400: Bad Request. Retrying (1/3)...
WARNING: [youtube] YouTube said: ERROR - Precondition check failed.
WARNING: [youtube] HTTP Error 400: Bad Request. Retrying (2/3)...
WARNING: [youtube] YouTube said: ERROR - Precondition check failed.
WARNING: [youtube] HTTP Error 400: Bad Request. Retrying (3/3)...
WARNING: [youtube] YouTube said: ERROR - Precondition check failed.
WARNING: [youtube] Unable to download API page: HTTP Error 400: Bad Request (caused by <HTTPError 400: Bad Request>)
WARNING: [youtube] [jsc] Remote components challenge solver script (deno) and NPM package (deno) were skipped. These may be required to solve JS challenges. You can enable these downloads with  --remote-components ejs:github  (recommended) or  --remote-components ejs:npm , respectively. For more information and alternatives, refer to  https://github.com/yt-dlp/yt-dlp/wiki/EJS
WARNING: [youtube] WSJl7nYo87M: n challenge solving failed: Some formats may be missing. Ensure you have a supported JavaScript runtime and challenge solver script distribution installed. Review any warnings presented before this message. For more details, refer to  https://github.com/yt-dlp/yt-dlp/wiki/EJS
WARNING: The extractor specified to use impersonation for this download, but no impersonate target is available. If you encounter errors, then see  https://github.com/yt-dlp/yt-dlp#impersonation  for information on installing the required dependencies
WARNING: [youtube] YouTube said: ERROR - Precondition check failed.
WARNING: [youtube] HTTP Error 400: Bad Request. Retrying (1/3)...
WARNING: [youtube] YouTube said: ERROR - Precondition check failed.
WARNING: [youtube] HTTP Error 400: Bad Request. Retrying (2/3)...
WARNING: [youtube] YouTube said: ERROR - Precondition check failed.
WARNING: [youtube] HTTP Error 400: Bad Request. Retrying (3/3)...
WARNING: [youtube] YouTube said: ERROR - Precondition check failed.
WARNING: [youtube] Unable to download API page: HTTP Error 400: Bad Request (caused by <HTTPError 400: Bad Request>)
WARNING: [youtube] [jsc] Remote components challenge solver script (deno) and NPM package (deno) were skipped. These may be required to solve JS challenges. You can enable these downloads with  --remote-components ejs:github  (recommended) or  --remote-components ejs:npm , respectively. For more information and alternatives, refer to  https://github.com/yt-dlp/yt-dlp/wiki/EJS
WARNING: [youtube] wAKxwIRtOq4: n challenge solving failed: Some formats may be missing. Ensure you have a supported JavaScript runtime and challenge solver script distribution installed. Review any warnings presented before this message. For more details, refer to  https://github.com/yt-dlp/yt-dlp/wiki/EJS
WARNING: The extractor specified to use impersonation for this download, but no impersonate target is available. If you encounter errors, then see  https://github.com/yt-dlp/yt-dlp#impersonation  for information on installing the required dependencies
WARNING: [youtube] YouTube said: ERROR - Precondition check failed.
WARNING: [youtube] HTTP Error 400: Bad Request. Retrying (1/3)...
WARNING: [youtube] YouTube said: ERROR - Precondition check failed.
WARNING: [youtube] HTTP Error 400: Bad Request. Retrying (2/3)...
WARNING: [youtube] YouTube said: ERROR - Precondition check failed.
WARNING: [youtube] HTTP Error 400: Bad Request. Retrying (3/3)...
WARNING: [youtube] YouTube said: ERROR - Precondition check failed.
WARNING: [youtube] Unable to download API page: HTTP Error 400: Bad Request (caused by <HTTPError 400: Bad Request>)
WARNING: [youtube] [jsc] Remote components challenge solver script (deno) and NPM package (deno) were skipped. These may be required to solve JS challenges. You can enable these downloads with  --remote-components ejs:github  (recommended) or  --remote-components ejs:npm , respectively. For more information and alternatives, refer to  https://github.com/yt-dlp/yt-dlp/wiki/EJS
WARNING: [youtube] otGGiNPA8ek: n challenge solving failed: Some formats may be missing. Ensure you have a supported JavaScript runtime and challenge solver script distribution installed. Review any warnings presented before this message. For more details, refer to  https://github.com/yt-dlp/yt-dlp/wiki/EJS
WARNING: The extractor specified to use impersonation for this download, but no impersonate target is available. If you encounter errors, then see  https://github.com/yt-dlp/yt-dlp#impersonation  for information on installing the required dependencies
WARNING: [youtube] YouTube said: ERROR - Precondition check failed.
WARNING: [youtube] HTTP Error 400: Bad Request. Retrying (1/3)...
WARNING: [youtube] YouTube said: ERROR - Precondition check failed.
WARNING: [youtube] HTTP Error 400: Bad Request. Retrying (2/3)...
WARNING: [youtube] YouTube said: ERROR - Precondition check failed.
WARNING: [youtube] HTTP Error 400: Bad Request. Retrying (3/3)...
WARNING: [youtube] YouTube said: ERROR - Precondition check failed.
WARNING: [youtube] Unable to download API page: HTTP Error 400: Bad Request (caused by <HTTPError 400: Bad Request>)
WARNING: [youtube] [jsc] Remote components challenge solver script (deno) and NPM package (deno) were skipped. These may be required to solve JS challenges. You can enable these downloads with  --remote-components ejs:github  (recommended) or  --remote-components ejs:npm , respectively. For more information and alternatives, refer to  https://github.com/yt-dlp/yt-dlp/wiki/EJS
WARNING: [youtube] 7KlDf5L8rgI: n challenge solving failed: Some formats may be missing. Ensure you have a supported JavaScript runtime and challenge solver script distribution installed. Review any warnings presented before this message. For more details, refer to  https://github.com/yt-dlp/yt-dlp/wiki/EJS
WARNING: The extractor specified to use impersonation for this download, but no impersonate target is available. If you encounter errors, then see  https://github.com/yt-dlp/yt-dlp#impersonation  for information on installing the required dependencies
WARNING: [youtube] YouTube said: ERROR - Precondition check failed.
WARNING: [youtube] HTTP Error 400: Bad Request. Retrying (1/3)...
WARNING: [youtube] YouTube said: ERROR - Precondition check failed.
WARNING: [youtube] HTTP Error 400: Bad Request. Retrying (2/3)...
WARNING: [youtube] YouTube said: ERROR - Precondition check failed.
WARNING: [youtube] HTTP Error 400: Bad Request. Retrying (3/3)...
WARNING: [youtube] YouTube said: ERROR - Precondition check failed.
WARNING: [youtube] Unable to download API page: HTTP Error 400: Bad Request (caused by <HTTPError 400: Bad Request>)
ERROR: [youtube] TjPy8EpkFHg: Join this channel to get access to members-only content like this video, and other exclusive perks.
WARNING: [youtube] YouTube said: ERROR - Precondition check failed.
WARNING: [youtube] HTTP Error 400: Bad Request. Retrying (1/3)...
WARNING: [youtube] YouTube said: ERROR - Precondition check failed.
WARNING: [youtube] HTTP Error 400: Bad Request. Retrying (2/3)...
WARNING: [youtube] YouTube said: ERROR - Precondition check failed.
WARNING: [youtube] HTTP Error 400: Bad Request. Retrying (3/3)...
WARNING: [youtube] YouTube said: ERROR - Precondition check failed.
WARNING: [youtube] Unable to download API page: HTTP Error 400: Bad Request (caused by <HTTPError 400: Bad Request>)
WARNING: [youtube] Tm9Kkmu6FWQ: Some android_vr client https formats have been skipped as they are missing a URL. YouTube may have enabled the SABR-only streaming experiment for the current session. See  https://github.com/yt-dlp/yt-dlp/issues/12482  for more details
WARNING: [youtube] [jsc] Remote components challenge solver script (deno) and NPM package (deno) were skipped. These may be required to solve JS challenges. You can enable these downloads with  --remote-components ejs:github  (recommended) or  --remote-components ejs:npm , respectively. For more information and alternatives, refer to  https://github.com/yt-dlp/yt-dlp/wiki/EJS
WARNING: [youtube] Tm9Kkmu6FWQ: n challenge solving failed: Some formats may be missing. Ensure you have a supported JavaScript runtime and challenge solver script distribution installed. Review any warnings presented before this message. For more details, refer to  https://github.com/yt-dlp/yt-dlp/wiki/EJS
WARNING: The extractor specified to use impersonation for this download, but no impersonate target is available. If you encounter errors, then see  https://github.com/yt-dlp/yt-dlp#impersonation  for information on installing the required dependencies
WARNING: [youtube] YouTube said: ERROR - Precondition check failed.
WARNING: [youtube] HTTP Error 400: Bad Request. Retrying (1/3)...
WARNING: [youtube] YouTube said: ERROR - Precondition check failed.
WARNING: [youtube] HTTP Error 400: Bad Request. Retrying (2/3)...
WARNING: [youtube] YouTube said: ERROR - Precondition check failed.
WARNING: [youtube] HTTP Error 400: Bad Request. Retrying (3/3)...
WARNING: [youtube] YouTube said: ERROR - Precondition check failed.
WARNING: [youtube] Unable to download API page: HTTP Error 400: Bad Request (caused by <HTTPError 400: Bad Request>)
WARNING: [youtube] [jsc] Remote components challenge solver script (deno) and NPM package (deno) were skipped. These may be required to solve JS challenges. You can enable these downloads with  --remote-components ejs:github  (recommended) or  --remote-components ejs:npm , respectively. For more information and alternatives, refer to  https://github.com/yt-dlp/yt-dlp/wiki/EJS
WARNING: [youtube] 5AHg3iMiP0g: n challenge solving failed: Some formats may be missing. Ensure you have a supported JavaScript runtime and challenge solver script distribution installed. Review any warnings presented before this message. For more details, refer to  https://github.com/yt-dlp/yt-dlp/wiki/EJS
WARNING: The extractor specified to use impersonation for this download, but no impersonate target is available. If you encounter errors, then see  https://github.com/yt-dlp/yt-dlp#impersonation  for information on installing the required dependencies
WARNING: [youtube] YouTube said: ERROR - Precondition check failed.
WARNING: [youtube] HTTP Error 400: Bad Request. Retrying (1/3)...
WARNING: [youtube] YouTube said: ERROR - Precondition check failed.
WARNING: [youtube] HTTP Error 400: Bad Request. Retrying (2/3)...
WARNING: [youtube] YouTube said: ERROR - Precondition check failed.
WARNING: [youtube] HTTP Error 400: Bad Request. Retrying (3/3)...
WARNING: [youtube] YouTube said: ERROR - Precondition check failed.
WARNING: [youtube] Unable to download API page: HTTP Error 400: Bad Request (caused by <HTTPError 400: Bad Request>)
WARNING: [youtube] [jsc] Remote components challenge solver script (deno) and NPM package (deno) were skipped. These may be required to solve JS challenges. You can enable these downloads with  --remote-components ejs:github  (recommended) or  --remote-components ejs:npm , respectively. For more information and alternatives, refer to  https://github.com/yt-dlp/yt-dlp/wiki/EJS
WARNING: [youtube] muQbTjXdU4I: n challenge solving failed: Some formats may be missing. Ensure you have a supported JavaScript runtime and challenge solver script distribution installed. Review any warnings presented before this message. For more details, refer to  https://github.com/yt-dlp/yt-dlp/wiki/EJS
WARNING: The extractor specified to use impersonation for this download, but no impersonate target is available. If you encounter errors, then see  https://github.com/yt-dlp/yt-dlp#impersonation  for information on installing the required dependencies
WARNING: [youtube] YouTube said: ERROR - Precondition check failed.
WARNING: [youtube] HTTP Error 400: Bad Request. Retrying (1/3)...
WARNING: [youtube] YouTube said: ERROR - Precondition check failed.
WARNING: [youtube] HTTP Error 400: Bad Request. Retrying (2/3)...
WARNING: [youtube] YouTube said: ERROR - Precondition check failed.
WARNING: [youtube] HTTP Error 400: Bad Request. Retrying (3/3)...
WARNING: [youtube] YouTube said: ERROR - Precondition check failed.
WARNING: [youtube] Unable to download API page: HTTP Error 400: Bad Request (caused by <HTTPError 400: Bad Request>)
WARNING: [youtube] [jsc] Remote components challenge solver script (deno) and NPM package (deno) were skipped. These may be required to solve JS challenges. You can enable these downloads with  --remote-components ejs:github  (recommended) or  --remote-components ejs:npm , respectively. For more information and alternatives, refer to  https://github.com/yt-dlp/yt-dlp/wiki/EJS
WARNING: [youtube] JQs6NSb4INI: n challenge solving failed: Some formats may be missing. Ensure you have a supported JavaScript runtime and challenge solver script distribution installed. Review any warnings presented before this message. For more details, refer to  https://github.com/yt-dlp/yt-dlp/wiki/EJS
WARNING: The extractor specified to use impersonation for this download, but no impersonate target is available. If you encounter errors, then see  https://github.com/yt-dlp/yt-dlp#impersonation  for information on installing the required dependencies
WARNING: [youtube] YouTube said: ERROR - Precondition check failed.
WARNING: [youtube] HTTP Error 400: Bad Request. Retrying (1/3)...
WARNING: [youtube] YouTube said: ERROR - Precondition check failed.
WARNING: [youtube] HTTP Error 400: Bad Request. Retrying (2/3)...
WARNING: [youtube] YouTube said: ERROR - Precondition check failed.
WARNING: [youtube] HTTP Error 400: Bad Request. Retrying (3/3)...
WARNING: [youtube] YouTube said: ERROR - Precondition check failed.
WARNING: [youtube] Unable to download API page: HTTP Error 400: Bad Request (caused by <HTTPError 400: Bad Request>)
ERROR: [youtube] UOQcfShjmtM: Join this channel to get access to members-only content like this video, and other exclusive perks.
[初日醫學] 完成 (共 15 個字幕)

[泛科學] 抓取中...
WARNING: [youtube] YouTube said: ERROR - Precondition check failed.
WARNING: [youtube] HTTP Error 400: Bad Request. Retrying (1/3)...
WARNING: [youtube] YouTube said: ERROR - Precondition check failed.
WARNING: [youtube] HTTP Error 400: Bad Request. Retrying (2/3)...
WARNING: [youtube] YouTube said: ERROR - Precondition check failed.
WARNING: [youtube] HTTP Error 400: Bad Request. Retrying (3/3)...
WARNING: [youtube] YouTube said: ERROR - Precondition check failed.
WARNING: [youtube] Unable to download API page: HTTP Error 400: Bad Request (caused by <HTTPError 400: Bad Request>)
WARNING: [youtube] CrgDc5244-s: Some android_vr client https formats have been skipped as they are missing a URL. YouTube may have enabled the SABR-only streaming experiment for the current session. See  https://github.com/yt-dlp/yt-dlp/issues/12482  for more details
WARNING: [youtube] [jsc] Remote components challenge solver script (deno) and NPM package (deno) were skipped. These may be required to solve JS challenges. You can enable these downloads with  --remote-components ejs:github  (recommended) or  --remote-components ejs:npm , respectively. For more information and alternatives, refer to  https://github.com/yt-dlp/yt-dlp/wiki/EJS
WARNING: [youtube] CrgDc5244-s: n challenge solving failed: Some formats may be missing. Ensure you have a supported JavaScript runtime and challenge solver script distribution installed. Review any warnings presented before this message. For more details, refer to  https://github.com/yt-dlp/yt-dlp/wiki/EJS
WARNING: [youtube] YouTube said: ERROR - Precondition check failed.
WARNING: [youtube] HTTP Error 400: Bad Request. Retrying (1/3)...
WARNING: [youtube] YouTube said: ERROR - Precondition check failed.
WARNING: [youtube] HTTP Error 400: Bad Request. Retrying (2/3)...
WARNING: [youtube] YouTube said: ERROR - Precondition check failed.
WARNING: [youtube] HTTP Error 400: Bad Request. Retrying (3/3)...
WARNING: [youtube] YouTube said: ERROR - Precondition check failed.
WARNING: [youtube] Unable to download API page: HTTP Error 400: Bad Request (caused by <HTTPError 400: Bad Request>)
WARNING: [youtube] [jsc] Remote components challenge solver script (deno) and NPM package (deno) were skipped. These may be required to solve JS challenges. You can enable these downloads with  --remote-components ejs:github  (recommended) or  --remote-components ejs:npm , respectively. For more information and alternatives, refer to  https://github.com/yt-dlp/yt-dlp/wiki/EJS
WARNING: [youtube] 6_bxpEIQTwQ: n challenge solving failed: Some formats may be missing. Ensure you have a supported JavaScript runtime and challenge solver script distribution installed. Review any warnings presented before this message. For more details, refer to  https://github.com/yt-dlp/yt-dlp/wiki/EJS
WARNING: [youtube] YouTube said: ERROR - Precondition check failed.
WARNING: [youtube] HTTP Error 400: Bad Request. Retrying (1/3)...
WARNING: [youtube] YouTube said: ERROR - Precondition check failed.
WARNING: [youtube] HTTP Error 400: Bad Request. Retrying (2/3)...
WARNING: [youtube] YouTube said: ERROR - Precondition check failed.
WARNING: [youtube] HTTP Error 400: Bad Request. Retrying (3/3)...
WARNING: [youtube] YouTube said: ERROR - Precondition check failed.
WARNING: [youtube] Unable to download API page: HTTP Error 400: Bad Request (caused by <HTTPError 400: Bad Request>)
WARNING: [youtube] [jsc] Remote components challenge solver script (deno) and NPM package (deno) were skipped. These may be required to solve JS challenges. You can enable these downloads with  --remote-components ejs:github  (recommended) or  --remote-components ejs:npm , respectively. For more information and alternatives, refer to  https://github.com/yt-dlp/yt-dlp/wiki/EJS
WARNING: [youtube] YOBq5qUmF-k: n challenge solving failed: Some formats may be missing. Ensure you have a supported JavaScript runtime and challenge solver script distribution installed. Review any warnings presented before this message. For more details, refer to  https://github.com/yt-dlp/yt-dlp/wiki/EJS
WARNING: [youtube] YouTube said: ERROR - Precondition check failed.
WARNING: [youtube] HTTP Error 400: Bad Request. Retrying (1/3)...
WARNING: [youtube] YouTube said: ERROR - Precondition check failed.
WARNING: [youtube] HTTP Error 400: Bad Request. Retrying (2/3)...
WARNING: [youtube] YouTube said: ERROR - Precondition check failed.
WARNING: [youtube] HTTP Error 400: Bad Request. Retrying (3/3)...
WARNING: [youtube] YouTube said: ERROR - Precondition check failed.
WARNING: [youtube] Unable to download API page: HTTP Error 400: Bad Request (caused by <HTTPError 400: Bad Request>)
WARNING: [youtube] [jsc] Remote components challenge solver script (deno) and NPM package (deno) were skipped. These may be required to solve JS challenges. You can enable these downloads with  --remote-components ejs:github  (recommended) or  --remote-components ejs:npm , respectively. For more information and alternatives, refer to  https://github.com/yt-dlp/yt-dlp/wiki/EJS
WARNING: [youtube] mPPJTkX7UaQ: n challenge solving failed: Some formats may be missing. Ensure you have a supported JavaScript runtime and challenge solver script distribution installed. Review any warnings presented before this message. For more details, refer to  https://github.com/yt-dlp/yt-dlp/wiki/EJS
WARNING: [youtube] YouTube said: ERROR - Precondition check failed.
WARNING: [youtube] HTTP Error 400: Bad Request. Retrying (1/3)...
WARNING: [youtube] YouTube said: ERROR - Precondition check failed.
WARNING: [youtube] HTTP Error 400: Bad Request. Retrying (2/3)...
WARNING: [youtube] YouTube said: ERROR - Precondition check failed.
WARNING: [youtube] HTTP Error 400: Bad Request. Retrying (3/3)...
WARNING: [youtube] YouTube said: ERROR - Precondition check failed.
WARNING: [youtube] Unable to download API page: HTTP Error 400: Bad Request (caused by <HTTPError 400: Bad Request>)
WARNING: [youtube] [jsc] Remote components challenge solver script (deno) and NPM package (deno) were skipped. These may be required to solve JS challenges. You can enable these downloads with  --remote-components ejs:github  (recommended) or  --remote-components ejs:npm , respectively. For more information and alternatives, refer to  https://github.com/yt-dlp/yt-dlp/wiki/EJS
WARNING: [youtube] lnaqpPdVNOQ: n challenge solving failed: Some formats may be missing. Ensure you have a supported JavaScript runtime and challenge solver script distribution installed. Review any warnings presented before this message. For more details, refer to  https://github.com/yt-dlp/yt-dlp/wiki/EJS
WARNING: [youtube] YouTube said: ERROR - Precondition check failed.
WARNING: [youtube] HTTP Error 400: Bad Request. Retrying (1/3)...
WARNING: [youtube] YouTube said: ERROR - Precondition check failed.
WARNING: [youtube] HTTP Error 400: Bad Request. Retrying (2/3)...
WARNING: [youtube] YouTube said: ERROR - Precondition check failed.
WARNING: [youtube] HTTP Error 400: Bad Request. Retrying (3/3)...
WARNING: [youtube] YouTube said: ERROR - Precondition check failed.
WARNING: [youtube] Unable to download API page: HTTP Error 400: Bad Request (caused by <HTTPError 400: Bad Request>)
WARNING: [youtube] [jsc] Remote components challenge solver script (deno) and NPM package (deno) were skipped. These may be required to solve JS challenges. You can enable these downloads with  --remote-components ejs:github  (recommended) or  --remote-components ejs:npm , respectively. For more information and alternatives, refer to  https://github.com/yt-dlp/yt-dlp/wiki/EJS
WARNING: [youtube] cteNj_z-WQY: n challenge solving failed: Some formats may be missing. Ensure you have a supported JavaScript runtime and challenge solver script distribution installed. Review any warnings presented before this message. For more details, refer to  https://github.com/yt-dlp/yt-dlp/wiki/EJS
WARNING: [youtube] YouTube said: ERROR - Precondition check failed.
WARNING: [youtube] HTTP Error 400: Bad Request. Retrying (1/3)...
WARNING: [youtube] YouTube said: ERROR - Precondition check failed.
WARNING: [youtube] HTTP Error 400: Bad Request. Retrying (2/3)...
WARNING: [youtube] YouTube said: ERROR - Precondition check failed.
WARNING: [youtube] HTTP Error 400: Bad Request. Retrying (3/3)...
WARNING: [youtube] YouTube said: ERROR - Precondition check failed.
WARNING: [youtube] Unable to download API page: HTTP Error 400: Bad Request (caused by <HTTPError 400: Bad Request>)
WARNING: [youtube] [jsc] Remote components challenge solver script (deno) and NPM package (deno) were skipped. These may be required to solve JS challenges. You can enable these downloads with  --remote-components ejs:github  (recommended) or  --remote-components ejs:npm , respectively. For more information and alternatives, refer to  https://github.com/yt-dlp/yt-dlp/wiki/EJS
WARNING: [youtube] N0Y7N0CRUWc: n challenge solving failed: Some formats may be missing. Ensure you have a supported JavaScript runtime and challenge solver script distribution installed. Review any warnings presented before this message. For more details, refer to  https://github.com/yt-dlp/yt-dlp/wiki/EJS
WARNING: [youtube] YouTube said: ERROR - Precondition check failed.
WARNING: [youtube] HTTP Error 400: Bad Request. Retrying (1/3)...
WARNING: [youtube] YouTube said: ERROR - Precondition check failed.
WARNING: [youtube] HTTP Error 400: Bad Request. Retrying (2/3)...
WARNING: [youtube] YouTube said: ERROR - Precondition check failed.
WARNING: [youtube] HTTP Error 400: Bad Request. Retrying (3/3)...
WARNING: [youtube] YouTube said: ERROR - Precondition check failed.
WARNING: [youtube] Unable to download API page: HTTP Error 400: Bad Request (caused by <HTTPError 400: Bad Request>)
WARNING: [youtube] [jsc] Remote components challenge solver script (deno) and NPM package (deno) were skipped. These may be required to solve JS challenges. You can enable these downloads with  --remote-components ejs:github  (recommended) or  --remote-components ejs:npm , respectively. For more information and alternatives, refer to  https://github.com/yt-dlp/yt-dlp/wiki/EJS
WARNING: [youtube] tSccNXr2DkQ: n challenge solving failed: Some formats may be missing. Ensure you have a supported JavaScript runtime and challenge solver script distribution installed. Review any warnings presented before this message. For more details, refer to  https://github.com/yt-dlp/yt-dlp/wiki/EJS
WARNING: [youtube] YouTube said: ERROR - Precondition check failed.
WARNING: [youtube] HTTP Error 400: Bad Request. Retrying (1/3)...
WARNING: [youtube] YouTube said: ERROR - Precondition check failed.
WARNING: [youtube] HTTP Error 400: Bad Request. Retrying (2/3)...
WARNING: [youtube] YouTube said: ERROR - Precondition check failed.
WARNING: [youtube] HTTP Error 400: Bad Request. Retrying (3/3)...
WARNING: [youtube] YouTube said: ERROR - Precondition check failed.
WARNING: [youtube] Unable to download API page: HTTP Error 400: Bad Request (caused by <HTTPError 400: Bad Request>)
WARNING: [youtube] [jsc] Remote components challenge solver script (deno) and NPM package (deno) were skipped. These may be required to solve JS challenges. You can enable these downloads with  --remote-components ejs:github  (recommended) or  --remote-components ejs:npm , respectively. For more information and alternatives, refer to  https://github.com/yt-dlp/yt-dlp/wiki/EJS
WARNING: [youtube] qVdhaKkI6Zo: n challenge solving failed: Some formats may be missing. Ensure you have a supported JavaScript runtime and challenge solver script distribution installed. Review any warnings presented before this message. For more details, refer to  https://github.com/yt-dlp/yt-dlp/wiki/EJS
WARNING: [youtube] YouTube said: ERROR - Precondition check failed.
WARNING: [youtube] HTTP Error 400: Bad Request. Retrying (1/3)...
WARNING: [youtube] YouTube said: ERROR - Precondition check failed.
WARNING: [youtube] HTTP Error 400: Bad Request. Retrying (2/3)...
WARNING: [youtube] YouTube said: ERROR - Precondition check failed.
WARNING: [youtube] HTTP Error 400: Bad Request. Retrying (3/3)...
WARNING: [youtube] YouTube said: ERROR - Precondition check failed.
WARNING: [youtube] Unable to download API page: HTTP Error 400: Bad Request (caused by <HTTPError 400: Bad Request>)
WARNING: [youtube] [jsc] Remote components challenge solver script (deno) and NPM package (deno) were skipped. These may be required to solve JS challenges. You can enable these downloads with  --remote-components ejs:github  (recommended) or  --remote-components ejs:npm , respectively. For more information and alternatives, refer to  https://github.com/yt-dlp/yt-dlp/wiki/EJS
WARNING: [youtube] o775YXbxq-k: n challenge solving failed: Some formats may be missing. Ensure you have a supported JavaScript runtime and challenge solver script distribution installed. Review any warnings presented before this message. For more details, refer to  https://github.com/yt-dlp/yt-dlp/wiki/EJS
WARNING: [youtube] YouTube said: ERROR - Precondition check failed.
WARNING: [youtube] HTTP Error 400: Bad Request. Retrying (1/3)...
WARNING: [youtube] YouTube said: ERROR - Precondition check failed.
WARNING: [youtube] HTTP Error 400: Bad Request. Retrying (2/3)...
WARNING: [youtube] YouTube said: ERROR - Precondition check failed.
WARNING: [youtube] HTTP Error 400: Bad Request. Retrying (3/3)...
WARNING: [youtube] YouTube said: ERROR - Precondition check failed.
WARNING: [youtube] Unable to download API page: HTTP Error 400: Bad Request (caused by <HTTPError 400: Bad Request>)
WARNING: [youtube] [jsc] Remote components challenge solver script (deno) and NPM package (deno) were skipped. These may be required to solve JS challenges. You can enable these downloads with  --remote-components ejs:github  (recommended) or  --remote-components ejs:npm , respectively. For more information and alternatives, refer to  https://github.com/yt-dlp/yt-dlp/wiki/EJS
WARNING: [youtube] x__seBgp4HE: n challenge solving failed: Some formats may be missing. Ensure you have a supported JavaScript runtime and challenge solver script distribution installed. Review any warnings presented before this message. For more details, refer to  https://github.com/yt-dlp/yt-dlp/wiki/EJS
WARNING: [youtube] YouTube said: ERROR - Precondition check failed.
WARNING: [youtube] HTTP Error 400: Bad Request. Retrying (1/3)...
WARNING: [youtube] YouTube said: ERROR - Precondition check failed.
WARNING: [youtube] HTTP Error 400: Bad Request. Retrying (2/3)...
WARNING: [youtube] YouTube said: ERROR - Precondition check failed.
WARNING: [youtube] HTTP Error 400: Bad Request. Retrying (3/3)...
WARNING: [youtube] YouTube said: ERROR - Precondition check failed.
WARNING: [youtube] Unable to download API page: HTTP Error 400: Bad Request (caused by <HTTPError 400: Bad Request>)
WARNING: [youtube] [jsc] Remote components challenge solver script (deno) and NPM package (deno) were skipped. These may be required to solve JS challenges. You can enable these downloads with  --remote-components ejs:github  (recommended) or  --remote-components ejs:npm , respectively. For more information and alternatives, refer to  https://github.com/yt-dlp/yt-dlp/wiki/EJS
WARNING: [youtube] anmBy2BOAaY: n challenge solving failed: Some formats may be missing. Ensure you have a supported JavaScript runtime and challenge solver script distribution installed. Review any warnings presented before this message. For more details, refer to  https://github.com/yt-dlp/yt-dlp/wiki/EJS
WARNING: [youtube] YouTube said: ERROR - Precondition check failed.
WARNING: [youtube] HTTP Error 400: Bad Request. Retrying (1/3)...
WARNING: [youtube] YouTube said: ERROR - Precondition check failed.
WARNING: [youtube] HTTP Error 400: Bad Request. Retrying (2/3)...
WARNING: [youtube] YouTube said: ERROR - Precondition check failed.
WARNING: [youtube] HTTP Error 400: Bad Request. Retrying (3/3)...
WARNING: [youtube] YouTube said: ERROR - Precondition check failed.
WARNING: [youtube] Unable to download API page: HTTP Error 400: Bad Request (caused by <HTTPError 400: Bad Request>)
WARNING: [youtube] [jsc] Remote components challenge solver script (deno) and NPM package (deno) were skipped. These may be required to solve JS challenges. You can enable these downloads with  --remote-components ejs:github  (recommended) or  --remote-components ejs:npm , respectively. For more information and alternatives, refer to  https://github.com/yt-dlp/yt-dlp/wiki/EJS
WARNING: [youtube] Df2ckTGkKKI: n challenge solving failed: Some formats may be missing. Ensure you have a supported JavaScript runtime and challenge solver script distribution installed. Review any warnings presented before this message. For more details, refer to  https://github.com/yt-dlp/yt-dlp/wiki/EJS
WARNING: [youtube] YouTube said: ERROR - Precondition check failed.
WARNING: [youtube] HTTP Error 400: Bad Request. Retrying (1/3)...
WARNING: [youtube] YouTube said: ERROR - Precondition check failed.
WARNING: [youtube] HTTP Error 400: Bad Request. Retrying (2/3)...
WARNING: [youtube] YouTube said: ERROR - Precondition check failed.
WARNING: [youtube] HTTP Error 400: Bad Request. Retrying (3/3)...
WARNING: [youtube] YouTube said: ERROR - Precondition check failed.
WARNING: [youtube] Unable to download API page: HTTP Error 400: Bad Request (caused by <HTTPError 400: Bad Request>)
WARNING: [youtube] [jsc] Remote components challenge solver script (deno) and NPM package (deno) were skipped. These may be required to solve JS challenges. You can enable these downloads with  --remote-components ejs:github  (recommended) or  --remote-components ejs:npm , respectively. For more information and alternatives, refer to  https://github.com/yt-dlp/yt-dlp/wiki/EJS
WARNING: [youtube] ECn_dlgkR1g: n challenge solving failed: Some formats may be missing. Ensure you have a supported JavaScript runtime and challenge solver script distribution installed. Review any warnings presented before this message. For more details, refer to  https://github.com/yt-dlp/yt-dlp/wiki/EJS
WARNING: [youtube] YouTube said: ERROR - Precondition check failed.
WARNING: [youtube] HTTP Error 400: Bad Request. Retrying (1/3)...
WARNING: [youtube] YouTube said: ERROR - Precondition check failed.
WARNING: [youtube] HTTP Error 400: Bad Request. Retrying (2/3)...
WARNING: [youtube] YouTube said: ERROR - Precondition check failed.
WARNING: [youtube] HTTP Error 400: Bad Request. Retrying (3/3)...
WARNING: [youtube] YouTube said: ERROR - Precondition check failed.
WARNING: [youtube] Unable to download API page: HTTP Error 400: Bad Request (caused by <HTTPError 400: Bad Request>)
WARNING: [youtube] [jsc] Remote components challenge solver script (deno) and NPM package (deno) were skipped. These may be required to solve JS challenges. You can enable these downloads with  --remote-components ejs:github  (recommended) or  --remote-components ejs:npm , respectively. For more information and alternatives, refer to  https://github.com/yt-dlp/yt-dlp/wiki/EJS
WARNING: [youtube] FylyA1Bqmo4: n challenge solving failed: Some formats may be missing. Ensure you have a supported JavaScript runtime and challenge solver script distribution installed. Review any warnings presented before this message. For more details, refer to  https://github.com/yt-dlp/yt-dlp/wiki/EJS
WARNING: [youtube] YouTube said: ERROR - Precondition check failed.
WARNING: [youtube] HTTP Error 400: Bad Request. Retrying (1/3)...
WARNING: [youtube] YouTube said: ERROR - Precondition check failed.
WARNING: [youtube] HTTP Error 400: Bad Request. Retrying (2/3)...
WARNING: [youtube] YouTube said: ERROR - Precondition check failed.
WARNING: [youtube] HTTP Error 400: Bad Request. Retrying (3/3)...
WARNING: [youtube] YouTube said: ERROR - Precondition check failed.
WARNING: [youtube] Unable to download API page: HTTP Error 400: Bad Request (caused by <HTTPError 400: Bad Request>)
WARNING: [youtube] 3nYpuDaDsho: Some android_vr client https formats have been skipped as they are missing a URL. YouTube may have enabled the SABR-only streaming experiment for the current session. See  https://github.com/yt-dlp/yt-dlp/issues/12482  for more details
WARNING: [youtube] [jsc] Remote components challenge solver script (deno) and NPM package (deno) were skipped. These may be required to solve JS challenges. You can enable these downloads with  --remote-components ejs:github  (recommended) or  --remote-components ejs:npm , respectively. For more information and alternatives, refer to  https://github.com/yt-dlp/yt-dlp/wiki/EJS
WARNING: [youtube] 3nYpuDaDsho: n challenge solving failed: Some formats may be missing. Ensure you have a supported JavaScript runtime and challenge solver script distribution installed. Review any warnings presented before this message. For more details, refer to  https://github.com/yt-dlp/yt-dlp/wiki/EJS
WARNING: [youtube] YouTube said: ERROR - Precondition check failed.
WARNING: [youtube] HTTP Error 400: Bad Request. Retrying (1/3)...
WARNING: [youtube] YouTube said: ERROR - Precondition check failed.
WARNING: [youtube] HTTP Error 400: Bad Request. Retrying (2/3)...
WARNING: [youtube] YouTube said: ERROR - Precondition check failed.
WARNING: [youtube] HTTP Error 400: Bad Request. Retrying (3/3)...
WARNING: [youtube] YouTube said: ERROR - Precondition check failed.
WARNING: [youtube] Unable to download API page: HTTP Error 400: Bad Request (caused by <HTTPError 400: Bad Request>)
WARNING: [youtube] [jsc] Remote components challenge solver script (deno) and NPM package (deno) were skipped. These may be required to solve JS challenges. You can enable these downloads with  --remote-components ejs:github  (recommended) or  --remote-components ejs:npm , respectively. For more information and alternatives, refer to  https://github.com/yt-dlp/yt-dlp/wiki/EJS
WARNING: [youtube] Mx-tqr42e2Q: n challenge solving failed: Some formats may be missing. Ensure you have a supported JavaScript runtime and challenge solver script distribution installed. Review any warnings presented before this message. For more details, refer to  https://github.com/yt-dlp/yt-dlp/wiki/EJS
WARNING: [youtube] YouTube said: ERROR - Precondition check failed.
WARNING: [youtube] HTTP Error 400: Bad Request. Retrying (1/3)...
WARNING: [youtube] YouTube said: ERROR - Precondition check failed.
WARNING: [youtube] HTTP Error 400: Bad Request. Retrying (2/3)...
WARNING: [youtube] YouTube said: ERROR - Precondition check failed.
WARNING: [youtube] HTTP Error 400: Bad Request. Retrying (3/3)...
WARNING: [youtube] YouTube said: ERROR - Precondition check failed.
WARNING: [youtube] Unable to download API page: HTTP Error 400: Bad Request (caused by <HTTPError 400: Bad Request>)
WARNING: [youtube] [jsc] Remote components challenge solver script (deno) and NPM package (deno) were skipped. These may be required to solve JS challenges. You can enable these downloads with  --remote-components ejs:github  (recommended) or  --remote-components ejs:npm , respectively. For more information and alternatives, refer to  https://github.com/yt-dlp/yt-dlp/wiki/EJS
WARNING: [youtube] B63SrPWDgf8: n challenge solving failed: Some formats may be missing. Ensure you have a supported JavaScript runtime and challenge solver script distribution installed. Review any warnings presented before this message. For more details, refer to  https://github.com/yt-dlp/yt-dlp/wiki/EJS
WARNING: [youtube] YouTube said: ERROR - Precondition check failed.
WARNING: [youtube] HTTP Error 400: Bad Request. Retrying (1/3)...
WARNING: [youtube] YouTube said: ERROR - Precondition check failed.
WARNING: [youtube] HTTP Error 400: Bad Request. Retrying (2/3)...
WARNING: [youtube] YouTube said: ERROR - Precondition check failed.
WARNING: [youtube] HTTP Error 400: Bad Request. Retrying (3/3)...
WARNING: [youtube] YouTube said: ERROR - Precondition check failed.
WARNING: [youtube] Unable to download API page: HTTP Error 400: Bad Request (caused by <HTTPError 400: Bad Request>)
WARNING: [youtube] [jsc] Remote components challenge solver script (deno) and NPM package (deno) were skipped. These may be required to solve JS challenges. You can enable these downloads with  --remote-components ejs:github  (recommended) or  --remote-components ejs:npm , respectively. For more information and alternatives, refer to  https://github.com/yt-dlp/yt-dlp/wiki/EJS
WARNING: [youtube] iphfKLMfaKE: n challenge solving failed: Some formats may be missing. Ensure you have a supported JavaScript runtime and challenge solver script distribution installed. Review any warnings presented before this message. For more details, refer to  https://github.com/yt-dlp/yt-dlp/wiki/EJS
WARNING: [youtube] YouTube said: ERROR - Precondition check failed.
WARNING: [youtube] HTTP Error 400: Bad Request. Retrying (1/3)...
WARNING: [youtube] YouTube said: ERROR - Precondition check failed.
WARNING: [youtube] HTTP Error 400: Bad Request. Retrying (2/3)...
WARNING: [youtube] YouTube said: ERROR - Precondition check failed.
WARNING: [youtube] HTTP Error 400: Bad Request. Retrying (3/3)...
WARNING: [youtube] YouTube said: ERROR - Precondition check failed.
WARNING: [youtube] Unable to download API page: HTTP Error 400: Bad Request (caused by <HTTPError 400: Bad Request>)
WARNING: [youtube] [jsc] Remote components challenge solver script (deno) and NPM package (deno) were skipped. These may be required to solve JS challenges. You can enable these downloads with  --remote-components ejs:github  (recommended) or  --remote-components ejs:npm , respectively. For more information and alternatives, refer to  https://github.com/yt-dlp/yt-dlp/wiki/EJS
WARNING: [youtube] llXSPvuH2FM: n challenge solving failed: Some formats may be missing. Ensure you have a supported JavaScript runtime and challenge solver script distribution installed. Review any warnings presented before this message. For more details, refer to  https://github.com/yt-dlp/yt-dlp/wiki/EJS
[泛科學] 完成 (共 0 個字幕)

[泛科學院] 抓取中...
WARNING: [youtube] YouTube said: ERROR - Precondition check failed.
WARNING: [youtube] HTTP Error 400: Bad Request. Retrying (1/3)...
WARNING: [youtube] YouTube said: ERROR - Precondition check failed.
WARNING: [youtube] HTTP Error 400: Bad Request. Retrying (2/3)...
WARNING: [youtube] YouTube said: ERROR - Precondition check failed.
WARNING: [youtube] HTTP Error 400: Bad Request. Retrying (3/3)...
WARNING: [youtube] YouTube said: ERROR - Precondition check failed.
WARNING: [youtube] Unable to download API page: HTTP Error 400: Bad Request (caused by <HTTPError 400: Bad Request>)
WARNING: [youtube] [jsc] Remote components challenge solver script (deno) and NPM package (deno) were skipped. These may be required to solve JS challenges. You can enable these downloads with  --remote-components ejs:github  (recommended) or  --remote-components ejs:npm , respectively. For more information and alternatives, refer to  https://github.com/yt-dlp/yt-dlp/wiki/EJS
WARNING: [youtube] Q0Z-qLZK89w: n challenge solving failed: Some formats may be missing. Ensure you have a supported JavaScript runtime and challenge solver script distribution installed. Review any warnings presented before this message. For more details, refer to  https://github.com/yt-dlp/yt-dlp/wiki/EJS
WARNING: [youtube] YouTube said: ERROR - Precondition check failed.
WARNING: [youtube] HTTP Error 400: Bad Request. Retrying (1/3)...
WARNING: [youtube] YouTube said: ERROR - Precondition check failed.
WARNING: [youtube] HTTP Error 400: Bad Request. Retrying (2/3)...
WARNING: [youtube] YouTube said: ERROR - Precondition check failed.
WARNING: [youtube] HTTP Error 400: Bad Request. Retrying (3/3)...
WARNING: [youtube] YouTube said: ERROR - Precondition check failed.
WARNING: [youtube] Unable to download API page: HTTP Error 400: Bad Request (caused by <HTTPError 400: Bad Request>)
WARNING: [youtube] [jsc] Remote components challenge solver script (deno) and NPM package (deno) were skipped. These may be required to solve JS challenges. You can enable these downloads with  --remote-components ejs:github  (recommended) or  --remote-components ejs:npm , respectively. For more information and alternatives, refer to  https://github.com/yt-dlp/yt-dlp/wiki/EJS
WARNING: [youtube] JEr0Q12rRTw: n challenge solving failed: Some formats may be missing. Ensure you have a supported JavaScript runtime and challenge solver script distribution installed. Review any warnings presented before this message. For more details, refer to  https://github.com/yt-dlp/yt-dlp/wiki/EJS
WARNING: The extractor specified to use impersonation for this download, but no impersonate target is available. If you encounter errors, then see  https://github.com/yt-dlp/yt-dlp#impersonation  for information on installing the required dependencies
WARNING: [youtube] YouTube said: ERROR - Precondition check failed.
WARNING: [youtube] HTTP Error 400: Bad Request. Retrying (1/3)...
WARNING: [youtube] YouTube said: ERROR - Precondition check failed.
WARNING: [youtube] HTTP Error 400: Bad Request. Retrying (2/3)...
WARNING: [youtube] YouTube said: ERROR - Precondition check failed.
WARNING: [youtube] HTTP Error 400: Bad Request. Retrying (3/3)...
WARNING: [youtube] YouTube said: ERROR - Precondition check failed.
WARNING: [youtube] Unable to download API page: HTTP Error 400: Bad Request (caused by <HTTPError 400: Bad Request>)
WARNING: [youtube] [jsc] Remote components challenge solver script (deno) and NPM package (deno) were skipped. These may be required to solve JS challenges. You can enable these downloads with  --remote-components ejs:github  (recommended) or  --remote-components ejs:npm , respectively. For more information and alternatives, refer to  https://github.com/yt-dlp/yt-dlp/wiki/EJS
WARNING: [youtube] svDbThRvByk: n challenge solving failed: Some formats may be missing. Ensure you have a supported JavaScript runtime and challenge solver script distribution installed. Review any warnings presented before this message. For more details, refer to  https://github.com/yt-dlp/yt-dlp/wiki/EJS
WARNING: [youtube] YouTube said: ERROR - Precondition check failed.
WARNING: [youtube] HTTP Error 400: Bad Request. Retrying (1/3)...
WARNING: [youtube] YouTube said: ERROR - Precondition check failed.
WARNING: [youtube] HTTP Error 400: Bad Request. Retrying (2/3)...
WARNING: [youtube] YouTube said: ERROR - Precondition check failed.
WARNING: [youtube] HTTP Error 400: Bad Request. Retrying (3/3)...
WARNING: [youtube] YouTube said: ERROR - Precondition check failed.
WARNING: [youtube] Unable to download API page: HTTP Error 400: Bad Request (caused by <HTTPError 400: Bad Request>)
WARNING: [youtube] [jsc] Remote components challenge solver script (deno) and NPM package (deno) were skipped. These may be required to solve JS challenges. You can enable these downloads with  --remote-components ejs:github  (recommended) or  --remote-components ejs:npm , respectively. For more information and alternatives, refer to  https://github.com/yt-dlp/yt-dlp/wiki/EJS
WARNING: [youtube] UQe-0OzbKLk: n challenge solving failed: Some formats may be missing. Ensure you have a supported JavaScript runtime and challenge solver script distribution installed. Review any warnings presented before this message. For more details, refer to  https://github.com/yt-dlp/yt-dlp/wiki/EJS
WARNING: The extractor specified to use impersonation for this download, but no impersonate target is available. If you encounter errors, then see  https://github.com/yt-dlp/yt-dlp#impersonation  for information on installing the required dependencies
WARNING: [youtube] YouTube said: ERROR - Precondition check failed.
WARNING: [youtube] HTTP Error 400: Bad Request. Retrying (1/3)...
WARNING: [youtube] YouTube said: ERROR - Precondition check failed.
WARNING: [youtube] HTTP Error 400: Bad Request. Retrying (2/3)...
WARNING: [youtube] YouTube said: ERROR - Precondition check failed.
WARNING: [youtube] HTTP Error 400: Bad Request. Retrying (3/3)...
WARNING: [youtube] YouTube said: ERROR - Precondition check failed.
WARNING: [youtube] Unable to download API page: HTTP Error 400: Bad Request (caused by <HTTPError 400: Bad Request>)
WARNING: [youtube] [jsc] Remote components challenge solver script (deno) and NPM package (deno) were skipped. These may be required to solve JS challenges. You can enable these downloads with  --remote-components ejs:github  (recommended) or  --remote-components ejs:npm , respectively. For more information and alternatives, refer to  https://github.com/yt-dlp/yt-dlp/wiki/EJS
WARNING: [youtube] B5iLw7agyXU: n challenge solving failed: Some formats may be missing. Ensure you have a supported JavaScript runtime and challenge solver script distribution installed. Review any warnings presented before this message. For more details, refer to  https://github.com/yt-dlp/yt-dlp/wiki/EJS
WARNING: The extractor specified to use impersonation for this download, but no impersonate target is available. If you encounter errors, then see  https://github.com/yt-dlp/yt-dlp#impersonation  for information on installing the required dependencies
WARNING: [youtube] YouTube said: ERROR - Precondition check failed.
WARNING: [youtube] HTTP Error 400: Bad Request. Retrying (1/3)...
WARNING: [youtube] YouTube said: ERROR - Precondition check failed.
WARNING: [youtube] HTTP Error 400: Bad Request. Retrying (2/3)...
WARNING: [youtube] YouTube said: ERROR - Precondition check failed.
WARNING: [youtube] HTTP Error 400: Bad Request. Retrying (3/3)...
WARNING: [youtube] YouTube said: ERROR - Precondition check failed.
WARNING: [youtube] Unable to download API page: HTTP Error 400: Bad Request (caused by <HTTPError 400: Bad Request>)
WARNING: [youtube] [jsc] Remote components challenge solver script (deno) and NPM package (deno) were skipped. These may be required to solve JS challenges. You can enable these downloads with  --remote-components ejs:github  (recommended) or  --remote-components ejs:npm , respectively. For more information and alternatives, refer to  https://github.com/yt-dlp/yt-dlp/wiki/EJS
WARNING: [youtube] caMnKw_XyPk: n challenge solving failed: Some formats may be missing. Ensure you have a supported JavaScript runtime and challenge solver script distribution installed. Review any warnings presented before this message. For more details, refer to  https://github.com/yt-dlp/yt-dlp/wiki/EJS
WARNING: The extractor specified to use impersonation for this download, but no impersonate target is available. If you encounter errors, then see  https://github.com/yt-dlp/yt-dlp#impersonation  for information on installing the required dependencies
WARNING: [youtube] YouTube said: ERROR - Precondition check failed.
WARNING: [youtube] HTTP Error 400: Bad Request. Retrying (1/3)...
WARNING: [youtube] YouTube said: ERROR - Precondition check failed.
WARNING: [youtube] HTTP Error 400: Bad Request. Retrying (2/3)...
WARNING: [youtube] YouTube said: ERROR - Precondition check failed.
WARNING: [youtube] HTTP Error 400: Bad Request. Retrying (3/3)...
WARNING: [youtube] YouTube said: ERROR - Precondition check failed.
WARNING: [youtube] Unable to download API page: HTTP Error 400: Bad Request (caused by <HTTPError 400: Bad Request>)
WARNING: [youtube] [jsc] Remote components challenge solver script (deno) and NPM package (deno) were skipped. These may be required to solve JS challenges. You can enable these downloads with  --remote-components ejs:github  (recommended) or  --remote-components ejs:npm , respectively. For more information and alternatives, refer to  https://github.com/yt-dlp/yt-dlp/wiki/EJS
WARNING: [youtube] eE92oNpxWaQ: n challenge solving failed: Some formats may be missing. Ensure you have a supported JavaScript runtime and challenge solver script distribution installed. Review any warnings presented before this message. For more details, refer to  https://github.com/yt-dlp/yt-dlp/wiki/EJS
WARNING: The extractor specified to use impersonation for this download, but no impersonate target is available. If you encounter errors, then see  https://github.com/yt-dlp/yt-dlp#impersonation  for information on installing the required dependencies
WARNING: [youtube] YouTube said: ERROR - Precondition check failed.
WARNING: [youtube] HTTP Error 400: Bad Request. Retrying (1/3)...
WARNING: [youtube] YouTube said: ERROR - Precondition check failed.
WARNING: [youtube] HTTP Error 400: Bad Request. Retrying (2/3)...
WARNING: [youtube] YouTube said: ERROR - Precondition check failed.
WARNING: [youtube] HTTP Error 400: Bad Request. Retrying (3/3)...
WARNING: [youtube] YouTube said: ERROR - Precondition check failed.
WARNING: [youtube] Unable to download API page: HTTP Error 400: Bad Request (caused by <HTTPError 400: Bad Request>)
WARNING: [youtube] [jsc] Remote components challenge solver script (deno) and NPM package (deno) were skipped. These may be required to solve JS challenges. You can enable these downloads with  --remote-components ejs:github  (recommended) or  --remote-components ejs:npm , respectively. For more information and alternatives, refer to  https://github.com/yt-dlp/yt-dlp/wiki/EJS
WARNING: [youtube] VPn9ObPvNts: n challenge solving failed: Some formats may be missing. Ensure you have a supported JavaScript runtime and challenge solver script distribution installed. Review any warnings presented before this message. For more details, refer to  https://github.com/yt-dlp/yt-dlp/wiki/EJS
WARNING: The extractor specified to use impersonation for this download, but no impersonate target is available. If you encounter errors, then see  https://github.com/yt-dlp/yt-dlp#impersonation  for information on installing the required dependencies
WARNING: [youtube] YouTube said: ERROR - Precondition check failed.
WARNING: [youtube] HTTP Error 400: Bad Request. Retrying (1/3)...
WARNING: [youtube] YouTube said: ERROR - Precondition check failed.
WARNING: [youtube] HTTP Error 400: Bad Request. Retrying (2/3)...
WARNING: [youtube] YouTube said: ERROR - Precondition check failed.
WARNING: [youtube] HTTP Error 400: Bad Request. Retrying (3/3)...
WARNING: [youtube] YouTube said: ERROR - Precondition check failed.
WARNING: [youtube] Unable to download API page: HTTP Error 400: Bad Request (caused by <HTTPError 400: Bad Request>)
WARNING: [youtube] [jsc] Remote components challenge solver script (deno) and NPM package (deno) were skipped. These may be required to solve JS challenges. You can enable these downloads with  --remote-components ejs:github  (recommended) or  --remote-components ejs:npm , respectively. For more information and alternatives, refer to  https://github.com/yt-dlp/yt-dlp/wiki/EJS
WARNING: [youtube] -4maiA3KYfo: n challenge solving failed: Some formats may be missing. Ensure you have a supported JavaScript runtime and challenge solver script distribution installed. Review any warnings presented before this message. For more details, refer to  https://github.com/yt-dlp/yt-dlp/wiki/EJS
WARNING: The extractor specified to use impersonation for this download, but no impersonate target is available. If you encounter errors, then see  https://github.com/yt-dlp/yt-dlp#impersonation  for information on installing the required dependencies
WARNING: [youtube] YouTube said: ERROR - Precondition check failed.
WARNING: [youtube] HTTP Error 400: Bad Request. Retrying (1/3)...
WARNING: [youtube] YouTube said: ERROR - Precondition check failed.
WARNING: [youtube] HTTP Error 400: Bad Request. Retrying (2/3)...
WARNING: [youtube] YouTube said: ERROR - Precondition check failed.
WARNING: [youtube] HTTP Error 400: Bad Request. Retrying (3/3)...
WARNING: [youtube] YouTube said: ERROR - Precondition check failed.
WARNING: [youtube] Unable to download API page: HTTP Error 400: Bad Request (caused by <HTTPError 400: Bad Request>)
ERROR: [youtube] 9hHGIbdTgrQ: Join this channel to get access to members-only content like this video, and other exclusive perks.
WARNING: [youtube] YouTube said: ERROR - Precondition check failed.
WARNING: [youtube] HTTP Error 400: Bad Request. Retrying (1/3)...
WARNING: [youtube] YouTube said: ERROR - Precondition check failed.
WARNING: [youtube] HTTP Error 400: Bad Request. Retrying (2/3)...
WARNING: [youtube] YouTube said: ERROR - Precondition check failed.
WARNING: [youtube] HTTP Error 400: Bad Request. Retrying (3/3)...
WARNING: [youtube] YouTube said: ERROR - Precondition check failed.
WARNING: [youtube] Unable to download API page: HTTP Error 400: Bad Request (caused by <HTTPError 400: Bad Request>)
WARNING: [youtube] [jsc] Remote components challenge solver script (deno) and NPM package (deno) were skipped. These may be required to solve JS challenges. You can enable these downloads with  --remote-components ejs:github  (recommended) or  --remote-components ejs:npm , respectively. For more information and alternatives, refer to  https://github.com/yt-dlp/yt-dlp/wiki/EJS
WARNING: [youtube] GxjtPUXiq4g: n challenge solving failed: Some formats may be missing. Ensure you have a supported JavaScript runtime and challenge solver script distribution installed. Review any warnings presented before this message. For more details, refer to  https://github.com/yt-dlp/yt-dlp/wiki/EJS
WARNING: The extractor specified to use impersonation for this download, but no impersonate target is available. If you encounter errors, then see  https://github.com/yt-dlp/yt-dlp#impersonation  for information on installing the required dependencies
WARNING: [youtube] YouTube said: ERROR - Precondition check failed.
WARNING: [youtube] HTTP Error 400: Bad Request. Retrying (1/3)...
WARNING: [youtube] YouTube said: ERROR - Precondition check failed.
WARNING: [youtube] HTTP Error 400: Bad Request. Retrying (2/3)...
WARNING: [youtube] YouTube said: ERROR - Precondition check failed.
WARNING: [youtube] HTTP Error 400: Bad Request. Retrying (3/3)...
WARNING: [youtube] YouTube said: ERROR - Precondition check failed.
WARNING: [youtube] Unable to download API page: HTTP Error 400: Bad Request (caused by <HTTPError 400: Bad Request>)
WARNING: [youtube] [jsc] Remote components challenge solver script (deno) and NPM package (deno) were skipped. These may be required to solve JS challenges. You can enable these downloads with  --remote-components ejs:github  (recommended) or  --remote-components ejs:npm , respectively. For more information and alternatives, refer to  https://github.com/yt-dlp/yt-dlp/wiki/EJS
WARNING: [youtube] 9YX91Vgqz6U: n challenge solving failed: Some formats may be missing. Ensure you have a supported JavaScript runtime and challenge solver script distribution installed. Review any warnings presented before this message. For more details, refer to  https://github.com/yt-dlp/yt-dlp/wiki/EJS
WARNING: The extractor specified to use impersonation for this download, but no impersonate target is available. If you encounter errors, then see  https://github.com/yt-dlp/yt-dlp#impersonation  for information on installing the required dependencies
WARNING: [youtube] YouTube said: ERROR - Precondition check failed.
WARNING: [youtube] HTTP Error 400: Bad Request. Retrying (1/3)...
WARNING: [youtube] YouTube said: ERROR - Precondition check failed.
WARNING: [youtube] HTTP Error 400: Bad Request. Retrying (2/3)...
WARNING: [youtube] YouTube said: ERROR - Precondition check failed.
WARNING: [youtube] HTTP Error 400: Bad Request. Retrying (3/3)...
WARNING: [youtube] YouTube said: ERROR - Precondition check failed.
WARNING: [youtube] Unable to download API page: HTTP Error 400: Bad Request (caused by <HTTPError 400: Bad Request>)
WARNING: [youtube] [jsc] Remote components challenge solver script (deno) and NPM package (deno) were skipped. These may be required to solve JS challenges. You can enable these downloads with  --remote-components ejs:github  (recommended) or  --remote-components ejs:npm , respectively. For more information and alternatives, refer to  https://github.com/yt-dlp/yt-dlp/wiki/EJS
WARNING: [youtube] ik0Us3vBD_E: n challenge solving failed: Some formats may be missing. Ensure you have a supported JavaScript runtime and challenge solver script distribution installed. Review any warnings presented before this message. For more details, refer to  https://github.com/yt-dlp/yt-dlp/wiki/EJS
WARNING: The extractor specified to use impersonation for this download, but no impersonate target is available. If you encounter errors, then see  https://github.com/yt-dlp/yt-dlp#impersonation  for information on installing the required dependencies
WARNING: [youtube] YouTube said: ERROR - Precondition check failed.
WARNING: [youtube] HTTP Error 400: Bad Request. Retrying (1/3)...
WARNING: [youtube] YouTube said: ERROR - Precondition check failed.
WARNING: [youtube] HTTP Error 400: Bad Request. Retrying (2/3)...
WARNING: [youtube] YouTube said: ERROR - Precondition check failed.
WARNING: [youtube] HTTP Error 400: Bad Request. Retrying (3/3)...
WARNING: [youtube] YouTube said: ERROR - Precondition check failed.
WARNING: [youtube] Unable to download API page: HTTP Error 400: Bad Request (caused by <HTTPError 400: Bad Request>)
WARNING: [youtube] [jsc] Remote components challenge solver script (deno) and NPM package (deno) were skipped. These may be required to solve JS challenges. You can enable these downloads with  --remote-components ejs:github  (recommended) or  --remote-components ejs:npm , respectively. For more information and alternatives, refer to  https://github.com/yt-dlp/yt-dlp/wiki/EJS
WARNING: [youtube] SqwThP-XH3U: n challenge solving failed: Some formats may be missing. Ensure you have a supported JavaScript runtime and challenge solver script distribution installed. Review any warnings presented before this message. For more details, refer to  https://github.com/yt-dlp/yt-dlp/wiki/EJS
WARNING: The extractor specified to use impersonation for this download, but no impersonate target is available. If you encounter errors, then see  https://github.com/yt-dlp/yt-dlp#impersonation  for information on installing the required dependencies
WARNING: [youtube] YouTube said: ERROR - Precondition check failed.
WARNING: [youtube] HTTP Error 400: Bad Request. Retrying (1/3)...
WARNING: [youtube] YouTube said: ERROR - Precondition check failed.
WARNING: [youtube] HTTP Error 400: Bad Request. Retrying (2/3)...
WARNING: [youtube] YouTube said: ERROR - Precondition check failed.
WARNING: [youtube] HTTP Error 400: Bad Request. Retrying (3/3)...
WARNING: [youtube] YouTube said: ERROR - Precondition check failed.
WARNING: [youtube] Unable to download API page: HTTP Error 400: Bad Request (caused by <HTTPError 400: Bad Request>)
WARNING: [youtube] [jsc] Remote components challenge solver script (deno) and NPM package (deno) were skipped. These may be required to solve JS challenges. You can enable these downloads with  --remote-components ejs:github  (recommended) or  --remote-components ejs:npm , respectively. For more information and alternatives, refer to  https://github.com/yt-dlp/yt-dlp/wiki/EJS
WARNING: [youtube] W23qyBnymLE: n challenge solving failed: Some formats may be missing. Ensure you have a supported JavaScript runtime and challenge solver script distribution installed. Review any warnings presented before this message. For more details, refer to  https://github.com/yt-dlp/yt-dlp/wiki/EJS
WARNING: [youtube] YouTube said: ERROR - Precondition check failed.
WARNING: [youtube] HTTP Error 400: Bad Request. Retrying (1/3)...
WARNING: [youtube] YouTube said: ERROR - Precondition check failed.
WARNING: [youtube] HTTP Error 400: Bad Request. Retrying (2/3)...
WARNING: [youtube] YouTube said: ERROR - Precondition check failed.
WARNING: [youtube] HTTP Error 400: Bad Request. Retrying (3/3)...
WARNING: [youtube] YouTube said: ERROR - Precondition check failed.
WARNING: [youtube] Unable to download API page: HTTP Error 400: Bad Request (caused by <HTTPError 400: Bad Request>)
WARNING: [youtube] [jsc] Remote components challenge solver script (deno) and NPM package (deno) were skipped. These may be required to solve JS challenges. You can enable these downloads with  --remote-components ejs:github  (recommended) or  --remote-components ejs:npm , respectively. For more information and alternatives, refer to  https://github.com/yt-dlp/yt-dlp/wiki/EJS
WARNING: [youtube] YhDUJj362eE: n challenge solving failed: Some formats may be missing. Ensure you have a supported JavaScript runtime and challenge solver script distribution installed. Review any warnings presented before this message. For more details, refer to  https://github.com/yt-dlp/yt-dlp/wiki/EJS
WARNING: The extractor specified to use impersonation for this download, but no impersonate target is available. If you encounter errors, then see  https://github.com/yt-dlp/yt-dlp#impersonation  for information on installing the required dependencies
[泛科學院] 完成 (共 0 個字幕)

============================================================
爬蟲完成 2026-03-11 13:29:02
============================================================
============================================================
YouTube 專家知識庫爬蟲 (多量版) 2026-03-11 14:16:35
每頻道抓取: 50 部
============================================================

[阿銘師x針還傳] 抓取中...
WARNING: [youtube] YouTube said: ERROR - Precondition check failed.
WARNING: [youtube] HTTP Error 400: Bad Request. Retrying (1/3)...
WARNING: [youtube] YouTube said: ERROR - Precondition check failed.
WARNING: [youtube] HTTP Error 400: Bad Request. Retrying (2/3)...
WARNING: [youtube] YouTube said: ERROR - Precondition check failed.
WARNING: [youtube] HTTP Error 400: Bad Request. Retrying (3/3)...
WARNING: [youtube] YouTube said: ERROR - Precondition check failed.
WARNING: [youtube] Unable to download API page: HTTP Error 400: Bad Request (caused by <HTTPError 400: Bad Request>)
WARNING: [youtube] [jsc] Remote components challenge solver script (deno) and NPM package (deno) were skipped. These may be required to solve JS challenges. You can enable these downloads with  --remote-components ejs:github  (recommended) or  --remote-components ejs:npm , respectively. For more information and alternatives, refer to  https://github.com/yt-dlp/yt-dlp/wiki/EJS
WARNING: [youtube] I5bwVUmF974: n challenge solving failed: Some formats may be missing. Ensure you have a supported JavaScript runtime and challenge solver script distribution installed. Review any warnings presented before this message. For more details, refer to  https://github.com/yt-dlp/yt-dlp/wiki/EJS
WARNING: [youtube] YouTube said: ERROR - Precondition check failed.
WARNING: [youtube] HTTP Error 400: Bad Request. Retrying (1/3)...
WARNING: [youtube] YouTube said: ERROR - Precondition check failed.
WARNING: [youtube] HTTP Error 400: Bad Request. Retrying (2/3)...
WARNING: [youtube] YouTube said: ERROR - Precondition check failed.
WARNING: [youtube] HTTP Error 400: Bad Request. Retrying (3/3)...
WARNING: [youtube] YouTube said: ERROR - Precondition check failed.
WARNING: [youtube] Unable to download API page: HTTP Error 400: Bad Request (caused by <HTTPError 400: Bad Request>)
WARNING: [youtube] [jsc] Remote components challenge solver script (deno) and NPM package (deno) were skipped. These may be required to solve JS challenges. You can enable these downloads with  --remote-components ejs:github  (recommended) or  --remote-components ejs:npm , respectively. For more information and alternatives, refer to  https://github.com/yt-dlp/yt-dlp/wiki/EJS
WARNING: [youtube] FqXdZpn2fbM: n challenge solving failed: Some formats may be missing. Ensure you have a supported JavaScript runtime and challenge solver script distribution installed. Review any warnings presented before this message. For more details, refer to  https://github.com/yt-dlp/yt-dlp/wiki/EJS
WARNING: [youtube] YouTube said: ERROR - Precondition check failed.
WARNING: [youtube] HTTP Error 400: Bad Request. Retrying (1/3)...
WARNING: [youtube] YouTube said: ERROR - Precondition check failed.
WARNING: [youtube] HTTP Error 400: Bad Request. Retrying (2/3)...
WARNING: [youtube] YouTube said: ERROR - Precondition check failed.
WARNING: [youtube] HTTP Error 400: Bad Request. Retrying (3/3)...
WARNING: [youtube] YouTube said: ERROR - Precondition check failed.
WARNING: [youtube] Unable to download API page: HTTP Error 400: Bad Request (caused by <HTTPError 400: Bad Request>)
WARNING: [youtube] [jsc] Remote components challenge solver script (deno) and NPM package (deno) were skipped. These may be required to solve JS challenges. You can enable these downloads with  --remote-components ejs:github  (recommended) or  --remote-components ejs:npm , respectively. For more information and alternatives, refer to  https://github.com/yt-dlp/yt-dlp/wiki/EJS
WARNING: [youtube] EsG7n04uNaw: n challenge solving failed: Some formats may be missing. Ensure you have a supported JavaScript runtime and challenge solver script distribution installed. Review any warnings presented before this message. For more details, refer to  https://github.com/yt-dlp/yt-dlp/wiki/EJS
WARNING: [youtube] YouTube said: ERROR - Precondition check failed.
WARNING: [youtube] HTTP Error 400: Bad Request. Retrying (1/3)...
WARNING: [youtube] YouTube said: ERROR - Precondition check failed.
WARNING: [youtube] HTTP Error 400: Bad Request. Retrying (2/3)...
WARNING: [youtube] YouTube said: ERROR - Precondition check failed.
WARNING: [youtube] HTTP Error 400: Bad Request. Retrying (3/3)...
WARNING: [youtube] YouTube said: ERROR - Precondition check failed.
WARNING: [youtube] Unable to download API page: HTTP Error 400: Bad Request (caused by <HTTPError 400: Bad Request>)
WARNING: [youtube] [jsc] Remote components challenge solver script (deno) and NPM package (deno) were skipped. These may be required to solve JS challenges. You can enable these downloads with  --remote-components ejs:github  (recommended) or  --remote-components ejs:npm , respectively. For more information and alternatives, refer to  https://github.com/yt-dlp/yt-dlp/wiki/EJS
WARNING: [youtube] V3B2UOcmaFc: n challenge solving failed: Some formats may be missing. Ensure you have a supported JavaScript runtime and challenge solver script distribution installed. Review any warnings presented before this message. For more details, refer to  https://github.com/yt-dlp/yt-dlp/wiki/EJS
WARNING: [youtube] YouTube said: ERROR - Precondition check failed.
WARNING: [youtube] HTTP Error 400: Bad Request. Retrying (1/3)...
WARNING: [youtube] YouTube said: ERROR - Precondition check failed.
WARNING: [youtube] HTTP Error 400: Bad Request. Retrying (2/3)...
WARNING: [youtube] YouTube said: ERROR - Precondition check failed.
WARNING: [youtube] HTTP Error 400: Bad Request. Retrying (3/3)...
WARNING: [youtube] YouTube said: ERROR - Precondition check failed.
WARNING: [youtube] Unable to download API page: HTTP Error 400: Bad Request (caused by <HTTPError 400: Bad Request>)
WARNING: [youtube] [jsc] Remote components challenge solver script (deno) and NPM package (deno) were skipped. These may be required to solve JS challenges. You can enable these downloads with  --remote-components ejs:github  (recommended) or  --remote-components ejs:npm , respectively. For more information and alternatives, refer to  https://github.com/yt-dlp/yt-dlp/wiki/EJS
WARNING: [youtube] rFwmOcWHQUc: n challenge solving failed: Some formats may be missing. Ensure you have a supported JavaScript runtime and challenge solver script distribution installed. Review any warnings presented before this message. For more details, refer to  https://github.com/yt-dlp/yt-dlp/wiki/EJS
WARNING: [youtube] YouTube said: ERROR - Precondition check failed.
WARNING: [youtube] HTTP Error 400: Bad Request. Retrying (1/3)...
WARNING: [youtube] YouTube said: ERROR - Precondition check failed.
WARNING: [youtube] HTTP Error 400: Bad Request. Retrying (2/3)...
WARNING: [youtube] YouTube said: ERROR - Precondition check failed.
WARNING: [youtube] HTTP Error 400: Bad Request. Retrying (3/3)...
WARNING: [youtube] YouTube said: ERROR - Precondition check failed.
WARNING: [youtube] Unable to download API page: HTTP Error 400: Bad Request (caused by <HTTPError 400: Bad Request>)
WARNING: [youtube] tAVIf0bPUVM: Some android_vr client https formats have been skipped as they are missing a URL. YouTube may have enabled the SABR-only streaming experiment for the current session. See  https://github.com/yt-dlp/yt-dlp/issues/12482  for more details
WARNING: [youtube] [jsc] Remote components challenge solver script (deno) and NPM package (deno) were skipped. These may be required to solve JS challenges. You can enable these downloads with  --remote-components ejs:github  (recommended) or  --remote-components ejs:npm , respectively. For more information and alternatives, refer to  https://github.com/yt-dlp/yt-dlp/wiki/EJS
WARNING: [youtube] tAVIf0bPUVM: n challenge solving failed: Some formats may be missing. Ensure you have a supported JavaScript runtime and challenge solver script distribution installed. Review any warnings presented before this message. For more details, refer to  https://github.com/yt-dlp/yt-dlp/wiki/EJS
WARNING: [youtube] YouTube said: ERROR - Precondition check failed.
WARNING: [youtube] HTTP Error 400: Bad Request. Retrying (1/3)...
WARNING: [youtube] YouTube said: ERROR - Precondition check failed.
WARNING: [youtube] HTTP Error 400: Bad Request. Retrying (2/3)...
WARNING: [youtube] YouTube said: ERROR - Precondition check failed.
WARNING: [youtube] HTTP Error 400: Bad Request. Retrying (3/3)...
WARNING: [youtube] YouTube said: ERROR - Precondition check failed.
WARNING: [youtube] Unable to download API page: HTTP Error 400: Bad Request (caused by <HTTPError 400: Bad Request>)
WARNING: [youtube] [jsc] Remote components challenge solver script (deno) and NPM package (deno) were skipped. These may be required to solve JS challenges. You can enable these downloads with  --remote-components ejs:github  (recommended) or  --remote-components ejs:npm , respectively. For more information and alternatives, refer to  https://github.com/yt-dlp/yt-dlp/wiki/EJS
WARNING: [youtube] wD9NiMi1AKg: n challenge solving failed: Some formats may be missing. Ensure you have a supported JavaScript runtime and challenge solver script distribution installed. Review any warnings presented before this message. For more details, refer to  https://github.com/yt-dlp/yt-dlp/wiki/EJS
WARNING: [youtube] YouTube said: ERROR - Precondition check failed.
WARNING: [youtube] HTTP Error 400: Bad Request. Retrying (1/3)...
WARNING: [youtube] YouTube said: ERROR - Precondition check failed.
WARNING: [youtube] HTTP Error 400: Bad Request. Retrying (2/3)...
WARNING: [youtube] YouTube said: ERROR - Precondition check failed.
WARNING: [youtube] HTTP Error 400: Bad Request. Retrying (3/3)...
WARNING: [youtube] YouTube said: ERROR - Precondition check failed.
WARNING: [youtube] Unable to download API page: HTTP Error 400: Bad Request (caused by <HTTPError 400: Bad Request>)
WARNING: [youtube] [jsc] Remote components challenge solver script (deno) and NPM package (deno) were skipped. These may be required to solve JS challenges. You can enable these downloads with  --remote-components ejs:github  (recommended) or  --remote-components ejs:npm , respectively. For more information and alternatives, refer to  https://github.com/yt-dlp/yt-dlp/wiki/EJS
WARNING: [youtube] 42KI2yrwX-k: n challenge solving failed: Some formats may be missing. Ensure you have a supported JavaScript runtime and challenge solver script distribution installed. Review any warnings presented before this message. For more details, refer to  https://github.com/yt-dlp/yt-dlp/wiki/EJS
WARNING: [youtube] YouTube said: ERROR - Precondition check failed.
WARNING: [youtube] HTTP Error 400: Bad Request. Retrying (1/3)...
WARNING: [youtube] YouTube said: ERROR - Precondition check failed.
WARNING: [youtube] HTTP Error 400: Bad Request. Retrying (2/3)...
WARNING: [youtube] YouTube said: ERROR - Precondition check failed.
WARNING: [youtube] HTTP Error 400: Bad Request. Retrying (3/3)...
WARNING: [youtube] YouTube said: ERROR - Precondition check failed.
WARNING: [youtube] Unable to download API page: HTTP Error 400: Bad Request (caused by <HTTPError 400: Bad Request>)
WARNING: [youtube] [jsc] Remote components challenge solver script (deno) and NPM package (deno) were skipped. These may be required to solve JS challenges. You can enable these downloads with  --remote-components ejs:github  (recommended) or  --remote-components ejs:npm , respectively. For more information and alternatives, refer to  https://github.com/yt-dlp/yt-dlp/wiki/EJS
WARNING: [youtube] miceEZXE-A8: n challenge solving failed: Some formats may be missing. Ensure you have a supported JavaScript runtime and challenge solver script distribution installed. Review any warnings presented before this message. For more details, refer to  https://github.com/yt-dlp/yt-dlp/wiki/EJS
WARNING: [youtube] YouTube said: ERROR - Precondition check failed.
WARNING: [youtube] HTTP Error 400: Bad Request. Retrying (1/3)...
WARNING: [youtube] YouTube said: ERROR - Precondition check failed.
WARNING: [youtube] HTTP Error 400: Bad Request. Retrying (2/3)...
WARNING: [youtube] YouTube said: ERROR - Precondition check failed.
WARNING: [youtube] HTTP Error 400: Bad Request. Retrying (3/3)...
WARNING: [youtube] YouTube said: ERROR - Precondition check failed.
WARNING: [youtube] Unable to download API page: HTTP Error 400: Bad Request (caused by <HTTPError 400: Bad Request>)
WARNING: [youtube] ttglUKfpl4g: Some android_vr client https formats have been skipped as they are missing a URL. YouTube may have enabled the SABR-only streaming experiment for the current session. See  https://github.com/yt-dlp/yt-dlp/issues/12482  for more details
WARNING: [youtube] [jsc] Remote components challenge solver script (deno) and NPM package (deno) were skipped. These may be required to solve JS challenges. You can enable these downloads with  --remote-components ejs:github  (recommended) or  --remote-components ejs:npm , respectively. For more information and alternatives, refer to  https://github.com/yt-dlp/yt-dlp/wiki/EJS
WARNING: [youtube] ttglUKfpl4g: n challenge solving failed: Some formats may be missing. Ensure you have a supported JavaScript runtime and challenge solver script distribution installed. Review any warnings presented before this message. For more details, refer to  https://github.com/yt-dlp/yt-dlp/wiki/EJS
WARNING: [youtube] YouTube said: ERROR - Precondition check failed.
WARNING: [youtube] HTTP Error 400: Bad Request. Retrying (1/3)...
WARNING: [youtube] YouTube said: ERROR - Precondition check failed.
WARNING: [youtube] HTTP Error 400: Bad Request. Retrying (2/3)...
WARNING: [youtube] YouTube said: ERROR - Precondition check failed.
WARNING: [youtube] HTTP Error 400: Bad Request. Retrying (3/3)...
WARNING: [youtube] YouTube said: ERROR - Precondition check failed.
WARNING: [youtube] Unable to download API page: HTTP Error 400: Bad Request (caused by <HTTPError 400: Bad Request>)
WARNING: [youtube] [jsc] Remote components challenge solver script (deno) and NPM package (deno) were skipped. These may be required to solve JS challenges. You can enable these downloads with  --remote-components ejs:github  (recommended) or  --remote-components ejs:npm , respectively. For more information and alternatives, refer to  https://github.com/yt-dlp/yt-dlp/wiki/EJS
WARNING: [youtube] 7mbSTASGEqg: n challenge solving failed: Some formats may be missing. Ensure you have a supported JavaScript runtime and challenge solver script distribution installed. Review any warnings presented before this message. For more details, refer to  https://github.com/yt-dlp/yt-dlp/wiki/EJS
WARNING: [youtube] YouTube said: ERROR - Precondition check failed.
WARNING: [youtube] HTTP Error 400: Bad Request. Retrying (1/3)...
WARNING: [youtube] YouTube said: ERROR - Precondition check failed.
WARNING: [youtube] HTTP Error 400: Bad Request. Retrying (2/3)...
WARNING: [youtube] YouTube said: ERROR - Precondition check failed.
WARNING: [youtube] HTTP Error 400: Bad Request. Retrying (3/3)...
WARNING: [youtube] YouTube said: ERROR - Precondition check failed.
WARNING: [youtube] Unable to download API page: HTTP Error 400: Bad Request (caused by <HTTPError 400: Bad Request>)
WARNING: [youtube] [jsc] Remote components challenge solver script (deno) and NPM package (deno) were skipped. These may be required to solve JS challenges. You can enable these downloads with  --remote-components ejs:github  (recommended) or  --remote-components ejs:npm , respectively. For more information and alternatives, refer to  https://github.com/yt-dlp/yt-dlp/wiki/EJS
WARNING: [youtube] MsvxzmQbW94: n challenge solving failed: Some formats may be missing. Ensure you have a supported JavaScript runtime and challenge solver script distribution installed. Review any warnings presented before this message. For more details, refer to  https://github.com/yt-dlp/yt-dlp/wiki/EJS
WARNING: [youtube] YouTube said: ERROR - Precondition check failed.
WARNING: [youtube] HTTP Error 400: Bad Request. Retrying (1/3)...
WARNING: [youtube] YouTube said: ERROR - Precondition check failed.
WARNING: [youtube] HTTP Error 400: Bad Request. Retrying (2/3)...
WARNING: [youtube] YouTube said: ERROR - Precondition check failed.
WARNING: [youtube] HTTP Error 400: Bad Request. Retrying (3/3)...
WARNING: [youtube] YouTube said: ERROR - Precondition check failed.
WARNING: [youtube] Unable to download API page: HTTP Error 400: Bad Request (caused by <HTTPError 400: Bad Request>)
WARNING: [youtube] [jsc] Remote components challenge solver script (deno) and NPM package (deno) were skipped. These may be required to solve JS challenges. You can enable these downloads with  --remote-components ejs:github  (recommended) or  --remote-components ejs:npm , respectively. For more information and alternatives, refer to  https://github.com/yt-dlp/yt-dlp/wiki/EJS
WARNING: [youtube] mFKoI195pZA: n challenge solving failed: Some formats may be missing. Ensure you have a supported JavaScript runtime and challenge solver script distribution installed. Review any warnings presented before this message. For more details, refer to  https://github.com/yt-dlp/yt-dlp/wiki/EJS
WARNING: [youtube] YouTube said: ERROR - Precondition check failed.
WARNING: [youtube] HTTP Error 400: Bad Request. Retrying (1/3)...
WARNING: [youtube] YouTube said: ERROR - Precondition check failed.
WARNING: [youtube] HTTP Error 400: Bad Request. Retrying (2/3)...
WARNING: [youtube] YouTube said: ERROR - Precondition check failed.
WARNING: [youtube] HTTP Error 400: Bad Request. Retrying (3/3)...
WARNING: [youtube] YouTube said: ERROR - Precondition check failed.
WARNING: [youtube] Unable to download API page: HTTP Error 400: Bad Request (caused by <HTTPError 400: Bad Request>)
WARNING: [youtube] [jsc] Remote components challenge solver script (deno) and NPM package (deno) were skipped. These may be required to solve JS challenges. You can enable these downloads with  --remote-components ejs:github  (recommended) or  --remote-components ejs:npm , respectively. For more information and alternatives, refer to  https://github.com/yt-dlp/yt-dlp/wiki/EJS
WARNING: [youtube] dUnp9QVGn-w: n challenge solving failed: Some formats may be missing. Ensure you have a supported JavaScript runtime and challenge solver script distribution installed. Review any warnings presented before this message. For more details, refer to  https://github.com/yt-dlp/yt-dlp/wiki/EJS
WARNING: [youtube] YouTube said: ERROR - Precondition check failed.
WARNING: [youtube] HTTP Error 400: Bad Request. Retrying (1/3)...
WARNING: [youtube] YouTube said: ERROR - Precondition check failed.
WARNING: [youtube] HTTP Error 400: Bad Request. Retrying (2/3)...
WARNING: [youtube] YouTube said: ERROR - Precondition check failed.
WARNING: [youtube] HTTP Error 400: Bad Request. Retrying (3/3)...
WARNING: [youtube] YouTube said: ERROR - Precondition check failed.
WARNING: [youtube] Unable to download API page: HTTP Error 400: Bad Request (caused by <HTTPError 400: Bad Request>)
WARNING: [youtube] [jsc] Remote components challenge solver script (deno) and NPM package (deno) were skipped. These may be required to solve JS challenges. You can enable these downloads with  --remote-components ejs:github  (recommended) or  --remote-components ejs:npm , respectively. For more information and alternatives, refer to  https://github.com/yt-dlp/yt-dlp/wiki/EJS
WARNING: [youtube] xcIriDXG7LU: n challenge solving failed: Some formats may be missing. Ensure you have a supported JavaScript runtime and challenge solver script distribution installed. Review any warnings presented before this message. For more details, refer to  https://github.com/yt-dlp/yt-dlp/wiki/EJS
WARNING: [youtube] YouTube said: ERROR - Precondition check failed.
WARNING: [youtube] HTTP Error 400: Bad Request. Retrying (1/3)...
WARNING: [youtube] YouTube said: ERROR - Precondition check failed.
WARNING: [youtube] HTTP Error 400: Bad Request. Retrying (2/3)...
WARNING: [youtube] YouTube said: ERROR - Precondition check failed.
WARNING: [youtube] HTTP Error 400: Bad Request. Retrying (3/3)...
WARNING: [youtube] YouTube said: ERROR - Precondition check failed.
WARNING: [youtube] Unable to download API page: HTTP Error 400: Bad Request (caused by <HTTPError 400: Bad Request>)
WARNING: [youtube] [jsc] Remote components challenge solver script (deno) and NPM package (deno) were skipped. These may be required to solve JS challenges. You can enable these downloads with  --remote-components ejs:github  (recommended) or  --remote-components ejs:npm , respectively. For more information and alternatives, refer to  https://github.com/yt-dlp/yt-dlp/wiki/EJS
WARNING: [youtube] pv3qNSgvB38: n challenge solving failed: Some formats may be missing. Ensure you have a supported JavaScript runtime and challenge solver script distribution installed. Review any warnings presented before this message. For more details, refer to  https://github.com/yt-dlp/yt-dlp/wiki/EJS
WARNING: [youtube] YouTube said: ERROR - Precondition check failed.
WARNING: [youtube] HTTP Error 400: Bad Request. Retrying (1/3)...
WARNING: [youtube] YouTube said: ERROR - Precondition check failed.
WARNING: [youtube] HTTP Error 400: Bad Request. Retrying (2/3)...
WARNING: [youtube] YouTube said: ERROR - Precondition check failed.
WARNING: [youtube] HTTP Error 400: Bad Request. Retrying (3/3)...
WARNING: [youtube] YouTube said: ERROR - Precondition check failed.
WARNING: [youtube] Unable to download API page: HTTP Error 400: Bad Request (caused by <HTTPError 400: Bad Request>)
WARNING: [youtube] [jsc] Remote components challenge solver script (deno) and NPM package (deno) were skipped. These may be required to solve JS challenges. You can enable these downloads with  --remote-components ejs:github  (recommended) or  --remote-components ejs:npm , respectively. For more information and alternatives, refer to  https://github.com/yt-dlp/yt-dlp/wiki/EJS
WARNING: [youtube] htmaLCVF0go: n challenge solving failed: Some formats may be missing. Ensure you have a supported JavaScript runtime and challenge solver script distribution installed. Review any warnings presented before this message. For more details, refer to  https://github.com/yt-dlp/yt-dlp/wiki/EJS
WARNING: [youtube] YouTube said: ERROR - Precondition check failed.
WARNING: [youtube] HTTP Error 400: Bad Request. Retrying (1/3)...
WARNING: [youtube] YouTube said: ERROR - Precondition check failed.
WARNING: [youtube] HTTP Error 400: Bad Request. Retrying (2/3)...
WARNING: [youtube] YouTube said: ERROR - Precondition check failed.
WARNING: [youtube] HTTP Error 400: Bad Request. Retrying (3/3)...
WARNING: [youtube] YouTube said: ERROR - Precondition check failed.
WARNING: [youtube] Unable to download API page: HTTP Error 400: Bad Request (caused by <HTTPError 400: Bad Request>)
WARNING: [youtube] [jsc] Remote components challenge solver script (deno) and NPM package (deno) were skipped. These may be required to solve JS challenges. You can enable these downloads with  --remote-components ejs:github  (recommended) or  --remote-components ejs:npm , respectively. For more information and alternatives, refer to  https://github.com/yt-dlp/yt-dlp/wiki/EJS
WARNING: [youtube] 9QViJbsGcSc: n challenge solving failed: Some formats may be missing. Ensure you have a supported JavaScript runtime and challenge solver script distribution installed. Review any warnings presented before this message. For more details, refer to  https://github.com/yt-dlp/yt-dlp/wiki/EJS
WARNING: [youtube] YouTube said: ERROR - Precondition check failed.
WARNING: [youtube] HTTP Error 400: Bad Request. Retrying (1/3)...
WARNING: [youtube] YouTube said: ERROR - Precondition check failed.
WARNING: [youtube] HTTP Error 400: Bad Request. Retrying (2/3)...
WARNING: [youtube] YouTube said: ERROR - Precondition check failed.
WARNING: [youtube] HTTP Error 400: Bad Request. Retrying (3/3)...
WARNING: [youtube] YouTube said: ERROR - Precondition check failed.
WARNING: [youtube] Unable to download API page: HTTP Error 400: Bad Request (caused by <HTTPError 400: Bad Request>)
WARNING: [youtube] [jsc] Remote components challenge solver script (deno) and NPM package (deno) were skipped. These may be required to solve JS challenges. You can enable these downloads with  --remote-components ejs:github  (recommended) or  --remote-components ejs:npm , respectively. For more information and alternatives, refer to  https://github.com/yt-dlp/yt-dlp/wiki/EJS
WARNING: [youtube] 8CJcXiDS7wM: n challenge solving failed: Some formats may be missing. Ensure you have a supported JavaScript runtime and challenge solver script distribution installed. Review any warnings presented before this message. For more details, refer to  https://github.com/yt-dlp/yt-dlp/wiki/EJS
WARNING: [youtube] YouTube said: ERROR - Precondition check failed.
WARNING: [youtube] HTTP Error 400: Bad Request. Retrying (1/3)...
WARNING: [youtube] YouTube said: ERROR - Precondition check failed.
WARNING: [youtube] HTTP Error 400: Bad Request. Retrying (2/3)...
WARNING: [youtube] YouTube said: ERROR - Precondition check failed.
WARNING: [youtube] HTTP Error 400: Bad Request. Retrying (3/3)...
WARNING: [youtube] YouTube said: ERROR - Precondition check failed.
WARNING: [youtube] Unable to download API page: HTTP Error 400: Bad Request (caused by <HTTPError 400: Bad Request>)
WARNING: [youtube] [jsc] Remote components challenge solver script (deno) and NPM package (deno) were skipped. These may be required to solve JS challenges. You can enable these downloads with  --remote-components ejs:github  (recommended) or  --remote-components ejs:npm , respectively. For more information and alternatives, refer to  https://github.com/yt-dlp/yt-dlp/wiki/EJS
WARNING: [youtube] v5lj4-Gic2w: n challenge solving failed: Some formats may be missing. Ensure you have a supported JavaScript runtime and challenge solver script distribution installed. Review any warnings presented before this message. For more details, refer to  https://github.com/yt-dlp/yt-dlp/wiki/EJS
WARNING: [youtube] YouTube said: ERROR - Precondition check failed.
WARNING: [youtube] HTTP Error 400: Bad Request. Retrying (1/3)...
WARNING: [youtube] YouTube said: ERROR - Precondition check failed.
WARNING: [youtube] HTTP Error 400: Bad Request. Retrying (2/3)...
WARNING: [youtube] YouTube said: ERROR - Precondition check failed.
WARNING: [youtube] HTTP Error 400: Bad Request. Retrying (3/3)...
WARNING: [youtube] YouTube said: ERROR - Precondition check failed.
WARNING: [youtube] Unable to download API page: HTTP Error 400: Bad Request (caused by <HTTPError 400: Bad Request>)
WARNING: [youtube] [jsc] Remote components challenge solver script (deno) and NPM package (deno) were skipped. These may be required to solve JS challenges. You can enable these downloads with  --remote-components ejs:github  (recommended) or  --remote-components ejs:npm , respectively. For more information and alternatives, refer to  https://github.com/yt-dlp/yt-dlp/wiki/EJS
WARNING: [youtube] 1J0M21rUXz4: n challenge solving failed: Some formats may be missing. Ensure you have a supported JavaScript runtime and challenge solver script distribution installed. Review any warnings presented before this message. For more details, refer to  https://github.com/yt-dlp/yt-dlp/wiki/EJS
WARNING: [youtube] YouTube said: ERROR - Precondition check failed.
WARNING: [youtube] HTTP Error 400: Bad Request. Retrying (1/3)...
WARNING: [youtube] YouTube said: ERROR - Precondition check failed.
WARNING: [youtube] HTTP Error 400: Bad Request. Retrying (2/3)...
WARNING: [youtube] YouTube said: ERROR - Precondition check failed.
WARNING: [youtube] HTTP Error 400: Bad Request. Retrying (3/3)...
WARNING: [youtube] YouTube said: ERROR - Precondition check failed.
WARNING: [youtube] Unable to download API page: HTTP Error 400: Bad Request (caused by <HTTPError 400: Bad Request>)
WARNING: [youtube] [jsc] Remote components challenge solver script (deno) and NPM package (deno) were skipped. These may be required to solve JS challenges. You can enable these downloads with  --remote-components ejs:github  (recommended) or  --remote-components ejs:npm , respectively. For more information and alternatives, refer to  https://github.com/yt-dlp/yt-dlp/wiki/EJS
WARNING: [youtube] owxgxGwXssc: n challenge solving failed: Some formats may be missing. Ensure you have a supported JavaScript runtime and challenge solver script distribution installed. Review any warnings presented before this message. For more details, refer to  https://github.com/yt-dlp/yt-dlp/wiki/EJS
WARNING: [youtube] YouTube said: ERROR - Precondition check failed.
WARNING: [youtube] HTTP Error 400: Bad Request. Retrying (1/3)...
WARNING: [youtube] YouTube said: ERROR - Precondition check failed.
WARNING: [youtube] HTTP Error 400: Bad Request. Retrying (2/3)...
WARNING: [youtube] YouTube said: ERROR - Precondition check failed.
WARNING: [youtube] HTTP Error 400: Bad Request. Retrying (3/3)...
WARNING: [youtube] YouTube said: ERROR - Precondition check failed.
WARNING: [youtube] Unable to download API page: HTTP Error 400: Bad Request (caused by <HTTPError 400: Bad Request>)
WARNING: [youtube] y49IvRjef3Y: Some android_vr client https formats have been skipped as they are missing a URL. YouTube may have enabled the SABR-only streaming experiment for the current session. See  https://github.com/yt-dlp/yt-dlp/issues/12482  for more details
WARNING: [youtube] [jsc] Remote components challenge solver script (deno) and NPM package (deno) were skipped. These may be required to solve JS challenges. You can enable these downloads with  --remote-components ejs:github  (recommended) or  --remote-components ejs:npm , respectively. For more information and alternatives, refer to  https://github.com/yt-dlp/yt-dlp/wiki/EJS
WARNING: [youtube] y49IvRjef3Y: n challenge solving failed: Some formats may be missing. Ensure you have a supported JavaScript runtime and challenge solver script distribution installed. Review any warnings presented before this message. For more details, refer to  https://github.com/yt-dlp/yt-dlp/wiki/EJS
WARNING: [youtube] YouTube said: ERROR - Precondition check failed.
WARNING: [youtube] HTTP Error 400: Bad Request. Retrying (1/3)...
WARNING: [youtube] YouTube said: ERROR - Precondition check failed.
WARNING: [youtube] HTTP Error 400: Bad Request. Retrying (2/3)...
WARNING: [youtube] YouTube said: ERROR - Precondition check failed.
WARNING: [youtube] HTTP Error 400: Bad Request. Retrying (3/3)...
WARNING: [youtube] YouTube said: ERROR - Precondition check failed.
WARNING: [youtube] Unable to download API page: HTTP Error 400: Bad Request (caused by <HTTPError 400: Bad Request>)
WARNING: [youtube] [jsc] Remote components challenge solver script (deno) and NPM package (deno) were skipped. These may be required to solve JS challenges. You can enable these downloads with  --remote-components ejs:github  (recommended) or  --remote-components ejs:npm , respectively. For more information and alternatives, refer to  https://github.com/yt-dlp/yt-dlp/wiki/EJS
WARNING: [youtube] OasDa2qhpqs: n challenge solving failed: Some formats may be missing. Ensure you have a supported JavaScript runtime and challenge solver script distribution installed. Review any warnings presented before this message. For more details, refer to  https://github.com/yt-dlp/yt-dlp/wiki/EJS
WARNING: [youtube] YouTube said: ERROR - Precondition check failed.
WARNING: [youtube] HTTP Error 400: Bad Request. Retrying (1/3)...
WARNING: [youtube] YouTube said: ERROR - Precondition check failed.
WARNING: [youtube] HTTP Error 400: Bad Request. Retrying (2/3)...
WARNING: [youtube] YouTube said: ERROR - Precondition check failed.
WARNING: [youtube] HTTP Error 400: Bad Request. Retrying (3/3)...
WARNING: [youtube] YouTube said: ERROR - Precondition check failed.
WARNING: [youtube] Unable to download API page: HTTP Error 400: Bad Request (caused by <HTTPError 400: Bad Request>)
WARNING: [youtube] [jsc] Remote components challenge solver script (deno) and NPM package (deno) were skipped. These may be required to solve JS challenges. You can enable these downloads with  --remote-components ejs:github  (recommended) or  --remote-components ejs:npm , respectively. For more information and alternatives, refer to  https://github.com/yt-dlp/yt-dlp/wiki/EJS
WARNING: [youtube] 9JM8qvnEDO0: n challenge solving failed: Some formats may be missing. Ensure you have a supported JavaScript runtime and challenge solver script distribution installed. Review any warnings presented before this message. For more details, refer to  https://github.com/yt-dlp/yt-dlp/wiki/EJS
WARNING: [youtube] YouTube said: ERROR - Precondition check failed.
WARNING: [youtube] HTTP Error 400: Bad Request. Retrying (1/3)...
WARNING: [youtube] YouTube said: ERROR - Precondition check failed.
WARNING: [youtube] HTTP Error 400: Bad Request. Retrying (2/3)...
WARNING: [youtube] YouTube said: ERROR - Precondition check failed.
WARNING: [youtube] HTTP Error 400: Bad Request. Retrying (3/3)...
WARNING: [youtube] YouTube said: ERROR - Precondition check failed.
WARNING: [youtube] Unable to download API page: HTTP Error 400: Bad Request (caused by <HTTPError 400: Bad Request>)
WARNING: [youtube] [jsc] Remote components challenge solver script (deno) and NPM package (deno) were skipped. These may be required to solve JS challenges. You can enable these downloads with  --remote-components ejs:github  (recommended) or  --remote-components ejs:npm , respectively. For more information and alternatives, refer to  https://github.com/yt-dlp/yt-dlp/wiki/EJS
WARNING: [youtube] aKXBpEFlMR0: n challenge solving failed: Some formats may be missing. Ensure you have a supported JavaScript runtime and challenge solver script distribution installed. Review any warnings presented before this message. For more details, refer to  https://github.com/yt-dlp/yt-dlp/wiki/EJS
WARNING: [youtube] YouTube said: ERROR - Precondition check failed.
WARNING: [youtube] HTTP Error 400: Bad Request. Retrying (1/3)...
WARNING: [youtube] YouTube said: ERROR - Precondition check failed.
WARNING: [youtube] HTTP Error 400: Bad Request. Retrying (2/3)...
WARNING: [youtube] YouTube said: ERROR - Precondition check failed.
WARNING: [youtube] HTTP Error 400: Bad Request. Retrying (3/3)...
WARNING: [youtube] YouTube said: ERROR - Precondition check failed.
WARNING: [youtube] Unable to download API page: HTTP Error 400: Bad Request (caused by <HTTPError 400: Bad Request>)
WARNING: [youtube] [jsc] Remote components challenge solver script (deno) and NPM package (deno) were skipped. These may be required to solve JS challenges. You can enable these downloads with  --remote-components ejs:github  (recommended) or  --remote-components ejs:npm , respectively. For more information and alternatives, refer to  https://github.com/yt-dlp/yt-dlp/wiki/EJS
WARNING: [youtube] -0ze2GS5784: n challenge solving failed: Some formats may be missing. Ensure you have a supported JavaScript runtime and challenge solver script distribution installed. Review any warnings presented before this message. For more details, refer to  https://github.com/yt-dlp/yt-dlp/wiki/EJS
WARNING: [youtube] YouTube said: ERROR - Precondition check failed.
WARNING: [youtube] HTTP Error 400: Bad Request. Retrying (1/3)...
WARNING: [youtube] YouTube said: ERROR - Precondition check failed.
WARNING: [youtube] HTTP Error 400: Bad Request. Retrying (2/3)...
WARNING: [youtube] YouTube said: ERROR - Precondition check failed.
WARNING: [youtube] HTTP Error 400: Bad Request. Retrying (3/3)...
WARNING: [youtube] YouTube said: ERROR - Precondition check failed.
WARNING: [youtube] Unable to download API page: HTTP Error 400: Bad Request (caused by <HTTPError 400: Bad Request>)
WARNING: [youtube] [jsc] Remote components challenge solver script (deno) and NPM package (deno) were skipped. These may be required to solve JS challenges. You can enable these downloads with  --remote-components ejs:github  (recommended) or  --remote-components ejs:npm , respectively. For more information and alternatives, refer to  https://github.com/yt-dlp/yt-dlp/wiki/EJS
WARNING: [youtube] IJTmjeqY8tA: n challenge solving failed: Some formats may be missing. Ensure you have a supported JavaScript runtime and challenge solver script distribution installed. Review any warnings presented before this message. For more details, refer to  https://github.com/yt-dlp/yt-dlp/wiki/EJS
WARNING: [youtube] YouTube said: ERROR - Precondition check failed.
WARNING: [youtube] HTTP Error 400: Bad Request. Retrying (1/3)...
WARNING: [youtube] YouTube said: ERROR - Precondition check failed.
WARNING: [youtube] HTTP Error 400: Bad Request. Retrying (2/3)...
WARNING: [youtube] YouTube said: ERROR - Precondition check failed.
WARNING: [youtube] HTTP Error 400: Bad Request. Retrying (3/3)...
WARNING: [youtube] YouTube said: ERROR - Precondition check failed.
WARNING: [youtube] Unable to download API page: HTTP Error 400: Bad Request (caused by <HTTPError 400: Bad Request>)
WARNING: [youtube] [jsc] Remote components challenge solver script (deno) and NPM package (deno) were skipped. These may be required to solve JS challenges. You can enable these downloads with  --remote-components ejs:github  (recommended) or  --remote-components ejs:npm , respectively. For more information and alternatives, refer to  https://github.com/yt-dlp/yt-dlp/wiki/EJS
WARNING: [youtube] QcYWCdopaZY: n challenge solving failed: Some formats may be missing. Ensure you have a supported JavaScript runtime and challenge solver script distribution installed. Review any warnings presented before this message. For more details, refer to  https://github.com/yt-dlp/yt-dlp/wiki/EJS
WARNING: [youtube] YouTube said: ERROR - Precondition check failed.
WARNING: [youtube] HTTP Error 400: Bad Request. Retrying (1/3)...
WARNING: [youtube] YouTube said: ERROR - Precondition check failed.
WARNING: [youtube] HTTP Error 400: Bad Request. Retrying (2/3)...
WARNING: [youtube] YouTube said: ERROR - Precondition check failed.
WARNING: [youtube] HTTP Error 400: Bad Request. Retrying (3/3)...
WARNING: [youtube] YouTube said: ERROR - Precondition check failed.
WARNING: [youtube] Unable to download API page: HTTP Error 400: Bad Request (caused by <HTTPError 400: Bad Request>)
WARNING: [youtube] [jsc] Remote components challenge solver script (deno) and NPM package (deno) were skipped. These may be required to solve JS challenges. You can enable these downloads with  --remote-components ejs:github  (recommended) or  --remote-components ejs:npm , respectively. For more information and alternatives, refer to  https://github.com/yt-dlp/yt-dlp/wiki/EJS
WARNING: [youtube] SoU6jl1t1Ws: n challenge solving failed: Some formats may be missing. Ensure you have a supported JavaScript runtime and challenge solver script distribution installed. Review any warnings presented before this message. For more details, refer to  https://github.com/yt-dlp/yt-dlp/wiki/EJS
WARNING: [youtube] YouTube said: ERROR - Precondition check failed.
WARNING: [youtube] HTTP Error 400: Bad Request. Retrying (1/3)...
WARNING: [youtube] YouTube said: ERROR - Precondition check failed.
WARNING: [youtube] HTTP Error 400: Bad Request. Retrying (2/3)...
WARNING: [youtube] YouTube said: ERROR - Precondition check failed.
WARNING: [youtube] HTTP Error 400: Bad Request. Retrying (3/3)...
WARNING: [youtube] YouTube said: ERROR - Precondition check failed.
WARNING: [youtube] Unable to download API page: HTTP Error 400: Bad Request (caused by <HTTPError 400: Bad Request>)
WARNING: [youtube] [jsc] Remote components challenge solver script (deno) and NPM package (deno) were skipped. These may be required to solve JS challenges. You can enable these downloads with  --remote-components ejs:github  (recommended) or  --remote-components ejs:npm , respectively. For more information and alternatives, refer to  https://github.com/yt-dlp/yt-dlp/wiki/EJS
WARNING: [youtube] y-LTaaTiDtU: n challenge solving failed: Some formats may be missing. Ensure you have a supported JavaScript runtime and challenge solver script distribution installed. Review any warnings presented before this message. For more details, refer to  https://github.com/yt-dlp/yt-dlp/wiki/EJS
WARNING: [youtube] YouTube said: ERROR - Precondition check failed.
WARNING: [youtube] HTTP Error 400: Bad Request. Retrying (1/3)...
WARNING: [youtube] YouTube said: ERROR - Precondition check failed.
WARNING: [youtube] HTTP Error 400: Bad Request. Retrying (2/3)...
WARNING: [youtube] YouTube said: ERROR - Precondition check failed.
WARNING: [youtube] HTTP Error 400: Bad Request. Retrying (3/3)...
WARNING: [youtube] YouTube said: ERROR - Precondition check failed.
WARNING: [youtube] Unable to download API page: HTTP Error 400: Bad Request (caused by <HTTPError 400: Bad Request>)
WARNING: [youtube] [jsc] Remote components challenge solver script (deno) and NPM package (deno) were skipped. These may be required to solve JS challenges. You can enable these downloads with  --remote-components ejs:github  (recommended) or  --remote-components ejs:npm , respectively. For more information and alternatives, refer to  https://github.com/yt-dlp/yt-dlp/wiki/EJS
WARNING: [youtube] gfbeC06EH9k: n challenge solving failed: Some formats may be missing. Ensure you have a supported JavaScript runtime and challenge solver script distribution installed. Review any warnings presented before this message. For more details, refer to  https://github.com/yt-dlp/yt-dlp/wiki/EJS
WARNING: [youtube] YouTube said: ERROR - Precondition check failed.
WARNING: [youtube] HTTP Error 400: Bad Request. Retrying (1/3)...
WARNING: [youtube] YouTube said: ERROR - Precondition check failed.
WARNING: [youtube] HTTP Error 400: Bad Request. Retrying (2/3)...
WARNING: [youtube] YouTube said: ERROR - Precondition check failed.
WARNING: [youtube] HTTP Error 400: Bad Request. Retrying (3/3)...
WARNING: [youtube] YouTube said: ERROR - Precondition check failed.
WARNING: [youtube] Unable to download API page: HTTP Error 400: Bad Request (caused by <HTTPError 400: Bad Request>)
WARNING: [youtube] [jsc] Remote components challenge solver script (deno) and NPM package (deno) were skipped. These may be required to solve JS challenges. You can enable these downloads with  --remote-components ejs:github  (recommended) or  --remote-components ejs:npm , respectively. For more information and alternatives, refer to  https://github.com/yt-dlp/yt-dlp/wiki/EJS
WARNING: [youtube] V8hvw3l6cfQ: n challenge solving failed: Some formats may be missing. Ensure you have a supported JavaScript runtime and challenge solver script distribution installed. Review any warnings presented before this message. For more details, refer to  https://github.com/yt-dlp/yt-dlp/wiki/EJS
WARNING: [youtube] YouTube said: ERROR - Precondition check failed.
WARNING: [youtube] HTTP Error 400: Bad Request. Retrying (1/3)...
WARNING: [youtube] YouTube said: ERROR - Precondition check failed.
WARNING: [youtube] HTTP Error 400: Bad Request. Retrying (2/3)...
WARNING: [youtube] YouTube said: ERROR - Precondition check failed.
WARNING: [youtube] HTTP Error 400: Bad Request. Retrying (3/3)...
WARNING: [youtube] YouTube said: ERROR - Precondition check failed.
WARNING: [youtube] Unable to download API page: HTTP Error 400: Bad Request (caused by <HTTPError 400: Bad Request>)
WARNING: [youtube] [jsc] Remote components challenge solver script (deno) and NPM package (deno) were skipped. These may be required to solve JS challenges. You can enable these downloads with  --remote-components ejs:github  (recommended) or  --remote-components ejs:npm , respectively. For more information and alternatives, refer to  https://github.com/yt-dlp/yt-dlp/wiki/EJS
WARNING: [youtube] 9Y7ezp4_V9M: n challenge solving failed: Some formats may be missing. Ensure you have a supported JavaScript runtime and challenge solver script distribution installed. Review any warnings presented before this message. For more details, refer to  https://github.com/yt-dlp/yt-dlp/wiki/EJS
WARNING: [youtube] YouTube said: ERROR - Precondition check failed.
WARNING: [youtube] HTTP Error 400: Bad Request. Retrying (1/3)...
WARNING: [youtube] YouTube said: ERROR - Precondition check failed.
WARNING: [youtube] HTTP Error 400: Bad Request. Retrying (2/3)...
WARNING: [youtube] YouTube said: ERROR - Precondition check failed.
WARNING: [youtube] HTTP Error 400: Bad Request. Retrying (3/3)...
WARNING: [youtube] YouTube said: ERROR - Precondition check failed.
WARNING: [youtube] Unable to download API page: HTTP Error 400: Bad Request (caused by <HTTPError 400: Bad Request>)
WARNING: [youtube] [jsc] Remote components challenge solver script (deno) and NPM package (deno) were skipped. These may be required to solve JS challenges. You can enable these downloads with  --remote-components ejs:github  (recommended) or  --remote-components ejs:npm , respectively. For more information and alternatives, refer to  https://github.com/yt-dlp/yt-dlp/wiki/EJS
WARNING: [youtube] ks4D_7xz3m4: n challenge solving failed: Some formats may be missing. Ensure you have a supported JavaScript runtime and challenge solver script distribution installed. Review any warnings presented before this message. For more details, refer to  https://github.com/yt-dlp/yt-dlp/wiki/EJS
WARNING: [youtube] YouTube said: ERROR - Precondition check failed.
WARNING: [youtube] HTTP Error 400: Bad Request. Retrying (1/3)...
WARNING: [youtube] YouTube said: ERROR - Precondition check failed.
WARNING: [youtube] HTTP Error 400: Bad Request. Retrying (2/3)...
WARNING: [youtube] YouTube said: ERROR - Precondition check failed.
WARNING: [youtube] HTTP Error 400: Bad Request. Retrying (3/3)...
WARNING: [youtube] YouTube said: ERROR - Precondition check failed.
WARNING: [youtube] Unable to download API page: HTTP Error 400: Bad Request (caused by <HTTPError 400: Bad Request>)
WARNING: [youtube] [jsc] Remote components challenge solver script (deno) and NPM package (deno) were skipped. These may be required to solve JS challenges. You can enable these downloads with  --remote-components ejs:github  (recommended) or  --remote-components ejs:npm , respectively. For more information and alternatives, refer to  https://github.com/yt-dlp/yt-dlp/wiki/EJS
WARNING: [youtube] 1z492ztNL_g: n challenge solving failed: Some formats may be missing. Ensure you have a supported JavaScript runtime and challenge solver script distribution installed. Review any warnings presented before this message. For more details, refer to  https://github.com/yt-dlp/yt-dlp/wiki/EJS
WARNING: [youtube] YouTube said: ERROR - Precondition check failed.
WARNING: [youtube] HTTP Error 400: Bad Request. Retrying (1/3)...
WARNING: [youtube] YouTube said: ERROR - Precondition check failed.
WARNING: [youtube] HTTP Error 400: Bad Request. Retrying (2/3)...
WARNING: [youtube] YouTube said: ERROR - Precondition check failed.
WARNING: [youtube] HTTP Error 400: Bad Request. Retrying (3/3)...
WARNING: [youtube] YouTube said: ERROR - Precondition check failed.
WARNING: [youtube] Unable to download API page: HTTP Error 400: Bad Request (caused by <HTTPError 400: Bad Request>)
WARNING: [youtube] [jsc] Remote components challenge solver script (deno) and NPM package (deno) were skipped. These may be required to solve JS challenges. You can enable these downloads with  --remote-components ejs:github  (recommended) or  --remote-components ejs:npm , respectively. For more information and alternatives, refer to  https://github.com/yt-dlp/yt-dlp/wiki/EJS
WARNING: [youtube] txWUtjY5xmc: n challenge solving failed: Some formats may be missing. Ensure you have a supported JavaScript runtime and challenge solver script distribution installed. Review any warnings presented before this message. For more details, refer to  https://github.com/yt-dlp/yt-dlp/wiki/EJS
WARNING: [youtube] YouTube said: ERROR - Precondition check failed.
WARNING: [youtube] HTTP Error 400: Bad Request. Retrying (1/3)...
WARNING: [youtube] YouTube said: ERROR - Precondition check failed.
WARNING: [youtube] HTTP Error 400: Bad Request. Retrying (2/3)...
WARNING: [youtube] YouTube said: ERROR - Precondition check failed.
WARNING: [youtube] HTTP Error 400: Bad Request. Retrying (3/3)...
WARNING: [youtube] YouTube said: ERROR - Precondition check failed.
WARNING: [youtube] Unable to download API page: HTTP Error 400: Bad Request (caused by <HTTPError 400: Bad Request>)
WARNING: [youtube] [jsc] Remote components challenge solver script (deno) and NPM package (deno) were skipped. These may be required to solve JS challenges. You can enable these downloads with  --remote-components ejs:github  (recommended) or  --remote-components ejs:npm , respectively. For more information and alternatives, refer to  https://github.com/yt-dlp/yt-dlp/wiki/EJS
WARNING: [youtube] eMbbVjGiSKk: n challenge solving failed: Some formats may be missing. Ensure you have a supported JavaScript runtime and challenge solver script distribution installed. Review any warnings presented before this message. For more details, refer to  https://github.com/yt-dlp/yt-dlp/wiki/EJS
WARNING: [youtube] YouTube said: ERROR - Precondition check failed.
WARNING: [youtube] HTTP Error 400: Bad Request. Retrying (1/3)...
WARNING: [youtube] YouTube said: ERROR - Precondition check failed.
WARNING: [youtube] HTTP Error 400: Bad Request. Retrying (2/3)...
WARNING: [youtube] YouTube said: ERROR - Precondition check failed.
WARNING: [youtube] HTTP Error 400: Bad Request. Retrying (3/3)...
WARNING: [youtube] YouTube said: ERROR - Precondition check failed.
WARNING: [youtube] Unable to download API page: HTTP Error 400: Bad Request (caused by <HTTPError 400: Bad Request>)
WARNING: [youtube] [jsc] Remote components challenge solver script (deno) and NPM package (deno) were skipped. These may be required to solve JS challenges. You can enable these downloads with  --remote-components ejs:github  (recommended) or  --remote-components ejs:npm , respectively. For more information and alternatives, refer to  https://github.com/yt-dlp/yt-dlp/wiki/EJS
WARNING: [youtube] EeyP9OFeWvg: n challenge solving failed: Some formats may be missing. Ensure you have a supported JavaScript runtime and challenge solver script distribution installed. Review any warnings presented before this message. For more details, refer to  https://github.com/yt-dlp/yt-dlp/wiki/EJS
WARNING: [youtube] YouTube said: ERROR - Precondition check failed.
WARNING: [youtube] HTTP Error 400: Bad Request. Retrying (1/3)...
WARNING: [youtube] YouTube said: ERROR - Precondition check failed.
WARNING: [youtube] HTTP Error 400: Bad Request. Retrying (2/3)...
WARNING: [youtube] YouTube said: ERROR - Precondition check failed.
WARNING: [youtube] HTTP Error 400: Bad Request. Retrying (3/3)...
WARNING: [youtube] YouTube said: ERROR - Precondition check failed.
WARNING: [youtube] Unable to download API page: HTTP Error 400: Bad Request (caused by <HTTPError 400: Bad Request>)
WARNING: [youtube] [jsc] Remote components challenge solver script (deno) and NPM package (deno) were skipped. These may be required to solve JS challenges. You can enable these downloads with  --remote-components ejs:github  (recommended) or  --remote-components ejs:npm , respectively. For more information and alternatives, refer to  https://github.com/yt-dlp/yt-dlp/wiki/EJS
WARNING: [youtube] pnTmK9j3CgQ: n challenge solving failed: Some formats may be missing. Ensure you have a supported JavaScript runtime and challenge solver script distribution installed. Review any warnings presented before this message. For more details, refer to  https://github.com/yt-dlp/yt-dlp/wiki/EJS
WARNING: [youtube] YouTube said: ERROR - Precondition check failed.
WARNING: [youtube] HTTP Error 400: Bad Request. Retrying (1/3)...
WARNING: [youtube] YouTube said: ERROR - Precondition check failed.
WARNING: [youtube] HTTP Error 400: Bad Request. Retrying (2/3)...
WARNING: [youtube] YouTube said: ERROR - Precondition check failed.
WARNING: [youtube] HTTP Error 400: Bad Request. Retrying (3/3)...
WARNING: [youtube] YouTube said: ERROR - Precondition check failed.
WARNING: [youtube] Unable to download API page: HTTP Error 400: Bad Request (caused by <HTTPError 400: Bad Request>)
WARNING: [youtube] [jsc] Remote components challenge solver script (deno) and NPM package (deno) were skipped. These may be required to solve JS challenges. You can enable these downloads with  --remote-components ejs:github  (recommended) or  --remote-components ejs:npm , respectively. For more information and alternatives, refer to  https://github.com/yt-dlp/yt-dlp/wiki/EJS
WARNING: [youtube] Zsk9Y3kBJxY: n challenge solving failed: Some formats may be missing. Ensure you have a supported JavaScript runtime and challenge solver script distribution installed. Review any warnings presented before this message. For more details, refer to  https://github.com/yt-dlp/yt-dlp/wiki/EJS
WARNING: [youtube] YouTube said: ERROR - Precondition check failed.
WARNING: [youtube] HTTP Error 400: Bad Request. Retrying (1/3)...
WARNING: [youtube] YouTube said: ERROR - Precondition check failed.
WARNING: [youtube] HTTP Error 400: Bad Request. Retrying (2/3)...
WARNING: [youtube] YouTube said: ERROR - Precondition check failed.
WARNING: [youtube] HTTP Error 400: Bad Request. Retrying (3/3)...
WARNING: [youtube] YouTube said: ERROR - Precondition check failed.
WARNING: [youtube] Unable to download API page: HTTP Error 400: Bad Request (caused by <HTTPError 400: Bad Request>)
WARNING: [youtube] [jsc] Remote components challenge solver script (deno) and NPM package (deno) were skipped. These may be required to solve JS challenges. You can enable these downloads with  --remote-components ejs:github  (recommended) or  --remote-components ejs:npm , respectively. For more information and alternatives, refer to  https://github.com/yt-dlp/yt-dlp/wiki/EJS
WARNING: [youtube] jY28IYXqkYE: n challenge solving failed: Some formats may be missing. Ensure you have a supported JavaScript runtime and challenge solver script distribution installed. Review any warnings presented before this message. For more details, refer to  https://github.com/yt-dlp/yt-dlp/wiki/EJS
WARNING: [youtube] YouTube said: ERROR - Precondition check failed.
WARNING: [youtube] HTTP Error 400: Bad Request. Retrying (1/3)...
WARNING: [youtube] YouTube said: ERROR - Precondition check failed.
WARNING: [youtube] HTTP Error 400: Bad Request. Retrying (2/3)...
WARNING: [youtube] YouTube said: ERROR - Precondition check failed.
WARNING: [youtube] HTTP Error 400: Bad Request. Retrying (3/3)...
WARNING: [youtube] YouTube said: ERROR - Precondition check failed.
WARNING: [youtube] Unable to download API page: HTTP Error 400: Bad Request (caused by <HTTPError 400: Bad Request>)
WARNING: [youtube] [jsc] Remote components challenge solver script (deno) and NPM package (deno) were skipped. These may be required to solve JS challenges. You can enable these downloads with  --remote-components ejs:github  (recommended) or  --remote-components ejs:npm , respectively. For more information and alternatives, refer to  https://github.com/yt-dlp/yt-dlp/wiki/EJS
WARNING: [youtube] ri8WGlLcR4A: n challenge solving failed: Some formats may be missing. Ensure you have a supported JavaScript runtime and challenge solver script distribution installed. Review any warnings presented before this message. For more details, refer to  https://github.com/yt-dlp/yt-dlp/wiki/EJS
WARNING: [youtube] YouTube said: ERROR - Precondition check failed.
WARNING: [youtube] HTTP Error 400: Bad Request. Retrying (1/3)...
WARNING: [youtube] YouTube said: ERROR - Precondition check failed.
WARNING: [youtube] HTTP Error 400: Bad Request. Retrying (2/3)...
WARNING: [youtube] YouTube said: ERROR - Precondition check failed.
WARNING: [youtube] HTTP Error 400: Bad Request. Retrying (3/3)...
WARNING: [youtube] YouTube said: ERROR - Precondition check failed.
WARNING: [youtube] Unable to download API page: HTTP Error 400: Bad Request (caused by <HTTPError 400: Bad Request>)
WARNING: [youtube] [jsc] Remote components challenge solver script (deno) and NPM package (deno) were skipped. These may be required to solve JS challenges. You can enable these downloads with  --remote-components ejs:github  (recommended) or  --remote-components ejs:npm , respectively. For more information and alternatives, refer to  https://github.com/yt-dlp/yt-dlp/wiki/EJS
WARNING: [youtube] DIBdhoPVKbc: n challenge solving failed: Some formats may be missing. Ensure you have a supported JavaScript runtime and challenge solver script distribution installed. Review any warnings presented before this message. For more details, refer to  https://github.com/yt-dlp/yt-dlp/wiki/EJS
WARNING: [youtube] YouTube said: ERROR - Precondition check failed.
WARNING: [youtube] HTTP Error 400: Bad Request. Retrying (1/3)...
WARNING: [youtube] YouTube said: ERROR - Precondition check failed.
WARNING: [youtube] HTTP Error 400: Bad Request. Retrying (2/3)...
WARNING: [youtube] YouTube said: ERROR - Precondition check failed.
WARNING: [youtube] HTTP Error 400: Bad Request. Retrying (3/3)...
WARNING: [youtube] YouTube said: ERROR - Precondition check failed.
WARNING: [youtube] Unable to download API page: HTTP Error 400: Bad Request (caused by <HTTPError 400: Bad Request>)
WARNING: [youtube] [jsc] Remote components challenge solver script (deno) and NPM package (deno) were skipped. These may be required to solve JS challenges. You can enable these downloads with  --remote-components ejs:github  (recommended) or  --remote-components ejs:npm , respectively. For more information and alternatives, refer to  https://github.com/yt-dlp/yt-dlp/wiki/EJS
WARNING: [youtube] hQZcQVI_708: n challenge solving failed: Some formats may be missing. Ensure you have a supported JavaScript runtime and challenge solver script distribution installed. Review any warnings presented before this message. For more details, refer to  https://github.com/yt-dlp/yt-dlp/wiki/EJS
WARNING: [youtube] YouTube said: ERROR - Precondition check failed.
WARNING: [youtube] HTTP Error 400: Bad Request. Retrying (1/3)...
WARNING: [youtube] YouTube said: ERROR - Precondition check failed.
WARNING: [youtube] HTTP Error 400: Bad Request. Retrying (2/3)...
WARNING: [youtube] YouTube said: ERROR - Precondition check failed.
WARNING: [youtube] HTTP Error 400: Bad Request. Retrying (3/3)...
WARNING: [youtube] YouTube said: ERROR - Precondition check failed.
WARNING: [youtube] Unable to download API page: HTTP Error 400: Bad Request (caused by <HTTPError 400: Bad Request>)
WARNING: [youtube] Y52ymq2U4wo: Some android_vr client https formats have been skipped as they are missing a URL. YouTube may have enabled the SABR-only streaming experiment for the current session. See  https://github.com/yt-dlp/yt-dlp/issues/12482  for more details
WARNING: [youtube] [jsc] Remote components challenge solver script (deno) and NPM package (deno) were skipped. These may be required to solve JS challenges. You can enable these downloads with  --remote-components ejs:github  (recommended) or  --remote-components ejs:npm , respectively. For more information and alternatives, refer to  https://github.com/yt-dlp/yt-dlp/wiki/EJS
WARNING: [youtube] Y52ymq2U4wo: n challenge solving failed: Some formats may be missing. Ensure you have a supported JavaScript runtime and challenge solver script distribution installed. Review any warnings presented before this message. For more details, refer to  https://github.com/yt-dlp/yt-dlp/wiki/EJS
WARNING: [youtube] YouTube said: ERROR - Precondition check failed.
WARNING: [youtube] HTTP Error 400: Bad Request. Retrying (1/3)...
WARNING: [youtube] YouTube said: ERROR - Precondition check failed.
WARNING: [youtube] HTTP Error 400: Bad Request. Retrying (2/3)...
WARNING: [youtube] YouTube said: ERROR - Precondition check failed.
WARNING: [youtube] HTTP Error 400: Bad Request. Retrying (3/3)...
WARNING: [youtube] YouTube said: ERROR - Precondition check failed.
WARNING: [youtube] Unable to download API page: HTTP Error 400: Bad Request (caused by <HTTPError 400: Bad Request>)
WARNING: [youtube] [jsc] Remote components challenge solver script (deno) and NPM package (deno) were skipped. These may be required to solve JS challenges. You can enable these downloads with  --remote-components ejs:github  (recommended) or  --remote-components ejs:npm , respectively. For more information and alternatives, refer to  https://github.com/yt-dlp/yt-dlp/wiki/EJS
WARNING: [youtube] BJYuJl2i-O0: n challenge solving failed: Some formats may be missing. Ensure you have a supported JavaScript runtime and challenge solver script distribution installed. Review any warnings presented before this message. For more details, refer to  https://github.com/yt-dlp/yt-dlp/wiki/EJS
WARNING: [youtube] YouTube said: ERROR - Precondition check failed.
WARNING: [youtube] HTTP Error 400: Bad Request. Retrying (1/3)...
WARNING: [youtube] YouTube said: ERROR - Precondition check failed.
WARNING: [youtube] HTTP Error 400: Bad Request. Retrying (2/3)...
WARNING: [youtube] YouTube said: ERROR - Precondition check failed.
WARNING: [youtube] HTTP Error 400: Bad Request. Retrying (3/3)...
WARNING: [youtube] YouTube said: ERROR - Precondition check failed.
WARNING: [youtube] Unable to download API page: HTTP Error 400: Bad Request (caused by <HTTPError 400: Bad Request>)
WARNING: [youtube] [jsc] Remote components challenge solver script (deno) and NPM package (deno) were skipped. These may be required to solve JS challenges. You can enable these downloads with  --remote-components ejs:github  (recommended) or  --remote-components ejs:npm , respectively. For more information and alternatives, refer to  https://github.com/yt-dlp/yt-dlp/wiki/EJS
WARNING: [youtube] 0Vj5BDQ9JhE: n challenge solving failed: Some formats may be missing. Ensure you have a supported JavaScript runtime and challenge solver script distribution installed. Review any warnings presented before this message. For more details, refer to  https://github.com/yt-dlp/yt-dlp/wiki/EJS
WARNING: [youtube] YouTube said: ERROR - Precondition check failed.
WARNING: [youtube] HTTP Error 400: Bad Request. Retrying (1/3)...
WARNING: [youtube] YouTube said: ERROR - Precondition check failed.
WARNING: [youtube] HTTP Error 400: Bad Request. Retrying (2/3)...
WARNING: [youtube] YouTube said: ERROR - Precondition check failed.
WARNING: [youtube] HTTP Error 400: Bad Request. Retrying (3/3)...
WARNING: [youtube] YouTube said: ERROR - Precondition check failed.
WARNING: [youtube] Unable to download API page: HTTP Error 400: Bad Request (caused by <HTTPError 400: Bad Request>)
WARNING: [youtube] [jsc] Remote components challenge solver script (deno) and NPM package (deno) were skipped. These may be required to solve JS challenges. You can enable these downloads with  --remote-components ejs:github  (recommended) or  --remote-components ejs:npm , respectively. For more information and alternatives, refer to  https://github.com/yt-dlp/yt-dlp/wiki/EJS
WARNING: [youtube] S8mxMVZj-Qc: n challenge solving failed: Some formats may be missing. Ensure you have a supported JavaScript runtime and challenge solver script distribution installed. Review any warnings presented before this message. For more details, refer to  https://github.com/yt-dlp/yt-dlp/wiki/EJS
WARNING: [youtube] YouTube said: ERROR - Precondition check failed.
WARNING: [youtube] HTTP Error 400: Bad Request. Retrying (1/3)...
WARNING: [youtube] YouTube said: ERROR - Precondition check failed.
WARNING: [youtube] HTTP Error 400: Bad Request. Retrying (2/3)...
WARNING: [youtube] YouTube said: ERROR - Precondition check failed.
WARNING: [youtube] HTTP Error 400: Bad Request. Retrying (3/3)...
WARNING: [youtube] YouTube said: ERROR - Precondition check failed.
WARNING: [youtube] Unable to download API page: HTTP Error 400: Bad Request (caused by <HTTPError 400: Bad Request>)
WARNING: [youtube] [jsc] Remote components challenge solver script (deno) and NPM package (deno) were skipped. These may be required to solve JS challenges. You can enable these downloads with  --remote-components ejs:github  (recommended) or  --remote-components ejs:npm , respectively. For more information and alternatives, refer to  https://github.com/yt-dlp/yt-dlp/wiki/EJS
WARNING: [youtube] PLdKrC0gzSs: n challenge solving failed: Some formats may be missing. Ensure you have a supported JavaScript runtime and challenge solver script distribution installed. Review any warnings presented before this message. For more details, refer to  https://github.com/yt-dlp/yt-dlp/wiki/EJS
WARNING: The extractor specified to use impersonation for this download, but no impersonate target is available. If you encounter errors, then see  https://github.com/yt-dlp/yt-dlp#impersonation  for information on installing the required dependencies
[阿銘師x針還傳] 完成 (共 1 個字幕)

[胡乃文開示] 抓取中...
WARNING: [youtube] YouTube said: ERROR - Precondition check failed.
WARNING: [youtube] HTTP Error 400: Bad Request. Retrying (1/3)...
WARNING: [youtube] YouTube said: ERROR - Precondition check failed.
WARNING: [youtube] HTTP Error 400: Bad Request. Retrying (2/3)...
WARNING: [youtube] YouTube said: ERROR - Precondition check failed.
WARNING: [youtube] HTTP Error 400: Bad Request. Retrying (3/3)...
WARNING: [youtube] YouTube said: ERROR - Precondition check failed.
WARNING: [youtube] Unable to download API page: HTTP Error 400: Bad Request (caused by <HTTPError 400: Bad Request>)
ERROR: [youtube] fFDJcicBBPA: Join this channel to get access to members-only content like this video, and other exclusive perks.
WARNING: [youtube] YouTube said: ERROR - Precondition check failed.
WARNING: [youtube] HTTP Error 400: Bad Request. Retrying (1/3)...
WARNING: [youtube] YouTube said: ERROR - Precondition check failed.
WARNING: [youtube] HTTP Error 400: Bad Request. Retrying (2/3)...
WARNING: [youtube] YouTube said: ERROR - Precondition check failed.
WARNING: [youtube] HTTP Error 400: Bad Request. Retrying (3/3)...
WARNING: [youtube] YouTube said: ERROR - Precondition check failed.
WARNING: [youtube] Unable to download API page: HTTP Error 400: Bad Request (caused by <HTTPError 400: Bad Request>)
ERROR: [youtube] YiV3krI8Uo8: Join this channel to get access to members-only content like this video, and other exclusive perks.
WARNING: [youtube] YouTube said: ERROR - Precondition check failed.
WARNING: [youtube] HTTP Error 400: Bad Request. Retrying (1/3)...
WARNING: [youtube] YouTube said: ERROR - Precondition check failed.
WARNING: [youtube] HTTP Error 400: Bad Request. Retrying (2/3)...
WARNING: [youtube] YouTube said: ERROR - Precondition check failed.
WARNING: [youtube] HTTP Error 400: Bad Request. Retrying (3/3)...
WARNING: [youtube] YouTube said: ERROR - Precondition check failed.
WARNING: [youtube] Unable to download API page: HTTP Error 400: Bad Request (caused by <HTTPError 400: Bad Request>)
ERROR: [youtube] IueYJNnZSJU: Join this channel to get access to members-only content like this video, and other exclusive perks.
WARNING: [youtube] YouTube said: ERROR - Precondition check failed.
WARNING: [youtube] HTTP Error 400: Bad Request. Retrying (1/3)...
WARNING: [youtube] YouTube said: ERROR - Precondition check failed.
WARNING: [youtube] HTTP Error 400: Bad Request. Retrying (2/3)...
WARNING: [youtube] YouTube said: ERROR - Precondition check failed.
WARNING: [youtube] HTTP Error 400: Bad Request. Retrying (3/3)...
WARNING: [youtube] YouTube said: ERROR - Precondition check failed.
WARNING: [youtube] Unable to download API page: HTTP Error 400: Bad Request (caused by <HTTPError 400: Bad Request>)
ERROR: [youtube] WlT5xtjvdv4: Join this channel to get access to members-only content like this video, and other exclusive perks.
WARNING: [youtube] YouTube said: ERROR - Precondition check failed.
WARNING: [youtube] HTTP Error 400: Bad Request. Retrying (1/3)...
WARNING: [youtube] YouTube said: ERROR - Precondition check failed.
WARNING: [youtube] HTTP Error 400: Bad Request. Retrying (2/3)...
WARNING: [youtube] YouTube said: ERROR - Precondition check failed.
WARNING: [youtube] HTTP Error 400: Bad Request. Retrying (3/3)...
WARNING: [youtube] YouTube said: ERROR - Precondition check failed.
WARNING: [youtube] Unable to download API page: HTTP Error 400: Bad Request (caused by <HTTPError 400: Bad Request>)
ERROR: [youtube] LTvQ65J1FJg: Join this channel to get access to members-only content like this video, and other exclusive perks.
WARNING: [youtube] YouTube said: ERROR - Precondition check failed.
WARNING: [youtube] HTTP Error 400: Bad Request. Retrying (1/3)...
WARNING: [youtube] YouTube said: ERROR - Precondition check failed.
WARNING: [youtube] HTTP Error 400: Bad Request. Retrying (2/3)...
WARNING: [youtube] YouTube said: ERROR - Precondition check failed.
WARNING: [youtube] HTTP Error 400: Bad Request. Retrying (3/3)...
WARNING: [youtube] YouTube said: ERROR - Precondition check failed.
WARNING: [youtube] Unable to download API page: HTTP Error 400: Bad Request (caused by <HTTPError 400: Bad Request>)
ERROR: [youtube] f67fcVPBO1E: Join this channel to get access to members-only content like this video, and other exclusive perks.
WARNING: [youtube] YouTube said: ERROR - Precondition check failed.
WARNING: [youtube] HTTP Error 400: Bad Request. Retrying (1/3)...
WARNING: [youtube] YouTube said: ERROR - Precondition check failed.
WARNING: [youtube] HTTP Error 400: Bad Request. Retrying (2/3)...
WARNING: [youtube] YouTube said: ERROR - Precondition check failed.
WARNING: [youtube] HTTP Error 400: Bad Request. Retrying (3/3)...
WARNING: [youtube] YouTube said: ERROR - Precondition check failed.
WARNING: [youtube] Unable to download API page: HTTP Error 400: Bad Request (caused by <HTTPError 400: Bad Request>)
ERROR: [youtube] cjdf50O2drE: Join this channel to get access to members-only content like this video, and other exclusive perks.
WARNING: [youtube] YouTube said: ERROR - Precondition check failed.
WARNING: [youtube] HTTP Error 400: Bad Request. Retrying (1/3)...
WARNING: [youtube] YouTube said: ERROR - Precondition check failed.
WARNING: [youtube] HTTP Error 400: Bad Request. Retrying (2/3)...
WARNING: [youtube] YouTube said: ERROR - Precondition check failed.
WARNING: [youtube] HTTP Error 400: Bad Request. Retrying (3/3)...
WARNING: [youtube] YouTube said: ERROR - Precondition check failed.
WARNING: [youtube] Unable to download API page: HTTP Error 400: Bad Request (caused by <HTTPError 400: Bad Request>)
WARNING: [youtube] [jsc] Remote components challenge solver script (deno) and NPM package (deno) were skipped. These may be required to solve JS challenges. You can enable these downloads with  --remote-components ejs:github  (recommended) or  --remote-components ejs:npm , respectively. For more information and alternatives, refer to  https://github.com/yt-dlp/yt-dlp/wiki/EJS
WARNING: [youtube] nof-TrA52bc: n challenge solving failed: Some formats may be missing. Ensure you have a supported JavaScript runtime and challenge solver script distribution installed. Review any warnings presented before this message. For more details, refer to  https://github.com/yt-dlp/yt-dlp/wiki/EJS
WARNING: The extractor specified to use impersonation for this download, but no impersonate target is available. If you encounter errors, then see  https://github.com/yt-dlp/yt-dlp#impersonation  for information on installing the required dependencies
WARNING: The extractor specified to use impersonation for this download, but no impersonate target is available. If you encounter errors, then see  https://github.com/yt-dlp/yt-dlp#impersonation  for information on installing the required dependencies
WARNING: [youtube] YouTube said: ERROR - Precondition check failed.
WARNING: [youtube] HTTP Error 400: Bad Request. Retrying (1/3)...
WARNING: [youtube] YouTube said: ERROR - Precondition check failed.
WARNING: [youtube] HTTP Error 400: Bad Request. Retrying (2/3)...
WARNING: [youtube] YouTube said: ERROR - Precondition check failed.
WARNING: [youtube] HTTP Error 400: Bad Request. Retrying (3/3)...
WARNING: [youtube] YouTube said: ERROR - Precondition check failed.
WARNING: [youtube] Unable to download API page: HTTP Error 400: Bad Request (caused by <HTTPError 400: Bad Request>)
ERROR: [youtube] I4HlKuo-RDw: Join this channel to get access to members-only content like this video, and other exclusive perks.
WARNING: [youtube] YouTube said: ERROR - Precondition check failed.
WARNING: [youtube] HTTP Error 400: Bad Request. Retrying (1/3)...
WARNING: [youtube] YouTube said: ERROR - Precondition check failed.
WARNING: [youtube] HTTP Error 400: Bad Request. Retrying (2/3)...
WARNING: [youtube] YouTube said: ERROR - Precondition check failed.
WARNING: [youtube] HTTP Error 400: Bad Request. Retrying (3/3)...
WARNING: [youtube] YouTube said: ERROR - Precondition check failed.
WARNING: [youtube] Unable to download API page: HTTP Error 400: Bad Request (caused by <HTTPError 400: Bad Request>)
WARNING: [youtube] [jsc] Remote components challenge solver script (deno) and NPM package (deno) were skipped. These may be required to solve JS challenges. You can enable these downloads with  --remote-components ejs:github  (recommended) or  --remote-components ejs:npm , respectively. For more information and alternatives, refer to  https://github.com/yt-dlp/yt-dlp/wiki/EJS
WARNING: [youtube] HFTvH3lb_Uw: n challenge solving failed: Some formats may be missing. Ensure you have a supported JavaScript runtime and challenge solver script distribution installed. Review any warnings presented before this message. For more details, refer to  https://github.com/yt-dlp/yt-dlp/wiki/EJS
WARNING: The extractor specified to use impersonation for this download, but no impersonate target is available. If you encounter errors, then see  https://github.com/yt-dlp/yt-dlp#impersonation  for information on installing the required dependencies
WARNING: The extractor specified to use impersonation for this download, but no impersonate target is available. If you encounter errors, then see  https://github.com/yt-dlp/yt-dlp#impersonation  for information on installing the required dependencies
WARNING: [youtube] YouTube said: ERROR - Precondition check failed.
WARNING: [youtube] HTTP Error 400: Bad Request. Retrying (1/3)...
WARNING: [youtube] YouTube said: ERROR - Precondition check failed.
WARNING: [youtube] HTTP Error 400: Bad Request. Retrying (2/3)...
WARNING: [youtube] YouTube said: ERROR - Precondition check failed.
WARNING: [youtube] HTTP Error 400: Bad Request. Retrying (3/3)...
WARNING: [youtube] YouTube said: ERROR - Precondition check failed.
WARNING: [youtube] Unable to download API page: HTTP Error 400: Bad Request (caused by <HTTPError 400: Bad Request>)
WARNING: [youtube] [jsc] Remote components challenge solver script (deno) and NPM package (deno) were skipped. These may be required to solve JS challenges. You can enable these downloads with  --remote-components ejs:github  (recommended) or  --remote-components ejs:npm , respectively. For more information and alternatives, refer to  https://github.com/yt-dlp/yt-dlp/wiki/EJS
WARNING: [youtube] vWMYdkHdhmc: n challenge solving failed: Some formats may be missing. Ensure you have a supported JavaScript runtime and challenge solver script distribution installed. Review any warnings presented before this message. For more details, refer to  https://github.com/yt-dlp/yt-dlp/wiki/EJS
WARNING: The extractor specified to use impersonation for this download, but no impersonate target is available. If you encounter errors, then see  https://github.com/yt-dlp/yt-dlp#impersonation  for information on installing the required dependencies
WARNING: The extractor specified to use impersonation for this download, but no impersonate target is available. If you encounter errors, then see  https://github.com/yt-dlp/yt-dlp#impersonation  for information on installing the required dependencies
WARNING: [youtube] YouTube said: ERROR - Precondition check failed.
WARNING: [youtube] HTTP Error 400: Bad Request. Retrying (1/3)...
WARNING: [youtube] YouTube said: ERROR - Precondition check failed.
WARNING: [youtube] HTTP Error 400: Bad Request. Retrying (2/3)...
WARNING: [youtube] YouTube said: ERROR - Precondition check failed.
WARNING: [youtube] HTTP Error 400: Bad Request. Retrying (3/3)...
WARNING: [youtube] YouTube said: ERROR - Precondition check failed.
WARNING: [youtube] Unable to download API page: HTTP Error 400: Bad Request (caused by <HTTPError 400: Bad Request>)
ERROR: [youtube] Txlg-sxwReA: Join this channel to get access to members-only content like this video, and other exclusive perks.
WARNING: [youtube] YouTube said: ERROR - Precondition check failed.
WARNING: [youtube] HTTP Error 400: Bad Request. Retrying (1/3)...
WARNING: [youtube] YouTube said: ERROR - Precondition check failed.
WARNING: [youtube] HTTP Error 400: Bad Request. Retrying (2/3)...
WARNING: [youtube] YouTube said: ERROR - Precondition check failed.
WARNING: [youtube] HTTP Error 400: Bad Request. Retrying (3/3)...
WARNING: [youtube] YouTube said: ERROR - Precondition check failed.
WARNING: [youtube] Unable to download API page: HTTP Error 400: Bad Request (caused by <HTTPError 400: Bad Request>)
WARNING: [youtube] [jsc] Remote components challenge solver script (deno) and NPM package (deno) were skipped. These may be required to solve JS challenges. You can enable these downloads with  --remote-components ejs:github  (recommended) or  --remote-components ejs:npm , respectively. For more information and alternatives, refer to  https://github.com/yt-dlp/yt-dlp/wiki/EJS
WARNING: [youtube] D8FdDx-qkuc: n challenge solving failed: Some formats may be missing. Ensure you have a supported JavaScript runtime and challenge solver script distribution installed. Review any warnings presented before this message. For more details, refer to  https://github.com/yt-dlp/yt-dlp/wiki/EJS
WARNING: The extractor specified to use impersonation for this download, but no impersonate target is available. If you encounter errors, then see  https://github.com/yt-dlp/yt-dlp#impersonation  for information on installing the required dependencies
WARNING: The extractor specified to use impersonation for this download, but no impersonate target is available. If you encounter errors, then see  https://github.com/yt-dlp/yt-dlp#impersonation  for information on installing the required dependencies
WARNING: [youtube] YouTube said: ERROR - Precondition check failed.
WARNING: [youtube] HTTP Error 400: Bad Request. Retrying (1/3)...
WARNING: [youtube] YouTube said: ERROR - Precondition check failed.
WARNING: [youtube] HTTP Error 400: Bad Request. Retrying (2/3)...
WARNING: [youtube] YouTube said: ERROR - Precondition check failed.
WARNING: [youtube] HTTP Error 400: Bad Request. Retrying (3/3)...
WARNING: [youtube] YouTube said: ERROR - Precondition check failed.
WARNING: [youtube] Unable to download API page: HTTP Error 400: Bad Request (caused by <HTTPError 400: Bad Request>)
WARNING: [youtube] [jsc] Remote components challenge solver script (deno) and NPM package (deno) were skipped. These may be required to solve JS challenges. You can enable these downloads with  --remote-components ejs:github  (recommended) or  --remote-components ejs:npm , respectively. For more information and alternatives, refer to  https://github.com/yt-dlp/yt-dlp/wiki/EJS
WARNING: [youtube] rC3Bc-miRbQ: n challenge solving failed: Some formats may be missing. Ensure you have a supported JavaScript runtime and challenge solver script distribution installed. Review any warnings presented before this message. For more details, refer to  https://github.com/yt-dlp/yt-dlp/wiki/EJS
WARNING: The extractor specified to use impersonation for this download, but no impersonate target is available. If you encounter errors, then see  https://github.com/yt-dlp/yt-dlp#impersonation  for information on installing the required dependencies
WARNING: The extractor specified to use impersonation for this download, but no impersonate target is available. If you encounter errors, then see  https://github.com/yt-dlp/yt-dlp#impersonation  for information on installing the required dependencies
WARNING: [youtube] YouTube said: ERROR - Precondition check failed.
WARNING: [youtube] HTTP Error 400: Bad Request. Retrying (1/3)...
WARNING: [youtube] YouTube said: ERROR - Precondition check failed.
WARNING: [youtube] HTTP Error 400: Bad Request. Retrying (2/3)...
WARNING: [youtube] YouTube said: ERROR - Precondition check failed.
WARNING: [youtube] HTTP Error 400: Bad Request. Retrying (3/3)...
WARNING: [youtube] YouTube said: ERROR - Precondition check failed.
WARNING: [youtube] Unable to download API page: HTTP Error 400: Bad Request (caused by <HTTPError 400: Bad Request>)
WARNING: [youtube] [jsc] Remote components challenge solver script (deno) and NPM package (deno) were skipped. These may be required to solve JS challenges. You can enable these downloads with  --remote-components ejs:github  (recommended) or  --remote-components ejs:npm , respectively. For more information and alternatives, refer to  https://github.com/yt-dlp/yt-dlp/wiki/EJS
WARNING: [youtube] dT8hdimWWSw: n challenge solving failed: Some formats may be missing. Ensure you have a supported JavaScript runtime and challenge solver script distribution installed. Review any warnings presented before this message. For more details, refer to  https://github.com/yt-dlp/yt-dlp/wiki/EJS
WARNING: The extractor specified to use impersonation for this download, but no impersonate target is available. If you encounter errors, then see  https://github.com/yt-dlp/yt-dlp#impersonation  for information on installing the required dependencies
WARNING: The extractor specified to use impersonation for this download, but no impersonate target is available. If you encounter errors, then see  https://github.com/yt-dlp/yt-dlp#impersonation  for information on installing the required dependencies
WARNING: [youtube] YouTube said: ERROR - Precondition check failed.
WARNING: [youtube] HTTP Error 400: Bad Request. Retrying (1/3)...
WARNING: [youtube] YouTube said: ERROR - Precondition check failed.
WARNING: [youtube] HTTP Error 400: Bad Request. Retrying (2/3)...
WARNING: [youtube] YouTube said: ERROR - Precondition check failed.
WARNING: [youtube] HTTP Error 400: Bad Request. Retrying (3/3)...
WARNING: [youtube] YouTube said: ERROR - Precondition check failed.
WARNING: [youtube] Unable to download API page: HTTP Error 400: Bad Request (caused by <HTTPError 400: Bad Request>)
ERROR: [youtube] BjEoIkHYmmE: Join this channel to get access to members-only content like this video, and other exclusive perks.
WARNING: [youtube] YouTube said: ERROR - Precondition check failed.
WARNING: [youtube] HTTP Error 400: Bad Request. Retrying (1/3)...
WARNING: [youtube] YouTube said: ERROR - Precondition check failed.
WARNING: [youtube] HTTP Error 400: Bad Request. Retrying (2/3)...
WARNING: [youtube] YouTube said: ERROR - Precondition check failed.
WARNING: [youtube] HTTP Error 400: Bad Request. Retrying (3/3)...
WARNING: [youtube] YouTube said: ERROR - Precondition check failed.
WARNING: [youtube] Unable to download API page: HTTP Error 400: Bad Request (caused by <HTTPError 400: Bad Request>)
WARNING: [youtube] [jsc] Remote components challenge solver script (deno) and NPM package (deno) were skipped. These may be required to solve JS challenges. You can enable these downloads with  --remote-components ejs:github  (recommended) or  --remote-components ejs:npm , respectively. For more information and alternatives, refer to  https://github.com/yt-dlp/yt-dlp/wiki/EJS
WARNING: [youtube] kceyh_MyRAk: n challenge solving failed: Some formats may be missing. Ensure you have a supported JavaScript runtime and challenge solver script distribution installed. Review any warnings presented before this message. For more details, refer to  https://github.com/yt-dlp/yt-dlp/wiki/EJS
WARNING: The extractor specified to use impersonation for this download, but no impersonate target is available. If you encounter errors, then see  https://github.com/yt-dlp/yt-dlp#impersonation  for information on installing the required dependencies
WARNING: The extractor specified to use impersonation for this download, but no impersonate target is available. If you encounter errors, then see  https://github.com/yt-dlp/yt-dlp#impersonation  for information on installing the required dependencies
WARNING: [youtube] YouTube said: ERROR - Precondition check failed.
WARNING: [youtube] HTTP Error 400: Bad Request. Retrying (1/3)...
WARNING: [youtube] YouTube said: ERROR - Precondition check failed.
WARNING: [youtube] HTTP Error 400: Bad Request. Retrying (2/3)...
WARNING: [youtube] YouTube said: ERROR - Precondition check failed.
WARNING: [youtube] HTTP Error 400: Bad Request. Retrying (3/3)...
WARNING: [youtube] YouTube said: ERROR - Precondition check failed.
WARNING: [youtube] Unable to download API page: HTTP Error 400: Bad Request (caused by <HTTPError 400: Bad Request>)
WARNING: [youtube] [jsc] Remote components challenge solver script (deno) and NPM package (deno) were skipped. These may be required to solve JS challenges. You can enable these downloads with  --remote-components ejs:github  (recommended) or  --remote-components ejs:npm , respectively. For more information and alternatives, refer to  https://github.com/yt-dlp/yt-dlp/wiki/EJS
WARNING: [youtube] rSKltWG2fKY: n challenge solving failed: Some formats may be missing. Ensure you have a supported JavaScript runtime and challenge solver script distribution installed. Review any warnings presented before this message. For more details, refer to  https://github.com/yt-dlp/yt-dlp/wiki/EJS
WARNING: The extractor specified to use impersonation for this download, but no impersonate target is available. If you encounter errors, then see  https://github.com/yt-dlp/yt-dlp#impersonation  for information on installing the required dependencies
WARNING: The extractor specified to use impersonation for this download, but no impersonate target is available. If you encounter errors, then see  https://github.com/yt-dlp/yt-dlp#impersonation  for information on installing the required dependencies
WARNING: [youtube] YouTube said: ERROR - Precondition check failed.
WARNING: [youtube] HTTP Error 400: Bad Request. Retrying (1/3)...
WARNING: [youtube] YouTube said: ERROR - Precondition check failed.
WARNING: [youtube] HTTP Error 400: Bad Request. Retrying (2/3)...
WARNING: [youtube] YouTube said: ERROR - Precondition check failed.
WARNING: [youtube] HTTP Error 400: Bad Request. Retrying (3/3)...
WARNING: [youtube] YouTube said: ERROR - Precondition check failed.
WARNING: [youtube] Unable to download API page: HTTP Error 400: Bad Request (caused by <HTTPError 400: Bad Request>)
ERROR: [youtube] pxvfTqLRHqA: Join this channel to get access to members-only content like this video, and other exclusive perks.
WARNING: [youtube] YouTube said: ERROR - Precondition check failed.
WARNING: [youtube] HTTP Error 400: Bad Request. Retrying (1/3)...
WARNING: [youtube] YouTube said: ERROR - Precondition check failed.
WARNING: [youtube] HTTP Error 400: Bad Request. Retrying (2/3)...
WARNING: [youtube] YouTube said: ERROR - Precondition check failed.
WARNING: [youtube] HTTP Error 400: Bad Request. Retrying (3/3)...
WARNING: [youtube] YouTube said: ERROR - Precondition check failed.
WARNING: [youtube] Unable to download API page: HTTP Error 400: Bad Request (caused by <HTTPError 400: Bad Request>)
WARNING: [youtube] [jsc] Remote components challenge solver script (deno) and NPM package (deno) were skipped. These may be required to solve JS challenges. You can enable these downloads with  --remote-components ejs:github  (recommended) or  --remote-components ejs:npm , respectively. For more information and alternatives, refer to  https://github.com/yt-dlp/yt-dlp/wiki/EJS
WARNING: [youtube] Wtd3p-hCiNU: n challenge solving failed: Some formats may be missing. Ensure you have a supported JavaScript runtime and challenge solver script distribution installed. Review any warnings presented before this message. For more details, refer to  https://github.com/yt-dlp/yt-dlp/wiki/EJS
WARNING: The extractor specified to use impersonation for this download, but no impersonate target is available. If you encounter errors, then see  https://github.com/yt-dlp/yt-dlp#impersonation  for information on installing the required dependencies
WARNING: The extractor specified to use impersonation for this download, but no impersonate target is available. If you encounter errors, then see  https://github.com/yt-dlp/yt-dlp#impersonation  for information on installing the required dependencies
WARNING: [youtube] YouTube said: ERROR - Precondition check failed.
WARNING: [youtube] HTTP Error 400: Bad Request. Retrying (1/3)...
WARNING: [youtube] YouTube said: ERROR - Precondition check failed.
WARNING: [youtube] HTTP Error 400: Bad Request. Retrying (2/3)...
WARNING: [youtube] YouTube said: ERROR - Precondition check failed.
WARNING: [youtube] HTTP Error 400: Bad Request. Retrying (3/3)...
WARNING: [youtube] YouTube said: ERROR - Precondition check failed.
WARNING: [youtube] Unable to download API page: HTTP Error 400: Bad Request (caused by <HTTPError 400: Bad Request>)
WARNING: [youtube] [jsc] Remote components challenge solver script (deno) and NPM package (deno) were skipped. These may be required to solve JS challenges. You can enable these downloads with  --remote-components ejs:github  (recommended) or  --remote-components ejs:npm , respectively. For more information and alternatives, refer to  https://github.com/yt-dlp/yt-dlp/wiki/EJS
WARNING: [youtube] JzBpWBD8_I8: n challenge solving failed: Some formats may be missing. Ensure you have a supported JavaScript runtime and challenge solver script distribution installed. Review any warnings presented before this message. For more details, refer to  https://github.com/yt-dlp/yt-dlp/wiki/EJS
WARNING: The extractor specified to use impersonation for this download, but no impersonate target is available. If you encounter errors, then see  https://github.com/yt-dlp/yt-dlp#impersonation  for information on installing the required dependencies
WARNING: The extractor specified to use impersonation for this download, but no impersonate target is available. If you encounter errors, then see  https://github.com/yt-dlp/yt-dlp#impersonation  for information on installing the required dependencies
WARNING: [youtube] YouTube said: ERROR - Precondition check failed.
WARNING: [youtube] HTTP Error 400: Bad Request. Retrying (1/3)...
WARNING: [youtube] YouTube said: ERROR - Precondition check failed.
WARNING: [youtube] HTTP Error 400: Bad Request. Retrying (2/3)...
WARNING: [youtube] YouTube said: ERROR - Precondition check failed.
WARNING: [youtube] HTTP Error 400: Bad Request. Retrying (3/3)...
WARNING: [youtube] YouTube said: ERROR - Precondition check failed.
WARNING: [youtube] Unable to download API page: HTTP Error 400: Bad Request (caused by <HTTPError 400: Bad Request>)
WARNING: [youtube] [jsc] Remote components challenge solver script (deno) and NPM package (deno) were skipped. These may be required to solve JS challenges. You can enable these downloads with  --remote-components ejs:github  (recommended) or  --remote-components ejs:npm , respectively. For more information and alternatives, refer to  https://github.com/yt-dlp/yt-dlp/wiki/EJS
WARNING: [youtube] 77yEZuEXn1Q: n challenge solving failed: Some formats may be missing. Ensure you have a supported JavaScript runtime and challenge solver script distribution installed. Review any warnings presented before this message. For more details, refer to  https://github.com/yt-dlp/yt-dlp/wiki/EJS
WARNING: The extractor specified to use impersonation for this download, but no impersonate target is available. If you encounter errors, then see  https://github.com/yt-dlp/yt-dlp#impersonation  for information on installing the required dependencies
WARNING: The extractor specified to use impersonation for this download, but no impersonate target is available. If you encounter errors, then see  https://github.com/yt-dlp/yt-dlp#impersonation  for information on installing the required dependencies
WARNING: [youtube] YouTube said: ERROR - Precondition check failed.
WARNING: [youtube] HTTP Error 400: Bad Request. Retrying (1/3)...
WARNING: [youtube] YouTube said: ERROR - Precondition check failed.
WARNING: [youtube] HTTP Error 400: Bad Request. Retrying (2/3)...
WARNING: [youtube] YouTube said: ERROR - Precondition check failed.
WARNING: [youtube] HTTP Error 400: Bad Request. Retrying (3/3)...
WARNING: [youtube] YouTube said: ERROR - Precondition check failed.
WARNING: [youtube] Unable to download API page: HTTP Error 400: Bad Request (caused by <HTTPError 400: Bad Request>)
WARNING: [youtube] [jsc] Remote components challenge solver script (deno) and NPM package (deno) were skipped. These may be required to solve JS challenges. You can enable these downloads with  --remote-components ejs:github  (recommended) or  --remote-components ejs:npm , respectively. For more information and alternatives, refer to  https://github.com/yt-dlp/yt-dlp/wiki/EJS
WARNING: [youtube] J9GCKqRzkZs: n challenge solving failed: Some formats may be missing. Ensure you have a supported JavaScript runtime and challenge solver script distribution installed. Review any warnings presented before this message. For more details, refer to  https://github.com/yt-dlp/yt-dlp/wiki/EJS
WARNING: The extractor specified to use impersonation for this download, but no impersonate target is available. If you encounter errors, then see  https://github.com/yt-dlp/yt-dlp#impersonation  for information on installing the required dependencies
WARNING: The extractor specified to use impersonation for this download, but no impersonate target is available. If you encounter errors, then see  https://github.com/yt-dlp/yt-dlp#impersonation  for information on installing the required dependencies
WARNING: [youtube] YouTube said: ERROR - Precondition check failed.
WARNING: [youtube] HTTP Error 400: Bad Request. Retrying (1/3)...
WARNING: [youtube] YouTube said: ERROR - Precondition check failed.
WARNING: [youtube] HTTP Error 400: Bad Request. Retrying (2/3)...
WARNING: [youtube] YouTube said: ERROR - Precondition check failed.
WARNING: [youtube] HTTP Error 400: Bad Request. Retrying (3/3)...
WARNING: [youtube] YouTube said: ERROR - Precondition check failed.
WARNING: [youtube] Unable to download API page: HTTP Error 400: Bad Request (caused by <HTTPError 400: Bad Request>)
ERROR: [youtube] 0DWH_uoQqoI: Join this channel to get access to members-only content like this video, and other exclusive perks.
WARNING: [youtube] YouTube said: ERROR - Precondition check failed.
WARNING: [youtube] HTTP Error 400: Bad Request. Retrying (1/3)...
WARNING: [youtube] YouTube said: ERROR - Precondition check failed.
WARNING: [youtube] HTTP Error 400: Bad Request. Retrying (2/3)...
WARNING: [youtube] YouTube said: ERROR - Precondition check failed.
WARNING: [youtube] HTTP Error 400: Bad Request. Retrying (3/3)...
WARNING: [youtube] YouTube said: ERROR - Precondition check failed.
WARNING: [youtube] Unable to download API page: HTTP Error 400: Bad Request (caused by <HTTPError 400: Bad Request>)
WARNING: [youtube] [jsc] Remote components challenge solver script (deno) and NPM package (deno) were skipped. These may be required to solve JS challenges. You can enable these downloads with  --remote-components ejs:github  (recommended) or  --remote-components ejs:npm , respectively. For more information and alternatives, refer to  https://github.com/yt-dlp/yt-dlp/wiki/EJS
WARNING: [youtube] Qbuc3PLStQI: n challenge solving failed: Some formats may be missing. Ensure you have a supported JavaScript runtime and challenge solver script distribution installed. Review any warnings presented before this message. For more details, refer to  https://github.com/yt-dlp/yt-dlp/wiki/EJS
WARNING: The extractor specified to use impersonation for this download, but no impersonate target is available. If you encounter errors, then see  https://github.com/yt-dlp/yt-dlp#impersonation  for information on installing the required dependencies
WARNING: The extractor specified to use impersonation for this download, but no impersonate target is available. If you encounter errors, then see  https://github.com/yt-dlp/yt-dlp#impersonation  for information on installing the required dependencies
WARNING: [youtube] YouTube said: ERROR - Precondition check failed.
WARNING: [youtube] HTTP Error 400: Bad Request. Retrying (1/3)...
WARNING: [youtube] YouTube said: ERROR - Precondition check failed.
WARNING: [youtube] HTTP Error 400: Bad Request. Retrying (2/3)...
WARNING: [youtube] YouTube said: ERROR - Precondition check failed.
WARNING: [youtube] HTTP Error 400: Bad Request. Retrying (3/3)...
WARNING: [youtube] YouTube said: ERROR - Precondition check failed.
WARNING: [youtube] Unable to download API page: HTTP Error 400: Bad Request (caused by <HTTPError 400: Bad Request>)
WARNING: [youtube] [jsc] Remote components challenge solver script (deno) and NPM package (deno) were skipped. These may be required to solve JS challenges. You can enable these downloads with  --remote-components ejs:github  (recommended) or  --remote-components ejs:npm , respectively. For more information and alternatives, refer to  https://github.com/yt-dlp/yt-dlp/wiki/EJS
WARNING: [youtube] KHrQJ4eZqJs: n challenge solving failed: Some formats may be missing. Ensure you have a supported JavaScript runtime and challenge solver script distribution installed. Review any warnings presented before this message. For more details, refer to  https://github.com/yt-dlp/yt-dlp/wiki/EJS
WARNING: The extractor specified to use impersonation for this download, but no impersonate target is available. If you encounter errors, then see  https://github.com/yt-dlp/yt-dlp#impersonation  for information on installing the required dependencies
WARNING: The extractor specified to use impersonation for this download, but no impersonate target is available. If you encounter errors, then see  https://github.com/yt-dlp/yt-dlp#impersonation  for information on installing the required dependencies
WARNING: [youtube] YouTube said: ERROR - Precondition check failed.
WARNING: [youtube] HTTP Error 400: Bad Request. Retrying (1/3)...
WARNING: [youtube] YouTube said: ERROR - Precondition check failed.
WARNING: [youtube] HTTP Error 400: Bad Request. Retrying (2/3)...
WARNING: [youtube] YouTube said: ERROR - Precondition check failed.
WARNING: [youtube] HTTP Error 400: Bad Request. Retrying (3/3)...
WARNING: [youtube] YouTube said: ERROR - Precondition check failed.
WARNING: [youtube] Unable to download API page: HTTP Error 400: Bad Request (caused by <HTTPError 400: Bad Request>)
WARNING: [youtube] [jsc] Remote components challenge solver script (deno) and NPM package (deno) were skipped. These may be required to solve JS challenges. You can enable these downloads with  --remote-components ejs:github  (recommended) or  --remote-components ejs:npm , respectively. For more information and alternatives, refer to  https://github.com/yt-dlp/yt-dlp/wiki/EJS
WARNING: [youtube] oZtVKT9MG0E: n challenge solving failed: Some formats may be missing. Ensure you have a supported JavaScript runtime and challenge solver script distribution installed. Review any warnings presented before this message. For more details, refer to  https://github.com/yt-dlp/yt-dlp/wiki/EJS
WARNING: The extractor specified to use impersonation for this download, but no impersonate target is available. If you encounter errors, then see  https://github.com/yt-dlp/yt-dlp#impersonation  for information on installing the required dependencies
WARNING: The extractor specified to use impersonation for this download, but no impersonate target is available. If you encounter errors, then see  https://github.com/yt-dlp/yt-dlp#impersonation  for information on installing the required dependencies
WARNING: [youtube] YouTube said: ERROR - Precondition check failed.
WARNING: [youtube] HTTP Error 400: Bad Request. Retrying (1/3)...
WARNING: [youtube] YouTube said: ERROR - Precondition check failed.
WARNING: [youtube] HTTP Error 400: Bad Request. Retrying (2/3)...
WARNING: [youtube] YouTube said: ERROR - Precondition check failed.
WARNING: [youtube] HTTP Error 400: Bad Request. Retrying (3/3)...
WARNING: [youtube] YouTube said: ERROR - Precondition check failed.
WARNING: [youtube] Unable to download API page: HTTP Error 400: Bad Request (caused by <HTTPError 400: Bad Request>)
WARNING: [youtube] [jsc] Remote components challenge solver script (deno) and NPM package (deno) were skipped. These may be required to solve JS challenges. You can enable these downloads with  --remote-components ejs:github  (recommended) or  --remote-components ejs:npm , respectively. For more information and alternatives, refer to  https://github.com/yt-dlp/yt-dlp/wiki/EJS
WARNING: [youtube] BjLItKMNh_w: n challenge solving failed: Some formats may be missing. Ensure you have a supported JavaScript runtime and challenge solver script distribution installed. Review any warnings presented before this message. For more details, refer to  https://github.com/yt-dlp/yt-dlp/wiki/EJS
WARNING: The extractor specified to use impersonation for this download, but no impersonate target is available. If you encounter errors, then see  https://github.com/yt-dlp/yt-dlp#impersonation  for information on installing the required dependencies
WARNING: The extractor specified to use impersonation for this download, but no impersonate target is available. If you encounter errors, then see  https://github.com/yt-dlp/yt-dlp#impersonation  for information on installing the required dependencies
WARNING: [youtube] YouTube said: ERROR - Precondition check failed.
WARNING: [youtube] HTTP Error 400: Bad Request. Retrying (1/3)...
WARNING: [youtube] YouTube said: ERROR - Precondition check failed.
WARNING: [youtube] HTTP Error 400: Bad Request. Retrying (2/3)...
WARNING: [youtube] YouTube said: ERROR - Precondition check failed.
WARNING: [youtube] HTTP Error 400: Bad Request. Retrying (3/3)...
WARNING: [youtube] YouTube said: ERROR - Precondition check failed.
WARNING: [youtube] Unable to download API page: HTTP Error 400: Bad Request (caused by <HTTPError 400: Bad Request>)
WARNING: [youtube] [jsc] Remote components challenge solver script (deno) and NPM package (deno) were skipped. These may be required to solve JS challenges. You can enable these downloads with  --remote-components ejs:github  (recommended) or  --remote-components ejs:npm , respectively. For more information and alternatives, refer to  https://github.com/yt-dlp/yt-dlp/wiki/EJS
WARNING: [youtube] El96Fn72odg: n challenge solving failed: Some formats may be missing. Ensure you have a supported JavaScript runtime and challenge solver script distribution installed. Review any warnings presented before this message. For more details, refer to  https://github.com/yt-dlp/yt-dlp/wiki/EJS
WARNING: The extractor specified to use impersonation for this download, but no impersonate target is available. If you encounter errors, then see  https://github.com/yt-dlp/yt-dlp#impersonation  for information on installing the required dependencies
WARNING: The extractor specified to use impersonation for this download, but no impersonate target is available. If you encounter errors, then see  https://github.com/yt-dlp/yt-dlp#impersonation  for information on installing the required dependencies
WARNING: [youtube] YouTube said: ERROR - Precondition check failed.
WARNING: [youtube] HTTP Error 400: Bad Request. Retrying (1/3)...
WARNING: [youtube] YouTube said: ERROR - Precondition check failed.
WARNING: [youtube] HTTP Error 400: Bad Request. Retrying (2/3)...
WARNING: [youtube] YouTube said: ERROR - Precondition check failed.
WARNING: [youtube] HTTP Error 400: Bad Request. Retrying (3/3)...
WARNING: [youtube] YouTube said: ERROR - Precondition check failed.
WARNING: [youtube] Unable to download API page: HTTP Error 400: Bad Request (caused by <HTTPError 400: Bad Request>)
WARNING: [youtube] [jsc] Remote components challenge solver script (deno) and NPM package (deno) were skipped. These may be required to solve JS challenges. You can enable these downloads with  --remote-components ejs:github  (recommended) or  --remote-components ejs:npm , respectively. For more information and alternatives, refer to  https://github.com/yt-dlp/yt-dlp/wiki/EJS
WARNING: [youtube] byqgPQ9vZ8g: n challenge solving failed: Some formats may be missing. Ensure you have a supported JavaScript runtime and challenge solver script distribution installed. Review any warnings presented before this message. For more details, refer to  https://github.com/yt-dlp/yt-dlp/wiki/EJS
WARNING: The extractor specified to use impersonation for this download, but no impersonate target is available. If you encounter errors, then see  https://github.com/yt-dlp/yt-dlp#impersonation  for information on installing the required dependencies
WARNING: The extractor specified to use impersonation for this download, but no impersonate target is available. If you encounter errors, then see  https://github.com/yt-dlp/yt-dlp#impersonation  for information on installing the required dependencies
WARNING: [youtube] YouTube said: ERROR - Precondition check failed.
WARNING: [youtube] HTTP Error 400: Bad Request. Retrying (1/3)...
WARNING: [youtube] YouTube said: ERROR - Precondition check failed.
WARNING: [youtube] HTTP Error 400: Bad Request. Retrying (2/3)...
WARNING: [youtube] YouTube said: ERROR - Precondition check failed.
WARNING: [youtube] HTTP Error 400: Bad Request. Retrying (3/3)...
WARNING: [youtube] YouTube said: ERROR - Precondition check failed.
WARNING: [youtube] Unable to download API page: HTTP Error 400: Bad Request (caused by <HTTPError 400: Bad Request>)
ERROR: [youtube] ePUwdGYeKZc: Join this channel to get access to members-only content like this video, and other exclusive perks.
WARNING: [youtube] YouTube said: ERROR - Precondition check failed.
WARNING: [youtube] HTTP Error 400: Bad Request. Retrying (1/3)...
WARNING: [youtube] YouTube said: ERROR - Precondition check failed.
WARNING: [youtube] HTTP Error 400: Bad Request. Retrying (2/3)...
WARNING: [youtube] YouTube said: ERROR - Precondition check failed.
WARNING: [youtube] HTTP Error 400: Bad Request. Retrying (3/3)...
WARNING: [youtube] YouTube said: ERROR - Precondition check failed.
WARNING: [youtube] Unable to download API page: HTTP Error 400: Bad Request (caused by <HTTPError 400: Bad Request>)
WARNING: [youtube] [jsc] Remote components challenge solver script (deno) and NPM package (deno) were skipped. These may be required to solve JS challenges. You can enable these downloads with  --remote-components ejs:github  (recommended) or  --remote-components ejs:npm , respectively. For more information and alternatives, refer to  https://github.com/yt-dlp/yt-dlp/wiki/EJS
WARNING: [youtube] Bx0ED_q3kEI: n challenge solving failed: Some formats may be missing. Ensure you have a supported JavaScript runtime and challenge solver script distribution installed. Review any warnings presented before this message. For more details, refer to  https://github.com/yt-dlp/yt-dlp/wiki/EJS
WARNING: The extractor specified to use impersonation for this download, but no impersonate target is available. If you encounter errors, then see  https://github.com/yt-dlp/yt-dlp#impersonation  for information on installing the required dependencies
WARNING: The extractor specified to use impersonation for this download, but no impersonate target is available. If you encounter errors, then see  https://github.com/yt-dlp/yt-dlp#impersonation  for information on installing the required dependencies
WARNING: [youtube] YouTube said: ERROR - Precondition check failed.
WARNING: [youtube] HTTP Error 400: Bad Request. Retrying (1/3)...
WARNING: [youtube] YouTube said: ERROR - Precondition check failed.
WARNING: [youtube] HTTP Error 400: Bad Request. Retrying (2/3)...
WARNING: [youtube] YouTube said: ERROR - Precondition check failed.
WARNING: [youtube] HTTP Error 400: Bad Request. Retrying (3/3)...
WARNING: [youtube] YouTube said: ERROR - Precondition check failed.
WARNING: [youtube] Unable to download API page: HTTP Error 400: Bad Request (caused by <HTTPError 400: Bad Request>)
WARNING: [youtube] [jsc] Remote components challenge solver script (deno) and NPM package (deno) were skipped. These may be required to solve JS challenges. You can enable these downloads with  --remote-components ejs:github  (recommended) or  --remote-components ejs:npm , respectively. For more information and alternatives, refer to  https://github.com/yt-dlp/yt-dlp/wiki/EJS
WARNING: [youtube] fUPyIRH8Rpc: n challenge solving failed: Some formats may be missing. Ensure you have a supported JavaScript runtime and challenge solver script distribution installed. Review any warnings presented before this message. For more details, refer to  https://github.com/yt-dlp/yt-dlp/wiki/EJS
WARNING: The extractor specified to use impersonation for this download, but no impersonate target is available. If you encounter errors, then see  https://github.com/yt-dlp/yt-dlp#impersonation  for information on installing the required dependencies
WARNING: The extractor specified to use impersonation for this download, but no impersonate target is available. If you encounter errors, then see  https://github.com/yt-dlp/yt-dlp#impersonation  for information on installing the required dependencies
WARNING: [youtube] YouTube said: ERROR - Precondition check failed.
WARNING: [youtube] HTTP Error 400: Bad Request. Retrying (1/3)...
WARNING: [youtube] YouTube said: ERROR - Precondition check failed.
WARNING: [youtube] HTTP Error 400: Bad Request. Retrying (2/3)...
WARNING: [youtube] YouTube said: ERROR - Precondition check failed.
WARNING: [youtube] HTTP Error 400: Bad Request. Retrying (3/3)...
WARNING: [youtube] YouTube said: ERROR - Precondition check failed.
WARNING: [youtube] Unable to download API page: HTTP Error 400: Bad Request (caused by <HTTPError 400: Bad Request>)
ERROR: [youtube] JItq1HwtHUQ: Join this channel to get access to members-only content like this video, and other exclusive perks.
WARNING: [youtube] YouTube said: ERROR - Precondition check failed.
WARNING: [youtube] HTTP Error 400: Bad Request. Retrying (1/3)...
WARNING: [youtube] YouTube said: ERROR - Precondition check failed.
WARNING: [youtube] HTTP Error 400: Bad Request. Retrying (2/3)...
WARNING: [youtube] YouTube said: ERROR - Precondition check failed.
WARNING: [youtube] HTTP Error 400: Bad Request. Retrying (3/3)...
WARNING: [youtube] YouTube said: ERROR - Precondition check failed.
WARNING: [youtube] Unable to download API page: HTTP Error 400: Bad Request (caused by <HTTPError 400: Bad Request>)
WARNING: [youtube] [jsc] Remote components challenge solver script (deno) and NPM package (deno) were skipped. These may be required to solve JS challenges. You can enable these downloads with  --remote-components ejs:github  (recommended) or  --remote-components ejs:npm , respectively. For more information and alternatives, refer to  https://github.com/yt-dlp/yt-dlp/wiki/EJS
WARNING: [youtube] IZGpx0SKjl4: n challenge solving failed: Some formats may be missing. Ensure you have a supported JavaScript runtime and challenge solver script distribution installed. Review any warnings presented before this message. For more details, refer to  https://github.com/yt-dlp/yt-dlp/wiki/EJS
WARNING: The extractor specified to use impersonation for this download, but no impersonate target is available. If you encounter errors, then see  https://github.com/yt-dlp/yt-dlp#impersonation  for information on installing the required dependencies
WARNING: The extractor specified to use impersonation for this download, but no impersonate target is available. If you encounter errors, then see  https://github.com/yt-dlp/yt-dlp#impersonation  for information on installing the required dependencies
WARNING: [youtube] YouTube said: ERROR - Precondition check failed.
WARNING: [youtube] HTTP Error 400: Bad Request. Retrying (1/3)...
WARNING: [youtube] YouTube said: ERROR - Precondition check failed.
WARNING: [youtube] HTTP Error 400: Bad Request. Retrying (2/3)...
WARNING: [youtube] YouTube said: ERROR - Precondition check failed.
WARNING: [youtube] HTTP Error 400: Bad Request. Retrying (3/3)...
WARNING: [youtube] YouTube said: ERROR - Precondition check failed.
WARNING: [youtube] Unable to download API page: HTTP Error 400: Bad Request (caused by <HTTPError 400: Bad Request>)
WARNING: [youtube] [jsc] Remote components challenge solver script (deno) and NPM package (deno) were skipped. These may be required to solve JS challenges. You can enable these downloads with  --remote-components ejs:github  (recommended) or  --remote-components ejs:npm , respectively. For more information and alternatives, refer to  https://github.com/yt-dlp/yt-dlp/wiki/EJS
WARNING: [youtube] VM7fH9CSXJM: n challenge solving failed: Some formats may be missing. Ensure you have a supported JavaScript runtime and challenge solver script distribution installed. Review any warnings presented before this message. For more details, refer to  https://github.com/yt-dlp/yt-dlp/wiki/EJS
WARNING: The extractor specified to use impersonation for this download, but no impersonate target is available. If you encounter errors, then see  https://github.com/yt-dlp/yt-dlp#impersonation  for information on installing the required dependencies
WARNING: The extractor specified to use impersonation for this download, but no impersonate target is available. If you encounter errors, then see  https://github.com/yt-dlp/yt-dlp#impersonation  for information on installing the required dependencies
WARNING: [youtube] YouTube said: ERROR - Precondition check failed.
WARNING: [youtube] HTTP Error 400: Bad Request. Retrying (1/3)...
WARNING: [youtube] YouTube said: ERROR - Precondition check failed.
WARNING: [youtube] HTTP Error 400: Bad Request. Retrying (2/3)...
WARNING: [youtube] YouTube said: ERROR - Precondition check failed.
WARNING: [youtube] HTTP Error 400: Bad Request. Retrying (3/3)...
WARNING: [youtube] YouTube said: ERROR - Precondition check failed.
WARNING: [youtube] Unable to download API page: HTTP Error 400: Bad Request (caused by <HTTPError 400: Bad Request>)
WARNING: [youtube] vdKdCxL-V0g: Some android_vr client https formats have been skipped as they are missing a URL. YouTube may have enabled the SABR-only streaming experiment for the current session. See  https://github.com/yt-dlp/yt-dlp/issues/12482  for more details
WARNING: [youtube] [jsc] Remote components challenge solver script (deno) and NPM package (deno) were skipped. These may be required to solve JS challenges. You can enable these downloads with  --remote-components ejs:github  (recommended) or  --remote-components ejs:npm , respectively. For more information and alternatives, refer to  https://github.com/yt-dlp/yt-dlp/wiki/EJS
WARNING: [youtube] vdKdCxL-V0g: n challenge solving failed: Some formats may be missing. Ensure you have a supported JavaScript runtime and challenge solver script distribution installed. Review any warnings presented before this message. For more details, refer to  https://github.com/yt-dlp/yt-dlp/wiki/EJS
WARNING: The extractor specified to use impersonation for this download, but no impersonate target is available. If you encounter errors, then see  https://github.com/yt-dlp/yt-dlp#impersonation  for information on installing the required dependencies
WARNING: The extractor specified to use impersonation for this download, but no impersonate target is available. If you encounter errors, then see  https://github.com/yt-dlp/yt-dlp#impersonation  for information on installing the required dependencies
[胡乃文開示] 完成 (共 71 個字幕)

[柏格醫生中文] 抓取中...
WARNING: [youtube] YouTube said: ERROR - Precondition check failed.
WARNING: [youtube] HTTP Error 400: Bad Request. Retrying (1/3)...
WARNING: [youtube] YouTube said: ERROR - Precondition check failed.
WARNING: [youtube] HTTP Error 400: Bad Request. Retrying (2/3)...
WARNING: [youtube] YouTube said: ERROR - Precondition check failed.
WARNING: [youtube] HTTP Error 400: Bad Request. Retrying (3/3)...
WARNING: [youtube] YouTube said: ERROR - Precondition check failed.
WARNING: [youtube] Unable to download API page: HTTP Error 400: Bad Request (caused by <HTTPError 400: Bad Request>)
WARNING: [youtube] [jsc] Remote components challenge solver script (deno) and NPM package (deno) were skipped. These may be required to solve JS challenges. You can enable these downloads with  --remote-components ejs:github  (recommended) or  --remote-components ejs:npm , respectively. For more information and alternatives, refer to  https://github.com/yt-dlp/yt-dlp/wiki/EJS
WARNING: [youtube] GYRnbsrhbeg: n challenge solving failed: Some formats may be missing. Ensure you have a supported JavaScript runtime and challenge solver script distribution installed. Review any warnings presented before this message. For more details, refer to  https://github.com/yt-dlp/yt-dlp/wiki/EJS
WARNING: The extractor specified to use impersonation for this download, but no impersonate target is available. If you encounter errors, then see  https://github.com/yt-dlp/yt-dlp#impersonation  for information on installing the required dependencies
WARNING: [youtube] YouTube said: ERROR - Precondition check failed.
WARNING: [youtube] HTTP Error 400: Bad Request. Retrying (1/3)...
WARNING: [youtube] YouTube said: ERROR - Precondition check failed.
WARNING: [youtube] HTTP Error 400: Bad Request. Retrying (2/3)...
WARNING: [youtube] YouTube said: ERROR - Precondition check failed.
WARNING: [youtube] HTTP Error 400: Bad Request. Retrying (3/3)...
WARNING: [youtube] YouTube said: ERROR - Precondition check failed.
WARNING: [youtube] Unable to download API page: HTTP Error 400: Bad Request (caused by <HTTPError 400: Bad Request>)
WARNING: [youtube] [jsc] Remote components challenge solver script (deno) and NPM package (deno) were skipped. These may be required to solve JS challenges. You can enable these downloads with  --remote-components ejs:github  (recommended) or  --remote-components ejs:npm , respectively. For more information and alternatives, refer to  https://github.com/yt-dlp/yt-dlp/wiki/EJS
WARNING: [youtube] sL_qKRrpys8: n challenge solving failed: Some formats may be missing. Ensure you have a supported JavaScript runtime and challenge solver script distribution installed. Review any warnings presented before this message. For more details, refer to  https://github.com/yt-dlp/yt-dlp/wiki/EJS
WARNING: The extractor specified to use impersonation for this download, but no impersonate target is available. If you encounter errors, then see  https://github.com/yt-dlp/yt-dlp#impersonation  for information on installing the required dependencies
WARNING: [youtube] YouTube said: ERROR - Precondition check failed.
WARNING: [youtube] HTTP Error 400: Bad Request. Retrying (1/3)...
WARNING: [youtube] YouTube said: ERROR - Precondition check failed.
WARNING: [youtube] HTTP Error 400: Bad Request. Retrying (2/3)...
WARNING: [youtube] YouTube said: ERROR - Precondition check failed.
WARNING: [youtube] HTTP Error 400: Bad Request. Retrying (3/3)...
WARNING: [youtube] YouTube said: ERROR - Precondition check failed.
WARNING: [youtube] Unable to download API page: HTTP Error 400: Bad Request (caused by <HTTPError 400: Bad Request>)
WARNING: [youtube] [jsc] Remote components challenge solver script (deno) and NPM package (deno) were skipped. These may be required to solve JS challenges. You can enable these downloads with  --remote-components ejs:github  (recommended) or  --remote-components ejs:npm , respectively. For more information and alternatives, refer to  https://github.com/yt-dlp/yt-dlp/wiki/EJS
WARNING: [youtube] 60D4sr06_sM: n challenge solving failed: Some formats may be missing. Ensure you have a supported JavaScript runtime and challenge solver script distribution installed. Review any warnings presented before this message. For more details, refer to  https://github.com/yt-dlp/yt-dlp/wiki/EJS
WARNING: The extractor specified to use impersonation for this download, but no impersonate target is available. If you encounter errors, then see  https://github.com/yt-dlp/yt-dlp#impersonation  for information on installing the required dependencies
WARNING: [youtube] YouTube said: ERROR - Precondition check failed.
WARNING: [youtube] HTTP Error 400: Bad Request. Retrying (1/3)...
WARNING: [youtube] YouTube said: ERROR - Precondition check failed.
WARNING: [youtube] HTTP Error 400: Bad Request. Retrying (2/3)...
WARNING: [youtube] YouTube said: ERROR - Precondition check failed.
WARNING: [youtube] HTTP Error 400: Bad Request. Retrying (3/3)...
WARNING: [youtube] YouTube said: ERROR - Precondition check failed.
WARNING: [youtube] Unable to download API page: HTTP Error 400: Bad Request (caused by <HTTPError 400: Bad Request>)
WARNING: [youtube] [jsc] Remote components challenge solver script (deno) and NPM package (deno) were skipped. These may be required to solve JS challenges. You can enable these downloads with  --remote-components ejs:github  (recommended) or  --remote-components ejs:npm , respectively. For more information and alternatives, refer to  https://github.com/yt-dlp/yt-dlp/wiki/EJS
WARNING: [youtube] bmi730NtqrA: n challenge solving failed: Some formats may be missing. Ensure you have a supported JavaScript runtime and challenge solver script distribution installed. Review any warnings presented before this message. For more details, refer to  https://github.com/yt-dlp/yt-dlp/wiki/EJS
WARNING: The extractor specified to use impersonation for this download, but no impersonate target is available. If you encounter errors, then see  https://github.com/yt-dlp/yt-dlp#impersonation  for information on installing the required dependencies
WARNING: [youtube] YouTube said: ERROR - Precondition check failed.
WARNING: [youtube] HTTP Error 400: Bad Request. Retrying (1/3)...
WARNING: [youtube] YouTube said: ERROR - Precondition check failed.
WARNING: [youtube] HTTP Error 400: Bad Request. Retrying (2/3)...
WARNING: [youtube] YouTube said: ERROR - Precondition check failed.
WARNING: [youtube] HTTP Error 400: Bad Request. Retrying (3/3)...
WARNING: [youtube] YouTube said: ERROR - Precondition check failed.
WARNING: [youtube] Unable to download API page: HTTP Error 400: Bad Request (caused by <HTTPError 400: Bad Request>)
WARNING: [youtube] UUB4tTAzMXw: Some android_vr client https formats have been skipped as they are missing a URL. YouTube may have enabled the SABR-only streaming experiment for the current session. See  https://github.com/yt-dlp/yt-dlp/issues/12482  for more details
WARNING: [youtube] [jsc] Remote components challenge solver script (deno) and NPM package (deno) were skipped. These may be required to solve JS challenges. You can enable these downloads with  --remote-components ejs:github  (recommended) or  --remote-components ejs:npm , respectively. For more information and alternatives, refer to  https://github.com/yt-dlp/yt-dlp/wiki/EJS
WARNING: [youtube] UUB4tTAzMXw: n challenge solving failed: Some formats may be missing. Ensure you have a supported JavaScript runtime and challenge solver script distribution installed. Review any warnings presented before this message. For more details, refer to  https://github.com/yt-dlp/yt-dlp/wiki/EJS
WARNING: The extractor specified to use impersonation for this download, but no impersonate target is available. If you encounter errors, then see  https://github.com/yt-dlp/yt-dlp#impersonation  for information on installing the required dependencies
WARNING: [youtube] YouTube said: ERROR - Precondition check failed.
WARNING: [youtube] HTTP Error 400: Bad Request. Retrying (1/3)...
WARNING: [youtube] YouTube said: ERROR - Precondition check failed.
WARNING: [youtube] HTTP Error 400: Bad Request. Retrying (2/3)...
WARNING: [youtube] YouTube said: ERROR - Precondition check failed.
WARNING: [youtube] HTTP Error 400: Bad Request. Retrying (3/3)...
WARNING: [youtube] YouTube said: ERROR - Precondition check failed.
WARNING: [youtube] Unable to download API page: HTTP Error 400: Bad Request (caused by <HTTPError 400: Bad Request>)
WARNING: [youtube] [jsc] Remote components challenge solver script (deno) and NPM package (deno) were skipped. These may be required to solve JS challenges. You can enable these downloads with  --remote-components ejs:github  (recommended) or  --remote-components ejs:npm , respectively. For more information and alternatives, refer to  https://github.com/yt-dlp/yt-dlp/wiki/EJS
WARNING: [youtube] fiWVmgt6XJI: n challenge solving failed: Some formats may be missing. Ensure you have a supported JavaScript runtime and challenge solver script distribution installed. Review any warnings presented before this message. For more details, refer to  https://github.com/yt-dlp/yt-dlp/wiki/EJS
WARNING: The extractor specified to use impersonation for this download, but no impersonate target is available. If you encounter errors, then see  https://github.com/yt-dlp/yt-dlp#impersonation  for information on installing the required dependencies
WARNING: [youtube] YouTube said: ERROR - Precondition check failed.
WARNING: [youtube] HTTP Error 400: Bad Request. Retrying (1/3)...
WARNING: [youtube] YouTube said: ERROR - Precondition check failed.
WARNING: [youtube] HTTP Error 400: Bad Request. Retrying (2/3)...
WARNING: [youtube] YouTube said: ERROR - Precondition check failed.
WARNING: [youtube] HTTP Error 400: Bad Request. Retrying (3/3)...
WARNING: [youtube] YouTube said: ERROR - Precondition check failed.
WARNING: [youtube] Unable to download API page: HTTP Error 400: Bad Request (caused by <HTTPError 400: Bad Request>)
WARNING: [youtube] [jsc] Remote components challenge solver script (deno) and NPM package (deno) were skipped. These may be required to solve JS challenges. You can enable these downloads with  --remote-components ejs:github  (recommended) or  --remote-components ejs:npm , respectively. For more information and alternatives, refer to  https://github.com/yt-dlp/yt-dlp/wiki/EJS
WARNING: [youtube] fae3uNaSvHs: n challenge solving failed: Some formats may be missing. Ensure you have a supported JavaScript runtime and challenge solver script distribution installed. Review any warnings presented before this message. For more details, refer to  https://github.com/yt-dlp/yt-dlp/wiki/EJS
WARNING: The extractor specified to use impersonation for this download, but no impersonate target is available. If you encounter errors, then see  https://github.com/yt-dlp/yt-dlp#impersonation  for information on installing the required dependencies
WARNING: [youtube] YouTube said: ERROR - Precondition check failed.
WARNING: [youtube] HTTP Error 400: Bad Request. Retrying (1/3)...
WARNING: [youtube] YouTube said: ERROR - Precondition check failed.
WARNING: [youtube] HTTP Error 400: Bad Request. Retrying (2/3)...
WARNING: [youtube] YouTube said: ERROR - Precondition check failed.
WARNING: [youtube] HTTP Error 400: Bad Request. Retrying (3/3)...
WARNING: [youtube] YouTube said: ERROR - Precondition check failed.
WARNING: [youtube] Unable to download API page: HTTP Error 400: Bad Request (caused by <HTTPError 400: Bad Request>)
WARNING: [youtube] M6VlFxklLRE: Some android_vr client https formats have been skipped as they are missing a URL. YouTube may have enabled the SABR-only streaming experiment for the current session. See  https://github.com/yt-dlp/yt-dlp/issues/12482  for more details
WARNING: [youtube] [jsc] Remote components challenge solver script (deno) and NPM package (deno) were skipped. These may be required to solve JS challenges. You can enable these downloads with  --remote-components ejs:github  (recommended) or  --remote-components ejs:npm , respectively. For more information and alternatives, refer to  https://github.com/yt-dlp/yt-dlp/wiki/EJS
WARNING: [youtube] M6VlFxklLRE: n challenge solving failed: Some formats may be missing. Ensure you have a supported JavaScript runtime and challenge solver script distribution installed. Review any warnings presented before this message. For more details, refer to  https://github.com/yt-dlp/yt-dlp/wiki/EJS
WARNING: The extractor specified to use impersonation for this download, but no impersonate target is available. If you encounter errors, then see  https://github.com/yt-dlp/yt-dlp#impersonation  for information on installing the required dependencies
WARNING: [youtube] YouTube said: ERROR - Precondition check failed.
WARNING: [youtube] HTTP Error 400: Bad Request. Retrying (1/3)...
WARNING: [youtube] YouTube said: ERROR - Precondition check failed.
WARNING: [youtube] HTTP Error 400: Bad Request. Retrying (2/3)...
WARNING: [youtube] YouTube said: ERROR - Precondition check failed.
WARNING: [youtube] HTTP Error 400: Bad Request. Retrying (3/3)...
WARNING: [youtube] YouTube said: ERROR - Precondition check failed.
WARNING: [youtube] Unable to download API page: HTTP Error 400: Bad Request (caused by <HTTPError 400: Bad Request>)
WARNING: [youtube] [jsc] Remote components challenge solver script (deno) and NPM package (deno) were skipped. These may be required to solve JS challenges. You can enable these downloads with  --remote-components ejs:github  (recommended) or  --remote-components ejs:npm , respectively. For more information and alternatives, refer to  https://github.com/yt-dlp/yt-dlp/wiki/EJS
WARNING: [youtube] ADqDf9RBP2c: n challenge solving failed: Some formats may be missing. Ensure you have a supported JavaScript runtime and challenge solver script distribution installed. Review any warnings presented before this message. For more details, refer to  https://github.com/yt-dlp/yt-dlp/wiki/EJS
WARNING: The extractor specified to use impersonation for this download, but no impersonate target is available. If you encounter errors, then see  https://github.com/yt-dlp/yt-dlp#impersonation  for information on installing the required dependencies
WARNING: [youtube] YouTube said: ERROR - Precondition check failed.
WARNING: [youtube] HTTP Error 400: Bad Request. Retrying (1/3)...
WARNING: [youtube] YouTube said: ERROR - Precondition check failed.
WARNING: [youtube] HTTP Error 400: Bad Request. Retrying (2/3)...
WARNING: [youtube] YouTube said: ERROR - Precondition check failed.
WARNING: [youtube] HTTP Error 400: Bad Request. Retrying (3/3)...
WARNING: [youtube] YouTube said: ERROR - Precondition check failed.
WARNING: [youtube] Unable to download API page: HTTP Error 400: Bad Request (caused by <HTTPError 400: Bad Request>)
WARNING: [youtube] [jsc] Remote components challenge solver script (deno) and NPM package (deno) were skipped. These may be required to solve JS challenges. You can enable these downloads with  --remote-components ejs:github  (recommended) or  --remote-components ejs:npm , respectively. For more information and alternatives, refer to  https://github.com/yt-dlp/yt-dlp/wiki/EJS
WARNING: [youtube] Pt-DyRbsoWk: n challenge solving failed: Some formats may be missing. Ensure you have a supported JavaScript runtime and challenge solver script distribution installed. Review any warnings presented before this message. For more details, refer to  https://github.com/yt-dlp/yt-dlp/wiki/EJS
WARNING: The extractor specified to use impersonation for this download, but no impersonate target is available. If you encounter errors, then see  https://github.com/yt-dlp/yt-dlp#impersonation  for information on installing the required dependencies
WARNING: [youtube] YouTube said: ERROR - Precondition check failed.
WARNING: [youtube] HTTP Error 400: Bad Request. Retrying (1/3)...
WARNING: [youtube] YouTube said: ERROR - Precondition check failed.
WARNING: [youtube] HTTP Error 400: Bad Request. Retrying (2/3)...
WARNING: [youtube] YouTube said: ERROR - Precondition check failed.
WARNING: [youtube] HTTP Error 400: Bad Request. Retrying (3/3)...
WARNING: [youtube] YouTube said: ERROR - Precondition check failed.
WARNING: [youtube] Unable to download API page: HTTP Error 400: Bad Request (caused by <HTTPError 400: Bad Request>)
WARNING: [youtube] [jsc] Remote components challenge solver script (deno) and NPM package (deno) were skipped. These may be required to solve JS challenges. You can enable these downloads with  --remote-components ejs:github  (recommended) or  --remote-components ejs:npm , respectively. For more information and alternatives, refer to  https://github.com/yt-dlp/yt-dlp/wiki/EJS
WARNING: [youtube] WpvxWwqPbDo: n challenge solving failed: Some formats may be missing. Ensure you have a supported JavaScript runtime and challenge solver script distribution installed. Review any warnings presented before this message. For more details, refer to  https://github.com/yt-dlp/yt-dlp/wiki/EJS
WARNING: The extractor specified to use impersonation for this download, but no impersonate target is available. If you encounter errors, then see  https://github.com/yt-dlp/yt-dlp#impersonation  for information on installing the required dependencies
WARNING: [youtube] YouTube said: ERROR - Precondition check failed.
WARNING: [youtube] HTTP Error 400: Bad Request. Retrying (1/3)...
WARNING: [youtube] YouTube said: ERROR - Precondition check failed.
WARNING: [youtube] HTTP Error 400: Bad Request. Retrying (2/3)...
WARNING: [youtube] YouTube said: ERROR - Precondition check failed.
WARNING: [youtube] HTTP Error 400: Bad Request. Retrying (3/3)...
WARNING: [youtube] YouTube said: ERROR - Precondition check failed.
WARNING: [youtube] Unable to download API page: HTTP Error 400: Bad Request (caused by <HTTPError 400: Bad Request>)
WARNING: [youtube] [jsc] Remote components challenge solver script (deno) and NPM package (deno) were skipped. These may be required to solve JS challenges. You can enable these downloads with  --remote-components ejs:github  (recommended) or  --remote-components ejs:npm , respectively. For more information and alternatives, refer to  https://github.com/yt-dlp/yt-dlp/wiki/EJS
WARNING: [youtube] I81FE-oI0Gc: n challenge solving failed: Some formats may be missing. Ensure you have a supported JavaScript runtime and challenge solver script distribution installed. Review any warnings presented before this message. For more details, refer to  https://github.com/yt-dlp/yt-dlp/wiki/EJS
WARNING: The extractor specified to use impersonation for this download, but no impersonate target is available. If you encounter errors, then see  https://github.com/yt-dlp/yt-dlp#impersonation  for information on installing the required dependencies
WARNING: [youtube] YouTube said: ERROR - Precondition check failed.
WARNING: [youtube] HTTP Error 400: Bad Request. Retrying (1/3)...
WARNING: [youtube] YouTube said: ERROR - Precondition check failed.
WARNING: [youtube] HTTP Error 400: Bad Request. Retrying (2/3)...
WARNING: [youtube] YouTube said: ERROR - Precondition check failed.
WARNING: [youtube] HTTP Error 400: Bad Request. Retrying (3/3)...
WARNING: [youtube] YouTube said: ERROR - Precondition check failed.
WARNING: [youtube] Unable to download API page: HTTP Error 400: Bad Request (caused by <HTTPError 400: Bad Request>)
WARNING: [youtube] [jsc] Remote components challenge solver script (deno) and NPM package (deno) were skipped. These may be required to solve JS challenges. You can enable these downloads with  --remote-components ejs:github  (recommended) or  --remote-components ejs:npm , respectively. For more information and alternatives, refer to  https://github.com/yt-dlp/yt-dlp/wiki/EJS
WARNING: [youtube] g1oL9yaN434: n challenge solving failed: Some formats may be missing. Ensure you have a supported JavaScript runtime and challenge solver script distribution installed. Review any warnings presented before this message. For more details, refer to  https://github.com/yt-dlp/yt-dlp/wiki/EJS
WARNING: The extractor specified to use impersonation for this download, but no impersonate target is available. If you encounter errors, then see  https://github.com/yt-dlp/yt-dlp#impersonation  for information on installing the required dependencies
WARNING: [youtube] YouTube said: ERROR - Precondition check failed.
WARNING: [youtube] HTTP Error 400: Bad Request. Retrying (1/3)...
WARNING: [youtube] YouTube said: ERROR - Precondition check failed.
WARNING: [youtube] HTTP Error 400: Bad Request. Retrying (2/3)...
WARNING: [youtube] YouTube said: ERROR - Precondition check failed.
WARNING: [youtube] HTTP Error 400: Bad Request. Retrying (3/3)...
WARNING: [youtube] YouTube said: ERROR - Precondition check failed.
WARNING: [youtube] Unable to download API page: HTTP Error 400: Bad Request (caused by <HTTPError 400: Bad Request>)
WARNING: [youtube] [jsc] Remote components challenge solver script (deno) and NPM package (deno) were skipped. These may be required to solve JS challenges. You can enable these downloads with  --remote-components ejs:github  (recommended) or  --remote-components ejs:npm , respectively. For more information and alternatives, refer to  https://github.com/yt-dlp/yt-dlp/wiki/EJS
WARNING: [youtube] HH7QftFyIyg: n challenge solving failed: Some formats may be missing. Ensure you have a supported JavaScript runtime and challenge solver script distribution installed. Review any warnings presented before this message. For more details, refer to  https://github.com/yt-dlp/yt-dlp/wiki/EJS
WARNING: The extractor specified to use impersonation for this download, but no impersonate target is available. If you encounter errors, then see  https://github.com/yt-dlp/yt-dlp#impersonation  for information on installing the required dependencies
WARNING: [youtube] YouTube said: ERROR - Precondition check failed.
WARNING: [youtube] HTTP Error 400: Bad Request. Retrying (1/3)...
WARNING: [youtube] YouTube said: ERROR - Precondition check failed.
WARNING: [youtube] HTTP Error 400: Bad Request. Retrying (2/3)...
WARNING: [youtube] YouTube said: ERROR - Precondition check failed.
WARNING: [youtube] HTTP Error 400: Bad Request. Retrying (3/3)...
WARNING: [youtube] YouTube said: ERROR - Precondition check failed.
WARNING: [youtube] Unable to download API page: HTTP Error 400: Bad Request (caused by <HTTPError 400: Bad Request>)
WARNING: [youtube] [jsc] Remote components challenge solver script (deno) and NPM package (deno) were skipped. These may be required to solve JS challenges. You can enable these downloads with  --remote-components ejs:github  (recommended) or  --remote-components ejs:npm , respectively. For more information and alternatives, refer to  https://github.com/yt-dlp/yt-dlp/wiki/EJS
WARNING: [youtube] 98_pYEJtYO0: n challenge solving failed: Some formats may be missing. Ensure you have a supported JavaScript runtime and challenge solver script distribution installed. Review any warnings presented before this message. For more details, refer to  https://github.com/yt-dlp/yt-dlp/wiki/EJS
WARNING: The extractor specified to use impersonation for this download, but no impersonate target is available. If you encounter errors, then see  https://github.com/yt-dlp/yt-dlp#impersonation  for information on installing the required dependencies
WARNING: [youtube] YouTube said: ERROR - Precondition check failed.
WARNING: [youtube] HTTP Error 400: Bad Request. Retrying (1/3)...
WARNING: [youtube] YouTube said: ERROR - Precondition check failed.
WARNING: [youtube] HTTP Error 400: Bad Request. Retrying (2/3)...
WARNING: [youtube] YouTube said: ERROR - Precondition check failed.
WARNING: [youtube] HTTP Error 400: Bad Request. Retrying (3/3)...
WARNING: [youtube] YouTube said: ERROR - Precondition check failed.
WARNING: [youtube] Unable to download API page: HTTP Error 400: Bad Request (caused by <HTTPError 400: Bad Request>)
WARNING: [youtube] [jsc] Remote components challenge solver script (deno) and NPM package (deno) were skipped. These may be required to solve JS challenges. You can enable these downloads with  --remote-components ejs:github  (recommended) or  --remote-components ejs:npm , respectively. For more information and alternatives, refer to  https://github.com/yt-dlp/yt-dlp/wiki/EJS
WARNING: [youtube] zVgyw81cNLY: n challenge solving failed: Some formats may be missing. Ensure you have a supported JavaScript runtime and challenge solver script distribution installed. Review any warnings presented before this message. For more details, refer to  https://github.com/yt-dlp/yt-dlp/wiki/EJS
WARNING: The extractor specified to use impersonation for this download, but no impersonate target is available. If you encounter errors, then see  https://github.com/yt-dlp/yt-dlp#impersonation  for information on installing the required dependencies
WARNING: [youtube] YouTube said: ERROR - Precondition check failed.
WARNING: [youtube] HTTP Error 400: Bad Request. Retrying (1/3)...
WARNING: [youtube] YouTube said: ERROR - Precondition check failed.
WARNING: [youtube] HTTP Error 400: Bad Request. Retrying (2/3)...
WARNING: [youtube] YouTube said: ERROR - Precondition check failed.
WARNING: [youtube] HTTP Error 400: Bad Request. Retrying (3/3)...
WARNING: [youtube] YouTube said: ERROR - Precondition check failed.
WARNING: [youtube] Unable to download API page: HTTP Error 400: Bad Request (caused by <HTTPError 400: Bad Request>)
WARNING: [youtube] [jsc] Remote components challenge solver script (deno) and NPM package (deno) were skipped. These may be required to solve JS challenges. You can enable these downloads with  --remote-components ejs:github  (recommended) or  --remote-components ejs:npm , respectively. For more information and alternatives, refer to  https://github.com/yt-dlp/yt-dlp/wiki/EJS
WARNING: [youtube] dxrsj2vGae4: n challenge solving failed: Some formats may be missing. Ensure you have a supported JavaScript runtime and challenge solver script distribution installed. Review any warnings presented before this message. For more details, refer to  https://github.com/yt-dlp/yt-dlp/wiki/EJS
WARNING: The extractor specified to use impersonation for this download, but no impersonate target is available. If you encounter errors, then see  https://github.com/yt-dlp/yt-dlp#impersonation  for information on installing the required dependencies
WARNING: [youtube] YouTube said: ERROR - Precondition check failed.
WARNING: [youtube] HTTP Error 400: Bad Request. Retrying (1/3)...
WARNING: [youtube] YouTube said: ERROR - Precondition check failed.
WARNING: [youtube] HTTP Error 400: Bad Request. Retrying (2/3)...
WARNING: [youtube] YouTube said: ERROR - Precondition check failed.
WARNING: [youtube] HTTP Error 400: Bad Request. Retrying (3/3)...
WARNING: [youtube] YouTube said: ERROR - Precondition check failed.
WARNING: [youtube] Unable to download API page: HTTP Error 400: Bad Request (caused by <HTTPError 400: Bad Request>)
WARNING: [youtube] [jsc] Remote components challenge solver script (deno) and NPM package (deno) were skipped. These may be required to solve JS challenges. You can enable these downloads with  --remote-components ejs:github  (recommended) or  --remote-components ejs:npm , respectively. For more information and alternatives, refer to  https://github.com/yt-dlp/yt-dlp/wiki/EJS
WARNING: [youtube] ooE3kfKDs0I: n challenge solving failed: Some formats may be missing. Ensure you have a supported JavaScript runtime and challenge solver script distribution installed. Review any warnings presented before this message. For more details, refer to  https://github.com/yt-dlp/yt-dlp/wiki/EJS
WARNING: The extractor specified to use impersonation for this download, but no impersonate target is available. If you encounter errors, then see  https://github.com/yt-dlp/yt-dlp#impersonation  for information on installing the required dependencies
WARNING: [youtube] YouTube said: ERROR - Precondition check failed.
WARNING: [youtube] HTTP Error 400: Bad Request. Retrying (1/3)...
WARNING: [youtube] YouTube said: ERROR - Precondition check failed.
WARNING: [youtube] HTTP Error 400: Bad Request. Retrying (2/3)...
WARNING: [youtube] YouTube said: ERROR - Precondition check failed.
WARNING: [youtube] HTTP Error 400: Bad Request. Retrying (3/3)...
WARNING: [youtube] YouTube said: ERROR - Precondition check failed.
WARNING: [youtube] Unable to download API page: HTTP Error 400: Bad Request (caused by <HTTPError 400: Bad Request>)
WARNING: [youtube] [jsc] Remote components challenge solver script (deno) and NPM package (deno) were skipped. These may be required to solve JS challenges. You can enable these downloads with  --remote-components ejs:github  (recommended) or  --remote-components ejs:npm , respectively. For more information and alternatives, refer to  https://github.com/yt-dlp/yt-dlp/wiki/EJS
WARNING: [youtube] nmC0RHL_zk4: n challenge solving failed: Some formats may be missing. Ensure you have a supported JavaScript runtime and challenge solver script distribution installed. Review any warnings presented before this message. For more details, refer to  https://github.com/yt-dlp/yt-dlp/wiki/EJS
WARNING: The extractor specified to use impersonation for this download, but no impersonate target is available. If you encounter errors, then see  https://github.com/yt-dlp/yt-dlp#impersonation  for information on installing the required dependencies
WARNING: [youtube] YouTube said: ERROR - Precondition check failed.
WARNING: [youtube] HTTP Error 400: Bad Request. Retrying (1/3)...
WARNING: [youtube] YouTube said: ERROR - Precondition check failed.
WARNING: [youtube] HTTP Error 400: Bad Request. Retrying (2/3)...
WARNING: [youtube] YouTube said: ERROR - Precondition check failed.
WARNING: [youtube] HTTP Error 400: Bad Request. Retrying (3/3)...
WARNING: [youtube] YouTube said: ERROR - Precondition check failed.
WARNING: [youtube] Unable to download API page: HTTP Error 400: Bad Request (caused by <HTTPError 400: Bad Request>)
WARNING: [youtube] VddijJ61AqE: Some android_vr client https formats have been skipped as they are missing a URL. YouTube may have enabled the SABR-only streaming experiment for the current session. See  https://github.com/yt-dlp/yt-dlp/issues/12482  for more details
WARNING: [youtube] [jsc] Remote components challenge solver script (deno) and NPM package (deno) were skipped. These may be required to solve JS challenges. You can enable these downloads with  --remote-components ejs:github  (recommended) or  --remote-components ejs:npm , respectively. For more information and alternatives, refer to  https://github.com/yt-dlp/yt-dlp/wiki/EJS
WARNING: [youtube] VddijJ61AqE: n challenge solving failed: Some formats may be missing. Ensure you have a supported JavaScript runtime and challenge solver script distribution installed. Review any warnings presented before this message. For more details, refer to  https://github.com/yt-dlp/yt-dlp/wiki/EJS
WARNING: The extractor specified to use impersonation for this download, but no impersonate target is available. If you encounter errors, then see  https://github.com/yt-dlp/yt-dlp#impersonation  for information on installing the required dependencies
WARNING: [youtube] YouTube said: ERROR - Precondition check failed.
WARNING: [youtube] HTTP Error 400: Bad Request. Retrying (1/3)...
WARNING: [youtube] YouTube said: ERROR - Precondition check failed.
WARNING: [youtube] HTTP Error 400: Bad Request. Retrying (2/3)...
WARNING: [youtube] YouTube said: ERROR - Precondition check failed.
WARNING: [youtube] HTTP Error 400: Bad Request. Retrying (3/3)...
WARNING: [youtube] YouTube said: ERROR - Precondition check failed.
WARNING: [youtube] Unable to download API page: HTTP Error 400: Bad Request (caused by <HTTPError 400: Bad Request>)
WARNING: [youtube] [jsc] Remote components challenge solver script (deno) and NPM package (deno) were skipped. These may be required to solve JS challenges. You can enable these downloads with  --remote-components ejs:github  (recommended) or  --remote-components ejs:npm , respectively. For more information and alternatives, refer to  https://github.com/yt-dlp/yt-dlp/wiki/EJS
WARNING: [youtube] ll9J6XO2JGs: n challenge solving failed: Some formats may be missing. Ensure you have a supported JavaScript runtime and challenge solver script distribution installed. Review any warnings presented before this message. For more details, refer to  https://github.com/yt-dlp/yt-dlp/wiki/EJS
WARNING: The extractor specified to use impersonation for this download, but no impersonate target is available. If you encounter errors, then see  https://github.com/yt-dlp/yt-dlp#impersonation  for information on installing the required dependencies
WARNING: [youtube] YouTube said: ERROR - Precondition check failed.
WARNING: [youtube] HTTP Error 400: Bad Request. Retrying (1/3)...
WARNING: [youtube] YouTube said: ERROR - Precondition check failed.
WARNING: [youtube] HTTP Error 400: Bad Request. Retrying (2/3)...
WARNING: [youtube] YouTube said: ERROR - Precondition check failed.
WARNING: [youtube] HTTP Error 400: Bad Request. Retrying (3/3)...
WARNING: [youtube] YouTube said: ERROR - Precondition check failed.
WARNING: [youtube] Unable to download API page: HTTP Error 400: Bad Request (caused by <HTTPError 400: Bad Request>)
WARNING: [youtube] [jsc] Remote components challenge solver script (deno) and NPM package (deno) were skipped. These may be required to solve JS challenges. You can enable these downloads with  --remote-components ejs:github  (recommended) or  --remote-components ejs:npm , respectively. For more information and alternatives, refer to  https://github.com/yt-dlp/yt-dlp/wiki/EJS
WARNING: [youtube] gPXzdks7WEY: n challenge solving failed: Some formats may be missing. Ensure you have a supported JavaScript runtime and challenge solver script distribution installed. Review any warnings presented before this message. For more details, refer to  https://github.com/yt-dlp/yt-dlp/wiki/EJS
WARNING: The extractor specified to use impersonation for this download, but no impersonate target is available. If you encounter errors, then see  https://github.com/yt-dlp/yt-dlp#impersonation  for information on installing the required dependencies
WARNING: [youtube] YouTube said: ERROR - Precondition check failed.
WARNING: [youtube] HTTP Error 400: Bad Request. Retrying (1/3)...
WARNING: [youtube] YouTube said: ERROR - Precondition check failed.
WARNING: [youtube] HTTP Error 400: Bad Request. Retrying (2/3)...
WARNING: [youtube] YouTube said: ERROR - Precondition check failed.
WARNING: [youtube] HTTP Error 400: Bad Request. Retrying (3/3)...
WARNING: [youtube] YouTube said: ERROR - Precondition check failed.
WARNING: [youtube] Unable to download API page: HTTP Error 400: Bad Request (caused by <HTTPError 400: Bad Request>)
WARNING: [youtube] [jsc] Remote components challenge solver script (deno) and NPM package (deno) were skipped. These may be required to solve JS challenges. You can enable these downloads with  --remote-components ejs:github  (recommended) or  --remote-components ejs:npm , respectively. For more information and alternatives, refer to  https://github.com/yt-dlp/yt-dlp/wiki/EJS
WARNING: [youtube] 4Dz5AvemNQ8: n challenge solving failed: Some formats may be missing. Ensure you have a supported JavaScript runtime and challenge solver script distribution installed. Review any warnings presented before this message. For more details, refer to  https://github.com/yt-dlp/yt-dlp/wiki/EJS
WARNING: The extractor specified to use impersonation for this download, but no impersonate target is available. If you encounter errors, then see  https://github.com/yt-dlp/yt-dlp#impersonation  for information on installing the required dependencies
WARNING: [youtube] YouTube said: ERROR - Precondition check failed.
WARNING: [youtube] HTTP Error 400: Bad Request. Retrying (1/3)...
WARNING: [youtube] YouTube said: ERROR - Precondition check failed.
WARNING: [youtube] HTTP Error 400: Bad Request. Retrying (2/3)...
WARNING: [youtube] YouTube said: ERROR - Precondition check failed.
WARNING: [youtube] HTTP Error 400: Bad Request. Retrying (3/3)...
WARNING: [youtube] YouTube said: ERROR - Precondition check failed.
WARNING: [youtube] Unable to download API page: HTTP Error 400: Bad Request (caused by <HTTPError 400: Bad Request>)
WARNING: [youtube] [jsc] Remote components challenge solver script (deno) and NPM package (deno) were skipped. These may be required to solve JS challenges. You can enable these downloads with  --remote-components ejs:github  (recommended) or  --remote-components ejs:npm , respectively. For more information and alternatives, refer to  https://github.com/yt-dlp/yt-dlp/wiki/EJS
WARNING: [youtube] z5CqBB1yGyw: n challenge solving failed: Some formats may be missing. Ensure you have a supported JavaScript runtime and challenge solver script distribution installed. Review any warnings presented before this message. For more details, refer to  https://github.com/yt-dlp/yt-dlp/wiki/EJS
WARNING: The extractor specified to use impersonation for this download, but no impersonate target is available. If you encounter errors, then see  https://github.com/yt-dlp/yt-dlp#impersonation  for information on installing the required dependencies
WARNING: [youtube] YouTube said: ERROR - Precondition check failed.
WARNING: [youtube] HTTP Error 400: Bad Request. Retrying (1/3)...
WARNING: [youtube] YouTube said: ERROR - Precondition check failed.
WARNING: [youtube] HTTP Error 400: Bad Request. Retrying (2/3)...
WARNING: [youtube] YouTube said: ERROR - Precondition check failed.
WARNING: [youtube] HTTP Error 400: Bad Request. Retrying (3/3)...
WARNING: [youtube] YouTube said: ERROR - Precondition check failed.
WARNING: [youtube] Unable to download API page: HTTP Error 400: Bad Request (caused by <HTTPError 400: Bad Request>)
WARNING: [youtube] [jsc] Remote components challenge solver script (deno) and NPM package (deno) were skipped. These may be required to solve JS challenges. You can enable these downloads with  --remote-components ejs:github  (recommended) or  --remote-components ejs:npm , respectively. For more information and alternatives, refer to  https://github.com/yt-dlp/yt-dlp/wiki/EJS
WARNING: [youtube] lRJqbfYZdjE: n challenge solving failed: Some formats may be missing. Ensure you have a supported JavaScript runtime and challenge solver script distribution installed. Review any warnings presented before this message. For more details, refer to  https://github.com/yt-dlp/yt-dlp/wiki/EJS
WARNING: The extractor specified to use impersonation for this download, but no impersonate target is available. If you encounter errors, then see  https://github.com/yt-dlp/yt-dlp#impersonation  for information on installing the required dependencies
WARNING: [youtube] YouTube said: ERROR - Precondition check failed.
WARNING: [youtube] HTTP Error 400: Bad Request. Retrying (1/3)...
WARNING: [youtube] YouTube said: ERROR - Precondition check failed.
WARNING: [youtube] HTTP Error 400: Bad Request. Retrying (2/3)...
WARNING: [youtube] YouTube said: ERROR - Precondition check failed.
WARNING: [youtube] HTTP Error 400: Bad Request. Retrying (3/3)...
WARNING: [youtube] YouTube said: ERROR - Precondition check failed.
WARNING: [youtube] Unable to download API page: HTTP Error 400: Bad Request (caused by <HTTPError 400: Bad Request>)
WARNING: [youtube] ZF03OAPwxf8: Some android_vr client https formats have been skipped as they are missing a URL. YouTube may have enabled the SABR-only streaming experiment for the current session. See  https://github.com/yt-dlp/yt-dlp/issues/12482  for more details
WARNING: [youtube] [jsc] Remote components challenge solver script (deno) and NPM package (deno) were skipped. These may be required to solve JS challenges. You can enable these downloads with  --remote-components ejs:github  (recommended) or  --remote-components ejs:npm , respectively. For more information and alternatives, refer to  https://github.com/yt-dlp/yt-dlp/wiki/EJS
WARNING: [youtube] ZF03OAPwxf8: n challenge solving failed: Some formats may be missing. Ensure you have a supported JavaScript runtime and challenge solver script distribution installed. Review any warnings presented before this message. For more details, refer to  https://github.com/yt-dlp/yt-dlp/wiki/EJS
WARNING: The extractor specified to use impersonation for this download, but no impersonate target is available. If you encounter errors, then see  https://github.com/yt-dlp/yt-dlp#impersonation  for information on installing the required dependencies
WARNING: [youtube] YouTube said: ERROR - Precondition check failed.
WARNING: [youtube] HTTP Error 400: Bad Request. Retrying (1/3)...
WARNING: [youtube] YouTube said: ERROR - Precondition check failed.
WARNING: [youtube] HTTP Error 400: Bad Request. Retrying (2/3)...
WARNING: [youtube] YouTube said: ERROR - Precondition check failed.
WARNING: [youtube] HTTP Error 400: Bad Request. Retrying (3/3)...
WARNING: [youtube] YouTube said: ERROR - Precondition check failed.
WARNING: [youtube] Unable to download API page: HTTP Error 400: Bad Request (caused by <HTTPError 400: Bad Request>)
WARNING: [youtube] aAu1CzXLIpY: Some android_vr client https formats have been skipped as they are missing a URL. YouTube may have enabled the SABR-only streaming experiment for the current session. See  https://github.com/yt-dlp/yt-dlp/issues/12482  for more details
WARNING: [youtube] [jsc] Remote components challenge solver script (deno) and NPM package (deno) were skipped. These may be required to solve JS challenges. You can enable these downloads with  --remote-components ejs:github  (recommended) or  --remote-components ejs:npm , respectively. For more information and alternatives, refer to  https://github.com/yt-dlp/yt-dlp/wiki/EJS
WARNING: [youtube] aAu1CzXLIpY: n challenge solving failed: Some formats may be missing. Ensure you have a supported JavaScript runtime and challenge solver script distribution installed. Review any warnings presented before this message. For more details, refer to  https://github.com/yt-dlp/yt-dlp/wiki/EJS
WARNING: The extractor specified to use impersonation for this download, but no impersonate target is available. If you encounter errors, then see  https://github.com/yt-dlp/yt-dlp#impersonation  for information on installing the required dependencies
WARNING: [youtube] YouTube said: ERROR - Precondition check failed.
WARNING: [youtube] HTTP Error 400: Bad Request. Retrying (1/3)...
WARNING: [youtube] YouTube said: ERROR - Precondition check failed.
WARNING: [youtube] HTTP Error 400: Bad Request. Retrying (2/3)...
WARNING: [youtube] YouTube said: ERROR - Precondition check failed.
WARNING: [youtube] HTTP Error 400: Bad Request. Retrying (3/3)...
WARNING: [youtube] YouTube said: ERROR - Precondition check failed.
WARNING: [youtube] Unable to download API page: HTTP Error 400: Bad Request (caused by <HTTPError 400: Bad Request>)
WARNING: [youtube] [jsc] Remote components challenge solver script (deno) and NPM package (deno) were skipped. These may be required to solve JS challenges. You can enable these downloads with  --remote-components ejs:github  (recommended) or  --remote-components ejs:npm , respectively. For more information and alternatives, refer to  https://github.com/yt-dlp/yt-dlp/wiki/EJS
WARNING: [youtube] qeDbZhDafZ4: n challenge solving failed: Some formats may be missing. Ensure you have a supported JavaScript runtime and challenge solver script distribution installed. Review any warnings presented before this message. For more details, refer to  https://github.com/yt-dlp/yt-dlp/wiki/EJS
WARNING: The extractor specified to use impersonation for this download, but no impersonate target is available. If you encounter errors, then see  https://github.com/yt-dlp/yt-dlp#impersonation  for information on installing the required dependencies
WARNING: [youtube] YouTube said: ERROR - Precondition check failed.
WARNING: [youtube] HTTP Error 400: Bad Request. Retrying (1/3)...
WARNING: [youtube] YouTube said: ERROR - Precondition check failed.
WARNING: [youtube] HTTP Error 400: Bad Request. Retrying (2/3)...
WARNING: [youtube] YouTube said: ERROR - Precondition check failed.
WARNING: [youtube] HTTP Error 400: Bad Request. Retrying (3/3)...
WARNING: [youtube] YouTube said: ERROR - Precondition check failed.
WARNING: [youtube] Unable to download API page: HTTP Error 400: Bad Request (caused by <HTTPError 400: Bad Request>)
WARNING: [youtube] [jsc] Remote components challenge solver script (deno) and NPM package (deno) were skipped. These may be required to solve JS challenges. You can enable these downloads with  --remote-components ejs:github  (recommended) or  --remote-components ejs:npm , respectively. For more information and alternatives, refer to  https://github.com/yt-dlp/yt-dlp/wiki/EJS
WARNING: [youtube] _ktTmod3wMA: n challenge solving failed: Some formats may be missing. Ensure you have a supported JavaScript runtime and challenge solver script distribution installed. Review any warnings presented before this message. For more details, refer to  https://github.com/yt-dlp/yt-dlp/wiki/EJS
WARNING: The extractor specified to use impersonation for this download, but no impersonate target is available. If you encounter errors, then see  https://github.com/yt-dlp/yt-dlp#impersonation  for information on installing the required dependencies
WARNING: [youtube] YouTube said: ERROR - Precondition check failed.
WARNING: [youtube] HTTP Error 400: Bad Request. Retrying (1/3)...
WARNING: [youtube] YouTube said: ERROR - Precondition check failed.
WARNING: [youtube] HTTP Error 400: Bad Request. Retrying (2/3)...
WARNING: [youtube] YouTube said: ERROR - Precondition check failed.
WARNING: [youtube] HTTP Error 400: Bad Request. Retrying (3/3)...
WARNING: [youtube] YouTube said: ERROR - Precondition check failed.
WARNING: [youtube] Unable to download API page: HTTP Error 400: Bad Request (caused by <HTTPError 400: Bad Request>)
WARNING: [youtube] [jsc] Remote components challenge solver script (deno) and NPM package (deno) were skipped. These may be required to solve JS challenges. You can enable these downloads with  --remote-components ejs:github  (recommended) or  --remote-components ejs:npm , respectively. For more information and alternatives, refer to  https://github.com/yt-dlp/yt-dlp/wiki/EJS
WARNING: [youtube] SBeRc1Ucv0E: n challenge solving failed: Some formats may be missing. Ensure you have a supported JavaScript runtime and challenge solver script distribution installed. Review any warnings presented before this message. For more details, refer to  https://github.com/yt-dlp/yt-dlp/wiki/EJS
WARNING: The extractor specified to use impersonation for this download, but no impersonate target is available. If you encounter errors, then see  https://github.com/yt-dlp/yt-dlp#impersonation  for information on installing the required dependencies
[柏格醫生中文] 完成 (共 50 個字幕)

[周慕姿放心說] 抓取中...
WARNING: [youtube] YouTube said: ERROR - Precondition check failed.
WARNING: [youtube] HTTP Error 400: Bad Request. Retrying (1/3)...
WARNING: [youtube] YouTube said: ERROR - Precondition check failed.
WARNING: [youtube] HTTP Error 400: Bad Request. Retrying (2/3)...
WARNING: [youtube] YouTube said: ERROR - Precondition check failed.
WARNING: [youtube] HTTP Error 400: Bad Request. Retrying (3/3)...
WARNING: [youtube] YouTube said: ERROR - Precondition check failed.
WARNING: [youtube] Unable to download API page: HTTP Error 400: Bad Request (caused by <HTTPError 400: Bad Request>)
WARNING: [youtube] [jsc] Remote components challenge solver script (deno) and NPM package (deno) were skipped. These may be required to solve JS challenges. You can enable these downloads with  --remote-components ejs:github  (recommended) or  --remote-components ejs:npm , respectively. For more information and alternatives, refer to  https://github.com/yt-dlp/yt-dlp/wiki/EJS
WARNING: [youtube] sofjHv870hc: Signature solving failed: Some formats may be missing. Ensure you have a supported JavaScript runtime and challenge solver script distribution installed. Review any warnings presented before this message. For more details, refer to  https://github.com/yt-dlp/yt-dlp/wiki/EJS
WARNING: [youtube] sofjHv870hc: n challenge solving failed: Some formats may be missing. Ensure you have a supported JavaScript runtime and challenge solver script distribution installed. Review any warnings presented before this message. For more details, refer to  https://github.com/yt-dlp/yt-dlp/wiki/EJS
WARNING: The extractor specified to use impersonation for this download, but no impersonate target is available. If you encounter errors, then see  https://github.com/yt-dlp/yt-dlp#impersonation  for information on installing the required dependencies
WARNING: [youtube] YouTube said: ERROR - Precondition check failed.
WARNING: [youtube] HTTP Error 400: Bad Request. Retrying (1/3)...
WARNING: [youtube] YouTube said: ERROR - Precondition check failed.
WARNING: [youtube] HTTP Error 400: Bad Request. Retrying (2/3)...
WARNING: [youtube] YouTube said: ERROR - Precondition check failed.
WARNING: [youtube] HTTP Error 400: Bad Request. Retrying (3/3)...
WARNING: [youtube] YouTube said: ERROR - Precondition check failed.
WARNING: [youtube] Unable to download API page: HTTP Error 400: Bad Request (caused by <HTTPError 400: Bad Request>)
WARNING: [youtube] [jsc] Remote components challenge solver script (deno) and NPM package (deno) were skipped. These may be required to solve JS challenges. You can enable these downloads with  --remote-components ejs:github  (recommended) or  --remote-components ejs:npm , respectively. For more information and alternatives, refer to  https://github.com/yt-dlp/yt-dlp/wiki/EJS
WARNING: [youtube] qoRQlb97Ag8: n challenge solving failed: Some formats may be missing. Ensure you have a supported JavaScript runtime and challenge solver script distribution installed. Review any warnings presented before this message. For more details, refer to  https://github.com/yt-dlp/yt-dlp/wiki/EJS
WARNING: The extractor specified to use impersonation for this download, but no impersonate target is available. If you encounter errors, then see  https://github.com/yt-dlp/yt-dlp#impersonation  for information on installing the required dependencies
WARNING: [youtube] YouTube said: ERROR - Precondition check failed.
WARNING: [youtube] HTTP Error 400: Bad Request. Retrying (1/3)...
WARNING: [youtube] YouTube said: ERROR - Precondition check failed.
WARNING: [youtube] HTTP Error 400: Bad Request. Retrying (2/3)...
WARNING: [youtube] YouTube said: ERROR - Precondition check failed.
WARNING: [youtube] HTTP Error 400: Bad Request. Retrying (3/3)...
WARNING: [youtube] YouTube said: ERROR - Precondition check failed.
WARNING: [youtube] Unable to download API page: HTTP Error 400: Bad Request (caused by <HTTPError 400: Bad Request>)
WARNING: [youtube] _WS1nix9RBk: Some android_vr client https formats have been skipped as they are missing a URL. YouTube may have enabled the SABR-only streaming experiment for the current session. See  https://github.com/yt-dlp/yt-dlp/issues/12482  for more details
WARNING: [youtube] [jsc] Remote components challenge solver script (deno) and NPM package (deno) were skipped. These may be required to solve JS challenges. You can enable these downloads with  --remote-components ejs:github  (recommended) or  --remote-components ejs:npm , respectively. For more information and alternatives, refer to  https://github.com/yt-dlp/yt-dlp/wiki/EJS
WARNING: [youtube] _WS1nix9RBk: n challenge solving failed: Some formats may be missing. Ensure you have a supported JavaScript runtime and challenge solver script distribution installed. Review any warnings presented before this message. For more details, refer to  https://github.com/yt-dlp/yt-dlp/wiki/EJS
WARNING: The extractor specified to use impersonation for this download, but no impersonate target is available. If you encounter errors, then see  https://github.com/yt-dlp/yt-dlp#impersonation  for information on installing the required dependencies
WARNING: [youtube] YouTube said: ERROR - Precondition check failed.
WARNING: [youtube] HTTP Error 400: Bad Request. Retrying (1/3)...
WARNING: [youtube] YouTube said: ERROR - Precondition check failed.
WARNING: [youtube] HTTP Error 400: Bad Request. Retrying (2/3)...
WARNING: [youtube] YouTube said: ERROR - Precondition check failed.
WARNING: [youtube] HTTP Error 400: Bad Request. Retrying (3/3)...
WARNING: [youtube] YouTube said: ERROR - Precondition check failed.
WARNING: [youtube] Unable to download API page: HTTP Error 400: Bad Request (caused by <HTTPError 400: Bad Request>)
WARNING: [youtube] [jsc] Remote components challenge solver script (deno) and NPM package (deno) were skipped. These may be required to solve JS challenges. You can enable these downloads with  --remote-components ejs:github  (recommended) or  --remote-components ejs:npm , respectively. For more information and alternatives, refer to  https://github.com/yt-dlp/yt-dlp/wiki/EJS
WARNING: [youtube] mGnunHcrltY: n challenge solving failed: Some formats may be missing. Ensure you have a supported JavaScript runtime and challenge solver script distribution installed. Review any warnings presented before this message. For more details, refer to  https://github.com/yt-dlp/yt-dlp/wiki/EJS
WARNING: The extractor specified to use impersonation for this download, but no impersonate target is available. If you encounter errors, then see  https://github.com/yt-dlp/yt-dlp#impersonation  for information on installing the required dependencies
WARNING: [youtube] YouTube said: ERROR - Precondition check failed.
WARNING: [youtube] HTTP Error 400: Bad Request. Retrying (1/3)...
WARNING: [youtube] YouTube said: ERROR - Precondition check failed.
WARNING: [youtube] HTTP Error 400: Bad Request. Retrying (2/3)...
WARNING: [youtube] YouTube said: ERROR - Precondition check failed.
WARNING: [youtube] HTTP Error 400: Bad Request. Retrying (3/3)...
WARNING: [youtube] YouTube said: ERROR - Precondition check failed.
WARNING: [youtube] Unable to download API page: HTTP Error 400: Bad Request (caused by <HTTPError 400: Bad Request>)
WARNING: [youtube] [jsc] Remote components challenge solver script (deno) and NPM package (deno) were skipped. These may be required to solve JS challenges. You can enable these downloads with  --remote-components ejs:github  (recommended) or  --remote-components ejs:npm , respectively. For more information and alternatives, refer to  https://github.com/yt-dlp/yt-dlp/wiki/EJS
WARNING: [youtube] NgpwHYYOV_U: n challenge solving failed: Some formats may be missing. Ensure you have a supported JavaScript runtime and challenge solver script distribution installed. Review any warnings presented before this message. For more details, refer to  https://github.com/yt-dlp/yt-dlp/wiki/EJS
WARNING: The extractor specified to use impersonation for this download, but no impersonate target is available. If you encounter errors, then see  https://github.com/yt-dlp/yt-dlp#impersonation  for information on installing the required dependencies
WARNING: [youtube] YouTube said: ERROR - Precondition check failed.
WARNING: [youtube] HTTP Error 400: Bad Request. Retrying (1/3)...
WARNING: [youtube] YouTube said: ERROR - Precondition check failed.
WARNING: [youtube] HTTP Error 400: Bad Request. Retrying (2/3)...
WARNING: [youtube] YouTube said: ERROR - Precondition check failed.
WARNING: [youtube] HTTP Error 400: Bad Request. Retrying (3/3)...
WARNING: [youtube] YouTube said: ERROR - Precondition check failed.
WARNING: [youtube] Unable to download API page: HTTP Error 400: Bad Request (caused by <HTTPError 400: Bad Request>)
WARNING: [youtube] [jsc] Remote components challenge solver script (deno) and NPM package (deno) were skipped. These may be required to solve JS challenges. You can enable these downloads with  --remote-components ejs:github  (recommended) or  --remote-components ejs:npm , respectively. For more information and alternatives, refer to  https://github.com/yt-dlp/yt-dlp/wiki/EJS
WARNING: [youtube] YEfCCBfd7k4: n challenge solving failed: Some formats may be missing. Ensure you have a supported JavaScript runtime and challenge solver script distribution installed. Review any warnings presented before this message. For more details, refer to  https://github.com/yt-dlp/yt-dlp/wiki/EJS
WARNING: The extractor specified to use impersonation for this download, but no impersonate target is available. If you encounter errors, then see  https://github.com/yt-dlp/yt-dlp#impersonation  for information on installing the required dependencies
WARNING: [youtube] YouTube said: ERROR - Precondition check failed.
WARNING: [youtube] HTTP Error 400: Bad Request. Retrying (1/3)...
WARNING: [youtube] YouTube said: ERROR - Precondition check failed.
WARNING: [youtube] HTTP Error 400: Bad Request. Retrying (2/3)...
WARNING: [youtube] YouTube said: ERROR - Precondition check failed.
WARNING: [youtube] HTTP Error 400: Bad Request. Retrying (3/3)...
WARNING: [youtube] YouTube said: ERROR - Precondition check failed.
WARNING: [youtube] Unable to download API page: HTTP Error 400: Bad Request (caused by <HTTPError 400: Bad Request>)
WARNING: [youtube] [jsc] Remote components challenge solver script (deno) and NPM package (deno) were skipped. These may be required to solve JS challenges. You can enable these downloads with  --remote-components ejs:github  (recommended) or  --remote-components ejs:npm , respectively. For more information and alternatives, refer to  https://github.com/yt-dlp/yt-dlp/wiki/EJS
WARNING: [youtube] xf8n1_XmQf8: n challenge solving failed: Some formats may be missing. Ensure you have a supported JavaScript runtime and challenge solver script distribution installed. Review any warnings presented before this message. For more details, refer to  https://github.com/yt-dlp/yt-dlp/wiki/EJS
WARNING: The extractor specified to use impersonation for this download, but no impersonate target is available. If you encounter errors, then see  https://github.com/yt-dlp/yt-dlp#impersonation  for information on installing the required dependencies
WARNING: [youtube] YouTube said: ERROR - Precondition check failed.
WARNING: [youtube] HTTP Error 400: Bad Request. Retrying (1/3)...
WARNING: [youtube] YouTube said: ERROR - Precondition check failed.
WARNING: [youtube] HTTP Error 400: Bad Request. Retrying (2/3)...
WARNING: [youtube] YouTube said: ERROR - Precondition check failed.
WARNING: [youtube] HTTP Error 400: Bad Request. Retrying (3/3)...
WARNING: [youtube] YouTube said: ERROR - Precondition check failed.
WARNING: [youtube] Unable to download API page: HTTP Error 400: Bad Request (caused by <HTTPError 400: Bad Request>)
WARNING: [youtube] [jsc] Remote components challenge solver script (deno) and NPM package (deno) were skipped. These may be required to solve JS challenges. You can enable these downloads with  --remote-components ejs:github  (recommended) or  --remote-components ejs:npm , respectively. For more information and alternatives, refer to  https://github.com/yt-dlp/yt-dlp/wiki/EJS
WARNING: [youtube] 9nAMgKUFtJc: n challenge solving failed: Some formats may be missing. Ensure you have a supported JavaScript runtime and challenge solver script distribution installed. Review any warnings presented before this message. For more details, refer to  https://github.com/yt-dlp/yt-dlp/wiki/EJS
WARNING: The extractor specified to use impersonation for this download, but no impersonate target is available. If you encounter errors, then see  https://github.com/yt-dlp/yt-dlp#impersonation  for information on installing the required dependencies
WARNING: [youtube] YouTube said: ERROR - Precondition check failed.
WARNING: [youtube] HTTP Error 400: Bad Request. Retrying (1/3)...
WARNING: [youtube] YouTube said: ERROR - Precondition check failed.
WARNING: [youtube] HTTP Error 400: Bad Request. Retrying (2/3)...
WARNING: [youtube] YouTube said: ERROR - Precondition check failed.
WARNING: [youtube] HTTP Error 400: Bad Request. Retrying (3/3)...
WARNING: [youtube] YouTube said: ERROR - Precondition check failed.
WARNING: [youtube] Unable to download API page: HTTP Error 400: Bad Request (caused by <HTTPError 400: Bad Request>)
WARNING: [youtube] [jsc] Remote components challenge solver script (deno) and NPM package (deno) were skipped. These may be required to solve JS challenges. You can enable these downloads with  --remote-components ejs:github  (recommended) or  --remote-components ejs:npm , respectively. For more information and alternatives, refer to  https://github.com/yt-dlp/yt-dlp/wiki/EJS
WARNING: [youtube] 932ijj-0C_A: n challenge solving failed: Some formats may be missing. Ensure you have a supported JavaScript runtime and challenge solver script distribution installed. Review any warnings presented before this message. For more details, refer to  https://github.com/yt-dlp/yt-dlp/wiki/EJS
WARNING: The extractor specified to use impersonation for this download, but no impersonate target is available. If you encounter errors, then see  https://github.com/yt-dlp/yt-dlp#impersonation  for information on installing the required dependencies
WARNING: [youtube] YouTube said: ERROR - Precondition check failed.
WARNING: [youtube] HTTP Error 400: Bad Request. Retrying (1/3)...
WARNING: [youtube] YouTube said: ERROR - Precondition check failed.
WARNING: [youtube] HTTP Error 400: Bad Request. Retrying (2/3)...
WARNING: [youtube] YouTube said: ERROR - Precondition check failed.
WARNING: [youtube] HTTP Error 400: Bad Request. Retrying (3/3)...
WARNING: [youtube] YouTube said: ERROR - Precondition check failed.
WARNING: [youtube] Unable to download API page: HTTP Error 400: Bad Request (caused by <HTTPError 400: Bad Request>)
WARNING: [youtube] [jsc] Remote components challenge solver script (deno) and NPM package (deno) were skipped. These may be required to solve JS challenges. You can enable these downloads with  --remote-components ejs:github  (recommended) or  --remote-components ejs:npm , respectively. For more information and alternatives, refer to  https://github.com/yt-dlp/yt-dlp/wiki/EJS
WARNING: [youtube] J5Yr9rRqbOQ: n challenge solving failed: Some formats may be missing. Ensure you have a supported JavaScript runtime and challenge solver script distribution installed. Review any warnings presented before this message. For more details, refer to  https://github.com/yt-dlp/yt-dlp/wiki/EJS
WARNING: The extractor specified to use impersonation for this download, but no impersonate target is available. If you encounter errors, then see  https://github.com/yt-dlp/yt-dlp#impersonation  for information on installing the required dependencies
WARNING: [youtube] YouTube said: ERROR - Precondition check failed.
WARNING: [youtube] HTTP Error 400: Bad Request. Retrying (1/3)...
WARNING: [youtube] YouTube said: ERROR - Precondition check failed.
WARNING: [youtube] HTTP Error 400: Bad Request. Retrying (2/3)...
WARNING: [youtube] YouTube said: ERROR - Precondition check failed.
WARNING: [youtube] HTTP Error 400: Bad Request. Retrying (3/3)...
WARNING: [youtube] YouTube said: ERROR - Precondition check failed.
WARNING: [youtube] Unable to download API page: HTTP Error 400: Bad Request (caused by <HTTPError 400: Bad Request>)
WARNING: [youtube] [jsc] Remote components challenge solver script (deno) and NPM package (deno) were skipped. These may be required to solve JS challenges. You can enable these downloads with  --remote-components ejs:github  (recommended) or  --remote-components ejs:npm , respectively. For more information and alternatives, refer to  https://github.com/yt-dlp/yt-dlp/wiki/EJS
WARNING: [youtube] bXbMY87r7Oc: n challenge solving failed: Some formats may be missing. Ensure you have a supported JavaScript runtime and challenge solver script distribution installed. Review any warnings presented before this message. For more details, refer to  https://github.com/yt-dlp/yt-dlp/wiki/EJS
WARNING: The extractor specified to use impersonation for this download, but no impersonate target is available. If you encounter errors, then see  https://github.com/yt-dlp/yt-dlp#impersonation  for information on installing the required dependencies
WARNING: [youtube] YouTube said: ERROR - Precondition check failed.
WARNING: [youtube] HTTP Error 400: Bad Request. Retrying (1/3)...
WARNING: [youtube] YouTube said: ERROR - Precondition check failed.
WARNING: [youtube] HTTP Error 400: Bad Request. Retrying (2/3)...
WARNING: [youtube] YouTube said: ERROR - Precondition check failed.
WARNING: [youtube] HTTP Error 400: Bad Request. Retrying (3/3)...
WARNING: [youtube] YouTube said: ERROR - Precondition check failed.
WARNING: [youtube] Unable to download API page: HTTP Error 400: Bad Request (caused by <HTTPError 400: Bad Request>)
WARNING: [youtube] [jsc] Remote components challenge solver script (deno) and NPM package (deno) were skipped. These may be required to solve JS challenges. You can enable these downloads with  --remote-components ejs:github  (recommended) or  --remote-components ejs:npm , respectively. For more information and alternatives, refer to  https://github.com/yt-dlp/yt-dlp/wiki/EJS
WARNING: [youtube] JDMQTOkTs4M: n challenge solving failed: Some formats may be missing. Ensure you have a supported JavaScript runtime and challenge solver script distribution installed. Review any warnings presented before this message. For more details, refer to  https://github.com/yt-dlp/yt-dlp/wiki/EJS
WARNING: The extractor specified to use impersonation for this download, but no impersonate target is available. If you encounter errors, then see  https://github.com/yt-dlp/yt-dlp#impersonation  for information on installing the required dependencies
WARNING: [youtube] YouTube said: ERROR - Precondition check failed.
WARNING: [youtube] HTTP Error 400: Bad Request. Retrying (1/3)...
WARNING: [youtube] YouTube said: ERROR - Precondition check failed.
WARNING: [youtube] HTTP Error 400: Bad Request. Retrying (2/3)...
WARNING: [youtube] YouTube said: ERROR - Precondition check failed.
WARNING: [youtube] HTTP Error 400: Bad Request. Retrying (3/3)...
WARNING: [youtube] YouTube said: ERROR - Precondition check failed.
WARNING: [youtube] Unable to download API page: HTTP Error 400: Bad Request (caused by <HTTPError 400: Bad Request>)
WARNING: [youtube] uWLDujDOkYE: Some android_vr client https formats have been skipped as they are missing a URL. YouTube may have enabled the SABR-only streaming experiment for the current session. See  https://github.com/yt-dlp/yt-dlp/issues/12482  for more details
WARNING: [youtube] [jsc] Remote components challenge solver script (deno) and NPM package (deno) were skipped. These may be required to solve JS challenges. You can enable these downloads with  --remote-components ejs:github  (recommended) or  --remote-components ejs:npm , respectively. For more information and alternatives, refer to  https://github.com/yt-dlp/yt-dlp/wiki/EJS
WARNING: [youtube] uWLDujDOkYE: n challenge solving failed: Some formats may be missing. Ensure you have a supported JavaScript runtime and challenge solver script distribution installed. Review any warnings presented before this message. For more details, refer to  https://github.com/yt-dlp/yt-dlp/wiki/EJS
WARNING: The extractor specified to use impersonation for this download, but no impersonate target is available. If you encounter errors, then see  https://github.com/yt-dlp/yt-dlp#impersonation  for information on installing the required dependencies
WARNING: [youtube] YouTube said: ERROR - Precondition check failed.
WARNING: [youtube] HTTP Error 400: Bad Request. Retrying (1/3)...
WARNING: [youtube] YouTube said: ERROR - Precondition check failed.
WARNING: [youtube] HTTP Error 400: Bad Request. Retrying (2/3)...
WARNING: [youtube] YouTube said: ERROR - Precondition check failed.
WARNING: [youtube] HTTP Error 400: Bad Request. Retrying (3/3)...
WARNING: [youtube] YouTube said: ERROR - Precondition check failed.
WARNING: [youtube] Unable to download API page: HTTP Error 400: Bad Request (caused by <HTTPError 400: Bad Request>)
WARNING: [youtube] [jsc] Remote components challenge solver script (deno) and NPM package (deno) were skipped. These may be required to solve JS challenges. You can enable these downloads with  --remote-components ejs:github  (recommended) or  --remote-components ejs:npm , respectively. For more information and alternatives, refer to  https://github.com/yt-dlp/yt-dlp/wiki/EJS
WARNING: [youtube] H_VbHKcMzY0: n challenge solving failed: Some formats may be missing. Ensure you have a supported JavaScript runtime and challenge solver script distribution installed. Review any warnings presented before this message. For more details, refer to  https://github.com/yt-dlp/yt-dlp/wiki/EJS
WARNING: The extractor specified to use impersonation for this download, but no impersonate target is available. If you encounter errors, then see  https://github.com/yt-dlp/yt-dlp#impersonation  for information on installing the required dependencies
WARNING: [youtube] YouTube said: ERROR - Precondition check failed.
WARNING: [youtube] HTTP Error 400: Bad Request. Retrying (1/3)...
WARNING: [youtube] YouTube said: ERROR - Precondition check failed.
WARNING: [youtube] HTTP Error 400: Bad Request. Retrying (2/3)...
WARNING: [youtube] YouTube said: ERROR - Precondition check failed.
WARNING: [youtube] HTTP Error 400: Bad Request. Retrying (3/3)...
WARNING: [youtube] YouTube said: ERROR - Precondition check failed.
WARNING: [youtube] Unable to download API page: HTTP Error 400: Bad Request (caused by <HTTPError 400: Bad Request>)
WARNING: [youtube] [jsc] Remote components challenge solver script (deno) and NPM package (deno) were skipped. These may be required to solve JS challenges. You can enable these downloads with  --remote-components ejs:github  (recommended) or  --remote-components ejs:npm , respectively. For more information and alternatives, refer to  https://github.com/yt-dlp/yt-dlp/wiki/EJS
WARNING: [youtube] fD0_zQJzobU: n challenge solving failed: Some formats may be missing. Ensure you have a supported JavaScript runtime and challenge solver script distribution installed. Review any warnings presented before this message. For more details, refer to  https://github.com/yt-dlp/yt-dlp/wiki/EJS
WARNING: [youtube] YouTube said: ERROR - Precondition check failed.
WARNING: [youtube] HTTP Error 400: Bad Request. Retrying (1/3)...
WARNING: [youtube] YouTube said: ERROR - Precondition check failed.
WARNING: [youtube] HTTP Error 400: Bad Request. Retrying (2/3)...
WARNING: [youtube] YouTube said: ERROR - Precondition check failed.
WARNING: [youtube] HTTP Error 400: Bad Request. Retrying (3/3)...
WARNING: [youtube] YouTube said: ERROR - Precondition check failed.
WARNING: [youtube] Unable to download API page: HTTP Error 400: Bad Request (caused by <HTTPError 400: Bad Request>)
WARNING: [youtube] nEwlYI1QqUI: Some android_vr client https formats have been skipped as they are missing a URL. YouTube may have enabled the SABR-only streaming experiment for the current session. See  https://github.com/yt-dlp/yt-dlp/issues/12482  for more details
WARNING: [youtube] [jsc] Remote components challenge solver script (deno) and NPM package (deno) were skipped. These may be required to solve JS challenges. You can enable these downloads with  --remote-components ejs:github  (recommended) or  --remote-components ejs:npm , respectively. For more information and alternatives, refer to  https://github.com/yt-dlp/yt-dlp/wiki/EJS
WARNING: [youtube] nEwlYI1QqUI: n challenge solving failed: Some formats may be missing. Ensure you have a supported JavaScript runtime and challenge solver script distribution installed. Review any warnings presented before this message. For more details, refer to  https://github.com/yt-dlp/yt-dlp/wiki/EJS
WARNING: The extractor specified to use impersonation for this download, but no impersonate target is available. If you encounter errors, then see  https://github.com/yt-dlp/yt-dlp#impersonation  for information on installing the required dependencies
WARNING: [youtube] YouTube said: ERROR - Precondition check failed.
WARNING: [youtube] HTTP Error 400: Bad Request. Retrying (1/3)...
WARNING: [youtube] YouTube said: ERROR - Precondition check failed.
WARNING: [youtube] HTTP Error 400: Bad Request. Retrying (2/3)...
WARNING: [youtube] YouTube said: ERROR - Precondition check failed.
WARNING: [youtube] HTTP Error 400: Bad Request. Retrying (3/3)...
WARNING: [youtube] YouTube said: ERROR - Precondition check failed.
WARNING: [youtube] Unable to download API page: HTTP Error 400: Bad Request (caused by <HTTPError 400: Bad Request>)
WARNING: [youtube] [jsc] Remote components challenge solver script (deno) and NPM package (deno) were skipped. These may be required to solve JS challenges. You can enable these downloads with  --remote-components ejs:github  (recommended) or  --remote-components ejs:npm , respectively. For more information and alternatives, refer to  https://github.com/yt-dlp/yt-dlp/wiki/EJS
WARNING: [youtube] eUaqiwR84ZU: n challenge solving failed: Some formats may be missing. Ensure you have a supported JavaScript runtime and challenge solver script distribution installed. Review any warnings presented before this message. For more details, refer to  https://github.com/yt-dlp/yt-dlp/wiki/EJS
WARNING: [youtube] YouTube said: ERROR - Precondition check failed.
WARNING: [youtube] HTTP Error 400: Bad Request. Retrying (1/3)...
WARNING: [youtube] YouTube said: ERROR - Precondition check failed.
WARNING: [youtube] HTTP Error 400: Bad Request. Retrying (2/3)...
WARNING: [youtube] YouTube said: ERROR - Precondition check failed.
WARNING: [youtube] HTTP Error 400: Bad Request. Retrying (3/3)...
WARNING: [youtube] YouTube said: ERROR - Precondition check failed.
WARNING: [youtube] Unable to download API page: HTTP Error 400: Bad Request (caused by <HTTPError 400: Bad Request>)
WARNING: [youtube] [jsc] Remote components challenge solver script (deno) and NPM package (deno) were skipped. These may be required to solve JS challenges. You can enable these downloads with  --remote-components ejs:github  (recommended) or  --remote-components ejs:npm , respectively. For more information and alternatives, refer to  https://github.com/yt-dlp/yt-dlp/wiki/EJS
WARNING: [youtube] oqsphQJ_YJQ: n challenge solving failed: Some formats may be missing. Ensure you have a supported JavaScript runtime and challenge solver script distribution installed. Review any warnings presented before this message. For more details, refer to  https://github.com/yt-dlp/yt-dlp/wiki/EJS
WARNING: The extractor specified to use impersonation for this download, but no impersonate target is available. If you encounter errors, then see  https://github.com/yt-dlp/yt-dlp#impersonation  for information on installing the required dependencies
WARNING: [youtube] YouTube said: ERROR - Precondition check failed.
WARNING: [youtube] HTTP Error 400: Bad Request. Retrying (1/3)...
WARNING: [youtube] YouTube said: ERROR - Precondition check failed.
WARNING: [youtube] HTTP Error 400: Bad Request. Retrying (2/3)...
WARNING: [youtube] YouTube said: ERROR - Precondition check failed.
WARNING: [youtube] HTTP Error 400: Bad Request. Retrying (3/3)...
WARNING: [youtube] YouTube said: ERROR - Precondition check failed.
WARNING: [youtube] Unable to download API page: HTTP Error 400: Bad Request (caused by <HTTPError 400: Bad Request>)
WARNING: [youtube] [jsc] Remote components challenge solver script (deno) and NPM package (deno) were skipped. These may be required to solve JS challenges. You can enable these downloads with  --remote-components ejs:github  (recommended) or  --remote-components ejs:npm , respectively. For more information and alternatives, refer to  https://github.com/yt-dlp/yt-dlp/wiki/EJS
WARNING: [youtube] 7dWgyohk_o4: n challenge solving failed: Some formats may be missing. Ensure you have a supported JavaScript runtime and challenge solver script distribution installed. Review any warnings presented before this message. For more details, refer to  https://github.com/yt-dlp/yt-dlp/wiki/EJS
WARNING: The extractor specified to use impersonation for this download, but no impersonate target is available. If you encounter errors, then see  https://github.com/yt-dlp/yt-dlp#impersonation  for information on installing the required dependencies
WARNING: [youtube] YouTube said: ERROR - Precondition check failed.
WARNING: [youtube] HTTP Error 400: Bad Request. Retrying (1/3)...
WARNING: [youtube] YouTube said: ERROR - Precondition check failed.
WARNING: [youtube] HTTP Error 400: Bad Request. Retrying (2/3)...
WARNING: [youtube] YouTube said: ERROR - Precondition check failed.
WARNING: [youtube] HTTP Error 400: Bad Request. Retrying (3/3)...
WARNING: [youtube] YouTube said: ERROR - Precondition check failed.
WARNING: [youtube] Unable to download API page: HTTP Error 400: Bad Request (caused by <HTTPError 400: Bad Request>)
WARNING: [youtube] [jsc] Remote components challenge solver script (deno) and NPM package (deno) were skipped. These may be required to solve JS challenges. You can enable these downloads with  --remote-components ejs:github  (recommended) or  --remote-components ejs:npm , respectively. For more information and alternatives, refer to  https://github.com/yt-dlp/yt-dlp/wiki/EJS
WARNING: [youtube] 91r8mnbTTxY: n challenge solving failed: Some formats may be missing. Ensure you have a supported JavaScript runtime and challenge solver script distribution installed. Review any warnings presented before this message. For more details, refer to  https://github.com/yt-dlp/yt-dlp/wiki/EJS
WARNING: The extractor specified to use impersonation for this download, but no impersonate target is available. If you encounter errors, then see  https://github.com/yt-dlp/yt-dlp#impersonation  for information on installing the required dependencies
WARNING: [youtube] YouTube said: ERROR - Precondition check failed.
WARNING: [youtube] HTTP Error 400: Bad Request. Retrying (1/3)...
WARNING: [youtube] YouTube said: ERROR - Precondition check failed.
WARNING: [youtube] HTTP Error 400: Bad Request. Retrying (2/3)...
WARNING: [youtube] YouTube said: ERROR - Precondition check failed.
WARNING: [youtube] HTTP Error 400: Bad Request. Retrying (3/3)...
WARNING: [youtube] YouTube said: ERROR - Precondition check failed.
WARNING: [youtube] Unable to download API page: HTTP Error 400: Bad Request (caused by <HTTPError 400: Bad Request>)
WARNING: [youtube] [jsc] Remote components challenge solver script (deno) and NPM package (deno) were skipped. These may be required to solve JS challenges. You can enable these downloads with  --remote-components ejs:github  (recommended) or  --remote-components ejs:npm , respectively. For more information and alternatives, refer to  https://github.com/yt-dlp/yt-dlp/wiki/EJS
WARNING: [youtube] D2bxylRX2VI: n challenge solving failed: Some formats may be missing. Ensure you have a supported JavaScript runtime and challenge solver script distribution installed. Review any warnings presented before this message. For more details, refer to  https://github.com/yt-dlp/yt-dlp/wiki/EJS
WARNING: The extractor specified to use impersonation for this download, but no impersonate target is available. If you encounter errors, then see  https://github.com/yt-dlp/yt-dlp#impersonation  for information on installing the required dependencies
WARNING: [youtube] YouTube said: ERROR - Precondition check failed.
WARNING: [youtube] HTTP Error 400: Bad Request. Retrying (1/3)...
WARNING: [youtube] YouTube said: ERROR - Precondition check failed.
WARNING: [youtube] HTTP Error 400: Bad Request. Retrying (2/3)...
WARNING: [youtube] YouTube said: ERROR - Precondition check failed.
WARNING: [youtube] HTTP Error 400: Bad Request. Retrying (3/3)...
WARNING: [youtube] YouTube said: ERROR - Precondition check failed.
WARNING: [youtube] Unable to download API page: HTTP Error 400: Bad Request (caused by <HTTPError 400: Bad Request>)
WARNING: [youtube] [jsc] Remote components challenge solver script (deno) and NPM package (deno) were skipped. These may be required to solve JS challenges. You can enable these downloads with  --remote-components ejs:github  (recommended) or  --remote-components ejs:npm , respectively. For more information and alternatives, refer to  https://github.com/yt-dlp/yt-dlp/wiki/EJS
WARNING: [youtube] XiX9mg4Xsqc: n challenge solving failed: Some formats may be missing. Ensure you have a supported JavaScript runtime and challenge solver script distribution installed. Review any warnings presented before this message. For more details, refer to  https://github.com/yt-dlp/yt-dlp/wiki/EJS
WARNING: The extractor specified to use impersonation for this download, but no impersonate target is available. If you encounter errors, then see  https://github.com/yt-dlp/yt-dlp#impersonation  for information on installing the required dependencies
WARNING: [youtube] YouTube said: ERROR - Precondition check failed.
WARNING: [youtube] HTTP Error 400: Bad Request. Retrying (1/3)...
WARNING: [youtube] YouTube said: ERROR - Precondition check failed.
WARNING: [youtube] HTTP Error 400: Bad Request. Retrying (2/3)...
WARNING: [youtube] YouTube said: ERROR - Precondition check failed.
WARNING: [youtube] HTTP Error 400: Bad Request. Retrying (3/3)...
WARNING: [youtube] YouTube said: ERROR - Precondition check failed.
WARNING: [youtube] Unable to download API page: HTTP Error 400: Bad Request (caused by <HTTPError 400: Bad Request>)
WARNING: [youtube] [jsc] Remote components challenge solver script (deno) and NPM package (deno) were skipped. These may be required to solve JS challenges. You can enable these downloads with  --remote-components ejs:github  (recommended) or  --remote-components ejs:npm , respectively. For more information and alternatives, refer to  https://github.com/yt-dlp/yt-dlp/wiki/EJS
WARNING: [youtube] NaN5O1VTWFc: n challenge solving failed: Some formats may be missing. Ensure you have a supported JavaScript runtime and challenge solver script distribution installed. Review any warnings presented before this message. For more details, refer to  https://github.com/yt-dlp/yt-dlp/wiki/EJS
WARNING: The extractor specified to use impersonation for this download, but no impersonate target is available. If you encounter errors, then see  https://github.com/yt-dlp/yt-dlp#impersonation  for information on installing the required dependencies
WARNING: [youtube] YouTube said: ERROR - Precondition check failed.
WARNING: [youtube] HTTP Error 400: Bad Request. Retrying (1/3)...
WARNING: [youtube] YouTube said: ERROR - Precondition check failed.
WARNING: [youtube] HTTP Error 400: Bad Request. Retrying (2/3)...
WARNING: [youtube] YouTube said: ERROR - Precondition check failed.
WARNING: [youtube] HTTP Error 400: Bad Request. Retrying (3/3)...
WARNING: [youtube] YouTube said: ERROR - Precondition check failed.
WARNING: [youtube] Unable to download API page: HTTP Error 400: Bad Request (caused by <HTTPError 400: Bad Request>)
WARNING: [youtube] [jsc] Remote components challenge solver script (deno) and NPM package (deno) were skipped. These may be required to solve JS challenges. You can enable these downloads with  --remote-components ejs:github  (recommended) or  --remote-components ejs:npm , respectively. For more information and alternatives, refer to  https://github.com/yt-dlp/yt-dlp/wiki/EJS
WARNING: [youtube] nxFHYzn5mdE: n challenge solving failed: Some formats may be missing. Ensure you have a supported JavaScript runtime and challenge solver script distribution installed. Review any warnings presented before this message. For more details, refer to  https://github.com/yt-dlp/yt-dlp/wiki/EJS
WARNING: The extractor specified to use impersonation for this download, but no impersonate target is available. If you encounter errors, then see  https://github.com/yt-dlp/yt-dlp#impersonation  for information on installing the required dependencies
WARNING: [youtube] YouTube said: ERROR - Precondition check failed.
WARNING: [youtube] HTTP Error 400: Bad Request. Retrying (1/3)...
WARNING: [youtube] YouTube said: ERROR - Precondition check failed.
WARNING: [youtube] HTTP Error 400: Bad Request. Retrying (2/3)...
WARNING: [youtube] YouTube said: ERROR - Precondition check failed.
WARNING: [youtube] HTTP Error 400: Bad Request. Retrying (3/3)...
WARNING: [youtube] YouTube said: ERROR - Precondition check failed.
WARNING: [youtube] Unable to download API page: HTTP Error 400: Bad Request (caused by <HTTPError 400: Bad Request>)
WARNING: [youtube] [jsc] Remote components challenge solver script (deno) and NPM package (deno) were skipped. These may be required to solve JS challenges. You can enable these downloads with  --remote-components ejs:github  (recommended) or  --remote-components ejs:npm , respectively. For more information and alternatives, refer to  https://github.com/yt-dlp/yt-dlp/wiki/EJS
WARNING: [youtube] dqerF76B808: n challenge solving failed: Some formats may be missing. Ensure you have a supported JavaScript runtime and challenge solver script distribution installed. Review any warnings presented before this message. For more details, refer to  https://github.com/yt-dlp/yt-dlp/wiki/EJS
WARNING: The extractor specified to use impersonation for this download, but no impersonate target is available. If you encounter errors, then see  https://github.com/yt-dlp/yt-dlp#impersonation  for information on installing the required dependencies
WARNING: [youtube] YouTube said: ERROR - Precondition check failed.
WARNING: [youtube] HTTP Error 400: Bad Request. Retrying (1/3)...
WARNING: [youtube] YouTube said: ERROR - Precondition check failed.
WARNING: [youtube] HTTP Error 400: Bad Request. Retrying (2/3)...
WARNING: [youtube] YouTube said: ERROR - Precondition check failed.
WARNING: [youtube] HTTP Error 400: Bad Request. Retrying (3/3)...
WARNING: [youtube] YouTube said: ERROR - Precondition check failed.
WARNING: [youtube] Unable to download API page: HTTP Error 400: Bad Request (caused by <HTTPError 400: Bad Request>)
WARNING: [youtube] [jsc] Remote components challenge solver script (deno) and NPM package (deno) were skipped. These may be required to solve JS challenges. You can enable these downloads with  --remote-components ejs:github  (recommended) or  --remote-components ejs:npm , respectively. For more information and alternatives, refer to  https://github.com/yt-dlp/yt-dlp/wiki/EJS
WARNING: [youtube] q5k-X9HtlKs: n challenge solving failed: Some formats may be missing. Ensure you have a supported JavaScript runtime and challenge solver script distribution installed. Review any warnings presented before this message. For more details, refer to  https://github.com/yt-dlp/yt-dlp/wiki/EJS
WARNING: The extractor specified to use impersonation for this download, but no impersonate target is available. If you encounter errors, then see  https://github.com/yt-dlp/yt-dlp#impersonation  for information on installing the required dependencies
WARNING: [youtube] YouTube said: ERROR - Precondition check failed.
WARNING: [youtube] HTTP Error 400: Bad Request. Retrying (1/3)...
WARNING: [youtube] YouTube said: ERROR - Precondition check failed.
WARNING: [youtube] HTTP Error 400: Bad Request. Retrying (2/3)...
WARNING: [youtube] YouTube said: ERROR - Precondition check failed.
WARNING: [youtube] HTTP Error 400: Bad Request. Retrying (3/3)...
WARNING: [youtube] YouTube said: ERROR - Precondition check failed.
WARNING: [youtube] Unable to download API page: HTTP Error 400: Bad Request (caused by <HTTPError 400: Bad Request>)
WARNING: [youtube] [jsc] Remote components challenge solver script (deno) and NPM package (deno) were skipped. These may be required to solve JS challenges. You can enable these downloads with  --remote-components ejs:github  (recommended) or  --remote-components ejs:npm , respectively. For more information and alternatives, refer to  https://github.com/yt-dlp/yt-dlp/wiki/EJS
WARNING: [youtube] 87mtm18Zu6E: n challenge solving failed: Some formats may be missing. Ensure you have a supported JavaScript runtime and challenge solver script distribution installed. Review any warnings presented before this message. For more details, refer to  https://github.com/yt-dlp/yt-dlp/wiki/EJS
WARNING: The extractor specified to use impersonation for this download, but no impersonate target is available. If you encounter errors, then see  https://github.com/yt-dlp/yt-dlp#impersonation  for information on installing the required dependencies
WARNING: [youtube] YouTube said: ERROR - Precondition check failed.
WARNING: [youtube] HTTP Error 400: Bad Request. Retrying (1/3)...
WARNING: [youtube] YouTube said: ERROR - Precondition check failed.
WARNING: [youtube] HTTP Error 400: Bad Request. Retrying (2/3)...
WARNING: [youtube] YouTube said: ERROR - Precondition check failed.
WARNING: [youtube] HTTP Error 400: Bad Request. Retrying (3/3)...
WARNING: [youtube] YouTube said: ERROR - Precondition check failed.
WARNING: [youtube] Unable to download API page: HTTP Error 400: Bad Request (caused by <HTTPError 400: Bad Request>)
WARNING: [youtube] [jsc] Remote components challenge solver script (deno) and NPM package (deno) were skipped. These may be required to solve JS challenges. You can enable these downloads with  --remote-components ejs:github  (recommended) or  --remote-components ejs:npm , respectively. For more information and alternatives, refer to  https://github.com/yt-dlp/yt-dlp/wiki/EJS
WARNING: [youtube] XWRTOZoaJD0: n challenge solving failed: Some formats may be missing. Ensure you have a supported JavaScript runtime and challenge solver script distribution installed. Review any warnings presented before this message. For more details, refer to  https://github.com/yt-dlp/yt-dlp/wiki/EJS
WARNING: The extractor specified to use impersonation for this download, but no impersonate target is available. If you encounter errors, then see  https://github.com/yt-dlp/yt-dlp#impersonation  for information on installing the required dependencies
WARNING: [youtube] YouTube said: ERROR - Precondition check failed.
WARNING: [youtube] HTTP Error 400: Bad Request. Retrying (1/3)...
WARNING: [youtube] YouTube said: ERROR - Precondition check failed.
WARNING: [youtube] HTTP Error 400: Bad Request. Retrying (2/3)...
WARNING: [youtube] YouTube said: ERROR - Precondition check failed.
WARNING: [youtube] HTTP Error 400: Bad Request. Retrying (3/3)...
WARNING: [youtube] YouTube said: ERROR - Precondition check failed.
WARNING: [youtube] Unable to download API page: HTTP Error 400: Bad Request (caused by <HTTPError 400: Bad Request>)
WARNING: [youtube] [jsc] Remote components challenge solver script (deno) and NPM package (deno) were skipped. These may be required to solve JS challenges. You can enable these downloads with  --remote-components ejs:github  (recommended) or  --remote-components ejs:npm , respectively. For more information and alternatives, refer to  https://github.com/yt-dlp/yt-dlp/wiki/EJS
WARNING: [youtube] l-oOAIuXKZc: n challenge solving failed: Some formats may be missing. Ensure you have a supported JavaScript runtime and challenge solver script distribution installed. Review any warnings presented before this message. For more details, refer to  https://github.com/yt-dlp/yt-dlp/wiki/EJS
WARNING: The extractor specified to use impersonation for this download, but no impersonate target is available. If you encounter errors, then see  https://github.com/yt-dlp/yt-dlp#impersonation  for information on installing the required dependencies
WARNING: [youtube] YouTube said: ERROR - Precondition check failed.
WARNING: [youtube] HTTP Error 400: Bad Request. Retrying (1/3)...
WARNING: [youtube] YouTube said: ERROR - Precondition check failed.
WARNING: [youtube] HTTP Error 400: Bad Request. Retrying (2/3)...
WARNING: [youtube] YouTube said: ERROR - Precondition check failed.
WARNING: [youtube] HTTP Error 400: Bad Request. Retrying (3/3)...
WARNING: [youtube] YouTube said: ERROR - Precondition check failed.
WARNING: [youtube] Unable to download API page: HTTP Error 400: Bad Request (caused by <HTTPError 400: Bad Request>)
WARNING: [youtube] [jsc] Remote components challenge solver script (deno) and NPM package (deno) were skipped. These may be required to solve JS challenges. You can enable these downloads with  --remote-components ejs:github  (recommended) or  --remote-components ejs:npm , respectively. For more information and alternatives, refer to  https://github.com/yt-dlp/yt-dlp/wiki/EJS
WARNING: [youtube] UjOIzacQ_j8: n challenge solving failed: Some formats may be missing. Ensure you have a supported JavaScript runtime and challenge solver script distribution installed. Review any warnings presented before this message. For more details, refer to  https://github.com/yt-dlp/yt-dlp/wiki/EJS
WARNING: The extractor specified to use impersonation for this download, but no impersonate target is available. If you encounter errors, then see  https://github.com/yt-dlp/yt-dlp#impersonation  for information on installing the required dependencies
[周慕姿放心說] 完成 (共 0 個字幕)

[松明講心理] 抓取中...
WARNING: [youtube] YouTube said: ERROR - Precondition check failed.
WARNING: [youtube] HTTP Error 400: Bad Request. Retrying (1/3)...
WARNING: [youtube] YouTube said: ERROR - Precondition check failed.
WARNING: [youtube] HTTP Error 400: Bad Request. Retrying (2/3)...
WARNING: [youtube] YouTube said: ERROR - Precondition check failed.
WARNING: [youtube] HTTP Error 400: Bad Request. Retrying (3/3)...
WARNING: [youtube] YouTube said: ERROR - Precondition check failed.
WARNING: [youtube] Unable to download API page: HTTP Error 400: Bad Request (caused by <HTTPError 400: Bad Request>)
WARNING: [youtube] [jsc] Remote components challenge solver script (deno) and NPM package (deno) were skipped. These may be required to solve JS challenges. You can enable these downloads with  --remote-components ejs:github  (recommended) or  --remote-components ejs:npm , respectively. For more information and alternatives, refer to  https://github.com/yt-dlp/yt-dlp/wiki/EJS
WARNING: [youtube] RPy3Jp66yrQ: n challenge solving failed: Some formats may be missing. Ensure you have a supported JavaScript runtime and challenge solver script distribution installed. Review any warnings presented before this message. For more details, refer to  https://github.com/yt-dlp/yt-dlp/wiki/EJS
WARNING: [youtube] YouTube said: ERROR - Precondition check failed.
WARNING: [youtube] HTTP Error 400: Bad Request. Retrying (1/3)...
WARNING: [youtube] YouTube said: ERROR - Precondition check failed.
WARNING: [youtube] HTTP Error 400: Bad Request. Retrying (2/3)...
WARNING: [youtube] YouTube said: ERROR - Precondition check failed.
WARNING: [youtube] HTTP Error 400: Bad Request. Retrying (3/3)...
WARNING: [youtube] YouTube said: ERROR - Precondition check failed.
WARNING: [youtube] Unable to download API page: HTTP Error 400: Bad Request (caused by <HTTPError 400: Bad Request>)
WARNING: [youtube] [jsc] Remote components challenge solver script (deno) and NPM package (deno) were skipped. These may be required to solve JS challenges. You can enable these downloads with  --remote-components ejs:github  (recommended) or  --remote-components ejs:npm , respectively. For more information and alternatives, refer to  https://github.com/yt-dlp/yt-dlp/wiki/EJS
WARNING: [youtube] vlYfxR33_V0: n challenge solving failed: Some formats may be missing. Ensure you have a supported JavaScript runtime and challenge solver script distribution installed. Review any warnings presented before this message. For more details, refer to  https://github.com/yt-dlp/yt-dlp/wiki/EJS
WARNING: [youtube] YouTube said: ERROR - Precondition check failed.
WARNING: [youtube] HTTP Error 400: Bad Request. Retrying (1/3)...
WARNING: [youtube] YouTube said: ERROR - Precondition check failed.
WARNING: [youtube] HTTP Error 400: Bad Request. Retrying (2/3)...
WARNING: [youtube] YouTube said: ERROR - Precondition check failed.
WARNING: [youtube] HTTP Error 400: Bad Request. Retrying (3/3)...
WARNING: [youtube] YouTube said: ERROR - Precondition check failed.
WARNING: [youtube] Unable to download API page: HTTP Error 400: Bad Request (caused by <HTTPError 400: Bad Request>)
WARNING: [youtube] [jsc] Remote components challenge solver script (deno) and NPM package (deno) were skipped. These may be required to solve JS challenges. You can enable these downloads with  --remote-components ejs:github  (recommended) or  --remote-components ejs:npm , respectively. For more information and alternatives, refer to  https://github.com/yt-dlp/yt-dlp/wiki/EJS
WARNING: [youtube] fwA81LGZhq8: n challenge solving failed: Some formats may be missing. Ensure you have a supported JavaScript runtime and challenge solver script distribution installed. Review any warnings presented before this message. For more details, refer to  https://github.com/yt-dlp/yt-dlp/wiki/EJS
WARNING: [youtube] YouTube said: ERROR - Precondition check failed.
WARNING: [youtube] HTTP Error 400: Bad Request. Retrying (1/3)...
WARNING: [youtube] YouTube said: ERROR - Precondition check failed.
WARNING: [youtube] HTTP Error 400: Bad Request. Retrying (2/3)...
WARNING: [youtube] YouTube said: ERROR - Precondition check failed.
WARNING: [youtube] HTTP Error 400: Bad Request. Retrying (3/3)...
WARNING: [youtube] YouTube said: ERROR - Precondition check failed.
WARNING: [youtube] Unable to download API page: HTTP Error 400: Bad Request (caused by <HTTPError 400: Bad Request>)
WARNING: [youtube] GTp9YHXVK7k: Some android_vr client https formats have been skipped as they are missing a URL. YouTube may have enabled the SABR-only streaming experiment for the current session. See  https://github.com/yt-dlp/yt-dlp/issues/12482  for more details
WARNING: [youtube] [jsc] Remote components challenge solver script (deno) and NPM package (deno) were skipped. These may be required to solve JS challenges. You can enable these downloads with  --remote-components ejs:github  (recommended) or  --remote-components ejs:npm , respectively. For more information and alternatives, refer to  https://github.com/yt-dlp/yt-dlp/wiki/EJS
WARNING: [youtube] GTp9YHXVK7k: n challenge solving failed: Some formats may be missing. Ensure you have a supported JavaScript runtime and challenge solver script distribution installed. Review any warnings presented before this message. For more details, refer to  https://github.com/yt-dlp/yt-dlp/wiki/EJS
WARNING: [youtube] YouTube said: ERROR - Precondition check failed.
WARNING: [youtube] HTTP Error 400: Bad Request. Retrying (1/3)...
WARNING: [youtube] YouTube said: ERROR - Precondition check failed.
WARNING: [youtube] HTTP Error 400: Bad Request. Retrying (2/3)...
WARNING: [youtube] YouTube said: ERROR - Precondition check failed.
WARNING: [youtube] HTTP Error 400: Bad Request. Retrying (3/3)...
WARNING: [youtube] YouTube said: ERROR - Precondition check failed.
WARNING: [youtube] Unable to download API page: HTTP Error 400: Bad Request (caused by <HTTPError 400: Bad Request>)
WARNING: [youtube] [jsc] Remote components challenge solver script (deno) and NPM package (deno) were skipped. These may be required to solve JS challenges. You can enable these downloads with  --remote-components ejs:github  (recommended) or  --remote-components ejs:npm , respectively. For more information and alternatives, refer to  https://github.com/yt-dlp/yt-dlp/wiki/EJS
WARNING: [youtube] CWAnuIXtrSk: n challenge solving failed: Some formats may be missing. Ensure you have a supported JavaScript runtime and challenge solver script distribution installed. Review any warnings presented before this message. For more details, refer to  https://github.com/yt-dlp/yt-dlp/wiki/EJS
WARNING: [youtube] YouTube said: ERROR - Precondition check failed.
WARNING: [youtube] HTTP Error 400: Bad Request. Retrying (1/3)...
WARNING: [youtube] YouTube said: ERROR - Precondition check failed.
WARNING: [youtube] HTTP Error 400: Bad Request. Retrying (2/3)...
WARNING: [youtube] YouTube said: ERROR - Precondition check failed.
WARNING: [youtube] HTTP Error 400: Bad Request. Retrying (3/3)...
WARNING: [youtube] YouTube said: ERROR - Precondition check failed.
WARNING: [youtube] Unable to download API page: HTTP Error 400: Bad Request (caused by <HTTPError 400: Bad Request>)
WARNING: [youtube] [jsc] Remote components challenge solver script (deno) and NPM package (deno) were skipped. These may be required to solve JS challenges. You can enable these downloads with  --remote-components ejs:github  (recommended) or  --remote-components ejs:npm , respectively. For more information and alternatives, refer to  https://github.com/yt-dlp/yt-dlp/wiki/EJS
WARNING: [youtube] yX4o3fTThTM: n challenge solving failed: Some formats may be missing. Ensure you have a supported JavaScript runtime and challenge solver script distribution installed. Review any warnings presented before this message. For more details, refer to  https://github.com/yt-dlp/yt-dlp/wiki/EJS
WARNING: [youtube] YouTube said: ERROR - Precondition check failed.
WARNING: [youtube] HTTP Error 400: Bad Request. Retrying (1/3)...
WARNING: [youtube] YouTube said: ERROR - Precondition check failed.
WARNING: [youtube] HTTP Error 400: Bad Request. Retrying (2/3)...
WARNING: [youtube] YouTube said: ERROR - Precondition check failed.
WARNING: [youtube] HTTP Error 400: Bad Request. Retrying (3/3)...
WARNING: [youtube] YouTube said: ERROR - Precondition check failed.
WARNING: [youtube] Unable to download API page: HTTP Error 400: Bad Request (caused by <HTTPError 400: Bad Request>)
WARNING: [youtube] [jsc] Remote components challenge solver script (deno) and NPM package (deno) were skipped. These may be required to solve JS challenges. You can enable these downloads with  --remote-components ejs:github  (recommended) or  --remote-components ejs:npm , respectively. For more information and alternatives, refer to  https://github.com/yt-dlp/yt-dlp/wiki/EJS
WARNING: [youtube] WNnlp892vrQ: n challenge solving failed: Some formats may be missing. Ensure you have a supported JavaScript runtime and challenge solver script distribution installed. Review any warnings presented before this message. For more details, refer to  https://github.com/yt-dlp/yt-dlp/wiki/EJS
WARNING: [youtube] YouTube said: ERROR - Precondition check failed.
WARNING: [youtube] HTTP Error 400: Bad Request. Retrying (1/3)...
WARNING: [youtube] YouTube said: ERROR - Precondition check failed.
WARNING: [youtube] HTTP Error 400: Bad Request. Retrying (2/3)...
WARNING: [youtube] YouTube said: ERROR - Precondition check failed.
WARNING: [youtube] HTTP Error 400: Bad Request. Retrying (3/3)...
WARNING: [youtube] YouTube said: ERROR - Precondition check failed.
WARNING: [youtube] Unable to download API page: HTTP Error 400: Bad Request (caused by <HTTPError 400: Bad Request>)
WARNING: [youtube] [jsc] Remote components challenge solver script (deno) and NPM package (deno) were skipped. These may be required to solve JS challenges. You can enable these downloads with  --remote-components ejs:github  (recommended) or  --remote-components ejs:npm , respectively. For more information and alternatives, refer to  https://github.com/yt-dlp/yt-dlp/wiki/EJS
WARNING: [youtube] L3Ycz3PGsqY: n challenge solving failed: Some formats may be missing. Ensure you have a supported JavaScript runtime and challenge solver script distribution installed. Review any warnings presented before this message. For more details, refer to  https://github.com/yt-dlp/yt-dlp/wiki/EJS
WARNING: [youtube] YouTube said: ERROR - Precondition check failed.
WARNING: [youtube] HTTP Error 400: Bad Request. Retrying (1/3)...
WARNING: [youtube] YouTube said: ERROR - Precondition check failed.
WARNING: [youtube] HTTP Error 400: Bad Request. Retrying (2/3)...
WARNING: [youtube] YouTube said: ERROR - Precondition check failed.
WARNING: [youtube] HTTP Error 400: Bad Request. Retrying (3/3)...
WARNING: [youtube] YouTube said: ERROR - Precondition check failed.
WARNING: [youtube] Unable to download API page: HTTP Error 400: Bad Request (caused by <HTTPError 400: Bad Request>)
WARNING: [youtube] [jsc] Remote components challenge solver script (deno) and NPM package (deno) were skipped. These may be required to solve JS challenges. You can enable these downloads with  --remote-components ejs:github  (recommended) or  --remote-components ejs:npm , respectively. For more information and alternatives, refer to  https://github.com/yt-dlp/yt-dlp/wiki/EJS
WARNING: [youtube] bMo3uYDD4uQ: n challenge solving failed: Some formats may be missing. Ensure you have a supported JavaScript runtime and challenge solver script distribution installed. Review any warnings presented before this message. For more details, refer to  https://github.com/yt-dlp/yt-dlp/wiki/EJS
WARNING: [youtube] YouTube said: ERROR - Precondition check failed.
WARNING: [youtube] HTTP Error 400: Bad Request. Retrying (1/3)...
WARNING: [youtube] YouTube said: ERROR - Precondition check failed.
WARNING: [youtube] HTTP Error 400: Bad Request. Retrying (2/3)...
WARNING: [youtube] YouTube said: ERROR - Precondition check failed.
WARNING: [youtube] HTTP Error 400: Bad Request. Retrying (3/3)...
WARNING: [youtube] YouTube said: ERROR - Precondition check failed.
WARNING: [youtube] Unable to download API page: HTTP Error 400: Bad Request (caused by <HTTPError 400: Bad Request>)
ERROR: [youtube] cwr7jzAxBTs: This video is available to this channel's members on level: 中級會員『五天特訓營』課程 (or any higher level). Join this channel to get access to members-only content and other exclusive perks.
WARNING: [youtube] YouTube said: ERROR - Precondition check failed.
WARNING: [youtube] HTTP Error 400: Bad Request. Retrying (1/3)...
WARNING: [youtube] YouTube said: ERROR - Precondition check failed.
WARNING: [youtube] HTTP Error 400: Bad Request. Retrying (2/3)...
WARNING: [youtube] YouTube said: ERROR - Precondition check failed.
WARNING: [youtube] HTTP Error 400: Bad Request. Retrying (3/3)...
WARNING: [youtube] YouTube said: ERROR - Precondition check failed.
WARNING: [youtube] Unable to download API page: HTTP Error 400: Bad Request (caused by <HTTPError 400: Bad Request>)
WARNING: [youtube] [jsc] Remote components challenge solver script (deno) and NPM package (deno) were skipped. These may be required to solve JS challenges. You can enable these downloads with  --remote-components ejs:github  (recommended) or  --remote-components ejs:npm , respectively. For more information and alternatives, refer to  https://github.com/yt-dlp/yt-dlp/wiki/EJS
WARNING: [youtube] vJ06-SN6kB8: n challenge solving failed: Some formats may be missing. Ensure you have a supported JavaScript runtime and challenge solver script distribution installed. Review any warnings presented before this message. For more details, refer to  https://github.com/yt-dlp/yt-dlp/wiki/EJS
WARNING: [youtube] YouTube said: ERROR - Precondition check failed.
WARNING: [youtube] HTTP Error 400: Bad Request. Retrying (1/3)...
WARNING: [youtube] YouTube said: ERROR - Precondition check failed.
WARNING: [youtube] HTTP Error 400: Bad Request. Retrying (2/3)...
WARNING: [youtube] YouTube said: ERROR - Precondition check failed.
WARNING: [youtube] HTTP Error 400: Bad Request. Retrying (3/3)...
WARNING: [youtube] YouTube said: ERROR - Precondition check failed.
WARNING: [youtube] Unable to download API page: HTTP Error 400: Bad Request (caused by <HTTPError 400: Bad Request>)
ERROR: [youtube] mXqlb4sBci0: Join this channel to get access to members-only content like this video, and other exclusive perks.
WARNING: [youtube] YouTube said: ERROR - Precondition check failed.
WARNING: [youtube] HTTP Error 400: Bad Request. Retrying (1/3)...
WARNING: [youtube] YouTube said: ERROR - Precondition check failed.
WARNING: [youtube] HTTP Error 400: Bad Request. Retrying (2/3)...
WARNING: [youtube] YouTube said: ERROR - Precondition check failed.
WARNING: [youtube] HTTP Error 400: Bad Request. Retrying (3/3)...
WARNING: [youtube] YouTube said: ERROR - Precondition check failed.
WARNING: [youtube] Unable to download API page: HTTP Error 400: Bad Request (caused by <HTTPError 400: Bad Request>)
ERROR: [youtube] BYwEL3l5wK4: This video is available to this channel's members on level: 中級會員『五天特訓營』課程 (or any higher level). Join this channel to get access to members-only content and other exclusive perks.
WARNING: [youtube] YouTube said: ERROR - Precondition check failed.
WARNING: [youtube] HTTP Error 400: Bad Request. Retrying (1/3)...
WARNING: [youtube] YouTube said: ERROR - Precondition check failed.
WARNING: [youtube] HTTP Error 400: Bad Request. Retrying (2/3)...
WARNING: [youtube] YouTube said: ERROR - Precondition check failed.
WARNING: [youtube] HTTP Error 400: Bad Request. Retrying (3/3)...
WARNING: [youtube] YouTube said: ERROR - Precondition check failed.
WARNING: [youtube] Unable to download API page: HTTP Error 400: Bad Request (caused by <HTTPError 400: Bad Request>)
ERROR: [youtube] dRzfj7y7cdM: Join this channel to get access to members-only content like this video, and other exclusive perks.
WARNING: [youtube] YouTube said: ERROR - Precondition check failed.
WARNING: [youtube] HTTP Error 400: Bad Request. Retrying (1/3)...
WARNING: [youtube] YouTube said: ERROR - Precondition check failed.
WARNING: [youtube] HTTP Error 400: Bad Request. Retrying (2/3)...
WARNING: [youtube] YouTube said: ERROR - Precondition check failed.
WARNING: [youtube] HTTP Error 400: Bad Request. Retrying (3/3)...
WARNING: [youtube] YouTube said: ERROR - Precondition check failed.
WARNING: [youtube] Unable to download API page: HTTP Error 400: Bad Request (caused by <HTTPError 400: Bad Request>)
ERROR: [youtube] jUpdh5xcOtU: Join this channel to get access to members-only content like this video, and other exclusive perks.
WARNING: [youtube] YouTube said: ERROR - Precondition check failed.
WARNING: [youtube] HTTP Error 400: Bad Request. Retrying (1/3)...
WARNING: [youtube] YouTube said: ERROR - Precondition check failed.
WARNING: [youtube] HTTP Error 400: Bad Request. Retrying (2/3)...
WARNING: [youtube] YouTube said: ERROR - Precondition check failed.
WARNING: [youtube] HTTP Error 400: Bad Request. Retrying (3/3)...
WARNING: [youtube] YouTube said: ERROR - Precondition check failed.
WARNING: [youtube] Unable to download API page: HTTP Error 400: Bad Request (caused by <HTTPError 400: Bad Request>)
ERROR: [youtube] C_Gt-GXqskU: Join this channel to get access to members-only content like this video, and other exclusive perks.
WARNING: [youtube] YouTube said: ERROR - Precondition check failed.
WARNING: [youtube] HTTP Error 400: Bad Request. Retrying (1/3)...
WARNING: [youtube] YouTube said: ERROR - Precondition check failed.
WARNING: [youtube] HTTP Error 400: Bad Request. Retrying (2/3)...
WARNING: [youtube] YouTube said: ERROR - Precondition check failed.
WARNING: [youtube] HTTP Error 400: Bad Request. Retrying (3/3)...
WARNING: [youtube] YouTube said: ERROR - Precondition check failed.
WARNING: [youtube] Unable to download API page: HTTP Error 400: Bad Request (caused by <HTTPError 400: Bad Request>)
ERROR: [youtube] eJSYaTJeJcc: This video is available to this channel's members on level: 中級會員『五天特訓營』課程 (or any higher level). Join this channel to get access to members-only content and other exclusive perks.
WARNING: [youtube] YouTube said: ERROR - Precondition check failed.
WARNING: [youtube] HTTP Error 400: Bad Request. Retrying (1/3)...
WARNING: [youtube] YouTube said: ERROR - Precondition check failed.
WARNING: [youtube] HTTP Error 400: Bad Request. Retrying (2/3)...
WARNING: [youtube] YouTube said: ERROR - Precondition check failed.
WARNING: [youtube] HTTP Error 400: Bad Request. Retrying (3/3)...
WARNING: [youtube] YouTube said: ERROR - Precondition check failed.
WARNING: [youtube] Unable to download API page: HTTP Error 400: Bad Request (caused by <HTTPError 400: Bad Request>)
ERROR: [youtube] u4h2b_kwN10: This video is available to this channel's members on level: 中級會員『五天特訓營』課程 (or any higher level). Join this channel to get access to members-only content and other exclusive perks.
WARNING: [youtube] YouTube said: ERROR - Precondition check failed.
WARNING: [youtube] HTTP Error 400: Bad Request. Retrying (1/3)...
WARNING: [youtube] YouTube said: ERROR - Precondition check failed.
WARNING: [youtube] HTTP Error 400: Bad Request. Retrying (2/3)...
WARNING: [youtube] YouTube said: ERROR - Precondition check failed.
WARNING: [youtube] HTTP Error 400: Bad Request. Retrying (3/3)...
WARNING: [youtube] YouTube said: ERROR - Precondition check failed.
WARNING: [youtube] Unable to download API page: HTTP Error 400: Bad Request (caused by <HTTPError 400: Bad Request>)
ERROR: [youtube] wE2jF6Lg4ss: This video is available to this channel's members on level: 中級會員『五天特訓營』課程 (or any higher level). Join this channel to get access to members-only content and other exclusive perks.
WARNING: [youtube] YouTube said: ERROR - Precondition check failed.
WARNING: [youtube] HTTP Error 400: Bad Request. Retrying (1/3)...
WARNING: [youtube] YouTube said: ERROR - Precondition check failed.
WARNING: [youtube] HTTP Error 400: Bad Request. Retrying (2/3)...
WARNING: [youtube] YouTube said: ERROR - Precondition check failed.
WARNING: [youtube] HTTP Error 400: Bad Request. Retrying (3/3)...
WARNING: [youtube] YouTube said: ERROR - Precondition check failed.
WARNING: [youtube] Unable to download API page: HTTP Error 400: Bad Request (caused by <HTTPError 400: Bad Request>)
ERROR: [youtube] Z6V6IJbr47E: This video is available to this channel's members on level: 中級會員『五天特訓營』課程 (or any higher level). Join this channel to get access to members-only content and other exclusive perks.
WARNING: [youtube] YouTube said: ERROR - Precondition check failed.
WARNING: [youtube] HTTP Error 400: Bad Request. Retrying (1/3)...
WARNING: [youtube] YouTube said: ERROR - Precondition check failed.
WARNING: [youtube] HTTP Error 400: Bad Request. Retrying (2/3)...
WARNING: [youtube] YouTube said: ERROR - Precondition check failed.
WARNING: [youtube] HTTP Error 400: Bad Request. Retrying (3/3)...
WARNING: [youtube] YouTube said: ERROR - Precondition check failed.
WARNING: [youtube] Unable to download API page: HTTP Error 400: Bad Request (caused by <HTTPError 400: Bad Request>)
WARNING: [youtube] [jsc] Remote components challenge solver script (deno) and NPM package (deno) were skipped. These may be required to solve JS challenges. You can enable these downloads with  --remote-components ejs:github  (recommended) or  --remote-components ejs:npm , respectively. For more information and alternatives, refer to  https://github.com/yt-dlp/yt-dlp/wiki/EJS
WARNING: [youtube] 8G2n4kDs4-U: n challenge solving failed: Some formats may be missing. Ensure you have a supported JavaScript runtime and challenge solver script distribution installed. Review any warnings presented before this message. For more details, refer to  https://github.com/yt-dlp/yt-dlp/wiki/EJS
WARNING: [youtube] YouTube said: ERROR - Precondition check failed.
WARNING: [youtube] HTTP Error 400: Bad Request. Retrying (1/3)...
WARNING: [youtube] YouTube said: ERROR - Precondition check failed.
WARNING: [youtube] HTTP Error 400: Bad Request. Retrying (2/3)...
WARNING: [youtube] YouTube said: ERROR - Precondition check failed.
WARNING: [youtube] HTTP Error 400: Bad Request. Retrying (3/3)...
WARNING: [youtube] YouTube said: ERROR - Precondition check failed.
WARNING: [youtube] Unable to download API page: HTTP Error 400: Bad Request (caused by <HTTPError 400: Bad Request>)
ERROR: [youtube] bWUv66ilBrw: This video is available to this channel's members on level: 中級會員『五天特訓營』課程 (or any higher level). Join this channel to get access to members-only content and other exclusive perks.
WARNING: [youtube] YouTube said: ERROR - Precondition check failed.
WARNING: [youtube] HTTP Error 400: Bad Request. Retrying (1/3)...
WARNING: [youtube] YouTube said: ERROR - Precondition check failed.
WARNING: [youtube] HTTP Error 400: Bad Request. Retrying (2/3)...
WARNING: [youtube] YouTube said: ERROR - Precondition check failed.
WARNING: [youtube] HTTP Error 400: Bad Request. Retrying (3/3)...
WARNING: [youtube] YouTube said: ERROR - Precondition check failed.
WARNING: [youtube] Unable to download API page: HTTP Error 400: Bad Request (caused by <HTTPError 400: Bad Request>)
ERROR: [youtube] YHKCsNTmb7E: Join this channel to get access to members-only content like this video, and other exclusive perks.
WARNING: [youtube] YouTube said: ERROR - Precondition check failed.
WARNING: [youtube] HTTP Error 400: Bad Request. Retrying (1/3)...
WARNING: [youtube] YouTube said: ERROR - Precondition check failed.
WARNING: [youtube] HTTP Error 400: Bad Request. Retrying (2/3)...
WARNING: [youtube] YouTube said: ERROR - Precondition check failed.
WARNING: [youtube] HTTP Error 400: Bad Request. Retrying (3/3)...
WARNING: [youtube] YouTube said: ERROR - Precondition check failed.
WARNING: [youtube] Unable to download API page: HTTP Error 400: Bad Request (caused by <HTTPError 400: Bad Request>)
ERROR: [youtube] IZ4NlEx91C8: This video is available to this channel's members on level: 中級會員『五天特訓營』課程 (or any higher level). Join this channel to get access to members-only content and other exclusive perks.
WARNING: [youtube] YouTube said: ERROR - Precondition check failed.
WARNING: [youtube] HTTP Error 400: Bad Request. Retrying (1/3)...
WARNING: [youtube] YouTube said: ERROR - Precondition check failed.
WARNING: [youtube] HTTP Error 400: Bad Request. Retrying (2/3)...
WARNING: [youtube] YouTube said: ERROR - Precondition check failed.
WARNING: [youtube] HTTP Error 400: Bad Request. Retrying (3/3)...
WARNING: [youtube] YouTube said: ERROR - Precondition check failed.
WARNING: [youtube] Unable to download API page: HTTP Error 400: Bad Request (caused by <HTTPError 400: Bad Request>)
ERROR: [youtube] DSr4OcNyin0: Join this channel to get access to members-only content like this video, and other exclusive perks.
WARNING: [youtube] YouTube said: ERROR - Precondition check failed.
WARNING: [youtube] HTTP Error 400: Bad Request. Retrying (1/3)...
WARNING: [youtube] YouTube said: ERROR - Precondition check failed.
WARNING: [youtube] HTTP Error 400: Bad Request. Retrying (2/3)...
WARNING: [youtube] YouTube said: ERROR - Precondition check failed.
WARNING: [youtube] HTTP Error 400: Bad Request. Retrying (3/3)...
WARNING: [youtube] YouTube said: ERROR - Precondition check failed.
WARNING: [youtube] Unable to download API page: HTTP Error 400: Bad Request (caused by <HTTPError 400: Bad Request>)
ERROR: [youtube] 1km3TBsqRAc: Join this channel to get access to members-only content like this video, and other exclusive perks.
WARNING: [youtube] YouTube said: ERROR - Precondition check failed.
WARNING: [youtube] HTTP Error 400: Bad Request. Retrying (1/3)...
WARNING: [youtube] YouTube said: ERROR - Precondition check failed.
WARNING: [youtube] HTTP Error 400: Bad Request. Retrying (2/3)...
WARNING: [youtube] YouTube said: ERROR - Precondition check failed.
WARNING: [youtube] HTTP Error 400: Bad Request. Retrying (3/3)...
WARNING: [youtube] YouTube said: ERROR - Precondition check failed.
WARNING: [youtube] Unable to download API page: HTTP Error 400: Bad Request (caused by <HTTPError 400: Bad Request>)
ERROR: [youtube] 6BGmLHce-kU: Join this channel to get access to members-only content like this video, and other exclusive perks.
WARNING: [youtube] YouTube said: ERROR - Precondition check failed.
WARNING: [youtube] HTTP Error 400: Bad Request. Retrying (1/3)...
WARNING: [youtube] YouTube said: ERROR - Precondition check failed.
WARNING: [youtube] HTTP Error 400: Bad Request. Retrying (2/3)...
WARNING: [youtube] YouTube said: ERROR - Precondition check failed.
WARNING: [youtube] HTTP Error 400: Bad Request. Retrying (3/3)...
WARNING: [youtube] YouTube said: ERROR - Precondition check failed.
WARNING: [youtube] Unable to download API page: HTTP Error 400: Bad Request (caused by <HTTPError 400: Bad Request>)
WARNING: [youtube] [jsc] Remote components challenge solver script (deno) and NPM package (deno) were skipped. These may be required to solve JS challenges. You can enable these downloads with  --remote-components ejs:github  (recommended) or  --remote-components ejs:npm , respectively. For more information and alternatives, refer to  https://github.com/yt-dlp/yt-dlp/wiki/EJS
WARNING: [youtube] mc6VhMdObx8: n challenge solving failed: Some formats may be missing. Ensure you have a supported JavaScript runtime and challenge solver script distribution installed. Review any warnings presented before this message. For more details, refer to  https://github.com/yt-dlp/yt-dlp/wiki/EJS
WARNING: [youtube] YouTube said: ERROR - Precondition check failed.
WARNING: [youtube] HTTP Error 400: Bad Request. Retrying (1/3)...
WARNING: [youtube] YouTube said: ERROR - Precondition check failed.
WARNING: [youtube] HTTP Error 400: Bad Request. Retrying (2/3)...
WARNING: [youtube] YouTube said: ERROR - Precondition check failed.
WARNING: [youtube] HTTP Error 400: Bad Request. Retrying (3/3)...
WARNING: [youtube] YouTube said: ERROR - Precondition check failed.
WARNING: [youtube] Unable to download API page: HTTP Error 400: Bad Request (caused by <HTTPError 400: Bad Request>)
WARNING: [youtube] [jsc] Remote components challenge solver script (deno) and NPM package (deno) were skipped. These may be required to solve JS challenges. You can enable these downloads with  --remote-components ejs:github  (recommended) or  --remote-components ejs:npm , respectively. For more information and alternatives, refer to  https://github.com/yt-dlp/yt-dlp/wiki/EJS
WARNING: [youtube] tGapnxaovTQ: n challenge solving failed: Some formats may be missing. Ensure you have a supported JavaScript runtime and challenge solver script distribution installed. Review any warnings presented before this message. For more details, refer to  https://github.com/yt-dlp/yt-dlp/wiki/EJS
WARNING: [youtube] YouTube said: ERROR - Precondition check failed.
WARNING: [youtube] HTTP Error 400: Bad Request. Retrying (1/3)...
WARNING: [youtube] YouTube said: ERROR - Precondition check failed.
WARNING: [youtube] HTTP Error 400: Bad Request. Retrying (2/3)...
WARNING: [youtube] YouTube said: ERROR - Precondition check failed.
WARNING: [youtube] HTTP Error 400: Bad Request. Retrying (3/3)...
WARNING: [youtube] YouTube said: ERROR - Precondition check failed.
WARNING: [youtube] Unable to download API page: HTTP Error 400: Bad Request (caused by <HTTPError 400: Bad Request>)
WARNING: [youtube] [jsc] Remote components challenge solver script (deno) and NPM package (deno) were skipped. These may be required to solve JS challenges. You can enable these downloads with  --remote-components ejs:github  (recommended) or  --remote-components ejs:npm , respectively. For more information and alternatives, refer to  https://github.com/yt-dlp/yt-dlp/wiki/EJS
WARNING: [youtube] gfew-LOXQAs: n challenge solving failed: Some formats may be missing. Ensure you have a supported JavaScript runtime and challenge solver script distribution installed. Review any warnings presented before this message. For more details, refer to  https://github.com/yt-dlp/yt-dlp/wiki/EJS
WARNING: [youtube] YouTube said: ERROR - Precondition check failed.
WARNING: [youtube] HTTP Error 400: Bad Request. Retrying (1/3)...
WARNING: [youtube] YouTube said: ERROR - Precondition check failed.
WARNING: [youtube] HTTP Error 400: Bad Request. Retrying (2/3)...
WARNING: [youtube] YouTube said: ERROR - Precondition check failed.
WARNING: [youtube] HTTP Error 400: Bad Request. Retrying (3/3)...
WARNING: [youtube] YouTube said: ERROR - Precondition check failed.
WARNING: [youtube] Unable to download API page: HTTP Error 400: Bad Request (caused by <HTTPError 400: Bad Request>)
ERROR: [youtube] VNpRQ7yiCSw: Join this channel to get access to members-only content like this video, and other exclusive perks.
WARNING: [youtube] YouTube said: ERROR - Precondition check failed.
WARNING: [youtube] HTTP Error 400: Bad Request. Retrying (1/3)...
WARNING: [youtube] YouTube said: ERROR - Precondition check failed.
WARNING: [youtube] HTTP Error 400: Bad Request. Retrying (2/3)...
WARNING: [youtube] YouTube said: ERROR - Precondition check failed.
WARNING: [youtube] HTTP Error 400: Bad Request. Retrying (3/3)...
WARNING: [youtube] YouTube said: ERROR - Precondition check failed.
WARNING: [youtube] Unable to download API page: HTTP Error 400: Bad Request (caused by <HTTPError 400: Bad Request>)
WARNING: [youtube] rq5_1YOHINk: Some android_vr client https formats have been skipped as they are missing a URL. YouTube may have enabled the SABR-only streaming experiment for the current session. See  https://github.com/yt-dlp/yt-dlp/issues/12482  for more details
WARNING: [youtube] [jsc] Remote components challenge solver script (deno) and NPM package (deno) were skipped. These may be required to solve JS challenges. You can enable these downloads with  --remote-components ejs:github  (recommended) or  --remote-components ejs:npm , respectively. For more information and alternatives, refer to  https://github.com/yt-dlp/yt-dlp/wiki/EJS
WARNING: [youtube] rq5_1YOHINk: n challenge solving failed: Some formats may be missing. Ensure you have a supported JavaScript runtime and challenge solver script distribution installed. Review any warnings presented before this message. For more details, refer to  https://github.com/yt-dlp/yt-dlp/wiki/EJS
WARNING: [youtube] YouTube said: ERROR - Precondition check failed.
WARNING: [youtube] HTTP Error 400: Bad Request. Retrying (1/3)...
WARNING: [youtube] YouTube said: ERROR - Precondition check failed.
WARNING: [youtube] HTTP Error 400: Bad Request. Retrying (2/3)...
WARNING: [youtube] YouTube said: ERROR - Precondition check failed.
WARNING: [youtube] HTTP Error 400: Bad Request. Retrying (3/3)...
WARNING: [youtube] YouTube said: ERROR - Precondition check failed.
WARNING: [youtube] Unable to download API page: HTTP Error 400: Bad Request (caused by <HTTPError 400: Bad Request>)
WARNING: [youtube] [jsc] Remote components challenge solver script (deno) and NPM package (deno) were skipped. These may be required to solve JS challenges. You can enable these downloads with  --remote-components ejs:github  (recommended) or  --remote-components ejs:npm , respectively. For more information and alternatives, refer to  https://github.com/yt-dlp/yt-dlp/wiki/EJS
WARNING: [youtube] OUXewBlAdQI: n challenge solving failed: Some formats may be missing. Ensure you have a supported JavaScript runtime and challenge solver script distribution installed. Review any warnings presented before this message. For more details, refer to  https://github.com/yt-dlp/yt-dlp/wiki/EJS
WARNING: [youtube] YouTube said: ERROR - Precondition check failed.
WARNING: [youtube] HTTP Error 400: Bad Request. Retrying (1/3)...
WARNING: [youtube] YouTube said: ERROR - Precondition check failed.
WARNING: [youtube] HTTP Error 400: Bad Request. Retrying (2/3)...
WARNING: [youtube] YouTube said: ERROR - Precondition check failed.
WARNING: [youtube] HTTP Error 400: Bad Request. Retrying (3/3)...
WARNING: [youtube] YouTube said: ERROR - Precondition check failed.
WARNING: [youtube] Unable to download API page: HTTP Error 400: Bad Request (caused by <HTTPError 400: Bad Request>)
WARNING: [youtube] [jsc] Remote components challenge solver script (deno) and NPM package (deno) were skipped. These may be required to solve JS challenges. You can enable these downloads with  --remote-components ejs:github  (recommended) or  --remote-components ejs:npm , respectively. For more information and alternatives, refer to  https://github.com/yt-dlp/yt-dlp/wiki/EJS
WARNING: [youtube] D6GUlHyUY80: n challenge solving failed: Some formats may be missing. Ensure you have a supported JavaScript runtime and challenge solver script distribution installed. Review any warnings presented before this message. For more details, refer to  https://github.com/yt-dlp/yt-dlp/wiki/EJS
WARNING: [youtube] YouTube said: ERROR - Precondition check failed.
WARNING: [youtube] HTTP Error 400: Bad Request. Retrying (1/3)...
WARNING: [youtube] YouTube said: ERROR - Precondition check failed.
WARNING: [youtube] HTTP Error 400: Bad Request. Retrying (2/3)...
WARNING: [youtube] YouTube said: ERROR - Precondition check failed.
WARNING: [youtube] HTTP Error 400: Bad Request. Retrying (3/3)...
WARNING: [youtube] YouTube said: ERROR - Precondition check failed.
WARNING: [youtube] Unable to download API page: HTTP Error 400: Bad Request (caused by <HTTPError 400: Bad Request>)
WARNING: [youtube] [jsc] Remote components challenge solver script (deno) and NPM package (deno) were skipped. These may be required to solve JS challenges. You can enable these downloads with  --remote-components ejs:github  (recommended) or  --remote-components ejs:npm , respectively. For more information and alternatives, refer to  https://github.com/yt-dlp/yt-dlp/wiki/EJS
WARNING: [youtube] FubKEnCaxS0: n challenge solving failed: Some formats may be missing. Ensure you have a supported JavaScript runtime and challenge solver script distribution installed. Review any warnings presented before this message. For more details, refer to  https://github.com/yt-dlp/yt-dlp/wiki/EJS
WARNING: [youtube] YouTube said: ERROR - Precondition check failed.
WARNING: [youtube] HTTP Error 400: Bad Request. Retrying (1/3)...
WARNING: [youtube] YouTube said: ERROR - Precondition check failed.
WARNING: [youtube] HTTP Error 400: Bad Request. Retrying (2/3)...
WARNING: [youtube] YouTube said: ERROR - Precondition check failed.
WARNING: [youtube] HTTP Error 400: Bad Request. Retrying (3/3)...
WARNING: [youtube] YouTube said: ERROR - Precondition check failed.
WARNING: [youtube] Unable to download API page: HTTP Error 400: Bad Request (caused by <HTTPError 400: Bad Request>)
WARNING: [youtube] [jsc] Remote components challenge solver script (deno) and NPM package (deno) were skipped. These may be required to solve JS challenges. You can enable these downloads with  --remote-components ejs:github  (recommended) or  --remote-components ejs:npm , respectively. For more information and alternatives, refer to  https://github.com/yt-dlp/yt-dlp/wiki/EJS
WARNING: [youtube] mh_DSkD3Gz0: n challenge solving failed: Some formats may be missing. Ensure you have a supported JavaScript runtime and challenge solver script distribution installed. Review any warnings presented before this message. For more details, refer to  https://github.com/yt-dlp/yt-dlp/wiki/EJS
WARNING: [youtube] YouTube said: ERROR - Precondition check failed.
WARNING: [youtube] HTTP Error 400: Bad Request. Retrying (1/3)...
WARNING: [youtube] YouTube said: ERROR - Precondition check failed.
WARNING: [youtube] HTTP Error 400: Bad Request. Retrying (2/3)...
WARNING: [youtube] YouTube said: ERROR - Precondition check failed.
WARNING: [youtube] HTTP Error 400: Bad Request. Retrying (3/3)...
WARNING: [youtube] YouTube said: ERROR - Precondition check failed.
WARNING: [youtube] Unable to download API page: HTTP Error 400: Bad Request (caused by <HTTPError 400: Bad Request>)
WARNING: [youtube] [jsc] Remote components challenge solver script (deno) and NPM package (deno) were skipped. These may be required to solve JS challenges. You can enable these downloads with  --remote-components ejs:github  (recommended) or  --remote-components ejs:npm , respectively. For more information and alternatives, refer to  https://github.com/yt-dlp/yt-dlp/wiki/EJS
WARNING: [youtube] n9itS3rrTPM: n challenge solving failed: Some formats may be missing. Ensure you have a supported JavaScript runtime and challenge solver script distribution installed. Review any warnings presented before this message. For more details, refer to  https://github.com/yt-dlp/yt-dlp/wiki/EJS
WARNING: [youtube] YouTube said: ERROR - Precondition check failed.
WARNING: [youtube] HTTP Error 400: Bad Request. Retrying (1/3)...
WARNING: [youtube] YouTube said: ERROR - Precondition check failed.
WARNING: [youtube] HTTP Error 400: Bad Request. Retrying (2/3)...
WARNING: [youtube] YouTube said: ERROR - Precondition check failed.
WARNING: [youtube] HTTP Error 400: Bad Request. Retrying (3/3)...
WARNING: [youtube] YouTube said: ERROR - Precondition check failed.
WARNING: [youtube] Unable to download API page: HTTP Error 400: Bad Request (caused by <HTTPError 400: Bad Request>)
WARNING: [youtube] [jsc] Remote components challenge solver script (deno) and NPM package (deno) were skipped. These may be required to solve JS challenges. You can enable these downloads with  --remote-components ejs:github  (recommended) or  --remote-components ejs:npm , respectively. For more information and alternatives, refer to  https://github.com/yt-dlp/yt-dlp/wiki/EJS
WARNING: [youtube] SaVB0NBG2Hg: n challenge solving failed: Some formats may be missing. Ensure you have a supported JavaScript runtime and challenge solver script distribution installed. Review any warnings presented before this message. For more details, refer to  https://github.com/yt-dlp/yt-dlp/wiki/EJS
WARNING: [youtube] YouTube said: ERROR - Precondition check failed.
WARNING: [youtube] HTTP Error 400: Bad Request. Retrying (1/3)...
WARNING: [youtube] YouTube said: ERROR - Precondition check failed.
WARNING: [youtube] HTTP Error 400: Bad Request. Retrying (2/3)...
WARNING: [youtube] YouTube said: ERROR - Precondition check failed.
WARNING: [youtube] HTTP Error 400: Bad Request. Retrying (3/3)...
WARNING: [youtube] YouTube said: ERROR - Precondition check failed.
WARNING: [youtube] Unable to download API page: HTTP Error 400: Bad Request (caused by <HTTPError 400: Bad Request>)
WARNING: [youtube] [jsc] Remote components challenge solver script (deno) and NPM package (deno) were skipped. These may be required to solve JS challenges. You can enable these downloads with  --remote-components ejs:github  (recommended) or  --remote-components ejs:npm , respectively. For more information and alternatives, refer to  https://github.com/yt-dlp/yt-dlp/wiki/EJS
WARNING: [youtube] MpD3G3tsG-I: n challenge solving failed: Some formats may be missing. Ensure you have a supported JavaScript runtime and challenge solver script distribution installed. Review any warnings presented before this message. For more details, refer to  https://github.com/yt-dlp/yt-dlp/wiki/EJS
WARNING: [youtube] YouTube said: ERROR - Precondition check failed.
WARNING: [youtube] HTTP Error 400: Bad Request. Retrying (1/3)...
WARNING: [youtube] YouTube said: ERROR - Precondition check failed.
WARNING: [youtube] HTTP Error 400: Bad Request. Retrying (2/3)...
WARNING: [youtube] YouTube said: ERROR - Precondition check failed.
WARNING: [youtube] HTTP Error 400: Bad Request. Retrying (3/3)...
WARNING: [youtube] YouTube said: ERROR - Precondition check failed.
WARNING: [youtube] Unable to download API page: HTTP Error 400: Bad Request (caused by <HTTPError 400: Bad Request>)
WARNING: [youtube] [jsc] Remote components challenge solver script (deno) and NPM package (deno) were skipped. These may be required to solve JS challenges. You can enable these downloads with  --remote-components ejs:github  (recommended) or  --remote-components ejs:npm , respectively. For more information and alternatives, refer to  https://github.com/yt-dlp/yt-dlp/wiki/EJS
WARNING: [youtube] hAqnpZj7sgw: n challenge solving failed: Some formats may be missing. Ensure you have a supported JavaScript runtime and challenge solver script distribution installed. Review any warnings presented before this message. For more details, refer to  https://github.com/yt-dlp/yt-dlp/wiki/EJS
WARNING: [youtube] YouTube said: ERROR - Precondition check failed.
WARNING: [youtube] HTTP Error 400: Bad Request. Retrying (1/3)...
WARNING: [youtube] YouTube said: ERROR - Precondition check failed.
WARNING: [youtube] HTTP Error 400: Bad Request. Retrying (2/3)...
WARNING: [youtube] YouTube said: ERROR - Precondition check failed.
WARNING: [youtube] HTTP Error 400: Bad Request. Retrying (3/3)...
WARNING: [youtube] YouTube said: ERROR - Precondition check failed.
WARNING: [youtube] Unable to download API page: HTTP Error 400: Bad Request (caused by <HTTPError 400: Bad Request>)
WARNING: [youtube] [jsc] Remote components challenge solver script (deno) and NPM package (deno) were skipped. These may be required to solve JS challenges. You can enable these downloads with  --remote-components ejs:github  (recommended) or  --remote-components ejs:npm , respectively. For more information and alternatives, refer to  https://github.com/yt-dlp/yt-dlp/wiki/EJS
WARNING: [youtube] 8xvagYqJoeU: n challenge solving failed: Some formats may be missing. Ensure you have a supported JavaScript runtime and challenge solver script distribution installed. Review any warnings presented before this message. For more details, refer to  https://github.com/yt-dlp/yt-dlp/wiki/EJS
WARNING: [youtube] YouTube said: ERROR - Precondition check failed.
WARNING: [youtube] HTTP Error 400: Bad Request. Retrying (1/3)...
WARNING: [youtube] YouTube said: ERROR - Precondition check failed.
WARNING: [youtube] HTTP Error 400: Bad Request. Retrying (2/3)...
WARNING: [youtube] YouTube said: ERROR - Precondition check failed.
WARNING: [youtube] HTTP Error 400: Bad Request. Retrying (3/3)...
WARNING: [youtube] YouTube said: ERROR - Precondition check failed.
WARNING: [youtube] Unable to download API page: HTTP Error 400: Bad Request (caused by <HTTPError 400: Bad Request>)
WARNING: [youtube] [jsc] Remote components challenge solver script (deno) and NPM package (deno) were skipped. These may be required to solve JS challenges. You can enable these downloads with  --remote-components ejs:github  (recommended) or  --remote-components ejs:npm , respectively. For more information and alternatives, refer to  https://github.com/yt-dlp/yt-dlp/wiki/EJS
WARNING: [youtube] HbI_xYkfGKs: n challenge solving failed: Some formats may be missing. Ensure you have a supported JavaScript runtime and challenge solver script distribution installed. Review any warnings presented before this message. For more details, refer to  https://github.com/yt-dlp/yt-dlp/wiki/EJS
WARNING: [youtube] YouTube said: ERROR - Precondition check failed.
WARNING: [youtube] HTTP Error 400: Bad Request. Retrying (1/3)...
WARNING: [youtube] YouTube said: ERROR - Precondition check failed.
WARNING: [youtube] HTTP Error 400: Bad Request. Retrying (2/3)...
WARNING: [youtube] YouTube said: ERROR - Precondition check failed.
WARNING: [youtube] HTTP Error 400: Bad Request. Retrying (3/3)...
WARNING: [youtube] YouTube said: ERROR - Precondition check failed.
WARNING: [youtube] Unable to download API page: HTTP Error 400: Bad Request (caused by <HTTPError 400: Bad Request>)
WARNING: [youtube] [jsc] Remote components challenge solver script (deno) and NPM package (deno) were skipped. These may be required to solve JS challenges. You can enable these downloads with  --remote-components ejs:github  (recommended) or  --remote-components ejs:npm , respectively. For more information and alternatives, refer to  https://github.com/yt-dlp/yt-dlp/wiki/EJS
WARNING: [youtube] QU7oPtE8Vkw: n challenge solving failed: Some formats may be missing. Ensure you have a supported JavaScript runtime and challenge solver script distribution installed. Review any warnings presented before this message. For more details, refer to  https://github.com/yt-dlp/yt-dlp/wiki/EJS
WARNING: [youtube] YouTube said: ERROR - Precondition check failed.
WARNING: [youtube] HTTP Error 400: Bad Request. Retrying (1/3)...
WARNING: [youtube] YouTube said: ERROR - Precondition check failed.
WARNING: [youtube] HTTP Error 400: Bad Request. Retrying (2/3)...
WARNING: [youtube] YouTube said: ERROR - Precondition check failed.
WARNING: [youtube] HTTP Error 400: Bad Request. Retrying (3/3)...
WARNING: [youtube] YouTube said: ERROR - Precondition check failed.
WARNING: [youtube] Unable to download API page: HTTP Error 400: Bad Request (caused by <HTTPError 400: Bad Request>)
WARNING: [youtube] [jsc] Remote components challenge solver script (deno) and NPM package (deno) were skipped. These may be required to solve JS challenges. You can enable these downloads with  --remote-components ejs:github  (recommended) or  --remote-components ejs:npm , respectively. For more information and alternatives, refer to  https://github.com/yt-dlp/yt-dlp/wiki/EJS
WARNING: [youtube] Wje6q_392ms: n challenge solving failed: Some formats may be missing. Ensure you have a supported JavaScript runtime and challenge solver script distribution installed. Review any warnings presented before this message. For more details, refer to  https://github.com/yt-dlp/yt-dlp/wiki/EJS
WARNING: [youtube] YouTube said: ERROR - Precondition check failed.
WARNING: [youtube] HTTP Error 400: Bad Request. Retrying (1/3)...
WARNING: [youtube] YouTube said: ERROR - Precondition check failed.
WARNING: [youtube] HTTP Error 400: Bad Request. Retrying (2/3)...
WARNING: [youtube] YouTube said: ERROR - Precondition check failed.
WARNING: [youtube] HTTP Error 400: Bad Request. Retrying (3/3)...
WARNING: [youtube] YouTube said: ERROR - Precondition check failed.
WARNING: [youtube] Unable to download API page: HTTP Error 400: Bad Request (caused by <HTTPError 400: Bad Request>)
ERROR: [youtube] Gp29-2Erbzg: This video is available to this channel's members on level: 中級會員『五天特訓營』課程 (or any higher level). Join this channel to get access to members-only content and other exclusive perks.
WARNING: [youtube] YouTube said: ERROR - Precondition check failed.
WARNING: [youtube] HTTP Error 400: Bad Request. Retrying (1/3)...
WARNING: [youtube] YouTube said: ERROR - Precondition check failed.
WARNING: [youtube] HTTP Error 400: Bad Request. Retrying (2/3)...
WARNING: [youtube] YouTube said: ERROR - Precondition check failed.
WARNING: [youtube] HTTP Error 400: Bad Request. Retrying (3/3)...
WARNING: [youtube] YouTube said: ERROR - Precondition check failed.
WARNING: [youtube] Unable to download API page: HTTP Error 400: Bad Request (caused by <HTTPError 400: Bad Request>)
WARNING: [youtube] [jsc] Remote components challenge solver script (deno) and NPM package (deno) were skipped. These may be required to solve JS challenges. You can enable these downloads with  --remote-components ejs:github  (recommended) or  --remote-components ejs:npm , respectively. For more information and alternatives, refer to  https://github.com/yt-dlp/yt-dlp/wiki/EJS
WARNING: [youtube] R3u_a2Pkxck: n challenge solving failed: Some formats may be missing. Ensure you have a supported JavaScript runtime and challenge solver script distribution installed. Review any warnings presented before this message. For more details, refer to  https://github.com/yt-dlp/yt-dlp/wiki/EJS
WARNING: [youtube] YouTube said: ERROR - Precondition check failed.
WARNING: [youtube] HTTP Error 400: Bad Request. Retrying (1/3)...
WARNING: [youtube] YouTube said: ERROR - Precondition check failed.
WARNING: [youtube] HTTP Error 400: Bad Request. Retrying (2/3)...
WARNING: [youtube] YouTube said: ERROR - Precondition check failed.
WARNING: [youtube] HTTP Error 400: Bad Request. Retrying (3/3)...
WARNING: [youtube] YouTube said: ERROR - Precondition check failed.
WARNING: [youtube] Unable to download API page: HTTP Error 400: Bad Request (caused by <HTTPError 400: Bad Request>)
WARNING: [youtube] [jsc] Remote components challenge solver script (deno) and NPM package (deno) were skipped. These may be required to solve JS challenges. You can enable these downloads with  --remote-components ejs:github  (recommended) or  --remote-components ejs:npm , respectively. For more information and alternatives, refer to  https://github.com/yt-dlp/yt-dlp/wiki/EJS
WARNING: [youtube] R1EOjPPchIE: n challenge solving failed: Some formats may be missing. Ensure you have a supported JavaScript runtime and challenge solver script distribution installed. Review any warnings presented before this message. For more details, refer to  https://github.com/yt-dlp/yt-dlp/wiki/EJS
WARNING: [youtube] YouTube said: ERROR - Precondition check failed.
WARNING: [youtube] HTTP Error 400: Bad Request. Retrying (1/3)...
WARNING: [youtube] YouTube said: ERROR - Precondition check failed.
WARNING: [youtube] HTTP Error 400: Bad Request. Retrying (2/3)...
WARNING: [youtube] YouTube said: ERROR - Precondition check failed.
WARNING: [youtube] HTTP Error 400: Bad Request. Retrying (3/3)...
WARNING: [youtube] YouTube said: ERROR - Precondition check failed.
WARNING: [youtube] Unable to download API page: HTTP Error 400: Bad Request (caused by <HTTPError 400: Bad Request>)
ERROR: [youtube] hSMXZMZ3KnQ: This video is available to this channel's members on level: 中級會員『五天特訓營』課程 (or any higher level). Join this channel to get access to members-only content and other exclusive perks.
WARNING: [youtube] YouTube said: ERROR - Precondition check failed.
WARNING: [youtube] HTTP Error 400: Bad Request. Retrying (1/3)...
WARNING: [youtube] YouTube said: ERROR - Precondition check failed.
WARNING: [youtube] HTTP Error 400: Bad Request. Retrying (2/3)...
WARNING: [youtube] YouTube said: ERROR - Precondition check failed.
WARNING: [youtube] HTTP Error 400: Bad Request. Retrying (3/3)...
WARNING: [youtube] YouTube said: ERROR - Precondition check failed.
WARNING: [youtube] Unable to download API page: HTTP Error 400: Bad Request (caused by <HTTPError 400: Bad Request>)
ERROR: [youtube] peB7W9JWF20: Join this channel to get access to members-only content like this video, and other exclusive perks.
WARNING: [youtube] YouTube said: ERROR - Precondition check failed.
WARNING: [youtube] HTTP Error 400: Bad Request. Retrying (1/3)...
WARNING: [youtube] YouTube said: ERROR - Precondition check failed.
WARNING: [youtube] HTTP Error 400: Bad Request. Retrying (2/3)...
WARNING: [youtube] YouTube said: ERROR - Precondition check failed.
WARNING: [youtube] HTTP Error 400: Bad Request. Retrying (3/3)...
WARNING: [youtube] YouTube said: ERROR - Precondition check failed.
WARNING: [youtube] Unable to download API page: HTTP Error 400: Bad Request (caused by <HTTPError 400: Bad Request>)
WARNING: [youtube] [jsc] Remote components challenge solver script (deno) and NPM package (deno) were skipped. These may be required to solve JS challenges. You can enable these downloads with  --remote-components ejs:github  (recommended) or  --remote-components ejs:npm , respectively. For more information and alternatives, refer to  https://github.com/yt-dlp/yt-dlp/wiki/EJS
WARNING: [youtube] DYJC6-Fmn7A: n challenge solving failed: Some formats may be missing. Ensure you have a supported JavaScript runtime and challenge solver script distribution installed. Review any warnings presented before this message. For more details, refer to  https://github.com/yt-dlp/yt-dlp/wiki/EJS
[松明講心理] 完成 (共 0 個字幕)

[Dr.Harvey不廢話] 抓取中...
[Dr.Harvey不廢話] 完成 (共 0 個字幕)

[初日醫學] 抓取中...
WARNING: [youtube] YouTube said: ERROR - Precondition check failed.
WARNING: [youtube] HTTP Error 400: Bad Request. Retrying (1/3)...
WARNING: [youtube] YouTube said: ERROR - Precondition check failed.
WARNING: [youtube] HTTP Error 400: Bad Request. Retrying (2/3)...
WARNING: [youtube] YouTube said: ERROR - Precondition check failed.
WARNING: [youtube] HTTP Error 400: Bad Request. Retrying (3/3)...
WARNING: [youtube] YouTube said: ERROR - Precondition check failed.
WARNING: [youtube] Unable to download API page: HTTP Error 400: Bad Request (caused by <HTTPError 400: Bad Request>)
ERROR: [youtube] HmTm3gkL-p0: Join this channel to get access to members-only content like this video, and other exclusive perks.
WARNING: [youtube] YouTube said: ERROR - Precondition check failed.
WARNING: [youtube] HTTP Error 400: Bad Request. Retrying (1/3)...
WARNING: [youtube] YouTube said: ERROR - Precondition check failed.
WARNING: [youtube] HTTP Error 400: Bad Request. Retrying (2/3)...
WARNING: [youtube] YouTube said: ERROR - Precondition check failed.
WARNING: [youtube] HTTP Error 400: Bad Request. Retrying (3/3)...
WARNING: [youtube] YouTube said: ERROR - Precondition check failed.
WARNING: [youtube] Unable to download API page: HTTP Error 400: Bad Request (caused by <HTTPError 400: Bad Request>)
ERROR: [youtube] f1rhnJjBPQI: Join this channel to get access to members-only content like this video, and other exclusive perks.
WARNING: [youtube] YouTube said: ERROR - Precondition check failed.
WARNING: [youtube] HTTP Error 400: Bad Request. Retrying (1/3)...
WARNING: [youtube] YouTube said: ERROR - Precondition check failed.
WARNING: [youtube] HTTP Error 400: Bad Request. Retrying (2/3)...
WARNING: [youtube] YouTube said: ERROR - Precondition check failed.
WARNING: [youtube] HTTP Error 400: Bad Request. Retrying (3/3)...
WARNING: [youtube] YouTube said: ERROR - Precondition check failed.
WARNING: [youtube] Unable to download API page: HTTP Error 400: Bad Request (caused by <HTTPError 400: Bad Request>)
ERROR: [youtube] N8NSXGqmP2E: Join this channel to get access to members-only content like this video, and other exclusive perks.
WARNING: [youtube] YouTube said: ERROR - Precondition check failed.
WARNING: [youtube] HTTP Error 400: Bad Request. Retrying (1/3)...
WARNING: [youtube] YouTube said: ERROR - Precondition check failed.
WARNING: [youtube] HTTP Error 400: Bad Request. Retrying (2/3)...
WARNING: [youtube] YouTube said: ERROR - Precondition check failed.
WARNING: [youtube] HTTP Error 400: Bad Request. Retrying (3/3)...
WARNING: [youtube] YouTube said: ERROR - Precondition check failed.
WARNING: [youtube] Unable to download API page: HTTP Error 400: Bad Request (caused by <HTTPError 400: Bad Request>)
ERROR: [youtube] TjPy8EpkFHg: Join this channel to get access to members-only content like this video, and other exclusive perks.
WARNING: [youtube] YouTube said: ERROR - Precondition check failed.
WARNING: [youtube] HTTP Error 400: Bad Request. Retrying (1/3)...
WARNING: [youtube] YouTube said: ERROR - Precondition check failed.
WARNING: [youtube] HTTP Error 400: Bad Request. Retrying (2/3)...
WARNING: [youtube] YouTube said: ERROR - Precondition check failed.
WARNING: [youtube] HTTP Error 400: Bad Request. Retrying (3/3)...
WARNING: [youtube] YouTube said: ERROR - Precondition check failed.
WARNING: [youtube] Unable to download API page: HTTP Error 400: Bad Request (caused by <HTTPError 400: Bad Request>)
ERROR: [youtube] UOQcfShjmtM: Join this channel to get access to members-only content like this video, and other exclusive perks.
WARNING: [youtube] YouTube said: ERROR - Precondition check failed.
WARNING: [youtube] HTTP Error 400: Bad Request. Retrying (1/3)...
WARNING: [youtube] YouTube said: ERROR - Precondition check failed.
WARNING: [youtube] HTTP Error 400: Bad Request. Retrying (2/3)...
WARNING: [youtube] YouTube said: ERROR - Precondition check failed.
WARNING: [youtube] HTTP Error 400: Bad Request. Retrying (3/3)...
WARNING: [youtube] YouTube said: ERROR - Precondition check failed.
WARNING: [youtube] Unable to download API page: HTTP Error 400: Bad Request (caused by <HTTPError 400: Bad Request>)
WARNING: [youtube] [jsc] Remote components challenge solver script (deno) and NPM package (deno) were skipped. These may be required to solve JS challenges. You can enable these downloads with  --remote-components ejs:github  (recommended) or  --remote-components ejs:npm , respectively. For more information and alternatives, refer to  https://github.com/yt-dlp/yt-dlp/wiki/EJS
WARNING: [youtube] T36IzcTEQXM: n challenge solving failed: Some formats may be missing. Ensure you have a supported JavaScript runtime and challenge solver script distribution installed. Review any warnings presented before this message. For more details, refer to  https://github.com/yt-dlp/yt-dlp/wiki/EJS
WARNING: The extractor specified to use impersonation for this download, but no impersonate target is available. If you encounter errors, then see  https://github.com/yt-dlp/yt-dlp#impersonation  for information on installing the required dependencies
WARNING: [youtube] YouTube said: ERROR - Precondition check failed.
WARNING: [youtube] HTTP Error 400: Bad Request. Retrying (1/3)...
WARNING: [youtube] YouTube said: ERROR - Precondition check failed.
WARNING: [youtube] HTTP Error 400: Bad Request. Retrying (2/3)...
WARNING: [youtube] YouTube said: ERROR - Precondition check failed.
WARNING: [youtube] HTTP Error 400: Bad Request. Retrying (3/3)...
WARNING: [youtube] YouTube said: ERROR - Precondition check failed.
WARNING: [youtube] Unable to download API page: HTTP Error 400: Bad Request (caused by <HTTPError 400: Bad Request>)
WARNING: [youtube] [jsc] Remote components challenge solver script (deno) and NPM package (deno) were skipped. These may be required to solve JS challenges. You can enable these downloads with  --remote-components ejs:github  (recommended) or  --remote-components ejs:npm , respectively. For more information and alternatives, refer to  https://github.com/yt-dlp/yt-dlp/wiki/EJS
WARNING: [youtube] PWUmWHow-5w: n challenge solving failed: Some formats may be missing. Ensure you have a supported JavaScript runtime and challenge solver script distribution installed. Review any warnings presented before this message. For more details, refer to  https://github.com/yt-dlp/yt-dlp/wiki/EJS
WARNING: The extractor specified to use impersonation for this download, but no impersonate target is available. If you encounter errors, then see  https://github.com/yt-dlp/yt-dlp#impersonation  for information on installing the required dependencies
WARNING: [youtube] YouTube said: ERROR - Precondition check failed.
WARNING: [youtube] HTTP Error 400: Bad Request. Retrying (1/3)...
WARNING: [youtube] YouTube said: ERROR - Precondition check failed.
WARNING: [youtube] HTTP Error 400: Bad Request. Retrying (2/3)...
WARNING: [youtube] YouTube said: ERROR - Precondition check failed.
WARNING: [youtube] HTTP Error 400: Bad Request. Retrying (3/3)...
WARNING: [youtube] YouTube said: ERROR - Precondition check failed.
WARNING: [youtube] Unable to download API page: HTTP Error 400: Bad Request (caused by <HTTPError 400: Bad Request>)
ERROR: [youtube] dRviPz__LJQ: Join this channel to get access to members-only content like this video, and other exclusive perks.
WARNING: [youtube] YouTube said: ERROR - Precondition check failed.
WARNING: [youtube] HTTP Error 400: Bad Request. Retrying (1/3)...
WARNING: [youtube] YouTube said: ERROR - Precondition check failed.
WARNING: [youtube] HTTP Error 400: Bad Request. Retrying (2/3)...
WARNING: [youtube] YouTube said: ERROR - Precondition check failed.
WARNING: [youtube] HTTP Error 400: Bad Request. Retrying (3/3)...
WARNING: [youtube] YouTube said: ERROR - Precondition check failed.
WARNING: [youtube] Unable to download API page: HTTP Error 400: Bad Request (caused by <HTTPError 400: Bad Request>)
WARNING: [youtube] [jsc] Remote components challenge solver script (deno) and NPM package (deno) were skipped. These may be required to solve JS challenges. You can enable these downloads with  --remote-components ejs:github  (recommended) or  --remote-components ejs:npm , respectively. For more information and alternatives, refer to  https://github.com/yt-dlp/yt-dlp/wiki/EJS
WARNING: [youtube] jeLC91-HkAU: n challenge solving failed: Some formats may be missing. Ensure you have a supported JavaScript runtime and challenge solver script distribution installed. Review any warnings presented before this message. For more details, refer to  https://github.com/yt-dlp/yt-dlp/wiki/EJS
WARNING: The extractor specified to use impersonation for this download, but no impersonate target is available. If you encounter errors, then see  https://github.com/yt-dlp/yt-dlp#impersonation  for information on installing the required dependencies
WARNING: [youtube] YouTube said: ERROR - Precondition check failed.
WARNING: [youtube] HTTP Error 400: Bad Request. Retrying (1/3)...
WARNING: [youtube] YouTube said: ERROR - Precondition check failed.
WARNING: [youtube] HTTP Error 400: Bad Request. Retrying (2/3)...
WARNING: [youtube] YouTube said: ERROR - Precondition check failed.
WARNING: [youtube] HTTP Error 400: Bad Request. Retrying (3/3)...
WARNING: [youtube] YouTube said: ERROR - Precondition check failed.
WARNING: [youtube] Unable to download API page: HTTP Error 400: Bad Request (caused by <HTTPError 400: Bad Request>)
ERROR: [youtube] 68QM8DN9RHQ: Join this channel to get access to members-only content like this video, and other exclusive perks.
WARNING: [youtube] YouTube said: ERROR - Precondition check failed.
WARNING: [youtube] HTTP Error 400: Bad Request. Retrying (1/3)...
WARNING: [youtube] YouTube said: ERROR - Precondition check failed.
WARNING: [youtube] HTTP Error 400: Bad Request. Retrying (2/3)...
WARNING: [youtube] YouTube said: ERROR - Precondition check failed.
WARNING: [youtube] HTTP Error 400: Bad Request. Retrying (3/3)...
WARNING: [youtube] YouTube said: ERROR - Precondition check failed.
WARNING: [youtube] Unable to download API page: HTTP Error 400: Bad Request (caused by <HTTPError 400: Bad Request>)
WARNING: [youtube] [jsc] Remote components challenge solver script (deno) and NPM package (deno) were skipped. These may be required to solve JS challenges. You can enable these downloads with  --remote-components ejs:github  (recommended) or  --remote-components ejs:npm , respectively. For more information and alternatives, refer to  https://github.com/yt-dlp/yt-dlp/wiki/EJS
WARNING: [youtube] BRcu0JGghvM: n challenge solving failed: Some formats may be missing. Ensure you have a supported JavaScript runtime and challenge solver script distribution installed. Review any warnings presented before this message. For more details, refer to  https://github.com/yt-dlp/yt-dlp/wiki/EJS
WARNING: The extractor specified to use impersonation for this download, but no impersonate target is available. If you encounter errors, then see  https://github.com/yt-dlp/yt-dlp#impersonation  for information on installing the required dependencies
WARNING: [youtube] YouTube said: ERROR - Precondition check failed.
WARNING: [youtube] HTTP Error 400: Bad Request. Retrying (1/3)...
WARNING: [youtube] YouTube said: ERROR - Precondition check failed.
WARNING: [youtube] HTTP Error 400: Bad Request. Retrying (2/3)...
WARNING: [youtube] YouTube said: ERROR - Precondition check failed.
WARNING: [youtube] HTTP Error 400: Bad Request. Retrying (3/3)...
WARNING: [youtube] YouTube said: ERROR - Precondition check failed.
WARNING: [youtube] Unable to download API page: HTTP Error 400: Bad Request (caused by <HTTPError 400: Bad Request>)
WARNING: [youtube] [jsc] Remote components challenge solver script (deno) and NPM package (deno) were skipped. These may be required to solve JS challenges. You can enable these downloads with  --remote-components ejs:github  (recommended) or  --remote-components ejs:npm , respectively. For more information and alternatives, refer to  https://github.com/yt-dlp/yt-dlp/wiki/EJS
WARNING: [youtube] M9DLw0jM8jQ: n challenge solving failed: Some formats may be missing. Ensure you have a supported JavaScript runtime and challenge solver script distribution installed. Review any warnings presented before this message. For more details, refer to  https://github.com/yt-dlp/yt-dlp/wiki/EJS
WARNING: The extractor specified to use impersonation for this download, but no impersonate target is available. If you encounter errors, then see  https://github.com/yt-dlp/yt-dlp#impersonation  for information on installing the required dependencies
WARNING: [youtube] YouTube said: ERROR - Precondition check failed.
WARNING: [youtube] HTTP Error 400: Bad Request. Retrying (1/3)...
WARNING: [youtube] YouTube said: ERROR - Precondition check failed.
WARNING: [youtube] HTTP Error 400: Bad Request. Retrying (2/3)...
WARNING: [youtube] YouTube said: ERROR - Precondition check failed.
WARNING: [youtube] HTTP Error 400: Bad Request. Retrying (3/3)...
WARNING: [youtube] YouTube said: ERROR - Precondition check failed.
WARNING: [youtube] Unable to download API page: HTTP Error 400: Bad Request (caused by <HTTPError 400: Bad Request>)
WARNING: [youtube] [jsc] Remote components challenge solver script (deno) and NPM package (deno) were skipped. These may be required to solve JS challenges. You can enable these downloads with  --remote-components ejs:github  (recommended) or  --remote-components ejs:npm , respectively. For more information and alternatives, refer to  https://github.com/yt-dlp/yt-dlp/wiki/EJS
WARNING: [youtube] oAqTFCYhHDE: n challenge solving failed: Some formats may be missing. Ensure you have a supported JavaScript runtime and challenge solver script distribution installed. Review any warnings presented before this message. For more details, refer to  https://github.com/yt-dlp/yt-dlp/wiki/EJS
WARNING: The extractor specified to use impersonation for this download, but no impersonate target is available. If you encounter errors, then see  https://github.com/yt-dlp/yt-dlp#impersonation  for information on installing the required dependencies
WARNING: [youtube] YouTube said: ERROR - Precondition check failed.
WARNING: [youtube] HTTP Error 400: Bad Request. Retrying (1/3)...
WARNING: [youtube] YouTube said: ERROR - Precondition check failed.
WARNING: [youtube] HTTP Error 400: Bad Request. Retrying (2/3)...
WARNING: [youtube] YouTube said: ERROR - Precondition check failed.
WARNING: [youtube] HTTP Error 400: Bad Request. Retrying (3/3)...
WARNING: [youtube] YouTube said: ERROR - Precondition check failed.
WARNING: [youtube] Unable to download API page: HTTP Error 400: Bad Request (caused by <HTTPError 400: Bad Request>)
WARNING: [youtube] [jsc] Remote components challenge solver script (deno) and NPM package (deno) were skipped. These may be required to solve JS challenges. You can enable these downloads with  --remote-components ejs:github  (recommended) or  --remote-components ejs:npm , respectively. For more information and alternatives, refer to  https://github.com/yt-dlp/yt-dlp/wiki/EJS
WARNING: [youtube] kZzTtEYxfTs: n challenge solving failed: Some formats may be missing. Ensure you have a supported JavaScript runtime and challenge solver script distribution installed. Review any warnings presented before this message. For more details, refer to  https://github.com/yt-dlp/yt-dlp/wiki/EJS
WARNING: The extractor specified to use impersonation for this download, but no impersonate target is available. If you encounter errors, then see  https://github.com/yt-dlp/yt-dlp#impersonation  for information on installing the required dependencies
WARNING: [youtube] YouTube said: ERROR - Precondition check failed.
WARNING: [youtube] HTTP Error 400: Bad Request. Retrying (1/3)...
WARNING: [youtube] YouTube said: ERROR - Precondition check failed.
WARNING: [youtube] HTTP Error 400: Bad Request. Retrying (2/3)...
WARNING: [youtube] YouTube said: ERROR - Precondition check failed.
WARNING: [youtube] HTTP Error 400: Bad Request. Retrying (3/3)...
WARNING: [youtube] YouTube said: ERROR - Precondition check failed.
WARNING: [youtube] Unable to download API page: HTTP Error 400: Bad Request (caused by <HTTPError 400: Bad Request>)
WARNING: [youtube] [jsc] Remote components challenge solver script (deno) and NPM package (deno) were skipped. These may be required to solve JS challenges. You can enable these downloads with  --remote-components ejs:github  (recommended) or  --remote-components ejs:npm , respectively. For more information and alternatives, refer to  https://github.com/yt-dlp/yt-dlp/wiki/EJS
WARNING: [youtube] 9p-kFa_Xmfk: n challenge solving failed: Some formats may be missing. Ensure you have a supported JavaScript runtime and challenge solver script distribution installed. Review any warnings presented before this message. For more details, refer to  https://github.com/yt-dlp/yt-dlp/wiki/EJS
WARNING: The extractor specified to use impersonation for this download, but no impersonate target is available. If you encounter errors, then see  https://github.com/yt-dlp/yt-dlp#impersonation  for information on installing the required dependencies
WARNING: [youtube] YouTube said: ERROR - Precondition check failed.
WARNING: [youtube] HTTP Error 400: Bad Request. Retrying (1/3)...
WARNING: [youtube] YouTube said: ERROR - Precondition check failed.
WARNING: [youtube] HTTP Error 400: Bad Request. Retrying (2/3)...
WARNING: [youtube] YouTube said: ERROR - Precondition check failed.
WARNING: [youtube] HTTP Error 400: Bad Request. Retrying (3/3)...
WARNING: [youtube] YouTube said: ERROR - Precondition check failed.
WARNING: [youtube] Unable to download API page: HTTP Error 400: Bad Request (caused by <HTTPError 400: Bad Request>)
ERROR: [youtube] 2zUXmNNvtLQ: Join this channel to get access to members-only content like this video, and other exclusive perks.
WARNING: [youtube] YouTube said: ERROR - Precondition check failed.
WARNING: [youtube] HTTP Error 400: Bad Request. Retrying (1/3)...
WARNING: [youtube] YouTube said: ERROR - Precondition check failed.
WARNING: [youtube] HTTP Error 400: Bad Request. Retrying (2/3)...
WARNING: [youtube] YouTube said: ERROR - Precondition check failed.
WARNING: [youtube] HTTP Error 400: Bad Request. Retrying (3/3)...
WARNING: [youtube] YouTube said: ERROR - Precondition check failed.
WARNING: [youtube] Unable to download API page: HTTP Error 400: Bad Request (caused by <HTTPError 400: Bad Request>)
WARNING: [youtube] [jsc] Remote components challenge solver script (deno) and NPM package (deno) were skipped. These may be required to solve JS challenges. You can enable these downloads with  --remote-components ejs:github  (recommended) or  --remote-components ejs:npm , respectively. For more information and alternatives, refer to  https://github.com/yt-dlp/yt-dlp/wiki/EJS
WARNING: [youtube] E8TWhte2huc: n challenge solving failed: Some formats may be missing. Ensure you have a supported JavaScript runtime and challenge solver script distribution installed. Review any warnings presented before this message. For more details, refer to  https://github.com/yt-dlp/yt-dlp/wiki/EJS
WARNING: The extractor specified to use impersonation for this download, but no impersonate target is available. If you encounter errors, then see  https://github.com/yt-dlp/yt-dlp#impersonation  for information on installing the required dependencies
WARNING: [youtube] YouTube said: ERROR - Precondition check failed.
WARNING: [youtube] HTTP Error 400: Bad Request. Retrying (1/3)...
WARNING: [youtube] YouTube said: ERROR - Precondition check failed.
WARNING: [youtube] HTTP Error 400: Bad Request. Retrying (2/3)...
WARNING: [youtube] YouTube said: ERROR - Precondition check failed.
WARNING: [youtube] HTTP Error 400: Bad Request. Retrying (3/3)...
WARNING: [youtube] YouTube said: ERROR - Precondition check failed.
WARNING: [youtube] Unable to download API page: HTTP Error 400: Bad Request (caused by <HTTPError 400: Bad Request>)
WARNING: [youtube] [jsc] Remote components challenge solver script (deno) and NPM package (deno) were skipped. These may be required to solve JS challenges. You can enable these downloads with  --remote-components ejs:github  (recommended) or  --remote-components ejs:npm , respectively. For more information and alternatives, refer to  https://github.com/yt-dlp/yt-dlp/wiki/EJS
WARNING: [youtube] K1Otmg00lHI: n challenge solving failed: Some formats may be missing. Ensure you have a supported JavaScript runtime and challenge solver script distribution installed. Review any warnings presented before this message. For more details, refer to  https://github.com/yt-dlp/yt-dlp/wiki/EJS
WARNING: The extractor specified to use impersonation for this download, but no impersonate target is available. If you encounter errors, then see  https://github.com/yt-dlp/yt-dlp#impersonation  for information on installing the required dependencies
WARNING: [youtube] YouTube said: ERROR - Precondition check failed.
WARNING: [youtube] HTTP Error 400: Bad Request. Retrying (1/3)...
WARNING: [youtube] YouTube said: ERROR - Precondition check failed.
WARNING: [youtube] HTTP Error 400: Bad Request. Retrying (2/3)...
WARNING: [youtube] YouTube said: ERROR - Precondition check failed.
WARNING: [youtube] HTTP Error 400: Bad Request. Retrying (3/3)...
WARNING: [youtube] YouTube said: ERROR - Precondition check failed.
WARNING: [youtube] Unable to download API page: HTTP Error 400: Bad Request (caused by <HTTPError 400: Bad Request>)
WARNING: [youtube] [jsc] Remote components challenge solver script (deno) and NPM package (deno) were skipped. These may be required to solve JS challenges. You can enable these downloads with  --remote-components ejs:github  (recommended) or  --remote-components ejs:npm , respectively. For more information and alternatives, refer to  https://github.com/yt-dlp/yt-dlp/wiki/EJS
WARNING: [youtube] 7YEzzDLLG7E: n challenge solving failed: Some formats may be missing. Ensure you have a supported JavaScript runtime and challenge solver script distribution installed. Review any warnings presented before this message. For more details, refer to  https://github.com/yt-dlp/yt-dlp/wiki/EJS
WARNING: The extractor specified to use impersonation for this download, but no impersonate target is available. If you encounter errors, then see  https://github.com/yt-dlp/yt-dlp#impersonation  for information on installing the required dependencies
WARNING: [youtube] YouTube said: ERROR - Precondition check failed.
WARNING: [youtube] HTTP Error 400: Bad Request. Retrying (1/3)...
WARNING: [youtube] YouTube said: ERROR - Precondition check failed.
WARNING: [youtube] HTTP Error 400: Bad Request. Retrying (2/3)...
WARNING: [youtube] YouTube said: ERROR - Precondition check failed.
WARNING: [youtube] HTTP Error 400: Bad Request. Retrying (3/3)...
WARNING: [youtube] YouTube said: ERROR - Precondition check failed.
WARNING: [youtube] Unable to download API page: HTTP Error 400: Bad Request (caused by <HTTPError 400: Bad Request>)
ERROR: [youtube] 4jmkuqFNvjs: Join this channel to get access to members-only content like this video, and other exclusive perks.
WARNING: [youtube] YouTube said: ERROR - Precondition check failed.
WARNING: [youtube] HTTP Error 400: Bad Request. Retrying (1/3)...
WARNING: [youtube] YouTube said: ERROR - Precondition check failed.
WARNING: [youtube] HTTP Error 400: Bad Request. Retrying (2/3)...
WARNING: [youtube] YouTube said: ERROR - Precondition check failed.
WARNING: [youtube] HTTP Error 400: Bad Request. Retrying (3/3)...
WARNING: [youtube] YouTube said: ERROR - Precondition check failed.
WARNING: [youtube] Unable to download API page: HTTP Error 400: Bad Request (caused by <HTTPError 400: Bad Request>)
WARNING: [youtube] [jsc] Remote components challenge solver script (deno) and NPM package (deno) were skipped. These may be required to solve JS challenges. You can enable these downloads with  --remote-components ejs:github  (recommended) or  --remote-components ejs:npm , respectively. For more information and alternatives, refer to  https://github.com/yt-dlp/yt-dlp/wiki/EJS
WARNING: [youtube] HLdtCQDeRf4: n challenge solving failed: Some formats may be missing. Ensure you have a supported JavaScript runtime and challenge solver script distribution installed. Review any warnings presented before this message. For more details, refer to  https://github.com/yt-dlp/yt-dlp/wiki/EJS
WARNING: [youtube] YouTube said: ERROR - Precondition check failed.
WARNING: [youtube] HTTP Error 400: Bad Request. Retrying (1/3)...
WARNING: [youtube] YouTube said: ERROR - Precondition check failed.
WARNING: [youtube] HTTP Error 400: Bad Request. Retrying (2/3)...
WARNING: [youtube] YouTube said: ERROR - Precondition check failed.
WARNING: [youtube] HTTP Error 400: Bad Request. Retrying (3/3)...
WARNING: [youtube] YouTube said: ERROR - Precondition check failed.
WARNING: [youtube] Unable to download API page: HTTP Error 400: Bad Request (caused by <HTTPError 400: Bad Request>)
WARNING: [youtube] [jsc] Remote components challenge solver script (deno) and NPM package (deno) were skipped. These may be required to solve JS challenges. You can enable these downloads with  --remote-components ejs:github  (recommended) or  --remote-components ejs:npm , respectively. For more information and alternatives, refer to  https://github.com/yt-dlp/yt-dlp/wiki/EJS
WARNING: [youtube] 9oOvmEfdxPE: n challenge solving failed: Some formats may be missing. Ensure you have a supported JavaScript runtime and challenge solver script distribution installed. Review any warnings presented before this message. For more details, refer to  https://github.com/yt-dlp/yt-dlp/wiki/EJS
WARNING: The extractor specified to use impersonation for this download, but no impersonate target is available. If you encounter errors, then see  https://github.com/yt-dlp/yt-dlp#impersonation  for information on installing the required dependencies
WARNING: [youtube] YouTube said: ERROR - Precondition check failed.
WARNING: [youtube] HTTP Error 400: Bad Request. Retrying (1/3)...
WARNING: [youtube] YouTube said: ERROR - Precondition check failed.
WARNING: [youtube] HTTP Error 400: Bad Request. Retrying (2/3)...
WARNING: [youtube] YouTube said: ERROR - Precondition check failed.
WARNING: [youtube] HTTP Error 400: Bad Request. Retrying (3/3)...
WARNING: [youtube] YouTube said: ERROR - Precondition check failed.
WARNING: [youtube] Unable to download API page: HTTP Error 400: Bad Request (caused by <HTTPError 400: Bad Request>)
WARNING: [youtube] [jsc] Remote components challenge solver script (deno) and NPM package (deno) were skipped. These may be required to solve JS challenges. You can enable these downloads with  --remote-components ejs:github  (recommended) or  --remote-components ejs:npm , respectively. For more information and alternatives, refer to  https://github.com/yt-dlp/yt-dlp/wiki/EJS
WARNING: [youtube] NinXRqzvf5o: n challenge solving failed: Some formats may be missing. Ensure you have a supported JavaScript runtime and challenge solver script distribution installed. Review any warnings presented before this message. For more details, refer to  https://github.com/yt-dlp/yt-dlp/wiki/EJS
WARNING: The extractor specified to use impersonation for this download, but no impersonate target is available. If you encounter errors, then see  https://github.com/yt-dlp/yt-dlp#impersonation  for information on installing the required dependencies
WARNING: The extractor specified to use impersonation for this download, but no impersonate target is available. If you encounter errors, then see  https://github.com/yt-dlp/yt-dlp#impersonation  for information on installing the required dependencies
WARNING: [youtube] YouTube said: ERROR - Precondition check failed.
WARNING: [youtube] HTTP Error 400: Bad Request. Retrying (1/3)...
WARNING: [youtube] YouTube said: ERROR - Precondition check failed.
WARNING: [youtube] HTTP Error 400: Bad Request. Retrying (2/3)...
WARNING: [youtube] YouTube said: ERROR - Precondition check failed.
WARNING: [youtube] HTTP Error 400: Bad Request. Retrying (3/3)...
WARNING: [youtube] YouTube said: ERROR - Precondition check failed.
WARNING: [youtube] Unable to download API page: HTTP Error 400: Bad Request (caused by <HTTPError 400: Bad Request>)
WARNING: [youtube] [jsc] Remote components challenge solver script (deno) and NPM package (deno) were skipped. These may be required to solve JS challenges. You can enable these downloads with  --remote-components ejs:github  (recommended) or  --remote-components ejs:npm , respectively. For more information and alternatives, refer to  https://github.com/yt-dlp/yt-dlp/wiki/EJS
WARNING: [youtube] Fd-T51Mif7A: n challenge solving failed: Some formats may be missing. Ensure you have a supported JavaScript runtime and challenge solver script distribution installed. Review any warnings presented before this message. For more details, refer to  https://github.com/yt-dlp/yt-dlp/wiki/EJS
WARNING: The extractor specified to use impersonation for this download, but no impersonate target is available. If you encounter errors, then see  https://github.com/yt-dlp/yt-dlp#impersonation  for information on installing the required dependencies
WARNING: [youtube] YouTube said: ERROR - Precondition check failed.
WARNING: [youtube] HTTP Error 400: Bad Request. Retrying (1/3)...
WARNING: [youtube] YouTube said: ERROR - Precondition check failed.
WARNING: [youtube] HTTP Error 400: Bad Request. Retrying (2/3)...
WARNING: [youtube] YouTube said: ERROR - Precondition check failed.
WARNING: [youtube] HTTP Error 400: Bad Request. Retrying (3/3)...
WARNING: [youtube] YouTube said: ERROR - Precondition check failed.
WARNING: [youtube] Unable to download API page: HTTP Error 400: Bad Request (caused by <HTTPError 400: Bad Request>)
ERROR: [youtube] -jShFpG78PU: Join this channel to get access to members-only content like this video, and other exclusive perks.
WARNING: [youtube] YouTube said: ERROR - Precondition check failed.
WARNING: [youtube] HTTP Error 400: Bad Request. Retrying (1/3)...
WARNING: [youtube] YouTube said: ERROR - Precondition check failed.
WARNING: [youtube] HTTP Error 400: Bad Request. Retrying (2/3)...
WARNING: [youtube] YouTube said: ERROR - Precondition check failed.
WARNING: [youtube] HTTP Error 400: Bad Request. Retrying (3/3)...
WARNING: [youtube] YouTube said: ERROR - Precondition check failed.
WARNING: [youtube] Unable to download API page: HTTP Error 400: Bad Request (caused by <HTTPError 400: Bad Request>)
WARNING: [youtube] [jsc] Remote components challenge solver script (deno) and NPM package (deno) were skipped. These may be required to solve JS challenges. You can enable these downloads with  --remote-components ejs:github  (recommended) or  --remote-components ejs:npm , respectively. For more information and alternatives, refer to  https://github.com/yt-dlp/yt-dlp/wiki/EJS
WARNING: [youtube] pPQu_af6_Fo: n challenge solving failed: Some formats may be missing. Ensure you have a supported JavaScript runtime and challenge solver script distribution installed. Review any warnings presented before this message. For more details, refer to  https://github.com/yt-dlp/yt-dlp/wiki/EJS
WARNING: [youtube] YouTube said: ERROR - Precondition check failed.
WARNING: [youtube] HTTP Error 400: Bad Request. Retrying (1/3)...
WARNING: [youtube] YouTube said: ERROR - Precondition check failed.
WARNING: [youtube] HTTP Error 400: Bad Request. Retrying (2/3)...
WARNING: [youtube] YouTube said: ERROR - Precondition check failed.
WARNING: [youtube] HTTP Error 400: Bad Request. Retrying (3/3)...
WARNING: [youtube] YouTube said: ERROR - Precondition check failed.
WARNING: [youtube] Unable to download API page: HTTP Error 400: Bad Request (caused by <HTTPError 400: Bad Request>)
WARNING: [youtube] [jsc] Remote components challenge solver script (deno) and NPM package (deno) were skipped. These may be required to solve JS challenges. You can enable these downloads with  --remote-components ejs:github  (recommended) or  --remote-components ejs:npm , respectively. For more information and alternatives, refer to  https://github.com/yt-dlp/yt-dlp/wiki/EJS
WARNING: [youtube] gy7f0Ccrdkc: n challenge solving failed: Some formats may be missing. Ensure you have a supported JavaScript runtime and challenge solver script distribution installed. Review any warnings presented before this message. For more details, refer to  https://github.com/yt-dlp/yt-dlp/wiki/EJS
WARNING: The extractor specified to use impersonation for this download, but no impersonate target is available. If you encounter errors, then see  https://github.com/yt-dlp/yt-dlp#impersonation  for information on installing the required dependencies
WARNING: [youtube] YouTube said: ERROR - Precondition check failed.
WARNING: [youtube] HTTP Error 400: Bad Request. Retrying (1/3)...
WARNING: [youtube] YouTube said: ERROR - Precondition check failed.
WARNING: [youtube] HTTP Error 400: Bad Request. Retrying (2/3)...
WARNING: [youtube] YouTube said: ERROR - Precondition check failed.
WARNING: [youtube] HTTP Error 400: Bad Request. Retrying (3/3)...
WARNING: [youtube] YouTube said: ERROR - Precondition check failed.
WARNING: [youtube] Unable to download API page: HTTP Error 400: Bad Request (caused by <HTTPError 400: Bad Request>)
WARNING: [youtube] [jsc] Remote components challenge solver script (deno) and NPM package (deno) were skipped. These may be required to solve JS challenges. You can enable these downloads with  --remote-components ejs:github  (recommended) or  --remote-components ejs:npm , respectively. For more information and alternatives, refer to  https://github.com/yt-dlp/yt-dlp/wiki/EJS
WARNING: [youtube] Hju7XpwEDVw: n challenge solving failed: Some formats may be missing. Ensure you have a supported JavaScript runtime and challenge solver script distribution installed. Review any warnings presented before this message. For more details, refer to  https://github.com/yt-dlp/yt-dlp/wiki/EJS
WARNING: The extractor specified to use impersonation for this download, but no impersonate target is available. If you encounter errors, then see  https://github.com/yt-dlp/yt-dlp#impersonation  for information on installing the required dependencies
WARNING: [youtube] YouTube said: ERROR - Precondition check failed.
WARNING: [youtube] HTTP Error 400: Bad Request. Retrying (1/3)...
WARNING: [youtube] YouTube said: ERROR - Precondition check failed.
WARNING: [youtube] HTTP Error 400: Bad Request. Retrying (2/3)...
WARNING: [youtube] YouTube said: ERROR - Precondition check failed.
WARNING: [youtube] HTTP Error 400: Bad Request. Retrying (3/3)...
WARNING: [youtube] YouTube said: ERROR - Precondition check failed.
WARNING: [youtube] Unable to download API page: HTTP Error 400: Bad Request (caused by <HTTPError 400: Bad Request>)
ERROR: [youtube] elURhn8--sw: Join this channel to get access to members-only content like this video, and other exclusive perks.
WARNING: [youtube] YouTube said: ERROR - Precondition check failed.
WARNING: [youtube] HTTP Error 400: Bad Request. Retrying (1/3)...
WARNING: [youtube] YouTube said: ERROR - Precondition check failed.
WARNING: [youtube] HTTP Error 400: Bad Request. Retrying (2/3)...
WARNING: [youtube] YouTube said: ERROR - Precondition check failed.
WARNING: [youtube] HTTP Error 400: Bad Request. Retrying (3/3)...
WARNING: [youtube] YouTube said: ERROR - Precondition check failed.
WARNING: [youtube] Unable to download API page: HTTP Error 400: Bad Request (caused by <HTTPError 400: Bad Request>)
WARNING: [youtube] [jsc] Remote components challenge solver script (deno) and NPM package (deno) were skipped. These may be required to solve JS challenges. You can enable these downloads with  --remote-components ejs:github  (recommended) or  --remote-components ejs:npm , respectively. For more information and alternatives, refer to  https://github.com/yt-dlp/yt-dlp/wiki/EJS
WARNING: [youtube] nifbGWIM8fI: n challenge solving failed: Some formats may be missing. Ensure you have a supported JavaScript runtime and challenge solver script distribution installed. Review any warnings presented before this message. For more details, refer to  https://github.com/yt-dlp/yt-dlp/wiki/EJS
WARNING: [youtube] YouTube said: ERROR - Precondition check failed.
WARNING: [youtube] HTTP Error 400: Bad Request. Retrying (1/3)...
WARNING: [youtube] YouTube said: ERROR - Precondition check failed.
WARNING: [youtube] HTTP Error 400: Bad Request. Retrying (2/3)...
WARNING: [youtube] YouTube said: ERROR - Precondition check failed.
WARNING: [youtube] HTTP Error 400: Bad Request. Retrying (3/3)...
WARNING: [youtube] YouTube said: ERROR - Precondition check failed.
WARNING: [youtube] Unable to download API page: HTTP Error 400: Bad Request (caused by <HTTPError 400: Bad Request>)
WARNING: [youtube] [jsc] Remote components challenge solver script (deno) and NPM package (deno) were skipped. These may be required to solve JS challenges. You can enable these downloads with  --remote-components ejs:github  (recommended) or  --remote-components ejs:npm , respectively. For more information and alternatives, refer to  https://github.com/yt-dlp/yt-dlp/wiki/EJS
WARNING: [youtube] 7fXXPLJDhaE: n challenge solving failed: Some formats may be missing. Ensure you have a supported JavaScript runtime and challenge solver script distribution installed. Review any warnings presented before this message. For more details, refer to  https://github.com/yt-dlp/yt-dlp/wiki/EJS
WARNING: The extractor specified to use impersonation for this download, but no impersonate target is available. If you encounter errors, then see  https://github.com/yt-dlp/yt-dlp#impersonation  for information on installing the required dependencies
WARNING: The extractor specified to use impersonation for this download, but no impersonate target is available. If you encounter errors, then see  https://github.com/yt-dlp/yt-dlp#impersonation  for information on installing the required dependencies
WARNING: [youtube] YouTube said: ERROR - Precondition check failed.
WARNING: [youtube] HTTP Error 400: Bad Request. Retrying (1/3)...
WARNING: [youtube] YouTube said: ERROR - Precondition check failed.
WARNING: [youtube] HTTP Error 400: Bad Request. Retrying (2/3)...
WARNING: [youtube] YouTube said: ERROR - Precondition check failed.
WARNING: [youtube] HTTP Error 400: Bad Request. Retrying (3/3)...
WARNING: [youtube] YouTube said: ERROR - Precondition check failed.
WARNING: [youtube] Unable to download API page: HTTP Error 400: Bad Request (caused by <HTTPError 400: Bad Request>)
WARNING: [youtube] [jsc] Remote components challenge solver script (deno) and NPM package (deno) were skipped. These may be required to solve JS challenges. You can enable these downloads with  --remote-components ejs:github  (recommended) or  --remote-components ejs:npm , respectively. For more information and alternatives, refer to  https://github.com/yt-dlp/yt-dlp/wiki/EJS
WARNING: [youtube] 3XanKjIRyZk: n challenge solving failed: Some formats may be missing. Ensure you have a supported JavaScript runtime and challenge solver script distribution installed. Review any warnings presented before this message. For more details, refer to  https://github.com/yt-dlp/yt-dlp/wiki/EJS
WARNING: [youtube] YouTube said: ERROR - Precondition check failed.
WARNING: [youtube] HTTP Error 400: Bad Request. Retrying (1/3)...
WARNING: [youtube] YouTube said: ERROR - Precondition check failed.
WARNING: [youtube] HTTP Error 400: Bad Request. Retrying (2/3)...
WARNING: [youtube] YouTube said: ERROR - Precondition check failed.
WARNING: [youtube] HTTP Error 400: Bad Request. Retrying (3/3)...
WARNING: [youtube] YouTube said: ERROR - Precondition check failed.
WARNING: [youtube] Unable to download API page: HTTP Error 400: Bad Request (caused by <HTTPError 400: Bad Request>)
WARNING: [youtube] [jsc] Remote components challenge solver script (deno) and NPM package (deno) were skipped. These may be required to solve JS challenges. You can enable these downloads with  --remote-components ejs:github  (recommended) or  --remote-components ejs:npm , respectively. For more information and alternatives, refer to  https://github.com/yt-dlp/yt-dlp/wiki/EJS
WARNING: [youtube] u5OD28jM3-A: n challenge solving failed: Some formats may be missing. Ensure you have a supported JavaScript runtime and challenge solver script distribution installed. Review any warnings presented before this message. For more details, refer to  https://github.com/yt-dlp/yt-dlp/wiki/EJS
WARNING: The extractor specified to use impersonation for this download, but no impersonate target is available. If you encounter errors, then see  https://github.com/yt-dlp/yt-dlp#impersonation  for information on installing the required dependencies
WARNING: [youtube] YouTube said: ERROR - Precondition check failed.
WARNING: [youtube] HTTP Error 400: Bad Request. Retrying (1/3)...
WARNING: [youtube] YouTube said: ERROR - Precondition check failed.
WARNING: [youtube] HTTP Error 400: Bad Request. Retrying (2/3)...
WARNING: [youtube] YouTube said: ERROR - Precondition check failed.
WARNING: [youtube] HTTP Error 400: Bad Request. Retrying (3/3)...
WARNING: [youtube] YouTube said: ERROR - Precondition check failed.
WARNING: [youtube] Unable to download API page: HTTP Error 400: Bad Request (caused by <HTTPError 400: Bad Request>)
WARNING: [youtube] [jsc] Remote components challenge solver script (deno) and NPM package (deno) were skipped. These may be required to solve JS challenges. You can enable these downloads with  --remote-components ejs:github  (recommended) or  --remote-components ejs:npm , respectively. For more information and alternatives, refer to  https://github.com/yt-dlp/yt-dlp/wiki/EJS
WARNING: [youtube] BIRBAIqwLg8: n challenge solving failed: Some formats may be missing. Ensure you have a supported JavaScript runtime and challenge solver script distribution installed. Review any warnings presented before this message. For more details, refer to  https://github.com/yt-dlp/yt-dlp/wiki/EJS
WARNING: The extractor specified to use impersonation for this download, but no impersonate target is available. If you encounter errors, then see  https://github.com/yt-dlp/yt-dlp#impersonation  for information on installing the required dependencies
WARNING: [youtube] YouTube said: ERROR - Precondition check failed.
WARNING: [youtube] HTTP Error 400: Bad Request. Retrying (1/3)...
WARNING: [youtube] YouTube said: ERROR - Precondition check failed.
WARNING: [youtube] HTTP Error 400: Bad Request. Retrying (2/3)...
WARNING: [youtube] YouTube said: ERROR - Precondition check failed.
WARNING: [youtube] HTTP Error 400: Bad Request. Retrying (3/3)...
WARNING: [youtube] YouTube said: ERROR - Precondition check failed.
WARNING: [youtube] Unable to download API page: HTTP Error 400: Bad Request (caused by <HTTPError 400: Bad Request>)
WARNING: [youtube] [jsc] Remote components challenge solver script (deno) and NPM package (deno) were skipped. These may be required to solve JS challenges. You can enable these downloads with  --remote-components ejs:github  (recommended) or  --remote-components ejs:npm , respectively. For more information and alternatives, refer to  https://github.com/yt-dlp/yt-dlp/wiki/EJS
WARNING: [youtube] PrfAGo29trI: n challenge solving failed: Some formats may be missing. Ensure you have a supported JavaScript runtime and challenge solver script distribution installed. Review any warnings presented before this message. For more details, refer to  https://github.com/yt-dlp/yt-dlp/wiki/EJS
[初日醫學] 完成 (共 36 個字幕)

[泛科學] 抓取中...
WARNING: [youtube] YouTube said: ERROR - Precondition check failed.
WARNING: [youtube] HTTP Error 400: Bad Request. Retrying (1/3)...
WARNING: [youtube] YouTube said: ERROR - Precondition check failed.
WARNING: [youtube] HTTP Error 400: Bad Request. Retrying (2/3)...
WARNING: [youtube] YouTube said: ERROR - Precondition check failed.
WARNING: [youtube] HTTP Error 400: Bad Request. Retrying (3/3)...
WARNING: [youtube] YouTube said: ERROR - Precondition check failed.
WARNING: [youtube] Unable to download API page: HTTP Error 400: Bad Request (caused by <HTTPError 400: Bad Request>)
WARNING: [youtube] [jsc] Remote components challenge solver script (deno) and NPM package (deno) were skipped. These may be required to solve JS challenges. You can enable these downloads with  --remote-components ejs:github  (recommended) or  --remote-components ejs:npm , respectively. For more information and alternatives, refer to  https://github.com/yt-dlp/yt-dlp/wiki/EJS
WARNING: [youtube] CrgDc5244-s: n challenge solving failed: Some formats may be missing. Ensure you have a supported JavaScript runtime and challenge solver script distribution installed. Review any warnings presented before this message. For more details, refer to  https://github.com/yt-dlp/yt-dlp/wiki/EJS
WARNING: [youtube] YouTube said: ERROR - Precondition check failed.
WARNING: [youtube] HTTP Error 400: Bad Request. Retrying (1/3)...
WARNING: [youtube] YouTube said: ERROR - Precondition check failed.
WARNING: [youtube] HTTP Error 400: Bad Request. Retrying (2/3)...
WARNING: [youtube] YouTube said: ERROR - Precondition check failed.
WARNING: [youtube] HTTP Error 400: Bad Request. Retrying (3/3)...
WARNING: [youtube] YouTube said: ERROR - Precondition check failed.
WARNING: [youtube] Unable to download API page: HTTP Error 400: Bad Request (caused by <HTTPError 400: Bad Request>)
WARNING: [youtube] [jsc] Remote components challenge solver script (deno) and NPM package (deno) were skipped. These may be required to solve JS challenges. You can enable these downloads with  --remote-components ejs:github  (recommended) or  --remote-components ejs:npm , respectively. For more information and alternatives, refer to  https://github.com/yt-dlp/yt-dlp/wiki/EJS
WARNING: [youtube] 6_bxpEIQTwQ: n challenge solving failed: Some formats may be missing. Ensure you have a supported JavaScript runtime and challenge solver script distribution installed. Review any warnings presented before this message. For more details, refer to  https://github.com/yt-dlp/yt-dlp/wiki/EJS
WARNING: [youtube] YouTube said: ERROR - Precondition check failed.
WARNING: [youtube] HTTP Error 400: Bad Request. Retrying (1/3)...
WARNING: [youtube] YouTube said: ERROR - Precondition check failed.
WARNING: [youtube] HTTP Error 400: Bad Request. Retrying (2/3)...
WARNING: [youtube] YouTube said: ERROR - Precondition check failed.
WARNING: [youtube] HTTP Error 400: Bad Request. Retrying (3/3)...
WARNING: [youtube] YouTube said: ERROR - Precondition check failed.
WARNING: [youtube] Unable to download API page: HTTP Error 400: Bad Request (caused by <HTTPError 400: Bad Request>)
WARNING: [youtube] [jsc] Remote components challenge solver script (deno) and NPM package (deno) were skipped. These may be required to solve JS challenges. You can enable these downloads with  --remote-components ejs:github  (recommended) or  --remote-components ejs:npm , respectively. For more information and alternatives, refer to  https://github.com/yt-dlp/yt-dlp/wiki/EJS
WARNING: [youtube] YOBq5qUmF-k: n challenge solving failed: Some formats may be missing. Ensure you have a supported JavaScript runtime and challenge solver script distribution installed. Review any warnings presented before this message. For more details, refer to  https://github.com/yt-dlp/yt-dlp/wiki/EJS
WARNING: [youtube] YouTube said: ERROR - Precondition check failed.
WARNING: [youtube] HTTP Error 400: Bad Request. Retrying (1/3)...
WARNING: [youtube] YouTube said: ERROR - Precondition check failed.
WARNING: [youtube] HTTP Error 400: Bad Request. Retrying (2/3)...
WARNING: [youtube] YouTube said: ERROR - Precondition check failed.
WARNING: [youtube] HTTP Error 400: Bad Request. Retrying (3/3)...
WARNING: [youtube] YouTube said: ERROR - Precondition check failed.
WARNING: [youtube] Unable to download API page: HTTP Error 400: Bad Request (caused by <HTTPError 400: Bad Request>)
WARNING: [youtube] [jsc] Remote components challenge solver script (deno) and NPM package (deno) were skipped. These may be required to solve JS challenges. You can enable these downloads with  --remote-components ejs:github  (recommended) or  --remote-components ejs:npm , respectively. For more information and alternatives, refer to  https://github.com/yt-dlp/yt-dlp/wiki/EJS
WARNING: [youtube] mPPJTkX7UaQ: n challenge solving failed: Some formats may be missing. Ensure you have a supported JavaScript runtime and challenge solver script distribution installed. Review any warnings presented before this message. For more details, refer to  https://github.com/yt-dlp/yt-dlp/wiki/EJS
WARNING: [youtube] YouTube said: ERROR - Precondition check failed.
WARNING: [youtube] HTTP Error 400: Bad Request. Retrying (1/3)...
WARNING: [youtube] YouTube said: ERROR - Precondition check failed.
WARNING: [youtube] HTTP Error 400: Bad Request. Retrying (2/3)...
WARNING: [youtube] YouTube said: ERROR - Precondition check failed.
WARNING: [youtube] HTTP Error 400: Bad Request. Retrying (3/3)...
WARNING: [youtube] YouTube said: ERROR - Precondition check failed.
WARNING: [youtube] Unable to download API page: HTTP Error 400: Bad Request (caused by <HTTPError 400: Bad Request>)
WARNING: [youtube] [jsc] Remote components challenge solver script (deno) and NPM package (deno) were skipped. These may be required to solve JS challenges. You can enable these downloads with  --remote-components ejs:github  (recommended) or  --remote-components ejs:npm , respectively. For more information and alternatives, refer to  https://github.com/yt-dlp/yt-dlp/wiki/EJS
WARNING: [youtube] lnaqpPdVNOQ: n challenge solving failed: Some formats may be missing. Ensure you have a supported JavaScript runtime and challenge solver script distribution installed. Review any warnings presented before this message. For more details, refer to  https://github.com/yt-dlp/yt-dlp/wiki/EJS
WARNING: [youtube] YouTube said: ERROR - Precondition check failed.
WARNING: [youtube] HTTP Error 400: Bad Request. Retrying (1/3)...
WARNING: [youtube] YouTube said: ERROR - Precondition check failed.
WARNING: [youtube] HTTP Error 400: Bad Request. Retrying (2/3)...
WARNING: [youtube] YouTube said: ERROR - Precondition check failed.
WARNING: [youtube] HTTP Error 400: Bad Request. Retrying (3/3)...
WARNING: [youtube] YouTube said: ERROR - Precondition check failed.
WARNING: [youtube] Unable to download API page: HTTP Error 400: Bad Request (caused by <HTTPError 400: Bad Request>)
WARNING: [youtube] [jsc] Remote components challenge solver script (deno) and NPM package (deno) were skipped. These may be required to solve JS challenges. You can enable these downloads with  --remote-components ejs:github  (recommended) or  --remote-components ejs:npm , respectively. For more information and alternatives, refer to  https://github.com/yt-dlp/yt-dlp/wiki/EJS
WARNING: [youtube] cteNj_z-WQY: n challenge solving failed: Some formats may be missing. Ensure you have a supported JavaScript runtime and challenge solver script distribution installed. Review any warnings presented before this message. For more details, refer to  https://github.com/yt-dlp/yt-dlp/wiki/EJS
WARNING: [youtube] YouTube said: ERROR - Precondition check failed.
WARNING: [youtube] HTTP Error 400: Bad Request. Retrying (1/3)...
WARNING: [youtube] YouTube said: ERROR - Precondition check failed.
WARNING: [youtube] HTTP Error 400: Bad Request. Retrying (2/3)...
WARNING: [youtube] YouTube said: ERROR - Precondition check failed.
WARNING: [youtube] HTTP Error 400: Bad Request. Retrying (3/3)...
WARNING: [youtube] YouTube said: ERROR - Precondition check failed.
WARNING: [youtube] Unable to download API page: HTTP Error 400: Bad Request (caused by <HTTPError 400: Bad Request>)
WARNING: [youtube] [jsc] Remote components challenge solver script (deno) and NPM package (deno) were skipped. These may be required to solve JS challenges. You can enable these downloads with  --remote-components ejs:github  (recommended) or  --remote-components ejs:npm , respectively. For more information and alternatives, refer to  https://github.com/yt-dlp/yt-dlp/wiki/EJS
WARNING: [youtube] N0Y7N0CRUWc: n challenge solving failed: Some formats may be missing. Ensure you have a supported JavaScript runtime and challenge solver script distribution installed. Review any warnings presented before this message. For more details, refer to  https://github.com/yt-dlp/yt-dlp/wiki/EJS
WARNING: [youtube] YouTube said: ERROR - Precondition check failed.
WARNING: [youtube] HTTP Error 400: Bad Request. Retrying (1/3)...
WARNING: [youtube] YouTube said: ERROR - Precondition check failed.
WARNING: [youtube] HTTP Error 400: Bad Request. Retrying (2/3)...
WARNING: [youtube] YouTube said: ERROR - Precondition check failed.
WARNING: [youtube] HTTP Error 400: Bad Request. Retrying (3/3)...
WARNING: [youtube] YouTube said: ERROR - Precondition check failed.
WARNING: [youtube] Unable to download API page: HTTP Error 400: Bad Request (caused by <HTTPError 400: Bad Request>)
WARNING: [youtube] [jsc] Remote components challenge solver script (deno) and NPM package (deno) were skipped. These may be required to solve JS challenges. You can enable these downloads with  --remote-components ejs:github  (recommended) or  --remote-components ejs:npm , respectively. For more information and alternatives, refer to  https://github.com/yt-dlp/yt-dlp/wiki/EJS
WARNING: [youtube] tSccNXr2DkQ: n challenge solving failed: Some formats may be missing. Ensure you have a supported JavaScript runtime and challenge solver script distribution installed. Review any warnings presented before this message. For more details, refer to  https://github.com/yt-dlp/yt-dlp/wiki/EJS
WARNING: [youtube] YouTube said: ERROR - Precondition check failed.
WARNING: [youtube] HTTP Error 400: Bad Request. Retrying (1/3)...
WARNING: [youtube] YouTube said: ERROR - Precondition check failed.
WARNING: [youtube] HTTP Error 400: Bad Request. Retrying (2/3)...
WARNING: [youtube] YouTube said: ERROR - Precondition check failed.
WARNING: [youtube] HTTP Error 400: Bad Request. Retrying (3/3)...
WARNING: [youtube] YouTube said: ERROR - Precondition check failed.
WARNING: [youtube] Unable to download API page: HTTP Error 400: Bad Request (caused by <HTTPError 400: Bad Request>)
WARNING: [youtube] [jsc] Remote components challenge solver script (deno) and NPM package (deno) were skipped. These may be required to solve JS challenges. You can enable these downloads with  --remote-components ejs:github  (recommended) or  --remote-components ejs:npm , respectively. For more information and alternatives, refer to  https://github.com/yt-dlp/yt-dlp/wiki/EJS
WARNING: [youtube] qVdhaKkI6Zo: n challenge solving failed: Some formats may be missing. Ensure you have a supported JavaScript runtime and challenge solver script distribution installed. Review any warnings presented before this message. For more details, refer to  https://github.com/yt-dlp/yt-dlp/wiki/EJS
WARNING: [youtube] YouTube said: ERROR - Precondition check failed.
WARNING: [youtube] HTTP Error 400: Bad Request. Retrying (1/3)...
WARNING: [youtube] YouTube said: ERROR - Precondition check failed.
WARNING: [youtube] HTTP Error 400: Bad Request. Retrying (2/3)...
WARNING: [youtube] YouTube said: ERROR - Precondition check failed.
WARNING: [youtube] HTTP Error 400: Bad Request. Retrying (3/3)...
WARNING: [youtube] YouTube said: ERROR - Precondition check failed.
WARNING: [youtube] Unable to download API page: HTTP Error 400: Bad Request (caused by <HTTPError 400: Bad Request>)
WARNING: [youtube] [jsc] Remote components challenge solver script (deno) and NPM package (deno) were skipped. These may be required to solve JS challenges. You can enable these downloads with  --remote-components ejs:github  (recommended) or  --remote-components ejs:npm , respectively. For more information and alternatives, refer to  https://github.com/yt-dlp/yt-dlp/wiki/EJS
WARNING: [youtube] o775YXbxq-k: n challenge solving failed: Some formats may be missing. Ensure you have a supported JavaScript runtime and challenge solver script distribution installed. Review any warnings presented before this message. For more details, refer to  https://github.com/yt-dlp/yt-dlp/wiki/EJS
WARNING: [youtube] YouTube said: ERROR - Precondition check failed.
WARNING: [youtube] HTTP Error 400: Bad Request. Retrying (1/3)...
WARNING: [youtube] YouTube said: ERROR - Precondition check failed.
WARNING: [youtube] HTTP Error 400: Bad Request. Retrying (2/3)...
WARNING: [youtube] YouTube said: ERROR - Precondition check failed.
WARNING: [youtube] HTTP Error 400: Bad Request. Retrying (3/3)...
WARNING: [youtube] YouTube said: ERROR - Precondition check failed.
WARNING: [youtube] Unable to download API page: HTTP Error 400: Bad Request (caused by <HTTPError 400: Bad Request>)
WARNING: [youtube] [jsc] Remote components challenge solver script (deno) and NPM package (deno) were skipped. These may be required to solve JS challenges. You can enable these downloads with  --remote-components ejs:github  (recommended) or  --remote-components ejs:npm , respectively. For more information and alternatives, refer to  https://github.com/yt-dlp/yt-dlp/wiki/EJS
WARNING: [youtube] x__seBgp4HE: n challenge solving failed: Some formats may be missing. Ensure you have a supported JavaScript runtime and challenge solver script distribution installed. Review any warnings presented before this message. For more details, refer to  https://github.com/yt-dlp/yt-dlp/wiki/EJS
WARNING: [youtube] YouTube said: ERROR - Precondition check failed.
WARNING: [youtube] HTTP Error 400: Bad Request. Retrying (1/3)...
WARNING: [youtube] YouTube said: ERROR - Precondition check failed.
WARNING: [youtube] HTTP Error 400: Bad Request. Retrying (2/3)...
WARNING: [youtube] YouTube said: ERROR - Precondition check failed.
WARNING: [youtube] HTTP Error 400: Bad Request. Retrying (3/3)...
WARNING: [youtube] YouTube said: ERROR - Precondition check failed.
WARNING: [youtube] Unable to download API page: HTTP Error 400: Bad Request (caused by <HTTPError 400: Bad Request>)
WARNING: [youtube] [jsc] Remote components challenge solver script (deno) and NPM package (deno) were skipped. These may be required to solve JS challenges. You can enable these downloads with  --remote-components ejs:github  (recommended) or  --remote-components ejs:npm , respectively. For more information and alternatives, refer to  https://github.com/yt-dlp/yt-dlp/wiki/EJS
WARNING: [youtube] anmBy2BOAaY: n challenge solving failed: Some formats may be missing. Ensure you have a supported JavaScript runtime and challenge solver script distribution installed. Review any warnings presented before this message. For more details, refer to  https://github.com/yt-dlp/yt-dlp/wiki/EJS
WARNING: [youtube] YouTube said: ERROR - Precondition check failed.
WARNING: [youtube] HTTP Error 400: Bad Request. Retrying (1/3)...
WARNING: [youtube] YouTube said: ERROR - Precondition check failed.
WARNING: [youtube] HTTP Error 400: Bad Request. Retrying (2/3)...
WARNING: [youtube] YouTube said: ERROR - Precondition check failed.
WARNING: [youtube] HTTP Error 400: Bad Request. Retrying (3/3)...
WARNING: [youtube] YouTube said: ERROR - Precondition check failed.
WARNING: [youtube] Unable to download API page: HTTP Error 400: Bad Request (caused by <HTTPError 400: Bad Request>)
WARNING: [youtube] [jsc] Remote components challenge solver script (deno) and NPM package (deno) were skipped. These may be required to solve JS challenges. You can enable these downloads with  --remote-components ejs:github  (recommended) or  --remote-components ejs:npm , respectively. For more information and alternatives, refer to  https://github.com/yt-dlp/yt-dlp/wiki/EJS
WARNING: [youtube] Df2ckTGkKKI: n challenge solving failed: Some formats may be missing. Ensure you have a supported JavaScript runtime and challenge solver script distribution installed. Review any warnings presented before this message. For more details, refer to  https://github.com/yt-dlp/yt-dlp/wiki/EJS
WARNING: [youtube] YouTube said: ERROR - Precondition check failed.
WARNING: [youtube] HTTP Error 400: Bad Request. Retrying (1/3)...
WARNING: [youtube] YouTube said: ERROR - Precondition check failed.
WARNING: [youtube] HTTP Error 400: Bad Request. Retrying (2/3)...
WARNING: [youtube] YouTube said: ERROR - Precondition check failed.
WARNING: [youtube] HTTP Error 400: Bad Request. Retrying (3/3)...
WARNING: [youtube] YouTube said: ERROR - Precondition check failed.
WARNING: [youtube] Unable to download API page: HTTP Error 400: Bad Request (caused by <HTTPError 400: Bad Request>)
WARNING: [youtube] [jsc] Remote components challenge solver script (deno) and NPM package (deno) were skipped. These may be required to solve JS challenges. You can enable these downloads with  --remote-components ejs:github  (recommended) or  --remote-components ejs:npm , respectively. For more information and alternatives, refer to  https://github.com/yt-dlp/yt-dlp/wiki/EJS
WARNING: [youtube] ECn_dlgkR1g: n challenge solving failed: Some formats may be missing. Ensure you have a supported JavaScript runtime and challenge solver script distribution installed. Review any warnings presented before this message. For more details, refer to  https://github.com/yt-dlp/yt-dlp/wiki/EJS
WARNING: [youtube] YouTube said: ERROR - Precondition check failed.
WARNING: [youtube] HTTP Error 400: Bad Request. Retrying (1/3)...
WARNING: [youtube] YouTube said: ERROR - Precondition check failed.
WARNING: [youtube] HTTP Error 400: Bad Request. Retrying (2/3)...
WARNING: [youtube] YouTube said: ERROR - Precondition check failed.
WARNING: [youtube] HTTP Error 400: Bad Request. Retrying (3/3)...
WARNING: [youtube] YouTube said: ERROR - Precondition check failed.
WARNING: [youtube] Unable to download API page: HTTP Error 400: Bad Request (caused by <HTTPError 400: Bad Request>)
WARNING: [youtube] [jsc] Remote components challenge solver script (deno) and NPM package (deno) were skipped. These may be required to solve JS challenges. You can enable these downloads with  --remote-components ejs:github  (recommended) or  --remote-components ejs:npm , respectively. For more information and alternatives, refer to  https://github.com/yt-dlp/yt-dlp/wiki/EJS
WARNING: [youtube] FylyA1Bqmo4: n challenge solving failed: Some formats may be missing. Ensure you have a supported JavaScript runtime and challenge solver script distribution installed. Review any warnings presented before this message. For more details, refer to  https://github.com/yt-dlp/yt-dlp/wiki/EJS
WARNING: [youtube] YouTube said: ERROR - Precondition check failed.
WARNING: [youtube] HTTP Error 400: Bad Request. Retrying (1/3)...
WARNING: [youtube] YouTube said: ERROR - Precondition check failed.
WARNING: [youtube] HTTP Error 400: Bad Request. Retrying (2/3)...
WARNING: [youtube] YouTube said: ERROR - Precondition check failed.
WARNING: [youtube] HTTP Error 400: Bad Request. Retrying (3/3)...
WARNING: [youtube] YouTube said: ERROR - Precondition check failed.
WARNING: [youtube] Unable to download API page: HTTP Error 400: Bad Request (caused by <HTTPError 400: Bad Request>)
WARNING: [youtube] [jsc] Remote components challenge solver script (deno) and NPM package (deno) were skipped. These may be required to solve JS challenges. You can enable these downloads with  --remote-components ejs:github  (recommended) or  --remote-components ejs:npm , respectively. For more information and alternatives, refer to  https://github.com/yt-dlp/yt-dlp/wiki/EJS
WARNING: [youtube] 3nYpuDaDsho: n challenge solving failed: Some formats may be missing. Ensure you have a supported JavaScript runtime and challenge solver script distribution installed. Review any warnings presented before this message. For more details, refer to  https://github.com/yt-dlp/yt-dlp/wiki/EJS
WARNING: [youtube] YouTube said: ERROR - Precondition check failed.
WARNING: [youtube] HTTP Error 400: Bad Request. Retrying (1/3)...
WARNING: [youtube] YouTube said: ERROR - Precondition check failed.
WARNING: [youtube] HTTP Error 400: Bad Request. Retrying (2/3)...
WARNING: [youtube] YouTube said: ERROR - Precondition check failed.
WARNING: [youtube] HTTP Error 400: Bad Request. Retrying (3/3)...
WARNING: [youtube] YouTube said: ERROR - Precondition check failed.
WARNING: [youtube] Unable to download API page: HTTP Error 400: Bad Request (caused by <HTTPError 400: Bad Request>)
WARNING: [youtube] [jsc] Remote components challenge solver script (deno) and NPM package (deno) were skipped. These may be required to solve JS challenges. You can enable these downloads with  --remote-components ejs:github  (recommended) or  --remote-components ejs:npm , respectively. For more information and alternatives, refer to  https://github.com/yt-dlp/yt-dlp/wiki/EJS
WARNING: [youtube] Mx-tqr42e2Q: n challenge solving failed: Some formats may be missing. Ensure you have a supported JavaScript runtime and challenge solver script distribution installed. Review any warnings presented before this message. For more details, refer to  https://github.com/yt-dlp/yt-dlp/wiki/EJS
WARNING: [youtube] YouTube said: ERROR - Precondition check failed.
WARNING: [youtube] HTTP Error 400: Bad Request. Retrying (1/3)...
WARNING: [youtube] YouTube said: ERROR - Precondition check failed.
WARNING: [youtube] HTTP Error 400: Bad Request. Retrying (2/3)...
WARNING: [youtube] YouTube said: ERROR - Precondition check failed.
WARNING: [youtube] HTTP Error 400: Bad Request. Retrying (3/3)...
WARNING: [youtube] YouTube said: ERROR - Precondition check failed.
WARNING: [youtube] Unable to download API page: HTTP Error 400: Bad Request (caused by <HTTPError 400: Bad Request>)
WARNING: [youtube] [jsc] Remote components challenge solver script (deno) and NPM package (deno) were skipped. These may be required to solve JS challenges. You can enable these downloads with  --remote-components ejs:github  (recommended) or  --remote-components ejs:npm , respectively. For more information and alternatives, refer to  https://github.com/yt-dlp/yt-dlp/wiki/EJS
WARNING: [youtube] B63SrPWDgf8: n challenge solving failed: Some formats may be missing. Ensure you have a supported JavaScript runtime and challenge solver script distribution installed. Review any warnings presented before this message. For more details, refer to  https://github.com/yt-dlp/yt-dlp/wiki/EJS
WARNING: [youtube] YouTube said: ERROR - Precondition check failed.
WARNING: [youtube] HTTP Error 400: Bad Request. Retrying (1/3)...
WARNING: [youtube] YouTube said: ERROR - Precondition check failed.
WARNING: [youtube] HTTP Error 400: Bad Request. Retrying (2/3)...
WARNING: [youtube] YouTube said: ERROR - Precondition check failed.
WARNING: [youtube] HTTP Error 400: Bad Request. Retrying (3/3)...
WARNING: [youtube] YouTube said: ERROR - Precondition check failed.
WARNING: [youtube] Unable to download API page: HTTP Error 400: Bad Request (caused by <HTTPError 400: Bad Request>)
WARNING: [youtube] [jsc] Remote components challenge solver script (deno) and NPM package (deno) were skipped. These may be required to solve JS challenges. You can enable these downloads with  --remote-components ejs:github  (recommended) or  --remote-components ejs:npm , respectively. For more information and alternatives, refer to  https://github.com/yt-dlp/yt-dlp/wiki/EJS
WARNING: [youtube] iphfKLMfaKE: n challenge solving failed: Some formats may be missing. Ensure you have a supported JavaScript runtime and challenge solver script distribution installed. Review any warnings presented before this message. For more details, refer to  https://github.com/yt-dlp/yt-dlp/wiki/EJS
WARNING: [youtube] YouTube said: ERROR - Precondition check failed.
WARNING: [youtube] HTTP Error 400: Bad Request. Retrying (1/3)...
WARNING: [youtube] YouTube said: ERROR - Precondition check failed.
WARNING: [youtube] HTTP Error 400: Bad Request. Retrying (2/3)...
WARNING: [youtube] YouTube said: ERROR - Precondition check failed.
WARNING: [youtube] HTTP Error 400: Bad Request. Retrying (3/3)...
WARNING: [youtube] YouTube said: ERROR - Precondition check failed.
WARNING: [youtube] Unable to download API page: HTTP Error 400: Bad Request (caused by <HTTPError 400: Bad Request>)
WARNING: [youtube] [jsc] Remote components challenge solver script (deno) and NPM package (deno) were skipped. These may be required to solve JS challenges. You can enable these downloads with  --remote-components ejs:github  (recommended) or  --remote-components ejs:npm , respectively. For more information and alternatives, refer to  https://github.com/yt-dlp/yt-dlp/wiki/EJS
WARNING: [youtube] llXSPvuH2FM: n challenge solving failed: Some formats may be missing. Ensure you have a supported JavaScript runtime and challenge solver script distribution installed. Review any warnings presented before this message. For more details, refer to  https://github.com/yt-dlp/yt-dlp/wiki/EJS
WARNING: [youtube] YouTube said: ERROR - Precondition check failed.
WARNING: [youtube] HTTP Error 400: Bad Request. Retrying (1/3)...
WARNING: [youtube] YouTube said: ERROR - Precondition check failed.
WARNING: [youtube] HTTP Error 400: Bad Request. Retrying (2/3)...
WARNING: [youtube] YouTube said: ERROR - Precondition check failed.
WARNING: [youtube] HTTP Error 400: Bad Request. Retrying (3/3)...
WARNING: [youtube] YouTube said: ERROR - Precondition check failed.
WARNING: [youtube] Unable to download API page: HTTP Error 400: Bad Request (caused by <HTTPError 400: Bad Request>)
WARNING: [youtube] [jsc] Remote components challenge solver script (deno) and NPM package (deno) were skipped. These may be required to solve JS challenges. You can enable these downloads with  --remote-components ejs:github  (recommended) or  --remote-components ejs:npm , respectively. For more information and alternatives, refer to  https://github.com/yt-dlp/yt-dlp/wiki/EJS
WARNING: [youtube] ZlAuFY7Ys9I: n challenge solving failed: Some formats may be missing. Ensure you have a supported JavaScript runtime and challenge solver script distribution installed. Review any warnings presented before this message. For more details, refer to  https://github.com/yt-dlp/yt-dlp/wiki/EJS
WARNING: [youtube] YouTube said: ERROR - Precondition check failed.
WARNING: [youtube] HTTP Error 400: Bad Request. Retrying (1/3)...
WARNING: [youtube] YouTube said: ERROR - Precondition check failed.
WARNING: [youtube] HTTP Error 400: Bad Request. Retrying (2/3)...
WARNING: [youtube] YouTube said: ERROR - Precondition check failed.
WARNING: [youtube] HTTP Error 400: Bad Request. Retrying (3/3)...
WARNING: [youtube] YouTube said: ERROR - Precondition check failed.
WARNING: [youtube] Unable to download API page: HTTP Error 400: Bad Request (caused by <HTTPError 400: Bad Request>)
WARNING: [youtube] [jsc] Remote components challenge solver script (deno) and NPM package (deno) were skipped. These may be required to solve JS challenges. You can enable these downloads with  --remote-components ejs:github  (recommended) or  --remote-components ejs:npm , respectively. For more information and alternatives, refer to  https://github.com/yt-dlp/yt-dlp/wiki/EJS
WARNING: [youtube] pNbSbP6UcBg: n challenge solving failed: Some formats may be missing. Ensure you have a supported JavaScript runtime and challenge solver script distribution installed. Review any warnings presented before this message. For more details, refer to  https://github.com/yt-dlp/yt-dlp/wiki/EJS
WARNING: [youtube] YouTube said: ERROR - Precondition check failed.
WARNING: [youtube] HTTP Error 400: Bad Request. Retrying (1/3)...
WARNING: [youtube] YouTube said: ERROR - Precondition check failed.
WARNING: [youtube] HTTP Error 400: Bad Request. Retrying (2/3)...
WARNING: [youtube] YouTube said: ERROR - Precondition check failed.
WARNING: [youtube] HTTP Error 400: Bad Request. Retrying (3/3)...
WARNING: [youtube] YouTube said: ERROR - Precondition check failed.
WARNING: [youtube] Unable to download API page: HTTP Error 400: Bad Request (caused by <HTTPError 400: Bad Request>)
WARNING: [youtube] [jsc] Remote components challenge solver script (deno) and NPM package (deno) were skipped. These may be required to solve JS challenges. You can enable these downloads with  --remote-components ejs:github  (recommended) or  --remote-components ejs:npm , respectively. For more information and alternatives, refer to  https://github.com/yt-dlp/yt-dlp/wiki/EJS
WARNING: [youtube] eg9Lui5zraA: n challenge solving failed: Some formats may be missing. Ensure you have a supported JavaScript runtime and challenge solver script distribution installed. Review any warnings presented before this message. For more details, refer to  https://github.com/yt-dlp/yt-dlp/wiki/EJS
WARNING: [youtube] YouTube said: ERROR - Precondition check failed.
WARNING: [youtube] HTTP Error 400: Bad Request. Retrying (1/3)...
WARNING: [youtube] YouTube said: ERROR - Precondition check failed.
WARNING: [youtube] HTTP Error 400: Bad Request. Retrying (2/3)...
WARNING: [youtube] YouTube said: ERROR - Precondition check failed.
WARNING: [youtube] HTTP Error 400: Bad Request. Retrying (3/3)...
WARNING: [youtube] YouTube said: ERROR - Precondition check failed.
WARNING: [youtube] Unable to download API page: HTTP Error 400: Bad Request (caused by <HTTPError 400: Bad Request>)
WARNING: [youtube] [jsc] Remote components challenge solver script (deno) and NPM package (deno) were skipped. These may be required to solve JS challenges. You can enable these downloads with  --remote-components ejs:github  (recommended) or  --remote-components ejs:npm , respectively. For more information and alternatives, refer to  https://github.com/yt-dlp/yt-dlp/wiki/EJS
WARNING: [youtube] zvaoUrGPZRk: n challenge solving failed: Some formats may be missing. Ensure you have a supported JavaScript runtime and challenge solver script distribution installed. Review any warnings presented before this message. For more details, refer to  https://github.com/yt-dlp/yt-dlp/wiki/EJS
WARNING: [youtube] YouTube said: ERROR - Precondition check failed.
WARNING: [youtube] HTTP Error 400: Bad Request. Retrying (1/3)...
WARNING: [youtube] YouTube said: ERROR - Precondition check failed.
WARNING: [youtube] HTTP Error 400: Bad Request. Retrying (2/3)...
WARNING: [youtube] YouTube said: ERROR - Precondition check failed.
WARNING: [youtube] HTTP Error 400: Bad Request. Retrying (3/3)...
WARNING: [youtube] YouTube said: ERROR - Precondition check failed.
WARNING: [youtube] Unable to download API page: HTTP Error 400: Bad Request (caused by <HTTPError 400: Bad Request>)
WARNING: [youtube] [jsc] Remote components challenge solver script (deno) and NPM package (deno) were skipped. These may be required to solve JS challenges. You can enable these downloads with  --remote-components ejs:github  (recommended) or  --remote-components ejs:npm , respectively. For more information and alternatives, refer to  https://github.com/yt-dlp/yt-dlp/wiki/EJS
WARNING: [youtube] 8A6rPOllPoM: n challenge solving failed: Some formats may be missing. Ensure you have a supported JavaScript runtime and challenge solver script distribution installed. Review any warnings presented before this message. For more details, refer to  https://github.com/yt-dlp/yt-dlp/wiki/EJS
WARNING: [youtube] YouTube said: ERROR - Precondition check failed.
WARNING: [youtube] HTTP Error 400: Bad Request. Retrying (1/3)...
WARNING: [youtube] YouTube said: ERROR - Precondition check failed.
WARNING: [youtube] HTTP Error 400: Bad Request. Retrying (2/3)...
WARNING: [youtube] YouTube said: ERROR - Precondition check failed.
WARNING: [youtube] HTTP Error 400: Bad Request. Retrying (3/3)...
WARNING: [youtube] YouTube said: ERROR - Precondition check failed.
WARNING: [youtube] Unable to download API page: HTTP Error 400: Bad Request (caused by <HTTPError 400: Bad Request>)
WARNING: [youtube] [jsc] Remote components challenge solver script (deno) and NPM package (deno) were skipped. These may be required to solve JS challenges. You can enable these downloads with  --remote-components ejs:github  (recommended) or  --remote-components ejs:npm , respectively. For more information and alternatives, refer to  https://github.com/yt-dlp/yt-dlp/wiki/EJS
WARNING: [youtube] diOeH9_aJEY: n challenge solving failed: Some formats may be missing. Ensure you have a supported JavaScript runtime and challenge solver script distribution installed. Review any warnings presented before this message. For more details, refer to  https://github.com/yt-dlp/yt-dlp/wiki/EJS
WARNING: [youtube] YouTube said: ERROR - Precondition check failed.
WARNING: [youtube] HTTP Error 400: Bad Request. Retrying (1/3)...
WARNING: [youtube] YouTube said: ERROR - Precondition check failed.
WARNING: [youtube] HTTP Error 400: Bad Request. Retrying (2/3)...
WARNING: [youtube] YouTube said: ERROR - Precondition check failed.
WARNING: [youtube] HTTP Error 400: Bad Request. Retrying (3/3)...
WARNING: [youtube] YouTube said: ERROR - Precondition check failed.
WARNING: [youtube] Unable to download API page: HTTP Error 400: Bad Request (caused by <HTTPError 400: Bad Request>)
WARNING: [youtube] [jsc] Remote components challenge solver script (deno) and NPM package (deno) were skipped. These may be required to solve JS challenges. You can enable these downloads with  --remote-components ejs:github  (recommended) or  --remote-components ejs:npm , respectively. For more information and alternatives, refer to  https://github.com/yt-dlp/yt-dlp/wiki/EJS
WARNING: [youtube] eR5HjZN6MT8: n challenge solving failed: Some formats may be missing. Ensure you have a supported JavaScript runtime and challenge solver script distribution installed. Review any warnings presented before this message. For more details, refer to  https://github.com/yt-dlp/yt-dlp/wiki/EJS
WARNING: [youtube] YouTube said: ERROR - Precondition check failed.
WARNING: [youtube] HTTP Error 400: Bad Request. Retrying (1/3)...
WARNING: [youtube] YouTube said: ERROR - Precondition check failed.
WARNING: [youtube] HTTP Error 400: Bad Request. Retrying (2/3)...
WARNING: [youtube] YouTube said: ERROR - Precondition check failed.
WARNING: [youtube] HTTP Error 400: Bad Request. Retrying (3/3)...
WARNING: [youtube] YouTube said: ERROR - Precondition check failed.
WARNING: [youtube] Unable to download API page: HTTP Error 400: Bad Request (caused by <HTTPError 400: Bad Request>)
WARNING: [youtube] [jsc] Remote components challenge solver script (deno) and NPM package (deno) were skipped. These may be required to solve JS challenges. You can enable these downloads with  --remote-components ejs:github  (recommended) or  --remote-components ejs:npm , respectively. For more information and alternatives, refer to  https://github.com/yt-dlp/yt-dlp/wiki/EJS
WARNING: [youtube] m8tpIGpXDBc: n challenge solving failed: Some formats may be missing. Ensure you have a supported JavaScript runtime and challenge solver script distribution installed. Review any warnings presented before this message. For more details, refer to  https://github.com/yt-dlp/yt-dlp/wiki/EJS
WARNING: [youtube] YouTube said: ERROR - Precondition check failed.
WARNING: [youtube] HTTP Error 400: Bad Request. Retrying (1/3)...
WARNING: [youtube] YouTube said: ERROR - Precondition check failed.
WARNING: [youtube] HTTP Error 400: Bad Request. Retrying (2/3)...
WARNING: [youtube] YouTube said: ERROR - Precondition check failed.
WARNING: [youtube] HTTP Error 400: Bad Request. Retrying (3/3)...
WARNING: [youtube] YouTube said: ERROR - Precondition check failed.
WARNING: [youtube] Unable to download API page: HTTP Error 400: Bad Request (caused by <HTTPError 400: Bad Request>)
WARNING: [youtube] [jsc] Remote components challenge solver script (deno) and NPM package (deno) were skipped. These may be required to solve JS challenges. You can enable these downloads with  --remote-components ejs:github  (recommended) or  --remote-components ejs:npm , respectively. For more information and alternatives, refer to  https://github.com/yt-dlp/yt-dlp/wiki/EJS
WARNING: [youtube] kO2e7aXQLhw: n challenge solving failed: Some formats may be missing. Ensure you have a supported JavaScript runtime and challenge solver script distribution installed. Review any warnings presented before this message. For more details, refer to  https://github.com/yt-dlp/yt-dlp/wiki/EJS
WARNING: [youtube] YouTube said: ERROR - Precondition check failed.
WARNING: [youtube] HTTP Error 400: Bad Request. Retrying (1/3)...
WARNING: [youtube] YouTube said: ERROR - Precondition check failed.
WARNING: [youtube] HTTP Error 400: Bad Request. Retrying (2/3)...
WARNING: [youtube] YouTube said: ERROR - Precondition check failed.
WARNING: [youtube] HTTP Error 400: Bad Request. Retrying (3/3)...
WARNING: [youtube] YouTube said: ERROR - Precondition check failed.
WARNING: [youtube] Unable to download API page: HTTP Error 400: Bad Request (caused by <HTTPError 400: Bad Request>)
WARNING: [youtube] [jsc] Remote components challenge solver script (deno) and NPM package (deno) were skipped. These may be required to solve JS challenges. You can enable these downloads with  --remote-components ejs:github  (recommended) or  --remote-components ejs:npm , respectively. For more information and alternatives, refer to  https://github.com/yt-dlp/yt-dlp/wiki/EJS
WARNING: [youtube] XyjeZENK8U0: n challenge solving failed: Some formats may be missing. Ensure you have a supported JavaScript runtime and challenge solver script distribution installed. Review any warnings presented before this message. For more details, refer to  https://github.com/yt-dlp/yt-dlp/wiki/EJS
WARNING: The extractor specified to use impersonation for this download, but no impersonate target is available. If you encounter errors, then see  https://github.com/yt-dlp/yt-dlp#impersonation  for information on installing the required dependencies
WARNING: [youtube] YouTube said: ERROR - Precondition check failed.
WARNING: [youtube] HTTP Error 400: Bad Request. Retrying (1/3)...
WARNING: [youtube] YouTube said: ERROR - Precondition check failed.
WARNING: [youtube] HTTP Error 400: Bad Request. Retrying (2/3)...
WARNING: [youtube] YouTube said: ERROR - Precondition check failed.
WARNING: [youtube] HTTP Error 400: Bad Request. Retrying (3/3)...
WARNING: [youtube] YouTube said: ERROR - Precondition check failed.
WARNING: [youtube] Unable to download API page: HTTP Error 400: Bad Request (caused by <HTTPError 400: Bad Request>)
WARNING: [youtube] [jsc] Remote components challenge solver script (deno) and NPM package (deno) were skipped. These may be required to solve JS challenges. You can enable these downloads with  --remote-components ejs:github  (recommended) or  --remote-components ejs:npm , respectively. For more information and alternatives, refer to  https://github.com/yt-dlp/yt-dlp/wiki/EJS
WARNING: [youtube] FIDPhJxVxcM: n challenge solving failed: Some formats may be missing. Ensure you have a supported JavaScript runtime and challenge solver script distribution installed. Review any warnings presented before this message. For more details, refer to  https://github.com/yt-dlp/yt-dlp/wiki/EJS
WARNING: [youtube] YouTube said: ERROR - Precondition check failed.
WARNING: [youtube] HTTP Error 400: Bad Request. Retrying (1/3)...
WARNING: [youtube] YouTube said: ERROR - Precondition check failed.
WARNING: [youtube] HTTP Error 400: Bad Request. Retrying (2/3)...
WARNING: [youtube] YouTube said: ERROR - Precondition check failed.
WARNING: [youtube] HTTP Error 400: Bad Request. Retrying (3/3)...
WARNING: [youtube] YouTube said: ERROR - Precondition check failed.
WARNING: [youtube] Unable to download API page: HTTP Error 400: Bad Request (caused by <HTTPError 400: Bad Request>)
WARNING: [youtube] [jsc] Remote components challenge solver script (deno) and NPM package (deno) were skipped. These may be required to solve JS challenges. You can enable these downloads with  --remote-components ejs:github  (recommended) or  --remote-components ejs:npm , respectively. For more information and alternatives, refer to  https://github.com/yt-dlp/yt-dlp/wiki/EJS
WARNING: [youtube] QQ_JTl07Huc: n challenge solving failed: Some formats may be missing. Ensure you have a supported JavaScript runtime and challenge solver script distribution installed. Review any warnings presented before this message. For more details, refer to  https://github.com/yt-dlp/yt-dlp/wiki/EJS
WARNING: [youtube] YouTube said: ERROR - Precondition check failed.
WARNING: [youtube] HTTP Error 400: Bad Request. Retrying (1/3)...
WARNING: [youtube] YouTube said: ERROR - Precondition check failed.
WARNING: [youtube] HTTP Error 400: Bad Request. Retrying (2/3)...
WARNING: [youtube] YouTube said: ERROR - Precondition check failed.
WARNING: [youtube] HTTP Error 400: Bad Request. Retrying (3/3)...
WARNING: [youtube] YouTube said: ERROR - Precondition check failed.
WARNING: [youtube] Unable to download API page: HTTP Error 400: Bad Request (caused by <HTTPError 400: Bad Request>)
WARNING: [youtube] [jsc] Remote components challenge solver script (deno) and NPM package (deno) were skipped. These may be required to solve JS challenges. You can enable these downloads with  --remote-components ejs:github  (recommended) or  --remote-components ejs:npm , respectively. For more information and alternatives, refer to  https://github.com/yt-dlp/yt-dlp/wiki/EJS
WARNING: [youtube] 9lGm1hULGWY: n challenge solving failed: Some formats may be missing. Ensure you have a supported JavaScript runtime and challenge solver script distribution installed. Review any warnings presented before this message. For more details, refer to  https://github.com/yt-dlp/yt-dlp/wiki/EJS
WARNING: [youtube] YouTube said: ERROR - Precondition check failed.
WARNING: [youtube] HTTP Error 400: Bad Request. Retrying (1/3)...
WARNING: [youtube] YouTube said: ERROR - Precondition check failed.
WARNING: [youtube] HTTP Error 400: Bad Request. Retrying (2/3)...
WARNING: [youtube] YouTube said: ERROR - Precondition check failed.
WARNING: [youtube] HTTP Error 400: Bad Request. Retrying (3/3)...
WARNING: [youtube] YouTube said: ERROR - Precondition check failed.
WARNING: [youtube] Unable to download API page: HTTP Error 400: Bad Request (caused by <HTTPError 400: Bad Request>)
WARNING: [youtube] [jsc] Remote components challenge solver script (deno) and NPM package (deno) were skipped. These may be required to solve JS challenges. You can enable these downloads with  --remote-components ejs:github  (recommended) or  --remote-components ejs:npm , respectively. For more information and alternatives, refer to  https://github.com/yt-dlp/yt-dlp/wiki/EJS
WARNING: [youtube] 6sZM0tnlo74: n challenge solving failed: Some formats may be missing. Ensure you have a supported JavaScript runtime and challenge solver script distribution installed. Review any warnings presented before this message. For more details, refer to  https://github.com/yt-dlp/yt-dlp/wiki/EJS
WARNING: The extractor specified to use impersonation for this download, but no impersonate target is available. If you encounter errors, then see  https://github.com/yt-dlp/yt-dlp#impersonation  for information on installing the required dependencies
WARNING: [youtube] YouTube said: ERROR - Precondition check failed.
WARNING: [youtube] HTTP Error 400: Bad Request. Retrying (1/3)...
WARNING: [youtube] YouTube said: ERROR - Precondition check failed.
WARNING: [youtube] HTTP Error 400: Bad Request. Retrying (2/3)...
WARNING: [youtube] YouTube said: ERROR - Precondition check failed.
WARNING: [youtube] HTTP Error 400: Bad Request. Retrying (3/3)...
WARNING: [youtube] YouTube said: ERROR - Precondition check failed.
WARNING: [youtube] Unable to download API page: HTTP Error 400: Bad Request (caused by <HTTPError 400: Bad Request>)
WARNING: [youtube] [jsc] Remote components challenge solver script (deno) and NPM package (deno) were skipped. These may be required to solve JS challenges. You can enable these downloads with  --remote-components ejs:github  (recommended) or  --remote-components ejs:npm , respectively. For more information and alternatives, refer to  https://github.com/yt-dlp/yt-dlp/wiki/EJS
WARNING: [youtube] LHr4L4GwAOs: n challenge solving failed: Some formats may be missing. Ensure you have a supported JavaScript runtime and challenge solver script distribution installed. Review any warnings presented before this message. For more details, refer to  https://github.com/yt-dlp/yt-dlp/wiki/EJS
WARNING: [youtube] YouTube said: ERROR - Precondition check failed.
WARNING: [youtube] HTTP Error 400: Bad Request. Retrying (1/3)...
WARNING: [youtube] YouTube said: ERROR - Precondition check failed.
WARNING: [youtube] HTTP Error 400: Bad Request. Retrying (2/3)...
WARNING: [youtube] YouTube said: ERROR - Precondition check failed.
WARNING: [youtube] HTTP Error 400: Bad Request. Retrying (3/3)...
WARNING: [youtube] YouTube said: ERROR - Precondition check failed.
WARNING: [youtube] Unable to download API page: HTTP Error 400: Bad Request (caused by <HTTPError 400: Bad Request>)
WARNING: [youtube] [jsc] Remote components challenge solver script (deno) and NPM package (deno) were skipped. These may be required to solve JS challenges. You can enable these downloads with  --remote-components ejs:github  (recommended) or  --remote-components ejs:npm , respectively. For more information and alternatives, refer to  https://github.com/yt-dlp/yt-dlp/wiki/EJS
WARNING: [youtube] uKS81TqxjTU: n challenge solving failed: Some formats may be missing. Ensure you have a supported JavaScript runtime and challenge solver script distribution installed. Review any warnings presented before this message. For more details, refer to  https://github.com/yt-dlp/yt-dlp/wiki/EJS
WARNING: [youtube] YouTube said: ERROR - Precondition check failed.
WARNING: [youtube] HTTP Error 400: Bad Request. Retrying (1/3)...
WARNING: [youtube] YouTube said: ERROR - Precondition check failed.
WARNING: [youtube] HTTP Error 400: Bad Request. Retrying (2/3)...
WARNING: [youtube] YouTube said: ERROR - Precondition check failed.
WARNING: [youtube] HTTP Error 400: Bad Request. Retrying (3/3)...
WARNING: [youtube] YouTube said: ERROR - Precondition check failed.
WARNING: [youtube] Unable to download API page: HTTP Error 400: Bad Request (caused by <HTTPError 400: Bad Request>)
WARNING: [youtube] [jsc] Remote components challenge solver script (deno) and NPM package (deno) were skipped. These may be required to solve JS challenges. You can enable these downloads with  --remote-components ejs:github  (recommended) or  --remote-components ejs:npm , respectively. For more information and alternatives, refer to  https://github.com/yt-dlp/yt-dlp/wiki/EJS
WARNING: [youtube] emnHfrI3vsU: n challenge solving failed: Some formats may be missing. Ensure you have a supported JavaScript runtime and challenge solver script distribution installed. Review any warnings presented before this message. For more details, refer to  https://github.com/yt-dlp/yt-dlp/wiki/EJS
WARNING: [youtube] YouTube said: ERROR - Precondition check failed.
WARNING: [youtube] HTTP Error 400: Bad Request. Retrying (1/3)...
WARNING: [youtube] YouTube said: ERROR - Precondition check failed.
WARNING: [youtube] HTTP Error 400: Bad Request. Retrying (2/3)...
WARNING: [youtube] YouTube said: ERROR - Precondition check failed.
WARNING: [youtube] HTTP Error 400: Bad Request. Retrying (3/3)...
WARNING: [youtube] YouTube said: ERROR - Precondition check failed.
WARNING: [youtube] Unable to download API page: HTTP Error 400: Bad Request (caused by <HTTPError 400: Bad Request>)
WARNING: [youtube] [jsc] Remote components challenge solver script (deno) and NPM package (deno) were skipped. These may be required to solve JS challenges. You can enable these downloads with  --remote-components ejs:github  (recommended) or  --remote-components ejs:npm , respectively. For more information and alternatives, refer to  https://github.com/yt-dlp/yt-dlp/wiki/EJS
WARNING: [youtube] 76Zi1adKI30: n challenge solving failed: Some formats may be missing. Ensure you have a supported JavaScript runtime and challenge solver script distribution installed. Review any warnings presented before this message. For more details, refer to  https://github.com/yt-dlp/yt-dlp/wiki/EJS
WARNING: [youtube] YouTube said: ERROR - Precondition check failed.
WARNING: [youtube] HTTP Error 400: Bad Request. Retrying (1/3)...
WARNING: [youtube] YouTube said: ERROR - Precondition check failed.
WARNING: [youtube] HTTP Error 400: Bad Request. Retrying (2/3)...
WARNING: [youtube] YouTube said: ERROR - Precondition check failed.
WARNING: [youtube] HTTP Error 400: Bad Request. Retrying (3/3)...
WARNING: [youtube] YouTube said: ERROR - Precondition check failed.
WARNING: [youtube] Unable to download API page: HTTP Error 400: Bad Request (caused by <HTTPError 400: Bad Request>)
WARNING: [youtube] [jsc] Remote components challenge solver script (deno) and NPM package (deno) were skipped. These may be required to solve JS challenges. You can enable these downloads with  --remote-components ejs:github  (recommended) or  --remote-components ejs:npm , respectively. For more information and alternatives, refer to  https://github.com/yt-dlp/yt-dlp/wiki/EJS
WARNING: [youtube] FN5Rc7h3Q_4: n challenge solving failed: Some formats may be missing. Ensure you have a supported JavaScript runtime and challenge solver script distribution installed. Review any warnings presented before this message. For more details, refer to  https://github.com/yt-dlp/yt-dlp/wiki/EJS
WARNING: [youtube] YouTube said: ERROR - Precondition check failed.
WARNING: [youtube] HTTP Error 400: Bad Request. Retrying (1/3)...
WARNING: [youtube] YouTube said: ERROR - Precondition check failed.
WARNING: [youtube] HTTP Error 400: Bad Request. Retrying (2/3)...
WARNING: [youtube] YouTube said: ERROR - Precondition check failed.
WARNING: [youtube] HTTP Error 400: Bad Request. Retrying (3/3)...
WARNING: [youtube] YouTube said: ERROR - Precondition check failed.
WARNING: [youtube] Unable to download API page: HTTP Error 400: Bad Request (caused by <HTTPError 400: Bad Request>)
WARNING: [youtube] OrPNjdhtqpc: Some android_vr client https formats have been skipped as they are missing a URL. YouTube may have enabled the SABR-only streaming experiment for the current session. See  https://github.com/yt-dlp/yt-dlp/issues/12482  for more details
WARNING: [youtube] [jsc] Remote components challenge solver script (deno) and NPM package (deno) were skipped. These may be required to solve JS challenges. You can enable these downloads with  --remote-components ejs:github  (recommended) or  --remote-components ejs:npm , respectively. For more information and alternatives, refer to  https://github.com/yt-dlp/yt-dlp/wiki/EJS
WARNING: [youtube] OrPNjdhtqpc: n challenge solving failed: Some formats may be missing. Ensure you have a supported JavaScript runtime and challenge solver script distribution installed. Review any warnings presented before this message. For more details, refer to  https://github.com/yt-dlp/yt-dlp/wiki/EJS
WARNING: The extractor specified to use impersonation for this download, but no impersonate target is available. If you encounter errors, then see  https://github.com/yt-dlp/yt-dlp#impersonation  for information on installing the required dependencies
WARNING: [youtube] YouTube said: ERROR - Precondition check failed.
WARNING: [youtube] HTTP Error 400: Bad Request. Retrying (1/3)...
WARNING: [youtube] YouTube said: ERROR - Precondition check failed.
WARNING: [youtube] HTTP Error 400: Bad Request. Retrying (2/3)...
WARNING: [youtube] YouTube said: ERROR - Precondition check failed.
WARNING: [youtube] HTTP Error 400: Bad Request. Retrying (3/3)...
WARNING: [youtube] YouTube said: ERROR - Precondition check failed.
WARNING: [youtube] Unable to download API page: HTTP Error 400: Bad Request (caused by <HTTPError 400: Bad Request>)
WARNING: [youtube] [jsc] Remote components challenge solver script (deno) and NPM package (deno) were skipped. These may be required to solve JS challenges. You can enable these downloads with  --remote-components ejs:github  (recommended) or  --remote-components ejs:npm , respectively. For more information and alternatives, refer to  https://github.com/yt-dlp/yt-dlp/wiki/EJS
WARNING: [youtube] vG0fNCymzn4: n challenge solving failed: Some formats may be missing. Ensure you have a supported JavaScript runtime and challenge solver script distribution installed. Review any warnings presented before this message. For more details, refer to  https://github.com/yt-dlp/yt-dlp/wiki/EJS
WARNING: [youtube] YouTube said: ERROR - Precondition check failed.
WARNING: [youtube] HTTP Error 400: Bad Request. Retrying (1/3)...
WARNING: [youtube] YouTube said: ERROR - Precondition check failed.
WARNING: [youtube] HTTP Error 400: Bad Request. Retrying (2/3)...
WARNING: [youtube] YouTube said: ERROR - Precondition check failed.
WARNING: [youtube] HTTP Error 400: Bad Request. Retrying (3/3)...
WARNING: [youtube] YouTube said: ERROR - Precondition check failed.
WARNING: [youtube] Unable to download API page: HTTP Error 400: Bad Request (caused by <HTTPError 400: Bad Request>)
WARNING: [youtube] [jsc] Remote components challenge solver script (deno) and NPM package (deno) were skipped. These may be required to solve JS challenges. You can enable these downloads with  --remote-components ejs:github  (recommended) or  --remote-components ejs:npm , respectively. For more information and alternatives, refer to  https://github.com/yt-dlp/yt-dlp/wiki/EJS
WARNING: [youtube] eez5l27i3ww: n challenge solving failed: Some formats may be missing. Ensure you have a supported JavaScript runtime and challenge solver script distribution installed. Review any warnings presented before this message. For more details, refer to  https://github.com/yt-dlp/yt-dlp/wiki/EJS
WARNING: [youtube] YouTube said: ERROR - Precondition check failed.
WARNING: [youtube] HTTP Error 400: Bad Request. Retrying (1/3)...
WARNING: [youtube] YouTube said: ERROR - Precondition check failed.
WARNING: [youtube] HTTP Error 400: Bad Request. Retrying (2/3)...
WARNING: [youtube] YouTube said: ERROR - Precondition check failed.
WARNING: [youtube] HTTP Error 400: Bad Request. Retrying (3/3)...
WARNING: [youtube] YouTube said: ERROR - Precondition check failed.
WARNING: [youtube] Unable to download API page: HTTP Error 400: Bad Request (caused by <HTTPError 400: Bad Request>)
WARNING: [youtube] [jsc] Remote components challenge solver script (deno) and NPM package (deno) were skipped. These may be required to solve JS challenges. You can enable these downloads with  --remote-components ejs:github  (recommended) or  --remote-components ejs:npm , respectively. For more information and alternatives, refer to  https://github.com/yt-dlp/yt-dlp/wiki/EJS
WARNING: [youtube] vR3NV0RdkQY: n challenge solving failed: Some formats may be missing. Ensure you have a supported JavaScript runtime and challenge solver script distribution installed. Review any warnings presented before this message. For more details, refer to  https://github.com/yt-dlp/yt-dlp/wiki/EJS
WARNING: The extractor specified to use impersonation for this download, but no impersonate target is available. If you encounter errors, then see  https://github.com/yt-dlp/yt-dlp#impersonation  for information on installing the required dependencies
WARNING: [youtube] YouTube said: ERROR - Precondition check failed.
WARNING: [youtube] HTTP Error 400: Bad Request. Retrying (1/3)...
WARNING: [youtube] YouTube said: ERROR - Precondition check failed.
WARNING: [youtube] HTTP Error 400: Bad Request. Retrying (2/3)...
WARNING: [youtube] YouTube said: ERROR - Precondition check failed.
WARNING: [youtube] HTTP Error 400: Bad Request. Retrying (3/3)...
WARNING: [youtube] YouTube said: ERROR - Precondition check failed.
WARNING: [youtube] Unable to download API page: HTTP Error 400: Bad Request (caused by <HTTPError 400: Bad Request>)
WARNING: [youtube] [jsc] Remote components challenge solver script (deno) and NPM package (deno) were skipped. These may be required to solve JS challenges. You can enable these downloads with  --remote-components ejs:github  (recommended) or  --remote-components ejs:npm , respectively. For more information and alternatives, refer to  https://github.com/yt-dlp/yt-dlp/wiki/EJS
WARNING: [youtube] mFJLOD--GdI: n challenge solving failed: Some formats may be missing. Ensure you have a supported JavaScript runtime and challenge solver script distribution installed. Review any warnings presented before this message. For more details, refer to  https://github.com/yt-dlp/yt-dlp/wiki/EJS
WARNING: [youtube] YouTube said: ERROR - Precondition check failed.
WARNING: [youtube] HTTP Error 400: Bad Request. Retrying (1/3)...
WARNING: [youtube] YouTube said: ERROR - Precondition check failed.
WARNING: [youtube] HTTP Error 400: Bad Request. Retrying (2/3)...
WARNING: [youtube] YouTube said: ERROR - Precondition check failed.
WARNING: [youtube] HTTP Error 400: Bad Request. Retrying (3/3)...
WARNING: [youtube] YouTube said: ERROR - Precondition check failed.
WARNING: [youtube] Unable to download API page: HTTP Error 400: Bad Request (caused by <HTTPError 400: Bad Request>)
WARNING: [youtube] [jsc] Remote components challenge solver script (deno) and NPM package (deno) were skipped. These may be required to solve JS challenges. You can enable these downloads with  --remote-components ejs:github  (recommended) or  --remote-components ejs:npm , respectively. For more information and alternatives, refer to  https://github.com/yt-dlp/yt-dlp/wiki/EJS
WARNING: [youtube] PKUtlR5srjU: n challenge solving failed: Some formats may be missing. Ensure you have a supported JavaScript runtime and challenge solver script distribution installed. Review any warnings presented before this message. For more details, refer to  https://github.com/yt-dlp/yt-dlp/wiki/EJS
WARNING: [youtube] YouTube said: ERROR - Precondition check failed.
WARNING: [youtube] HTTP Error 400: Bad Request. Retrying (1/3)...
WARNING: [youtube] YouTube said: ERROR - Precondition check failed.
WARNING: [youtube] HTTP Error 400: Bad Request. Retrying (2/3)...
WARNING: [youtube] YouTube said: ERROR - Precondition check failed.
WARNING: [youtube] HTTP Error 400: Bad Request. Retrying (3/3)...
WARNING: [youtube] YouTube said: ERROR - Precondition check failed.
WARNING: [youtube] Unable to download API page: HTTP Error 400: Bad Request (caused by <HTTPError 400: Bad Request>)
WARNING: [youtube] [jsc] Remote components challenge solver script (deno) and NPM package (deno) were skipped. These may be required to solve JS challenges. You can enable these downloads with  --remote-components ejs:github  (recommended) or  --remote-components ejs:npm , respectively. For more information and alternatives, refer to  https://github.com/yt-dlp/yt-dlp/wiki/EJS
WARNING: [youtube] kpnGeJkQ9v4: n challenge solving failed: Some formats may be missing. Ensure you have a supported JavaScript runtime and challenge solver script distribution installed. Review any warnings presented before this message. For more details, refer to  https://github.com/yt-dlp/yt-dlp/wiki/EJS
WARNING: The extractor specified to use impersonation for this download, but no impersonate target is available. If you encounter errors, then see  https://github.com/yt-dlp/yt-dlp#impersonation  for information on installing the required dependencies
WARNING: [youtube] YouTube said: ERROR - Precondition check failed.
WARNING: [youtube] HTTP Error 400: Bad Request. Retrying (1/3)...
WARNING: [youtube] YouTube said: ERROR - Precondition check failed.
WARNING: [youtube] HTTP Error 400: Bad Request. Retrying (2/3)...
WARNING: [youtube] YouTube said: ERROR - Precondition check failed.
WARNING: [youtube] HTTP Error 400: Bad Request. Retrying (3/3)...
WARNING: [youtube] YouTube said: ERROR - Precondition check failed.
WARNING: [youtube] Unable to download API page: HTTP Error 400: Bad Request (caused by <HTTPError 400: Bad Request>)
WARNING: [youtube] [jsc] Remote components challenge solver script (deno) and NPM package (deno) were skipped. These may be required to solve JS challenges. You can enable these downloads with  --remote-components ejs:github  (recommended) or  --remote-components ejs:npm , respectively. For more information and alternatives, refer to  https://github.com/yt-dlp/yt-dlp/wiki/EJS
WARNING: [youtube] 2DEEFL8JxbQ: n challenge solving failed: Some formats may be missing. Ensure you have a supported JavaScript runtime and challenge solver script distribution installed. Review any warnings presented before this message. For more details, refer to  https://github.com/yt-dlp/yt-dlp/wiki/EJS
WARNING: [youtube] YouTube said: ERROR - Precondition check failed.
WARNING: [youtube] HTTP Error 400: Bad Request. Retrying (1/3)...
WARNING: [youtube] YouTube said: ERROR - Precondition check failed.
WARNING: [youtube] HTTP Error 400: Bad Request. Retrying (2/3)...
WARNING: [youtube] YouTube said: ERROR - Precondition check failed.
WARNING: [youtube] HTTP Error 400: Bad Request. Retrying (3/3)...
WARNING: [youtube] YouTube said: ERROR - Precondition check failed.
WARNING: [youtube] Unable to download API page: HTTP Error 400: Bad Request (caused by <HTTPError 400: Bad Request>)
WARNING: [youtube] [jsc] Remote components challenge solver script (deno) and NPM package (deno) were skipped. These may be required to solve JS challenges. You can enable these downloads with  --remote-components ejs:github  (recommended) or  --remote-components ejs:npm , respectively. For more information and alternatives, refer to  https://github.com/yt-dlp/yt-dlp/wiki/EJS
WARNING: [youtube] FgQCirC7zKg: n challenge solving failed: Some formats may be missing. Ensure you have a supported JavaScript runtime and challenge solver script distribution installed. Review any warnings presented before this message. For more details, refer to  https://github.com/yt-dlp/yt-dlp/wiki/EJS
WARNING: [youtube] YouTube said: ERROR - Precondition check failed.
WARNING: [youtube] HTTP Error 400: Bad Request. Retrying (1/3)...
WARNING: [youtube] YouTube said: ERROR - Precondition check failed.
WARNING: [youtube] HTTP Error 400: Bad Request. Retrying (2/3)...
WARNING: [youtube] YouTube said: ERROR - Precondition check failed.
WARNING: [youtube] HTTP Error 400: Bad Request. Retrying (3/3)...
WARNING: [youtube] YouTube said: ERROR - Precondition check failed.
WARNING: [youtube] Unable to download API page: HTTP Error 400: Bad Request (caused by <HTTPError 400: Bad Request>)
WARNING: [youtube] [jsc] Remote components challenge solver script (deno) and NPM package (deno) were skipped. These may be required to solve JS challenges. You can enable these downloads with  --remote-components ejs:github  (recommended) or  --remote-components ejs:npm , respectively. For more information and alternatives, refer to  https://github.com/yt-dlp/yt-dlp/wiki/EJS
WARNING: [youtube] b22WOplUy4A: n challenge solving failed: Some formats may be missing. Ensure you have a supported JavaScript runtime and challenge solver script distribution installed. Review any warnings presented before this message. For more details, refer to  https://github.com/yt-dlp/yt-dlp/wiki/EJS
WARNING: The extractor specified to use impersonation for this download, but no impersonate target is available. If you encounter errors, then see  https://github.com/yt-dlp/yt-dlp#impersonation  for information on installing the required dependencies
WARNING: [youtube] YouTube said: ERROR - Precondition check failed.
WARNING: [youtube] HTTP Error 400: Bad Request. Retrying (1/3)...
WARNING: [youtube] YouTube said: ERROR - Precondition check failed.
WARNING: [youtube] HTTP Error 400: Bad Request. Retrying (2/3)...
WARNING: [youtube] YouTube said: ERROR - Precondition check failed.
WARNING: [youtube] HTTP Error 400: Bad Request. Retrying (3/3)...
WARNING: [youtube] YouTube said: ERROR - Precondition check failed.
WARNING: [youtube] Unable to download API page: HTTP Error 400: Bad Request (caused by <HTTPError 400: Bad Request>)
WARNING: [youtube] [jsc] Remote components challenge solver script (deno) and NPM package (deno) were skipped. These may be required to solve JS challenges. You can enable these downloads with  --remote-components ejs:github  (recommended) or  --remote-components ejs:npm , respectively. For more information and alternatives, refer to  https://github.com/yt-dlp/yt-dlp/wiki/EJS
WARNING: [youtube] r6tQqlEnFE8: n challenge solving failed: Some formats may be missing. Ensure you have a supported JavaScript runtime and challenge solver script distribution installed. Review any warnings presented before this message. For more details, refer to  https://github.com/yt-dlp/yt-dlp/wiki/EJS
[泛科學] 完成 (共 6 個字幕)

[泛科學院] 抓取中...
WARNING: [youtube] YouTube said: ERROR - Precondition check failed.
WARNING: [youtube] HTTP Error 400: Bad Request. Retrying (1/3)...
WARNING: [youtube] YouTube said: ERROR - Precondition check failed.
WARNING: [youtube] HTTP Error 400: Bad Request. Retrying (2/3)...
WARNING: [youtube] YouTube said: ERROR - Precondition check failed.
WARNING: [youtube] HTTP Error 400: Bad Request. Retrying (3/3)...
WARNING: [youtube] YouTube said: ERROR - Precondition check failed.
WARNING: [youtube] Unable to download API page: HTTP Error 400: Bad Request (caused by <HTTPError 400: Bad Request>)
WARNING: [youtube] [jsc] Remote components challenge solver script (deno) and NPM package (deno) were skipped. These may be required to solve JS challenges. You can enable these downloads with  --remote-components ejs:github  (recommended) or  --remote-components ejs:npm , respectively. For more information and alternatives, refer to  https://github.com/yt-dlp/yt-dlp/wiki/EJS
WARNING: [youtube] Q0Z-qLZK89w: n challenge solving failed: Some formats may be missing. Ensure you have a supported JavaScript runtime and challenge solver script distribution installed. Review any warnings presented before this message. For more details, refer to  https://github.com/yt-dlp/yt-dlp/wiki/EJS
WARNING: [youtube] YouTube said: ERROR - Precondition check failed.
WARNING: [youtube] HTTP Error 400: Bad Request. Retrying (1/3)...
WARNING: [youtube] YouTube said: ERROR - Precondition check failed.
WARNING: [youtube] HTTP Error 400: Bad Request. Retrying (2/3)...
WARNING: [youtube] YouTube said: ERROR - Precondition check failed.
WARNING: [youtube] HTTP Error 400: Bad Request. Retrying (3/3)...
WARNING: [youtube] YouTube said: ERROR - Precondition check failed.
WARNING: [youtube] Unable to download API page: HTTP Error 400: Bad Request (caused by <HTTPError 400: Bad Request>)
WARNING: [youtube] [jsc] Remote components challenge solver script (deno) and NPM package (deno) were skipped. These may be required to solve JS challenges. You can enable these downloads with  --remote-components ejs:github  (recommended) or  --remote-components ejs:npm , respectively. For more information and alternatives, refer to  https://github.com/yt-dlp/yt-dlp/wiki/EJS
WARNING: [youtube] svDbThRvByk: n challenge solving failed: Some formats may be missing. Ensure you have a supported JavaScript runtime and challenge solver script distribution installed. Review any warnings presented before this message. For more details, refer to  https://github.com/yt-dlp/yt-dlp/wiki/EJS
WARNING: [youtube] YouTube said: ERROR - Precondition check failed.
WARNING: [youtube] HTTP Error 400: Bad Request. Retrying (1/3)...
WARNING: [youtube] YouTube said: ERROR - Precondition check failed.
WARNING: [youtube] HTTP Error 400: Bad Request. Retrying (2/3)...
WARNING: [youtube] YouTube said: ERROR - Precondition check failed.
WARNING: [youtube] HTTP Error 400: Bad Request. Retrying (3/3)...
WARNING: [youtube] YouTube said: ERROR - Precondition check failed.
WARNING: [youtube] Unable to download API page: HTTP Error 400: Bad Request (caused by <HTTPError 400: Bad Request>)
ERROR: [youtube] 9hHGIbdTgrQ: Join this channel to get access to members-only content like this video, and other exclusive perks.
WARNING: [youtube] YouTube said: ERROR - Precondition check failed.
WARNING: [youtube] HTTP Error 400: Bad Request. Retrying (1/3)...
WARNING: [youtube] YouTube said: ERROR - Precondition check failed.
WARNING: [youtube] HTTP Error 400: Bad Request. Retrying (2/3)...
WARNING: [youtube] YouTube said: ERROR - Precondition check failed.
WARNING: [youtube] HTTP Error 400: Bad Request. Retrying (3/3)...
WARNING: [youtube] YouTube said: ERROR - Precondition check failed.
WARNING: [youtube] Unable to download API page: HTTP Error 400: Bad Request (caused by <HTTPError 400: Bad Request>)
WARNING: [youtube] [jsc] Remote components challenge solver script (deno) and NPM package (deno) were skipped. These may be required to solve JS challenges. You can enable these downloads with  --remote-components ejs:github  (recommended) or  --remote-components ejs:npm , respectively. For more information and alternatives, refer to  https://github.com/yt-dlp/yt-dlp/wiki/EJS
WARNING: [youtube] W23qyBnymLE: n challenge solving failed: Some formats may be missing. Ensure you have a supported JavaScript runtime and challenge solver script distribution installed. Review any warnings presented before this message. For more details, refer to  https://github.com/yt-dlp/yt-dlp/wiki/EJS
WARNING: [youtube] YouTube said: ERROR - Precondition check failed.
WARNING: [youtube] HTTP Error 400: Bad Request. Retrying (1/3)...
WARNING: [youtube] YouTube said: ERROR - Precondition check failed.
WARNING: [youtube] HTTP Error 400: Bad Request. Retrying (2/3)...
WARNING: [youtube] YouTube said: ERROR - Precondition check failed.
WARNING: [youtube] HTTP Error 400: Bad Request. Retrying (3/3)...
WARNING: [youtube] YouTube said: ERROR - Precondition check failed.
WARNING: [youtube] Unable to download API page: HTTP Error 400: Bad Request (caused by <HTTPError 400: Bad Request>)
WARNING: [youtube] [jsc] Remote components challenge solver script (deno) and NPM package (deno) were skipped. These may be required to solve JS challenges. You can enable these downloads with  --remote-components ejs:github  (recommended) or  --remote-components ejs:npm , respectively. For more information and alternatives, refer to  https://github.com/yt-dlp/yt-dlp/wiki/EJS
WARNING: [youtube] Kgkd4RYtriE: n challenge solving failed: Some formats may be missing. Ensure you have a supported JavaScript runtime and challenge solver script distribution installed. Review any warnings presented before this message. For more details, refer to  https://github.com/yt-dlp/yt-dlp/wiki/EJS
WARNING: The extractor specified to use impersonation for this download, but no impersonate target is available. If you encounter errors, then see  https://github.com/yt-dlp/yt-dlp#impersonation  for information on installing the required dependencies
WARNING: [youtube] YouTube said: ERROR - Precondition check failed.
WARNING: [youtube] HTTP Error 400: Bad Request. Retrying (1/3)...
WARNING: [youtube] YouTube said: ERROR - Precondition check failed.
WARNING: [youtube] HTTP Error 400: Bad Request. Retrying (2/3)...
WARNING: [youtube] YouTube said: ERROR - Precondition check failed.
WARNING: [youtube] HTTP Error 400: Bad Request. Retrying (3/3)...
WARNING: [youtube] YouTube said: ERROR - Precondition check failed.
WARNING: [youtube] Unable to download API page: HTTP Error 400: Bad Request (caused by <HTTPError 400: Bad Request>)
WARNING: [youtube] [jsc] Remote components challenge solver script (deno) and NPM package (deno) were skipped. These may be required to solve JS challenges. You can enable these downloads with  --remote-components ejs:github  (recommended) or  --remote-components ejs:npm , respectively. For more information and alternatives, refer to  https://github.com/yt-dlp/yt-dlp/wiki/EJS
WARNING: [youtube] kruZlGX0Dck: n challenge solving failed: Some formats may be missing. Ensure you have a supported JavaScript runtime and challenge solver script distribution installed. Review any warnings presented before this message. For more details, refer to  https://github.com/yt-dlp/yt-dlp/wiki/EJS
WARNING: The extractor specified to use impersonation for this download, but no impersonate target is available. If you encounter errors, then see  https://github.com/yt-dlp/yt-dlp#impersonation  for information on installing the required dependencies
WARNING: [youtube] YouTube said: ERROR - Precondition check failed.
WARNING: [youtube] HTTP Error 400: Bad Request. Retrying (1/3)...
WARNING: [youtube] YouTube said: ERROR - Precondition check failed.
WARNING: [youtube] HTTP Error 400: Bad Request. Retrying (2/3)...
WARNING: [youtube] YouTube said: ERROR - Precondition check failed.
WARNING: [youtube] HTTP Error 400: Bad Request. Retrying (3/3)...
WARNING: [youtube] YouTube said: ERROR - Precondition check failed.
WARNING: [youtube] Unable to download API page: HTTP Error 400: Bad Request (caused by <HTTPError 400: Bad Request>)
WARNING: [youtube] [jsc] Remote components challenge solver script (deno) and NPM package (deno) were skipped. These may be required to solve JS challenges. You can enable these downloads with  --remote-components ejs:github  (recommended) or  --remote-components ejs:npm , respectively. For more information and alternatives, refer to  https://github.com/yt-dlp/yt-dlp/wiki/EJS
WARNING: [youtube] jMNBVe2Vauo: n challenge solving failed: Some formats may be missing. Ensure you have a supported JavaScript runtime and challenge solver script distribution installed. Review any warnings presented before this message. For more details, refer to  https://github.com/yt-dlp/yt-dlp/wiki/EJS
WARNING: The extractor specified to use impersonation for this download, but no impersonate target is available. If you encounter errors, then see  https://github.com/yt-dlp/yt-dlp#impersonation  for information on installing the required dependencies
WARNING: [youtube] YouTube said: ERROR - Precondition check failed.
WARNING: [youtube] HTTP Error 400: Bad Request. Retrying (1/3)...
WARNING: [youtube] YouTube said: ERROR - Precondition check failed.
WARNING: [youtube] HTTP Error 400: Bad Request. Retrying (2/3)...
WARNING: [youtube] YouTube said: ERROR - Precondition check failed.
WARNING: [youtube] HTTP Error 400: Bad Request. Retrying (3/3)...
WARNING: [youtube] YouTube said: ERROR - Precondition check failed.
WARNING: [youtube] Unable to download API page: HTTP Error 400: Bad Request (caused by <HTTPError 400: Bad Request>)
ERROR: [youtube] 4qImJiAF6vk: Join this channel to get access to members-only content like this video, and other exclusive perks.
WARNING: [youtube] YouTube said: ERROR - Precondition check failed.
WARNING: [youtube] HTTP Error 400: Bad Request. Retrying (1/3)...
WARNING: [youtube] YouTube said: ERROR - Precondition check failed.
WARNING: [youtube] HTTP Error 400: Bad Request. Retrying (2/3)...
WARNING: [youtube] YouTube said: ERROR - Precondition check failed.
WARNING: [youtube] HTTP Error 400: Bad Request. Retrying (3/3)...
WARNING: [youtube] YouTube said: ERROR - Precondition check failed.
WARNING: [youtube] Unable to download API page: HTTP Error 400: Bad Request (caused by <HTTPError 400: Bad Request>)
WARNING: [youtube] [jsc] Remote components challenge solver script (deno) and NPM package (deno) were skipped. These may be required to solve JS challenges. You can enable these downloads with  --remote-components ejs:github  (recommended) or  --remote-components ejs:npm , respectively. For more information and alternatives, refer to  https://github.com/yt-dlp/yt-dlp/wiki/EJS
WARNING: [youtube] UA0IXlFzDdI: n challenge solving failed: Some formats may be missing. Ensure you have a supported JavaScript runtime and challenge solver script distribution installed. Review any warnings presented before this message. For more details, refer to  https://github.com/yt-dlp/yt-dlp/wiki/EJS
WARNING: The extractor specified to use impersonation for this download, but no impersonate target is available. If you encounter errors, then see  https://github.com/yt-dlp/yt-dlp#impersonation  for information on installing the required dependencies
WARNING: [youtube] YouTube said: ERROR - Precondition check failed.
WARNING: [youtube] HTTP Error 400: Bad Request. Retrying (1/3)...
WARNING: [youtube] YouTube said: ERROR - Precondition check failed.
WARNING: [youtube] HTTP Error 400: Bad Request. Retrying (2/3)...
WARNING: [youtube] YouTube said: ERROR - Precondition check failed.
WARNING: [youtube] HTTP Error 400: Bad Request. Retrying (3/3)...
WARNING: [youtube] YouTube said: ERROR - Precondition check failed.
WARNING: [youtube] Unable to download API page: HTTP Error 400: Bad Request (caused by <HTTPError 400: Bad Request>)
WARNING: [youtube] [jsc] Remote components challenge solver script (deno) and NPM package (deno) were skipped. These may be required to solve JS challenges. You can enable these downloads with  --remote-components ejs:github  (recommended) or  --remote-components ejs:npm , respectively. For more information and alternatives, refer to  https://github.com/yt-dlp/yt-dlp/wiki/EJS
WARNING: [youtube] B83HtNnHjkM: n challenge solving failed: Some formats may be missing. Ensure you have a supported JavaScript runtime and challenge solver script distribution installed. Review any warnings presented before this message. For more details, refer to  https://github.com/yt-dlp/yt-dlp/wiki/EJS
WARNING: The extractor specified to use impersonation for this download, but no impersonate target is available. If you encounter errors, then see  https://github.com/yt-dlp/yt-dlp#impersonation  for information on installing the required dependencies
WARNING: [youtube] YouTube said: ERROR - Precondition check failed.
WARNING: [youtube] HTTP Error 400: Bad Request. Retrying (1/3)...
WARNING: [youtube] YouTube said: ERROR - Precondition check failed.
WARNING: [youtube] HTTP Error 400: Bad Request. Retrying (2/3)...
WARNING: [youtube] YouTube said: ERROR - Precondition check failed.
WARNING: [youtube] HTTP Error 400: Bad Request. Retrying (3/3)...
WARNING: [youtube] YouTube said: ERROR - Precondition check failed.
WARNING: [youtube] Unable to download API page: HTTP Error 400: Bad Request (caused by <HTTPError 400: Bad Request>)
WARNING: [youtube] [jsc] Remote components challenge solver script (deno) and NPM package (deno) were skipped. These may be required to solve JS challenges. You can enable these downloads with  --remote-components ejs:github  (recommended) or  --remote-components ejs:npm , respectively. For more information and alternatives, refer to  https://github.com/yt-dlp/yt-dlp/wiki/EJS
WARNING: [youtube] xqHUrLOJixQ: n challenge solving failed: Some formats may be missing. Ensure you have a supported JavaScript runtime and challenge solver script distribution installed. Review any warnings presented before this message. For more details, refer to  https://github.com/yt-dlp/yt-dlp/wiki/EJS
WARNING: The extractor specified to use impersonation for this download, but no impersonate target is available. If you encounter errors, then see  https://github.com/yt-dlp/yt-dlp#impersonation  for information on installing the required dependencies
WARNING: [youtube] YouTube said: ERROR - Precondition check failed.
WARNING: [youtube] HTTP Error 400: Bad Request. Retrying (1/3)...
WARNING: [youtube] YouTube said: ERROR - Precondition check failed.
WARNING: [youtube] HTTP Error 400: Bad Request. Retrying (2/3)...
WARNING: [youtube] YouTube said: ERROR - Precondition check failed.
WARNING: [youtube] HTTP Error 400: Bad Request. Retrying (3/3)...
WARNING: [youtube] YouTube said: ERROR - Precondition check failed.
WARNING: [youtube] Unable to download API page: HTTP Error 400: Bad Request (caused by <HTTPError 400: Bad Request>)
WARNING: [youtube] [jsc] Remote components challenge solver script (deno) and NPM package (deno) were skipped. These may be required to solve JS challenges. You can enable these downloads with  --remote-components ejs:github  (recommended) or  --remote-components ejs:npm , respectively. For more information and alternatives, refer to  https://github.com/yt-dlp/yt-dlp/wiki/EJS
WARNING: [youtube] lFOUxJaCcsI: n challenge solving failed: Some formats may be missing. Ensure you have a supported JavaScript runtime and challenge solver script distribution installed. Review any warnings presented before this message. For more details, refer to  https://github.com/yt-dlp/yt-dlp/wiki/EJS
WARNING: The extractor specified to use impersonation for this download, but no impersonate target is available. If you encounter errors, then see  https://github.com/yt-dlp/yt-dlp#impersonation  for information on installing the required dependencies
WARNING: [youtube] YouTube said: ERROR - Precondition check failed.
WARNING: [youtube] HTTP Error 400: Bad Request. Retrying (1/3)...
WARNING: [youtube] YouTube said: ERROR - Precondition check failed.
WARNING: [youtube] HTTP Error 400: Bad Request. Retrying (2/3)...
WARNING: [youtube] YouTube said: ERROR - Precondition check failed.
WARNING: [youtube] HTTP Error 400: Bad Request. Retrying (3/3)...
WARNING: [youtube] YouTube said: ERROR - Precondition check failed.
WARNING: [youtube] Unable to download API page: HTTP Error 400: Bad Request (caused by <HTTPError 400: Bad Request>)
WARNING: [youtube] [jsc] Remote components challenge solver script (deno) and NPM package (deno) were skipped. These may be required to solve JS challenges. You can enable these downloads with  --remote-components ejs:github  (recommended) or  --remote-components ejs:npm , respectively. For more information and alternatives, refer to  https://github.com/yt-dlp/yt-dlp/wiki/EJS
WARNING: [youtube] fYPAu8FI-ik: n challenge solving failed: Some formats may be missing. Ensure you have a supported JavaScript runtime and challenge solver script distribution installed. Review any warnings presented before this message. For more details, refer to  https://github.com/yt-dlp/yt-dlp/wiki/EJS
WARNING: The extractor specified to use impersonation for this download, but no impersonate target is available. If you encounter errors, then see  https://github.com/yt-dlp/yt-dlp#impersonation  for information on installing the required dependencies
WARNING: [youtube] YouTube said: ERROR - Precondition check failed.
WARNING: [youtube] HTTP Error 400: Bad Request. Retrying (1/3)...
WARNING: [youtube] YouTube said: ERROR - Precondition check failed.
WARNING: [youtube] HTTP Error 400: Bad Request. Retrying (2/3)...
WARNING: [youtube] YouTube said: ERROR - Precondition check failed.
WARNING: [youtube] HTTP Error 400: Bad Request. Retrying (3/3)...
WARNING: [youtube] YouTube said: ERROR - Precondition check failed.
WARNING: [youtube] Unable to download API page: HTTP Error 400: Bad Request (caused by <HTTPError 400: Bad Request>)
WARNING: [youtube] [jsc] Remote components challenge solver script (deno) and NPM package (deno) were skipped. These may be required to solve JS challenges. You can enable these downloads with  --remote-components ejs:github  (recommended) or  --remote-components ejs:npm , respectively. For more information and alternatives, refer to  https://github.com/yt-dlp/yt-dlp/wiki/EJS
WARNING: [youtube] SeDBVRJ_opk: n challenge solving failed: Some formats may be missing. Ensure you have a supported JavaScript runtime and challenge solver script distribution installed. Review any warnings presented before this message. For more details, refer to  https://github.com/yt-dlp/yt-dlp/wiki/EJS
WARNING: [youtube] YouTube said: ERROR - Precondition check failed.
WARNING: [youtube] HTTP Error 400: Bad Request. Retrying (1/3)...
WARNING: [youtube] YouTube said: ERROR - Precondition check failed.
WARNING: [youtube] HTTP Error 400: Bad Request. Retrying (2/3)...
WARNING: [youtube] YouTube said: ERROR - Precondition check failed.
WARNING: [youtube] HTTP Error 400: Bad Request. Retrying (3/3)...
WARNING: [youtube] YouTube said: ERROR - Precondition check failed.
WARNING: [youtube] Unable to download API page: HTTP Error 400: Bad Request (caused by <HTTPError 400: Bad Request>)
WARNING: [youtube] [jsc] Remote components challenge solver script (deno) and NPM package (deno) were skipped. These may be required to solve JS challenges. You can enable these downloads with  --remote-components ejs:github  (recommended) or  --remote-components ejs:npm , respectively. For more information and alternatives, refer to  https://github.com/yt-dlp/yt-dlp/wiki/EJS
WARNING: [youtube] SFG0uWGlcRs: n challenge solving failed: Some formats may be missing. Ensure you have a supported JavaScript runtime and challenge solver script distribution installed. Review any warnings presented before this message. For more details, refer to  https://github.com/yt-dlp/yt-dlp/wiki/EJS
WARNING: The extractor specified to use impersonation for this download, but no impersonate target is available. If you encounter errors, then see  https://github.com/yt-dlp/yt-dlp#impersonation  for information on installing the required dependencies
WARNING: [youtube] YouTube said: ERROR - Precondition check failed.
WARNING: [youtube] HTTP Error 400: Bad Request. Retrying (1/3)...
WARNING: [youtube] YouTube said: ERROR - Precondition check failed.
WARNING: [youtube] HTTP Error 400: Bad Request. Retrying (2/3)...
WARNING: [youtube] YouTube said: ERROR - Precondition check failed.
WARNING: [youtube] HTTP Error 400: Bad Request. Retrying (3/3)...
WARNING: [youtube] YouTube said: ERROR - Precondition check failed.
WARNING: [youtube] Unable to download API page: HTTP Error 400: Bad Request (caused by <HTTPError 400: Bad Request>)
WARNING: [youtube] [jsc] Remote components challenge solver script (deno) and NPM package (deno) were skipped. These may be required to solve JS challenges. You can enable these downloads with  --remote-components ejs:github  (recommended) or  --remote-components ejs:npm , respectively. For more information and alternatives, refer to  https://github.com/yt-dlp/yt-dlp/wiki/EJS
WARNING: [youtube] TOEvxeno08o: n challenge solving failed: Some formats may be missing. Ensure you have a supported JavaScript runtime and challenge solver script distribution installed. Review any warnings presented before this message. For more details, refer to  https://github.com/yt-dlp/yt-dlp/wiki/EJS
WARNING: The extractor specified to use impersonation for this download, but no impersonate target is available. If you encounter errors, then see  https://github.com/yt-dlp/yt-dlp#impersonation  for information on installing the required dependencies
WARNING: [youtube] YouTube said: ERROR - Precondition check failed.
WARNING: [youtube] HTTP Error 400: Bad Request. Retrying (1/3)...
WARNING: [youtube] YouTube said: ERROR - Precondition check failed.
WARNING: [youtube] HTTP Error 400: Bad Request. Retrying (2/3)...
WARNING: [youtube] YouTube said: ERROR - Precondition check failed.
WARNING: [youtube] HTTP Error 400: Bad Request. Retrying (3/3)...
WARNING: [youtube] YouTube said: ERROR - Precondition check failed.
WARNING: [youtube] Unable to download API page: HTTP Error 400: Bad Request (caused by <HTTPError 400: Bad Request>)
WARNING: [youtube] 93fYXstDrjc: Some android_vr client https formats have been skipped as they are missing a URL. YouTube may have enabled the SABR-only streaming experiment for the current session. See  https://github.com/yt-dlp/yt-dlp/issues/12482  for more details
WARNING: [youtube] [jsc] Remote components challenge solver script (deno) and NPM package (deno) were skipped. These may be required to solve JS challenges. You can enable these downloads with  --remote-components ejs:github  (recommended) or  --remote-components ejs:npm , respectively. For more information and alternatives, refer to  https://github.com/yt-dlp/yt-dlp/wiki/EJS
WARNING: [youtube] 93fYXstDrjc: n challenge solving failed: Some formats may be missing. Ensure you have a supported JavaScript runtime and challenge solver script distribution installed. Review any warnings presented before this message. For more details, refer to  https://github.com/yt-dlp/yt-dlp/wiki/EJS
WARNING: The extractor specified to use impersonation for this download, but no impersonate target is available. If you encounter errors, then see  https://github.com/yt-dlp/yt-dlp#impersonation  for information on installing the required dependencies
WARNING: [youtube] YouTube said: ERROR - Precondition check failed.
WARNING: [youtube] HTTP Error 400: Bad Request. Retrying (1/3)...
WARNING: [youtube] YouTube said: ERROR - Precondition check failed.
WARNING: [youtube] HTTP Error 400: Bad Request. Retrying (2/3)...
WARNING: [youtube] YouTube said: ERROR - Precondition check failed.
WARNING: [youtube] HTTP Error 400: Bad Request. Retrying (3/3)...
WARNING: [youtube] YouTube said: ERROR - Precondition check failed.
WARNING: [youtube] Unable to download API page: HTTP Error 400: Bad Request (caused by <HTTPError 400: Bad Request>)
ERROR: [youtube] b_Z_gz8XdyM: Join this channel to get access to members-only content like this video, and other exclusive perks.
WARNING: [youtube] YouTube said: ERROR - Precondition check failed.
WARNING: [youtube] HTTP Error 400: Bad Request. Retrying (1/3)...
WARNING: [youtube] YouTube said: ERROR - Precondition check failed.
WARNING: [youtube] HTTP Error 400: Bad Request. Retrying (2/3)...
WARNING: [youtube] YouTube said: ERROR - Precondition check failed.
WARNING: [youtube] HTTP Error 400: Bad Request. Retrying (3/3)...
WARNING: [youtube] YouTube said: ERROR - Precondition check failed.
WARNING: [youtube] Unable to download API page: HTTP Error 400: Bad Request (caused by <HTTPError 400: Bad Request>)
WARNING: [youtube] [jsc] Remote components challenge solver script (deno) and NPM package (deno) were skipped. These may be required to solve JS challenges. You can enable these downloads with  --remote-components ejs:github  (recommended) or  --remote-components ejs:npm , respectively. For more information and alternatives, refer to  https://github.com/yt-dlp/yt-dlp/wiki/EJS
WARNING: [youtube] be5KYtK4DIs: n challenge solving failed: Some formats may be missing. Ensure you have a supported JavaScript runtime and challenge solver script distribution installed. Review any warnings presented before this message. For more details, refer to  https://github.com/yt-dlp/yt-dlp/wiki/EJS
WARNING: The extractor specified to use impersonation for this download, but no impersonate target is available. If you encounter errors, then see  https://github.com/yt-dlp/yt-dlp#impersonation  for information on installing the required dependencies
WARNING: [youtube] YouTube said: ERROR - Precondition check failed.
WARNING: [youtube] HTTP Error 400: Bad Request. Retrying (1/3)...
WARNING: [youtube] YouTube said: ERROR - Precondition check failed.
WARNING: [youtube] HTTP Error 400: Bad Request. Retrying (2/3)...
WARNING: [youtube] YouTube said: ERROR - Precondition check failed.
WARNING: [youtube] HTTP Error 400: Bad Request. Retrying (3/3)...
WARNING: [youtube] YouTube said: ERROR - Precondition check failed.
WARNING: [youtube] Unable to download API page: HTTP Error 400: Bad Request (caused by <HTTPError 400: Bad Request>)
WARNING: [youtube] [jsc] Remote components challenge solver script (deno) and NPM package (deno) were skipped. These may be required to solve JS challenges. You can enable these downloads with  --remote-components ejs:github  (recommended) or  --remote-components ejs:npm , respectively. For more information and alternatives, refer to  https://github.com/yt-dlp/yt-dlp/wiki/EJS
WARNING: [youtube] 9SmAK3FZ1ps: n challenge solving failed: Some formats may be missing. Ensure you have a supported JavaScript runtime and challenge solver script distribution installed. Review any warnings presented before this message. For more details, refer to  https://github.com/yt-dlp/yt-dlp/wiki/EJS
WARNING: The extractor specified to use impersonation for this download, but no impersonate target is available. If you encounter errors, then see  https://github.com/yt-dlp/yt-dlp#impersonation  for information on installing the required dependencies
WARNING: [youtube] YouTube said: ERROR - Precondition check failed.
WARNING: [youtube] HTTP Error 400: Bad Request. Retrying (1/3)...
WARNING: [youtube] YouTube said: ERROR - Precondition check failed.
WARNING: [youtube] HTTP Error 400: Bad Request. Retrying (2/3)...
WARNING: [youtube] YouTube said: ERROR - Precondition check failed.
WARNING: [youtube] HTTP Error 400: Bad Request. Retrying (3/3)...
WARNING: [youtube] YouTube said: ERROR - Precondition check failed.
WARNING: [youtube] Unable to download API page: HTTP Error 400: Bad Request (caused by <HTTPError 400: Bad Request>)
WARNING: [youtube] BS7reruScF0: Some android_vr client https formats have been skipped as they are missing a URL. YouTube may have enabled the SABR-only streaming experiment for the current session. See  https://github.com/yt-dlp/yt-dlp/issues/12482  for more details
WARNING: [youtube] [jsc] Remote components challenge solver script (deno) and NPM package (deno) were skipped. These may be required to solve JS challenges. You can enable these downloads with  --remote-components ejs:github  (recommended) or  --remote-components ejs:npm , respectively. For more information and alternatives, refer to  https://github.com/yt-dlp/yt-dlp/wiki/EJS
WARNING: [youtube] BS7reruScF0: n challenge solving failed: Some formats may be missing. Ensure you have a supported JavaScript runtime and challenge solver script distribution installed. Review any warnings presented before this message. For more details, refer to  https://github.com/yt-dlp/yt-dlp/wiki/EJS
WARNING: The extractor specified to use impersonation for this download, but no impersonate target is available. If you encounter errors, then see  https://github.com/yt-dlp/yt-dlp#impersonation  for information on installing the required dependencies
WARNING: [youtube] YouTube said: ERROR - Precondition check failed.
WARNING: [youtube] HTTP Error 400: Bad Request. Retrying (1/3)...
WARNING: [youtube] YouTube said: ERROR - Precondition check failed.
WARNING: [youtube] HTTP Error 400: Bad Request. Retrying (2/3)...
WARNING: [youtube] YouTube said: ERROR - Precondition check failed.
WARNING: [youtube] HTTP Error 400: Bad Request. Retrying (3/3)...
WARNING: [youtube] YouTube said: ERROR - Precondition check failed.
WARNING: [youtube] Unable to download API page: HTTP Error 400: Bad Request (caused by <HTTPError 400: Bad Request>)
WARNING: [youtube] [jsc] Remote components challenge solver script (deno) and NPM package (deno) were skipped. These may be required to solve JS challenges. You can enable these downloads with  --remote-components ejs:github  (recommended) or  --remote-components ejs:npm , respectively. For more information and alternatives, refer to  https://github.com/yt-dlp/yt-dlp/wiki/EJS
WARNING: [youtube] ciUuRlW6Rek: n challenge solving failed: Some formats may be missing. Ensure you have a supported JavaScript runtime and challenge solver script distribution installed. Review any warnings presented before this message. For more details, refer to  https://github.com/yt-dlp/yt-dlp/wiki/EJS
WARNING: The extractor specified to use impersonation for this download, but no impersonate target is available. If you encounter errors, then see  https://github.com/yt-dlp/yt-dlp#impersonation  for information on installing the required dependencies
WARNING: [youtube] YouTube said: ERROR - Precondition check failed.
WARNING: [youtube] HTTP Error 400: Bad Request. Retrying (1/3)...
WARNING: [youtube] YouTube said: ERROR - Precondition check failed.
WARNING: [youtube] HTTP Error 400: Bad Request. Retrying (2/3)...
WARNING: [youtube] YouTube said: ERROR - Precondition check failed.
WARNING: [youtube] HTTP Error 400: Bad Request. Retrying (3/3)...
WARNING: [youtube] YouTube said: ERROR - Precondition check failed.
WARNING: [youtube] Unable to download API page: HTTP Error 400: Bad Request (caused by <HTTPError 400: Bad Request>)
WARNING: [youtube] [jsc] Remote components challenge solver script (deno) and NPM package (deno) were skipped. These may be required to solve JS challenges. You can enable these downloads with  --remote-components ejs:github  (recommended) or  --remote-components ejs:npm , respectively. For more information and alternatives, refer to  https://github.com/yt-dlp/yt-dlp/wiki/EJS
WARNING: [youtube] 4eoqEoKqdhE: n challenge solving failed: Some formats may be missing. Ensure you have a supported JavaScript runtime and challenge solver script distribution installed. Review any warnings presented before this message. For more details, refer to  https://github.com/yt-dlp/yt-dlp/wiki/EJS
WARNING: The extractor specified to use impersonation for this download, but no impersonate target is available. If you encounter errors, then see  https://github.com/yt-dlp/yt-dlp#impersonation  for information on installing the required dependencies
WARNING: [youtube] YouTube said: ERROR - Precondition check failed.
WARNING: [youtube] HTTP Error 400: Bad Request. Retrying (1/3)...
WARNING: [youtube] YouTube said: ERROR - Precondition check failed.
WARNING: [youtube] HTTP Error 400: Bad Request. Retrying (2/3)...
WARNING: [youtube] YouTube said: ERROR - Precondition check failed.
WARNING: [youtube] HTTP Error 400: Bad Request. Retrying (3/3)...
WARNING: [youtube] YouTube said: ERROR - Precondition check failed.
WARNING: [youtube] Unable to download API page: HTTP Error 400: Bad Request (caused by <HTTPError 400: Bad Request>)
WARNING: [youtube] _41c78Z_COk: Some android_vr client https formats have been skipped as they are missing a URL. YouTube may have enabled the SABR-only streaming experiment for the current session. See  https://github.com/yt-dlp/yt-dlp/issues/12482  for more details
WARNING: [youtube] [jsc] Error solving n challenge request using "deno" provider: Failed to load player for JS challenge: _41c78Z_COk: Error reading response: HTTPSConnectionPool(host='www.youtube.com', port=443): Read timed out. (caused by TransportError("HTTPSConnectionPool(host='www.youtube.com', port=443): Read timed out.")).
         input = NChallengeInput(player_url='https://www.youtube.com/s/player/e42f4bf8/player_ias.vflset/en_US/base.js', challenges=['7sTDr0yu57O4KI4v', 'D8jFQaW9CSosqX8y', 'Daq2OLRNIqGFONZ2'])
         Please report this issue on  https://github.com/yt-dlp/yt-dlp/issues?q= , filling out the appropriate issue template. Confirm you are on the latest version using  yt-dlp -U
WARNING: [youtube] _41c78Z_COk: n challenge solving failed: Some formats may be missing. Ensure you have a supported JavaScript runtime and challenge solver script distribution installed. Review any warnings presented before this message. For more details, refer to  https://github.com/yt-dlp/yt-dlp/wiki/EJS
WARNING: [youtube] YouTube said: ERROR - Precondition check failed.
WARNING: [youtube] HTTP Error 400: Bad Request. Retrying (1/3)...
WARNING: [youtube] YouTube said: ERROR - Precondition check failed.
WARNING: [youtube] HTTP Error 400: Bad Request. Retrying (2/3)...
WARNING: [youtube] YouTube said: ERROR - Precondition check failed.
WARNING: [youtube] HTTP Error 400: Bad Request. Retrying (3/3)...
WARNING: [youtube] YouTube said: ERROR - Precondition check failed.
WARNING: [youtube] Unable to download API page: HTTP Error 400: Bad Request (caused by <HTTPError 400: Bad Request>)
WARNING: [youtube] AxH-oFZQMRs: Some android_vr client https formats have been skipped as they are missing a URL. YouTube may have enabled the SABR-only streaming experiment for the current session. See  https://github.com/yt-dlp/yt-dlp/issues/12482  for more details
WARNING: [youtube] [jsc] Remote components challenge solver script (deno) and NPM package (deno) were skipped. These may be required to solve JS challenges. You can enable these downloads with  --remote-components ejs:github  (recommended) or  --remote-components ejs:npm , respectively. For more information and alternatives, refer to  https://github.com/yt-dlp/yt-dlp/wiki/EJS
WARNING: [youtube] AxH-oFZQMRs: n challenge solving failed: Some formats may be missing. Ensure you have a supported JavaScript runtime and challenge solver script distribution installed. Review any warnings presented before this message. For more details, refer to  https://github.com/yt-dlp/yt-dlp/wiki/EJS
WARNING: The extractor specified to use impersonation for this download, but no impersonate target is available. If you encounter errors, then see  https://github.com/yt-dlp/yt-dlp#impersonation  for information on installing the required dependencies
WARNING: [youtube] YouTube said: ERROR - Precondition check failed.
WARNING: [youtube] HTTP Error 400: Bad Request. Retrying (1/3)...
WARNING: [youtube] YouTube said: ERROR - Precondition check failed.
WARNING: [youtube] HTTP Error 400: Bad Request. Retrying (2/3)...
WARNING: [youtube] YouTube said: ERROR - Precondition check failed.
WARNING: [youtube] HTTP Error 400: Bad Request. Retrying (3/3)...
WARNING: [youtube] YouTube said: ERROR - Precondition check failed.
WARNING: [youtube] Unable to download API page: HTTP Error 400: Bad Request (caused by <HTTPError 400: Bad Request>)
WARNING: [youtube] [jsc] Remote components challenge solver script (deno) and NPM package (deno) were skipped. These may be required to solve JS challenges. You can enable these downloads with  --remote-components ejs:github  (recommended) or  --remote-components ejs:npm , respectively. For more information and alternatives, refer to  https://github.com/yt-dlp/yt-dlp/wiki/EJS
WARNING: [youtube] H9sQ6B-hxBk: n challenge solving failed: Some formats may be missing. Ensure you have a supported JavaScript runtime and challenge solver script distribution installed. Review any warnings presented before this message. For more details, refer to  https://github.com/yt-dlp/yt-dlp/wiki/EJS
WARNING: The extractor specified to use impersonation for this download, but no impersonate target is available. If you encounter errors, then see  https://github.com/yt-dlp/yt-dlp#impersonation  for information on installing the required dependencies
WARNING: [youtube] YouTube said: ERROR - Precondition check failed.
WARNING: [youtube] HTTP Error 400: Bad Request. Retrying (1/3)...
WARNING: [youtube] YouTube said: ERROR - Precondition check failed.
WARNING: [youtube] HTTP Error 400: Bad Request. Retrying (2/3)...
WARNING: [youtube] YouTube said: ERROR - Precondition check failed.
WARNING: [youtube] HTTP Error 400: Bad Request. Retrying (3/3)...
WARNING: [youtube] YouTube said: ERROR - Precondition check failed.
WARNING: [youtube] Unable to download API page: HTTP Error 400: Bad Request (caused by <HTTPError 400: Bad Request>)
WARNING: [youtube] [jsc] Remote components challenge solver script (deno) and NPM package (deno) were skipped. These may be required to solve JS challenges. You can enable these downloads with  --remote-components ejs:github  (recommended) or  --remote-components ejs:npm , respectively. For more information and alternatives, refer to  https://github.com/yt-dlp/yt-dlp/wiki/EJS
WARNING: [youtube] tVdJojeRQN8: n challenge solving failed: Some formats may be missing. Ensure you have a supported JavaScript runtime and challenge solver script distribution installed. Review any warnings presented before this message. For more details, refer to  https://github.com/yt-dlp/yt-dlp/wiki/EJS
WARNING: [youtube] YouTube said: ERROR - Precondition check failed.
WARNING: [youtube] HTTP Error 400: Bad Request. Retrying (1/3)...
WARNING: [youtube] YouTube said: ERROR - Precondition check failed.
WARNING: [youtube] HTTP Error 400: Bad Request. Retrying (2/3)...
WARNING: [youtube] YouTube said: ERROR - Precondition check failed.
WARNING: [youtube] HTTP Error 400: Bad Request. Retrying (3/3)...
WARNING: [youtube] YouTube said: ERROR - Precondition check failed.
WARNING: [youtube] Unable to download API page: HTTP Error 400: Bad Request (caused by <HTTPError 400: Bad Request>)
WARNING: [youtube] [jsc] Remote components challenge solver script (deno) and NPM package (deno) were skipped. These may be required to solve JS challenges. You can enable these downloads with  --remote-components ejs:github  (recommended) or  --remote-components ejs:npm , respectively. For more information and alternatives, refer to  https://github.com/yt-dlp/yt-dlp/wiki/EJS
WARNING: [youtube] m7Uqd8BUgFc: n challenge solving failed: Some formats may be missing. Ensure you have a supported JavaScript runtime and challenge solver script distribution installed. Review any warnings presented before this message. For more details, refer to  https://github.com/yt-dlp/yt-dlp/wiki/EJS
WARNING: The extractor specified to use impersonation for this download, but no impersonate target is available. If you encounter errors, then see  https://github.com/yt-dlp/yt-dlp#impersonation  for information on installing the required dependencies
WARNING: [youtube] YouTube said: ERROR - Precondition check failed.
WARNING: [youtube] HTTP Error 400: Bad Request. Retrying (1/3)...
WARNING: [youtube] YouTube said: ERROR - Precondition check failed.
WARNING: [youtube] HTTP Error 400: Bad Request. Retrying (2/3)...
WARNING: [youtube] YouTube said: ERROR - Precondition check failed.
WARNING: [youtube] HTTP Error 400: Bad Request. Retrying (3/3)...
WARNING: [youtube] YouTube said: ERROR - Precondition check failed.
WARNING: [youtube] Unable to download API page: HTTP Error 400: Bad Request (caused by <HTTPError 400: Bad Request>)
WARNING: [youtube] [jsc] Remote components challenge solver script (deno) and NPM package (deno) were skipped. These may be required to solve JS challenges. You can enable these downloads with  --remote-components ejs:github  (recommended) or  --remote-components ejs:npm , respectively. For more information and alternatives, refer to  https://github.com/yt-dlp/yt-dlp/wiki/EJS
WARNING: [youtube] RLuE_31cSgM: n challenge solving failed: Some formats may be missing. Ensure you have a supported JavaScript runtime and challenge solver script distribution installed. Review any warnings presented before this message. For more details, refer to  https://github.com/yt-dlp/yt-dlp/wiki/EJS
WARNING: [youtube] YouTube said: ERROR - Precondition check failed.
WARNING: [youtube] HTTP Error 400: Bad Request. Retrying (1/3)...
WARNING: [youtube] YouTube said: ERROR - Precondition check failed.
WARNING: [youtube] HTTP Error 400: Bad Request. Retrying (2/3)...
WARNING: [youtube] YouTube said: ERROR - Precondition check failed.
WARNING: [youtube] HTTP Error 400: Bad Request. Retrying (3/3)...
WARNING: [youtube] YouTube said: ERROR - Precondition check failed.
WARNING: [youtube] Unable to download API page: HTTP Error 400: Bad Request (caused by <HTTPError 400: Bad Request>)
ERROR: [youtube] QG6P5dXAoEI: Join this channel to get access to members-only content like this video, and other exclusive perks.
WARNING: [youtube] YouTube said: ERROR - Precondition check failed.
WARNING: [youtube] HTTP Error 400: Bad Request. Retrying (1/3)...
WARNING: [youtube] YouTube said: ERROR - Precondition check failed.
WARNING: [youtube] HTTP Error 400: Bad Request. Retrying (2/3)...
WARNING: [youtube] YouTube said: ERROR - Precondition check failed.
WARNING: [youtube] HTTP Error 400: Bad Request. Retrying (3/3)...
WARNING: [youtube] YouTube said: ERROR - Precondition check failed.
WARNING: [youtube] Unable to download API page: HTTP Error 400: Bad Request (caused by <HTTPError 400: Bad Request>)
WARNING: [youtube] [jsc] Remote components challenge solver script (deno) and NPM package (deno) were skipped. These may be required to solve JS challenges. You can enable these downloads with  --remote-components ejs:github  (recommended) or  --remote-components ejs:npm , respectively. For more information and alternatives, refer to  https://github.com/yt-dlp/yt-dlp/wiki/EJS
WARNING: [youtube] l6D3IoPtq2E: n challenge solving failed: Some formats may be missing. Ensure you have a supported JavaScript runtime and challenge solver script distribution installed. Review any warnings presented before this message. For more details, refer to  https://github.com/yt-dlp/yt-dlp/wiki/EJS
WARNING: The extractor specified to use impersonation for this download, but no impersonate target is available. If you encounter errors, then see  https://github.com/yt-dlp/yt-dlp#impersonation  for information on installing the required dependencies
WARNING: [youtube] YouTube said: ERROR - Precondition check failed.
WARNING: [youtube] HTTP Error 400: Bad Request. Retrying (1/3)...
WARNING: [youtube] YouTube said: ERROR - Precondition check failed.
WARNING: [youtube] HTTP Error 400: Bad Request. Retrying (2/3)...
WARNING: [youtube] YouTube said: ERROR - Precondition check failed.
WARNING: [youtube] HTTP Error 400: Bad Request. Retrying (3/3)...
WARNING: [youtube] YouTube said: ERROR - Precondition check failed.
WARNING: [youtube] Unable to download API page: HTTP Error 400: Bad Request (caused by <HTTPError 400: Bad Request>)
WARNING: [youtube] [jsc] Remote components challenge solver script (deno) and NPM package (deno) were skipped. These may be required to solve JS challenges. You can enable these downloads with  --remote-components ejs:github  (recommended) or  --remote-components ejs:npm , respectively. For more information and alternatives, refer to  https://github.com/yt-dlp/yt-dlp/wiki/EJS
WARNING: [youtube] OXJHX0pGUh4: n challenge solving failed: Some formats may be missing. Ensure you have a supported JavaScript runtime and challenge solver script distribution installed. Review any warnings presented before this message. For more details, refer to  https://github.com/yt-dlp/yt-dlp/wiki/EJS
WARNING: The extractor specified to use impersonation for this download, but no impersonate target is available. If you encounter errors, then see  https://github.com/yt-dlp/yt-dlp#impersonation  for information on installing the required dependencies
WARNING: [youtube] YouTube said: ERROR - Precondition check failed.
WARNING: [youtube] HTTP Error 400: Bad Request. Retrying (1/3)...
WARNING: [youtube] YouTube said: ERROR - Precondition check failed.
WARNING: [youtube] HTTP Error 400: Bad Request. Retrying (2/3)...
WARNING: [youtube] YouTube said: ERROR - Precondition check failed.
WARNING: [youtube] HTTP Error 400: Bad Request. Retrying (3/3)...
WARNING: [youtube] YouTube said: ERROR - Precondition check failed.
WARNING: [youtube] Unable to download API page: HTTP Error 400: Bad Request (caused by <HTTPError 400: Bad Request>)
WARNING: [youtube] [jsc] Remote components challenge solver script (deno) and NPM package (deno) were skipped. These may be required to solve JS challenges. You can enable these downloads with  --remote-components ejs:github  (recommended) or  --remote-components ejs:npm , respectively. For more information and alternatives, refer to  https://github.com/yt-dlp/yt-dlp/wiki/EJS
WARNING: [youtube] vrwUmz-2TmA: n challenge solving failed: Some formats may be missing. Ensure you have a supported JavaScript runtime and challenge solver script distribution installed. Review any warnings presented before this message. For more details, refer to  https://github.com/yt-dlp/yt-dlp/wiki/EJS
WARNING: The extractor specified to use impersonation for this download, but no impersonate target is available. If you encounter errors, then see  https://github.com/yt-dlp/yt-dlp#impersonation  for information on installing the required dependencies
WARNING: [youtube] YouTube said: ERROR - Precondition check failed.
WARNING: [youtube] HTTP Error 400: Bad Request. Retrying (1/3)...
WARNING: [youtube] YouTube said: ERROR - Precondition check failed.
WARNING: [youtube] HTTP Error 400: Bad Request. Retrying (2/3)...
WARNING: [youtube] YouTube said: ERROR - Precondition check failed.
WARNING: [youtube] HTTP Error 400: Bad Request. Retrying (3/3)...
WARNING: [youtube] YouTube said: ERROR - Precondition check failed.
WARNING: [youtube] Unable to download API page: HTTP Error 400: Bad Request (caused by <HTTPError 400: Bad Request>)
WARNING: [youtube] _CBpWSlJ9HI: Some android_vr client https formats have been skipped as they are missing a URL. YouTube may have enabled the SABR-only streaming experiment for the current session. See  https://github.com/yt-dlp/yt-dlp/issues/12482  for more details
WARNING: [youtube] [jsc] Remote components challenge solver script (deno) and NPM package (deno) were skipped. These may be required to solve JS challenges. You can enable these downloads with  --remote-components ejs:github  (recommended) or  --remote-components ejs:npm , respectively. For more information and alternatives, refer to  https://github.com/yt-dlp/yt-dlp/wiki/EJS
WARNING: [youtube] _CBpWSlJ9HI: n challenge solving failed: Some formats may be missing. Ensure you have a supported JavaScript runtime and challenge solver script distribution installed. Review any warnings presented before this message. For more details, refer to  https://github.com/yt-dlp/yt-dlp/wiki/EJS
WARNING: The extractor specified to use impersonation for this download, but no impersonate target is available. If you encounter errors, then see  https://github.com/yt-dlp/yt-dlp#impersonation  for information on installing the required dependencies
============================================================
YouTube 專家知識庫爬蟲 (多量版) 2026-03-13 01:58:53
每頻道抓取: 50 部
============================================================

[阿銘師x針還傳] 抓取中...
WARNING: [youtube] YouTube said: ERROR - Precondition check failed.
WARNING: [youtube] HTTP Error 400: Bad Request. Retrying (1/3)...
WARNING: [youtube] YouTube said: ERROR - Precondition check failed.
WARNING: [youtube] HTTP Error 400: Bad Request. Retrying (2/3)...
WARNING: [youtube] YouTube said: ERROR - Precondition check failed.
WARNING: [youtube] HTTP Error 400: Bad Request. Retrying (3/3)...
WARNING: [youtube] YouTube said: ERROR - Precondition check failed.
WARNING: [youtube] Unable to download API page: HTTP Error 400: Bad Request (caused by <HTTPError 400: Bad Request>)
WARNING: [youtube] [jsc] Remote components challenge solver script (deno) and NPM package (deno) were skipped. These may be required to solve JS challenges. You can enable these downloads with  --remote-components ejs:github  (recommended) or  --remote-components ejs:npm , respectively. For more information and alternatives, refer to  https://github.com/yt-dlp/yt-dlp/wiki/EJS
WARNING: [youtube] I5bwVUmF974: n challenge solving failed: Some formats may be missing. Ensure you have a supported JavaScript runtime and challenge solver script distribution installed. Review any warnings presented before this message. For more details, refer to  https://github.com/yt-dlp/yt-dlp/wiki/EJS
WARNING: [youtube] YouTube said: ERROR - Precondition check failed.
WARNING: [youtube] HTTP Error 400: Bad Request. Retrying (1/3)...
WARNING: [youtube] YouTube said: ERROR - Precondition check failed.
WARNING: [youtube] HTTP Error 400: Bad Request. Retrying (2/3)...
WARNING: [youtube] YouTube said: ERROR - Precondition check failed.
WARNING: [youtube] HTTP Error 400: Bad Request. Retrying (3/3)...
WARNING: [youtube] YouTube said: ERROR - Precondition check failed.
WARNING: [youtube] Unable to download API page: HTTP Error 400: Bad Request (caused by <HTTPError 400: Bad Request>)
WARNING: [youtube] [jsc] Remote components challenge solver script (deno) and NPM package (deno) were skipped. These may be required to solve JS challenges. You can enable these downloads with  --remote-components ejs:github  (recommended) or  --remote-components ejs:npm , respectively. For more information and alternatives, refer to  https://github.com/yt-dlp/yt-dlp/wiki/EJS
WARNING: [youtube] FqXdZpn2fbM: n challenge solving failed: Some formats may be missing. Ensure you have a supported JavaScript runtime and challenge solver script distribution installed. Review any warnings presented before this message. For more details, refer to  https://github.com/yt-dlp/yt-dlp/wiki/EJS
WARNING: [youtube] YouTube said: ERROR - Precondition check failed.
WARNING: [youtube] HTTP Error 400: Bad Request. Retrying (1/3)...
WARNING: [youtube] YouTube said: ERROR - Precondition check failed.
WARNING: [youtube] HTTP Error 400: Bad Request. Retrying (2/3)...
WARNING: [youtube] YouTube said: ERROR - Precondition check failed.
WARNING: [youtube] HTTP Error 400: Bad Request. Retrying (3/3)...
WARNING: [youtube] YouTube said: ERROR - Precondition check failed.
WARNING: [youtube] Unable to download API page: HTTP Error 400: Bad Request (caused by <HTTPError 400: Bad Request>)
WARNING: [youtube] [jsc] Remote components challenge solver script (deno) and NPM package (deno) were skipped. These may be required to solve JS challenges. You can enable these downloads with  --remote-components ejs:github  (recommended) or  --remote-components ejs:npm , respectively. For more information and alternatives, refer to  https://github.com/yt-dlp/yt-dlp/wiki/EJS
WARNING: [youtube] EsG7n04uNaw: n challenge solving failed: Some formats may be missing. Ensure you have a supported JavaScript runtime and challenge solver script distribution installed. Review any warnings presented before this message. For more details, refer to  https://github.com/yt-dlp/yt-dlp/wiki/EJS
WARNING: [youtube] YouTube said: ERROR - Precondition check failed.
WARNING: [youtube] HTTP Error 400: Bad Request. Retrying (1/3)...
WARNING: [youtube] YouTube said: ERROR - Precondition check failed.
WARNING: [youtube] HTTP Error 400: Bad Request. Retrying (2/3)...
WARNING: [youtube] YouTube said: ERROR - Precondition check failed.
WARNING: [youtube] HTTP Error 400: Bad Request. Retrying (3/3)...
WARNING: [youtube] YouTube said: ERROR - Precondition check failed.
WARNING: [youtube] Unable to download API page: HTTP Error 400: Bad Request (caused by <HTTPError 400: Bad Request>)
WARNING: [youtube] [jsc] Remote components challenge solver script (deno) and NPM package (deno) were skipped. These may be required to solve JS challenges. You can enable these downloads with  --remote-components ejs:github  (recommended) or  --remote-components ejs:npm , respectively. For more information and alternatives, refer to  https://github.com/yt-dlp/yt-dlp/wiki/EJS
WARNING: [youtube] V3B2UOcmaFc: n challenge solving failed: Some formats may be missing. Ensure you have a supported JavaScript runtime and challenge solver script distribution installed. Review any warnings presented before this message. For more details, refer to  https://github.com/yt-dlp/yt-dlp/wiki/EJS
WARNING: [youtube] YouTube said: ERROR - Precondition check failed.
WARNING: [youtube] HTTP Error 400: Bad Request. Retrying (1/3)...
WARNING: [youtube] YouTube said: ERROR - Precondition check failed.
WARNING: [youtube] HTTP Error 400: Bad Request. Retrying (2/3)...
WARNING: [youtube] YouTube said: ERROR - Precondition check failed.
WARNING: [youtube] HTTP Error 400: Bad Request. Retrying (3/3)...
WARNING: [youtube] YouTube said: ERROR - Precondition check failed.
WARNING: [youtube] Unable to download API page: HTTP Error 400: Bad Request (caused by <HTTPError 400: Bad Request>)
WARNING: [youtube] [jsc] Remote components challenge solver script (deno) and NPM package (deno) were skipped. These may be required to solve JS challenges. You can enable these downloads with  --remote-components ejs:github  (recommended) or  --remote-components ejs:npm , respectively. For more information and alternatives, refer to  https://github.com/yt-dlp/yt-dlp/wiki/EJS
WARNING: [youtube] rFwmOcWHQUc: n challenge solving failed: Some formats may be missing. Ensure you have a supported JavaScript runtime and challenge solver script distribution installed. Review any warnings presented before this message. For more details, refer to  https://github.com/yt-dlp/yt-dlp/wiki/EJS
WARNING: [youtube] YouTube said: ERROR - Precondition check failed.
WARNING: [youtube] HTTP Error 400: Bad Request. Retrying (1/3)...
WARNING: [youtube] YouTube said: ERROR - Precondition check failed.
WARNING: [youtube] HTTP Error 400: Bad Request. Retrying (2/3)...
WARNING: [youtube] YouTube said: ERROR - Precondition check failed.
WARNING: [youtube] HTTP Error 400: Bad Request. Retrying (3/3)...
WARNING: [youtube] YouTube said: ERROR - Precondition check failed.
WARNING: [youtube] Unable to download API page: HTTP Error 400: Bad Request (caused by <HTTPError 400: Bad Request>)
WARNING: [youtube] tAVIf0bPUVM: Some android_vr client https formats have been skipped as they are missing a URL. YouTube may have enabled the SABR-only streaming experiment for the current session. See  https://github.com/yt-dlp/yt-dlp/issues/12482  for more details
WARNING: [youtube] [jsc] Remote components challenge solver script (deno) and NPM package (deno) were skipped. These may be required to solve JS challenges. You can enable these downloads with  --remote-components ejs:github  (recommended) or  --remote-components ejs:npm , respectively. For more information and alternatives, refer to  https://github.com/yt-dlp/yt-dlp/wiki/EJS
WARNING: [youtube] tAVIf0bPUVM: n challenge solving failed: Some formats may be missing. Ensure you have a supported JavaScript runtime and challenge solver script distribution installed. Review any warnings presented before this message. For more details, refer to  https://github.com/yt-dlp/yt-dlp/wiki/EJS
WARNING: [youtube] YouTube said: ERROR - Precondition check failed.
WARNING: [youtube] HTTP Error 400: Bad Request. Retrying (1/3)...
WARNING: [youtube] YouTube said: ERROR - Precondition check failed.
WARNING: [youtube] HTTP Error 400: Bad Request. Retrying (2/3)...
WARNING: [youtube] YouTube said: ERROR - Precondition check failed.
WARNING: [youtube] HTTP Error 400: Bad Request. Retrying (3/3)...
WARNING: [youtube] YouTube said: ERROR - Precondition check failed.
WARNING: [youtube] Unable to download API page: HTTP Error 400: Bad Request (caused by <HTTPError 400: Bad Request>)
WARNING: [youtube] [jsc] Remote components challenge solver script (deno) and NPM package (deno) were skipped. These may be required to solve JS challenges. You can enable these downloads with  --remote-components ejs:github  (recommended) or  --remote-components ejs:npm , respectively. For more information and alternatives, refer to  https://github.com/yt-dlp/yt-dlp/wiki/EJS
WARNING: [youtube] wD9NiMi1AKg: n challenge solving failed: Some formats may be missing. Ensure you have a supported JavaScript runtime and challenge solver script distribution installed. Review any warnings presented before this message. For more details, refer to  https://github.com/yt-dlp/yt-dlp/wiki/EJS
WARNING: [youtube] YouTube said: ERROR - Precondition check failed.
WARNING: [youtube] HTTP Error 400: Bad Request. Retrying (1/3)...
WARNING: [youtube] YouTube said: ERROR - Precondition check failed.
WARNING: [youtube] HTTP Error 400: Bad Request. Retrying (2/3)...
WARNING: [youtube] YouTube said: ERROR - Precondition check failed.
WARNING: [youtube] HTTP Error 400: Bad Request. Retrying (3/3)...
WARNING: [youtube] YouTube said: ERROR - Precondition check failed.
WARNING: [youtube] Unable to download API page: HTTP Error 400: Bad Request (caused by <HTTPError 400: Bad Request>)
WARNING: [youtube] [jsc] Remote components challenge solver script (deno) and NPM package (deno) were skipped. These may be required to solve JS challenges. You can enable these downloads with  --remote-components ejs:github  (recommended) or  --remote-components ejs:npm , respectively. For more information and alternatives, refer to  https://github.com/yt-dlp/yt-dlp/wiki/EJS
WARNING: [youtube] 42KI2yrwX-k: n challenge solving failed: Some formats may be missing. Ensure you have a supported JavaScript runtime and challenge solver script distribution installed. Review any warnings presented before this message. For more details, refer to  https://github.com/yt-dlp/yt-dlp/wiki/EJS
WARNING: [youtube] YouTube said: ERROR - Precondition check failed.
WARNING: [youtube] HTTP Error 400: Bad Request. Retrying (1/3)...
WARNING: [youtube] YouTube said: ERROR - Precondition check failed.
WARNING: [youtube] HTTP Error 400: Bad Request. Retrying (2/3)...
WARNING: [youtube] YouTube said: ERROR - Precondition check failed.
WARNING: [youtube] HTTP Error 400: Bad Request. Retrying (3/3)...
WARNING: [youtube] YouTube said: ERROR - Precondition check failed.
WARNING: [youtube] Unable to download API page: HTTP Error 400: Bad Request (caused by <HTTPError 400: Bad Request>)
WARNING: [youtube] [jsc] Remote components challenge solver script (deno) and NPM package (deno) were skipped. These may be required to solve JS challenges. You can enable these downloads with  --remote-components ejs:github  (recommended) or  --remote-components ejs:npm , respectively. For more information and alternatives, refer to  https://github.com/yt-dlp/yt-dlp/wiki/EJS
WARNING: [youtube] miceEZXE-A8: n challenge solving failed: Some formats may be missing. Ensure you have a supported JavaScript runtime and challenge solver script distribution installed. Review any warnings presented before this message. For more details, refer to  https://github.com/yt-dlp/yt-dlp/wiki/EJS
WARNING: [youtube] YouTube said: ERROR - Precondition check failed.
WARNING: [youtube] HTTP Error 400: Bad Request. Retrying (1/3)...
WARNING: [youtube] YouTube said: ERROR - Precondition check failed.
WARNING: [youtube] HTTP Error 400: Bad Request. Retrying (2/3)...
WARNING: [youtube] YouTube said: ERROR - Precondition check failed.
WARNING: [youtube] HTTP Error 400: Bad Request. Retrying (3/3)...
WARNING: [youtube] YouTube said: ERROR - Precondition check failed.
WARNING: [youtube] Unable to download API page: HTTP Error 400: Bad Request (caused by <HTTPError 400: Bad Request>)
WARNING: [youtube] [jsc] Remote components challenge solver script (deno) and NPM package (deno) were skipped. These may be required to solve JS challenges. You can enable these downloads with  --remote-components ejs:github  (recommended) or  --remote-components ejs:npm , respectively. For more information and alternatives, refer to  https://github.com/yt-dlp/yt-dlp/wiki/EJS
WARNING: [youtube] ttglUKfpl4g: n challenge solving failed: Some formats may be missing. Ensure you have a supported JavaScript runtime and challenge solver script distribution installed. Review any warnings presented before this message. For more details, refer to  https://github.com/yt-dlp/yt-dlp/wiki/EJS
WARNING: [youtube] YouTube said: ERROR - Precondition check failed.
WARNING: [youtube] HTTP Error 400: Bad Request. Retrying (1/3)...
WARNING: [youtube] YouTube said: ERROR - Precondition check failed.
WARNING: [youtube] HTTP Error 400: Bad Request. Retrying (2/3)...
WARNING: [youtube] YouTube said: ERROR - Precondition check failed.
WARNING: [youtube] HTTP Error 400: Bad Request. Retrying (3/3)...
WARNING: [youtube] YouTube said: ERROR - Precondition check failed.
WARNING: [youtube] Unable to download API page: HTTP Error 400: Bad Request (caused by <HTTPError 400: Bad Request>)
WARNING: [youtube] [jsc] Remote components challenge solver script (deno) and NPM package (deno) were skipped. These may be required to solve JS challenges. You can enable these downloads with  --remote-components ejs:github  (recommended) or  --remote-components ejs:npm , respectively. For more information and alternatives, refer to  https://github.com/yt-dlp/yt-dlp/wiki/EJS
WARNING: [youtube] 7mbSTASGEqg: n challenge solving failed: Some formats may be missing. Ensure you have a supported JavaScript runtime and challenge solver script distribution installed. Review any warnings presented before this message. For more details, refer to  https://github.com/yt-dlp/yt-dlp/wiki/EJS
WARNING: [youtube] YouTube said: ERROR - Precondition check failed.
WARNING: [youtube] HTTP Error 400: Bad Request. Retrying (1/3)...
WARNING: [youtube] YouTube said: ERROR - Precondition check failed.
WARNING: [youtube] HTTP Error 400: Bad Request. Retrying (2/3)...
WARNING: [youtube] YouTube said: ERROR - Precondition check failed.
WARNING: [youtube] HTTP Error 400: Bad Request. Retrying (3/3)...
WARNING: [youtube] YouTube said: ERROR - Precondition check failed.
WARNING: [youtube] Unable to download API page: HTTP Error 400: Bad Request (caused by <HTTPError 400: Bad Request>)
WARNING: [youtube] [jsc] Remote components challenge solver script (deno) and NPM package (deno) were skipped. These may be required to solve JS challenges. You can enable these downloads with  --remote-components ejs:github  (recommended) or  --remote-components ejs:npm , respectively. For more information and alternatives, refer to  https://github.com/yt-dlp/yt-dlp/wiki/EJS
WARNING: [youtube] MsvxzmQbW94: n challenge solving failed: Some formats may be missing. Ensure you have a supported JavaScript runtime and challenge solver script distribution installed. Review any warnings presented before this message. For more details, refer to  https://github.com/yt-dlp/yt-dlp/wiki/EJS
WARNING: [youtube] YouTube said: ERROR - Precondition check failed.
WARNING: [youtube] HTTP Error 400: Bad Request. Retrying (1/3)...
WARNING: [youtube] YouTube said: ERROR - Precondition check failed.
WARNING: [youtube] HTTP Error 400: Bad Request. Retrying (2/3)...
WARNING: [youtube] YouTube said: ERROR - Precondition check failed.
WARNING: [youtube] HTTP Error 400: Bad Request. Retrying (3/3)...
WARNING: [youtube] YouTube said: ERROR - Precondition check failed.
WARNING: [youtube] Unable to download API page: HTTP Error 400: Bad Request (caused by <HTTPError 400: Bad Request>)
WARNING: [youtube] [jsc] Remote components challenge solver script (deno) and NPM package (deno) were skipped. These may be required to solve JS challenges. You can enable these downloads with  --remote-components ejs:github  (recommended) or  --remote-components ejs:npm , respectively. For more information and alternatives, refer to  https://github.com/yt-dlp/yt-dlp/wiki/EJS
WARNING: [youtube] mFKoI195pZA: n challenge solving failed: Some formats may be missing. Ensure you have a supported JavaScript runtime and challenge solver script distribution installed. Review any warnings presented before this message. For more details, refer to  https://github.com/yt-dlp/yt-dlp/wiki/EJS
WARNING: [youtube] YouTube said: ERROR - Precondition check failed.
WARNING: [youtube] HTTP Error 400: Bad Request. Retrying (1/3)...
WARNING: [youtube] YouTube said: ERROR - Precondition check failed.
WARNING: [youtube] HTTP Error 400: Bad Request. Retrying (2/3)...
WARNING: [youtube] YouTube said: ERROR - Precondition check failed.
WARNING: [youtube] HTTP Error 400: Bad Request. Retrying (3/3)...
WARNING: [youtube] YouTube said: ERROR - Precondition check failed.
WARNING: [youtube] Unable to download API page: HTTP Error 400: Bad Request (caused by <HTTPError 400: Bad Request>)
WARNING: [youtube] [jsc] Remote components challenge solver script (deno) and NPM package (deno) were skipped. These may be required to solve JS challenges. You can enable these downloads with  --remote-components ejs:github  (recommended) or  --remote-components ejs:npm , respectively. For more information and alternatives, refer to  https://github.com/yt-dlp/yt-dlp/wiki/EJS
WARNING: [youtube] dUnp9QVGn-w: n challenge solving failed: Some formats may be missing. Ensure you have a supported JavaScript runtime and challenge solver script distribution installed. Review any warnings presented before this message. For more details, refer to  https://github.com/yt-dlp/yt-dlp/wiki/EJS
WARNING: [youtube] YouTube said: ERROR - Precondition check failed.
WARNING: [youtube] HTTP Error 400: Bad Request. Retrying (1/3)...
WARNING: [youtube] YouTube said: ERROR - Precondition check failed.
WARNING: [youtube] HTTP Error 400: Bad Request. Retrying (2/3)...
WARNING: [youtube] YouTube said: ERROR - Precondition check failed.
WARNING: [youtube] HTTP Error 400: Bad Request. Retrying (3/3)...
WARNING: [youtube] YouTube said: ERROR - Precondition check failed.
WARNING: [youtube] Unable to download API page: HTTP Error 400: Bad Request (caused by <HTTPError 400: Bad Request>)
WARNING: [youtube] [jsc] Remote components challenge solver script (deno) and NPM package (deno) were skipped. These may be required to solve JS challenges. You can enable these downloads with  --remote-components ejs:github  (recommended) or  --remote-components ejs:npm , respectively. For more information and alternatives, refer to  https://github.com/yt-dlp/yt-dlp/wiki/EJS
WARNING: [youtube] xcIriDXG7LU: n challenge solving failed: Some formats may be missing. Ensure you have a supported JavaScript runtime and challenge solver script distribution installed. Review any warnings presented before this message. For more details, refer to  https://github.com/yt-dlp/yt-dlp/wiki/EJS
WARNING: [youtube] YouTube said: ERROR - Precondition check failed.
WARNING: [youtube] HTTP Error 400: Bad Request. Retrying (1/3)...
WARNING: [youtube] YouTube said: ERROR - Precondition check failed.
WARNING: [youtube] HTTP Error 400: Bad Request. Retrying (2/3)...
WARNING: [youtube] YouTube said: ERROR - Precondition check failed.
WARNING: [youtube] HTTP Error 400: Bad Request. Retrying (3/3)...
WARNING: [youtube] YouTube said: ERROR - Precondition check failed.
WARNING: [youtube] Unable to download API page: HTTP Error 400: Bad Request (caused by <HTTPError 400: Bad Request>)
WARNING: [youtube] [jsc] Remote components challenge solver script (deno) and NPM package (deno) were skipped. These may be required to solve JS challenges. You can enable these downloads with  --remote-components ejs:github  (recommended) or  --remote-components ejs:npm , respectively. For more information and alternatives, refer to  https://github.com/yt-dlp/yt-dlp/wiki/EJS
WARNING: [youtube] pv3qNSgvB38: n challenge solving failed: Some formats may be missing. Ensure you have a supported JavaScript runtime and challenge solver script distribution installed. Review any warnings presented before this message. For more details, refer to  https://github.com/yt-dlp/yt-dlp/wiki/EJS
WARNING: [youtube] YouTube said: ERROR - Precondition check failed.
WARNING: [youtube] HTTP Error 400: Bad Request. Retrying (1/3)...
WARNING: [youtube] YouTube said: ERROR - Precondition check failed.
WARNING: [youtube] HTTP Error 400: Bad Request. Retrying (2/3)...
WARNING: [youtube] YouTube said: ERROR - Precondition check failed.
WARNING: [youtube] HTTP Error 400: Bad Request. Retrying (3/3)...
WARNING: [youtube] YouTube said: ERROR - Precondition check failed.
WARNING: [youtube] Unable to download API page: HTTP Error 400: Bad Request (caused by <HTTPError 400: Bad Request>)
WARNING: [youtube] [jsc] Remote components challenge solver script (deno) and NPM package (deno) were skipped. These may be required to solve JS challenges. You can enable these downloads with  --remote-components ejs:github  (recommended) or  --remote-components ejs:npm , respectively. For more information and alternatives, refer to  https://github.com/yt-dlp/yt-dlp/wiki/EJS
WARNING: [youtube] htmaLCVF0go: n challenge solving failed: Some formats may be missing. Ensure you have a supported JavaScript runtime and challenge solver script distribution installed. Review any warnings presented before this message. For more details, refer to  https://github.com/yt-dlp/yt-dlp/wiki/EJS
WARNING: [youtube] YouTube said: ERROR - Precondition check failed.
WARNING: [youtube] HTTP Error 400: Bad Request. Retrying (1/3)...
WARNING: [youtube] YouTube said: ERROR - Precondition check failed.
WARNING: [youtube] HTTP Error 400: Bad Request. Retrying (2/3)...
WARNING: [youtube] YouTube said: ERROR - Precondition check failed.
WARNING: [youtube] HTTP Error 400: Bad Request. Retrying (3/3)...
WARNING: [youtube] YouTube said: ERROR - Precondition check failed.
WARNING: [youtube] Unable to download API page: HTTP Error 400: Bad Request (caused by <HTTPError 400: Bad Request>)
WARNING: [youtube] [jsc] Remote components challenge solver script (deno) and NPM package (deno) were skipped. These may be required to solve JS challenges. You can enable these downloads with  --remote-components ejs:github  (recommended) or  --remote-components ejs:npm , respectively. For more information and alternatives, refer to  https://github.com/yt-dlp/yt-dlp/wiki/EJS
WARNING: [youtube] 9QViJbsGcSc: n challenge solving failed: Some formats may be missing. Ensure you have a supported JavaScript runtime and challenge solver script distribution installed. Review any warnings presented before this message. For more details, refer to  https://github.com/yt-dlp/yt-dlp/wiki/EJS
WARNING: [youtube] YouTube said: ERROR - Precondition check failed.
WARNING: [youtube] HTTP Error 400: Bad Request. Retrying (1/3)...
WARNING: [youtube] YouTube said: ERROR - Precondition check failed.
WARNING: [youtube] HTTP Error 400: Bad Request. Retrying (2/3)...
WARNING: [youtube] YouTube said: ERROR - Precondition check failed.
WARNING: [youtube] HTTP Error 400: Bad Request. Retrying (3/3)...
WARNING: [youtube] YouTube said: ERROR - Precondition check failed.
WARNING: [youtube] Unable to download API page: HTTP Error 400: Bad Request (caused by <HTTPError 400: Bad Request>)
WARNING: [youtube] [jsc] Remote components challenge solver script (deno) and NPM package (deno) were skipped. These may be required to solve JS challenges. You can enable these downloads with  --remote-components ejs:github  (recommended) or  --remote-components ejs:npm , respectively. For more information and alternatives, refer to  https://github.com/yt-dlp/yt-dlp/wiki/EJS
WARNING: [youtube] 8CJcXiDS7wM: n challenge solving failed: Some formats may be missing. Ensure you have a supported JavaScript runtime and challenge solver script distribution installed. Review any warnings presented before this message. For more details, refer to  https://github.com/yt-dlp/yt-dlp/wiki/EJS
WARNING: [youtube] YouTube said: ERROR - Precondition check failed.
WARNING: [youtube] HTTP Error 400: Bad Request. Retrying (1/3)...
WARNING: [youtube] YouTube said: ERROR - Precondition check failed.
WARNING: [youtube] HTTP Error 400: Bad Request. Retrying (2/3)...
WARNING: [youtube] YouTube said: ERROR - Precondition check failed.
WARNING: [youtube] HTTP Error 400: Bad Request. Retrying (3/3)...
WARNING: [youtube] YouTube said: ERROR - Precondition check failed.
WARNING: [youtube] Unable to download API page: HTTP Error 400: Bad Request (caused by <HTTPError 400: Bad Request>)
WARNING: [youtube] [jsc] Remote components challenge solver script (deno) and NPM package (deno) were skipped. These may be required to solve JS challenges. You can enable these downloads with  --remote-components ejs:github  (recommended) or  --remote-components ejs:npm , respectively. For more information and alternatives, refer to  https://github.com/yt-dlp/yt-dlp/wiki/EJS
WARNING: [youtube] v5lj4-Gic2w: n challenge solving failed: Some formats may be missing. Ensure you have a supported JavaScript runtime and challenge solver script distribution installed. Review any warnings presented before this message. For more details, refer to  https://github.com/yt-dlp/yt-dlp/wiki/EJS
WARNING: [youtube] YouTube said: ERROR - Precondition check failed.
WARNING: [youtube] HTTP Error 400: Bad Request. Retrying (1/3)...
WARNING: [youtube] YouTube said: ERROR - Precondition check failed.
WARNING: [youtube] HTTP Error 400: Bad Request. Retrying (2/3)...
WARNING: [youtube] YouTube said: ERROR - Precondition check failed.
WARNING: [youtube] HTTP Error 400: Bad Request. Retrying (3/3)...
WARNING: [youtube] YouTube said: ERROR - Precondition check failed.
WARNING: [youtube] Unable to download API page: HTTP Error 400: Bad Request (caused by <HTTPError 400: Bad Request>)
WARNING: [youtube] [jsc] Remote components challenge solver script (deno) and NPM package (deno) were skipped. These may be required to solve JS challenges. You can enable these downloads with  --remote-components ejs:github  (recommended) or  --remote-components ejs:npm , respectively. For more information and alternatives, refer to  https://github.com/yt-dlp/yt-dlp/wiki/EJS
WARNING: [youtube] 1J0M21rUXz4: n challenge solving failed: Some formats may be missing. Ensure you have a supported JavaScript runtime and challenge solver script distribution installed. Review any warnings presented before this message. For more details, refer to  https://github.com/yt-dlp/yt-dlp/wiki/EJS
WARNING: [youtube] YouTube said: ERROR - Precondition check failed.
WARNING: [youtube] HTTP Error 400: Bad Request. Retrying (1/3)...
WARNING: [youtube] YouTube said: ERROR - Precondition check failed.
WARNING: [youtube] HTTP Error 400: Bad Request. Retrying (2/3)...
WARNING: [youtube] YouTube said: ERROR - Precondition check failed.
WARNING: [youtube] HTTP Error 400: Bad Request. Retrying (3/3)...
WARNING: [youtube] YouTube said: ERROR - Precondition check failed.
WARNING: [youtube] Unable to download API page: HTTP Error 400: Bad Request (caused by <HTTPError 400: Bad Request>)
WARNING: [youtube] [jsc] Remote components challenge solver script (deno) and NPM package (deno) were skipped. These may be required to solve JS challenges. You can enable these downloads with  --remote-components ejs:github  (recommended) or  --remote-components ejs:npm , respectively. For more information and alternatives, refer to  https://github.com/yt-dlp/yt-dlp/wiki/EJS
WARNING: [youtube] owxgxGwXssc: n challenge solving failed: Some formats may be missing. Ensure you have a supported JavaScript runtime and challenge solver script distribution installed. Review any warnings presented before this message. For more details, refer to  https://github.com/yt-dlp/yt-dlp/wiki/EJS
WARNING: [youtube] YouTube said: ERROR - Precondition check failed.
WARNING: [youtube] HTTP Error 400: Bad Request. Retrying (1/3)...
WARNING: [youtube] YouTube said: ERROR - Precondition check failed.
WARNING: [youtube] HTTP Error 400: Bad Request. Retrying (2/3)...
WARNING: [youtube] YouTube said: ERROR - Precondition check failed.
WARNING: [youtube] HTTP Error 400: Bad Request. Retrying (3/3)...
WARNING: [youtube] YouTube said: ERROR - Precondition check failed.
WARNING: [youtube] Unable to download API page: HTTP Error 400: Bad Request (caused by <HTTPError 400: Bad Request>)
WARNING: [youtube] [jsc] Remote components challenge solver script (deno) and NPM package (deno) were skipped. These may be required to solve JS challenges. You can enable these downloads with  --remote-components ejs:github  (recommended) or  --remote-components ejs:npm , respectively. For more information and alternatives, refer to  https://github.com/yt-dlp/yt-dlp/wiki/EJS
WARNING: [youtube] y49IvRjef3Y: n challenge solving failed: Some formats may be missing. Ensure you have a supported JavaScript runtime and challenge solver script distribution installed. Review any warnings presented before this message. For more details, refer to  https://github.com/yt-dlp/yt-dlp/wiki/EJS
WARNING: [youtube] YouTube said: ERROR - Precondition check failed.
WARNING: [youtube] HTTP Error 400: Bad Request. Retrying (1/3)...
WARNING: [youtube] YouTube said: ERROR - Precondition check failed.
WARNING: [youtube] HTTP Error 400: Bad Request. Retrying (2/3)...
WARNING: [youtube] YouTube said: ERROR - Precondition check failed.
WARNING: [youtube] HTTP Error 400: Bad Request. Retrying (3/3)...
WARNING: [youtube] YouTube said: ERROR - Precondition check failed.
WARNING: [youtube] Unable to download API page: HTTP Error 400: Bad Request (caused by <HTTPError 400: Bad Request>)
WARNING: [youtube] [jsc] Remote components challenge solver script (deno) and NPM package (deno) were skipped. These may be required to solve JS challenges. You can enable these downloads with  --remote-components ejs:github  (recommended) or  --remote-components ejs:npm , respectively. For more information and alternatives, refer to  https://github.com/yt-dlp/yt-dlp/wiki/EJS
WARNING: [youtube] OasDa2qhpqs: n challenge solving failed: Some formats may be missing. Ensure you have a supported JavaScript runtime and challenge solver script distribution installed. Review any warnings presented before this message. For more details, refer to  https://github.com/yt-dlp/yt-dlp/wiki/EJS
WARNING: [youtube] YouTube said: ERROR - Precondition check failed.
WARNING: [youtube] HTTP Error 400: Bad Request. Retrying (1/3)...
WARNING: [youtube] YouTube said: ERROR - Precondition check failed.
WARNING: [youtube] HTTP Error 400: Bad Request. Retrying (2/3)...
WARNING: [youtube] YouTube said: ERROR - Precondition check failed.
WARNING: [youtube] HTTP Error 400: Bad Request. Retrying (3/3)...
WARNING: [youtube] YouTube said: ERROR - Precondition check failed.
WARNING: [youtube] Unable to download API page: HTTP Error 400: Bad Request (caused by <HTTPError 400: Bad Request>)
WARNING: [youtube] [jsc] Remote components challenge solver script (deno) and NPM package (deno) were skipped. These may be required to solve JS challenges. You can enable these downloads with  --remote-components ejs:github  (recommended) or  --remote-components ejs:npm , respectively. For more information and alternatives, refer to  https://github.com/yt-dlp/yt-dlp/wiki/EJS
WARNING: [youtube] 9JM8qvnEDO0: n challenge solving failed: Some formats may be missing. Ensure you have a supported JavaScript runtime and challenge solver script distribution installed. Review any warnings presented before this message. For more details, refer to  https://github.com/yt-dlp/yt-dlp/wiki/EJS
WARNING: [youtube] YouTube said: ERROR - Precondition check failed.
WARNING: [youtube] HTTP Error 400: Bad Request. Retrying (1/3)...
WARNING: [youtube] YouTube said: ERROR - Precondition check failed.
WARNING: [youtube] HTTP Error 400: Bad Request. Retrying (2/3)...
WARNING: [youtube] YouTube said: ERROR - Precondition check failed.
WARNING: [youtube] HTTP Error 400: Bad Request. Retrying (3/3)...
WARNING: [youtube] YouTube said: ERROR - Precondition check failed.
WARNING: [youtube] Unable to download API page: HTTP Error 400: Bad Request (caused by <HTTPError 400: Bad Request>)
WARNING: [youtube] [jsc] Remote components challenge solver script (deno) and NPM package (deno) were skipped. These may be required to solve JS challenges. You can enable these downloads with  --remote-components ejs:github  (recommended) or  --remote-components ejs:npm , respectively. For more information and alternatives, refer to  https://github.com/yt-dlp/yt-dlp/wiki/EJS
WARNING: [youtube] aKXBpEFlMR0: n challenge solving failed: Some formats may be missing. Ensure you have a supported JavaScript runtime and challenge solver script distribution installed. Review any warnings presented before this message. For more details, refer to  https://github.com/yt-dlp/yt-dlp/wiki/EJS
WARNING: [youtube] YouTube said: ERROR - Precondition check failed.
WARNING: [youtube] HTTP Error 400: Bad Request. Retrying (1/3)...
WARNING: [youtube] YouTube said: ERROR - Precondition check failed.
WARNING: [youtube] HTTP Error 400: Bad Request. Retrying (2/3)...
WARNING: [youtube] YouTube said: ERROR - Precondition check failed.
WARNING: [youtube] HTTP Error 400: Bad Request. Retrying (3/3)...
WARNING: [youtube] YouTube said: ERROR - Precondition check failed.
WARNING: [youtube] Unable to download API page: HTTP Error 400: Bad Request (caused by <HTTPError 400: Bad Request>)
WARNING: [youtube] [jsc] Remote components challenge solver script (deno) and NPM package (deno) were skipped. These may be required to solve JS challenges. You can enable these downloads with  --remote-components ejs:github  (recommended) or  --remote-components ejs:npm , respectively. For more information and alternatives, refer to  https://github.com/yt-dlp/yt-dlp/wiki/EJS
WARNING: [youtube] -0ze2GS5784: n challenge solving failed: Some formats may be missing. Ensure you have a supported JavaScript runtime and challenge solver script distribution installed. Review any warnings presented before this message. For more details, refer to  https://github.com/yt-dlp/yt-dlp/wiki/EJS
WARNING: [youtube] YouTube said: ERROR - Precondition check failed.
WARNING: [youtube] HTTP Error 400: Bad Request. Retrying (1/3)...
WARNING: [youtube] YouTube said: ERROR - Precondition check failed.
WARNING: [youtube] HTTP Error 400: Bad Request. Retrying (2/3)...
WARNING: [youtube] YouTube said: ERROR - Precondition check failed.
WARNING: [youtube] HTTP Error 400: Bad Request. Retrying (3/3)...
WARNING: [youtube] YouTube said: ERROR - Precondition check failed.
WARNING: [youtube] Unable to download API page: HTTP Error 400: Bad Request (caused by <HTTPError 400: Bad Request>)
WARNING: [youtube] [jsc] Remote components challenge solver script (deno) and NPM package (deno) were skipped. These may be required to solve JS challenges. You can enable these downloads with  --remote-components ejs:github  (recommended) or  --remote-components ejs:npm , respectively. For more information and alternatives, refer to  https://github.com/yt-dlp/yt-dlp/wiki/EJS
WARNING: [youtube] IJTmjeqY8tA: n challenge solving failed: Some formats may be missing. Ensure you have a supported JavaScript runtime and challenge solver script distribution installed. Review any warnings presented before this message. For more details, refer to  https://github.com/yt-dlp/yt-dlp/wiki/EJS
WARNING: [youtube] YouTube said: ERROR - Precondition check failed.
WARNING: [youtube] HTTP Error 400: Bad Request. Retrying (1/3)...
WARNING: [youtube] YouTube said: ERROR - Precondition check failed.
WARNING: [youtube] HTTP Error 400: Bad Request. Retrying (2/3)...
WARNING: [youtube] YouTube said: ERROR - Precondition check failed.
WARNING: [youtube] HTTP Error 400: Bad Request. Retrying (3/3)...
WARNING: [youtube] YouTube said: ERROR - Precondition check failed.
WARNING: [youtube] Unable to download API page: HTTP Error 400: Bad Request (caused by <HTTPError 400: Bad Request>)
WARNING: [youtube] [jsc] Remote components challenge solver script (deno) and NPM package (deno) were skipped. These may be required to solve JS challenges. You can enable these downloads with  --remote-components ejs:github  (recommended) or  --remote-components ejs:npm , respectively. For more information and alternatives, refer to  https://github.com/yt-dlp/yt-dlp/wiki/EJS
WARNING: [youtube] QcYWCdopaZY: n challenge solving failed: Some formats may be missing. Ensure you have a supported JavaScript runtime and challenge solver script distribution installed. Review any warnings presented before this message. For more details, refer to  https://github.com/yt-dlp/yt-dlp/wiki/EJS
WARNING: [youtube] YouTube said: ERROR - Precondition check failed.
WARNING: [youtube] HTTP Error 400: Bad Request. Retrying (1/3)...
WARNING: [youtube] YouTube said: ERROR - Precondition check failed.
WARNING: [youtube] HTTP Error 400: Bad Request. Retrying (2/3)...
WARNING: [youtube] YouTube said: ERROR - Precondition check failed.
WARNING: [youtube] HTTP Error 400: Bad Request. Retrying (3/3)...
WARNING: [youtube] YouTube said: ERROR - Precondition check failed.
WARNING: [youtube] Unable to download API page: HTTP Error 400: Bad Request (caused by <HTTPError 400: Bad Request>)
WARNING: [youtube] [jsc] Remote components challenge solver script (deno) and NPM package (deno) were skipped. These may be required to solve JS challenges. You can enable these downloads with  --remote-components ejs:github  (recommended) or  --remote-components ejs:npm , respectively. For more information and alternatives, refer to  https://github.com/yt-dlp/yt-dlp/wiki/EJS
WARNING: [youtube] SoU6jl1t1Ws: n challenge solving failed: Some formats may be missing. Ensure you have a supported JavaScript runtime and challenge solver script distribution installed. Review any warnings presented before this message. For more details, refer to  https://github.com/yt-dlp/yt-dlp/wiki/EJS
WARNING: [youtube] YouTube said: ERROR - Precondition check failed.
WARNING: [youtube] HTTP Error 400: Bad Request. Retrying (1/3)...
WARNING: [youtube] YouTube said: ERROR - Precondition check failed.
WARNING: [youtube] HTTP Error 400: Bad Request. Retrying (2/3)...
WARNING: [youtube] YouTube said: ERROR - Precondition check failed.
WARNING: [youtube] HTTP Error 400: Bad Request. Retrying (3/3)...
WARNING: [youtube] YouTube said: ERROR - Precondition check failed.
WARNING: [youtube] Unable to download API page: HTTP Error 400: Bad Request (caused by <HTTPError 400: Bad Request>)
WARNING: [youtube] [jsc] Remote components challenge solver script (deno) and NPM package (deno) were skipped. These may be required to solve JS challenges. You can enable these downloads with  --remote-components ejs:github  (recommended) or  --remote-components ejs:npm , respectively. For more information and alternatives, refer to  https://github.com/yt-dlp/yt-dlp/wiki/EJS
WARNING: [youtube] y-LTaaTiDtU: n challenge solving failed: Some formats may be missing. Ensure you have a supported JavaScript runtime and challenge solver script distribution installed. Review any warnings presented before this message. For more details, refer to  https://github.com/yt-dlp/yt-dlp/wiki/EJS
WARNING: [youtube] YouTube said: ERROR - Precondition check failed.
WARNING: [youtube] HTTP Error 400: Bad Request. Retrying (1/3)...
WARNING: [youtube] YouTube said: ERROR - Precondition check failed.
WARNING: [youtube] HTTP Error 400: Bad Request. Retrying (2/3)...
WARNING: [youtube] YouTube said: ERROR - Precondition check failed.
WARNING: [youtube] HTTP Error 400: Bad Request. Retrying (3/3)...
WARNING: [youtube] YouTube said: ERROR - Precondition check failed.
WARNING: [youtube] Unable to download API page: HTTP Error 400: Bad Request (caused by <HTTPError 400: Bad Request>)
WARNING: [youtube] [jsc] Remote components challenge solver script (deno) and NPM package (deno) were skipped. These may be required to solve JS challenges. You can enable these downloads with  --remote-components ejs:github  (recommended) or  --remote-components ejs:npm , respectively. For more information and alternatives, refer to  https://github.com/yt-dlp/yt-dlp/wiki/EJS
WARNING: [youtube] gfbeC06EH9k: n challenge solving failed: Some formats may be missing. Ensure you have a supported JavaScript runtime and challenge solver script distribution installed. Review any warnings presented before this message. For more details, refer to  https://github.com/yt-dlp/yt-dlp/wiki/EJS
WARNING: [youtube] YouTube said: ERROR - Precondition check failed.
WARNING: [youtube] HTTP Error 400: Bad Request. Retrying (1/3)...
WARNING: [youtube] YouTube said: ERROR - Precondition check failed.
WARNING: [youtube] HTTP Error 400: Bad Request. Retrying (2/3)...
WARNING: [youtube] YouTube said: ERROR - Precondition check failed.
WARNING: [youtube] HTTP Error 400: Bad Request. Retrying (3/3)...
WARNING: [youtube] YouTube said: ERROR - Precondition check failed.
WARNING: [youtube] Unable to download API page: HTTP Error 400: Bad Request (caused by <HTTPError 400: Bad Request>)
WARNING: [youtube] [jsc] Remote components challenge solver script (deno) and NPM package (deno) were skipped. These may be required to solve JS challenges. You can enable these downloads with  --remote-components ejs:github  (recommended) or  --remote-components ejs:npm , respectively. For more information and alternatives, refer to  https://github.com/yt-dlp/yt-dlp/wiki/EJS
WARNING: [youtube] V8hvw3l6cfQ: n challenge solving failed: Some formats may be missing. Ensure you have a supported JavaScript runtime and challenge solver script distribution installed. Review any warnings presented before this message. For more details, refer to  https://github.com/yt-dlp/yt-dlp/wiki/EJS
WARNING: [youtube] YouTube said: ERROR - Precondition check failed.
WARNING: [youtube] HTTP Error 400: Bad Request. Retrying (1/3)...
WARNING: [youtube] YouTube said: ERROR - Precondition check failed.
WARNING: [youtube] HTTP Error 400: Bad Request. Retrying (2/3)...
WARNING: [youtube] YouTube said: ERROR - Precondition check failed.
WARNING: [youtube] HTTP Error 400: Bad Request. Retrying (3/3)...
WARNING: [youtube] YouTube said: ERROR - Precondition check failed.
WARNING: [youtube] Unable to download API page: HTTP Error 400: Bad Request (caused by <HTTPError 400: Bad Request>)
WARNING: [youtube] [jsc] Remote components challenge solver script (deno) and NPM package (deno) were skipped. These may be required to solve JS challenges. You can enable these downloads with  --remote-components ejs:github  (recommended) or  --remote-components ejs:npm , respectively. For more information and alternatives, refer to  https://github.com/yt-dlp/yt-dlp/wiki/EJS
WARNING: [youtube] 9Y7ezp4_V9M: n challenge solving failed: Some formats may be missing. Ensure you have a supported JavaScript runtime and challenge solver script distribution installed. Review any warnings presented before this message. For more details, refer to  https://github.com/yt-dlp/yt-dlp/wiki/EJS
WARNING: [youtube] YouTube said: ERROR - Precondition check failed.
WARNING: [youtube] HTTP Error 400: Bad Request. Retrying (1/3)...
WARNING: [youtube] YouTube said: ERROR - Precondition check failed.
WARNING: [youtube] HTTP Error 400: Bad Request. Retrying (2/3)...
WARNING: [youtube] YouTube said: ERROR - Precondition check failed.
WARNING: [youtube] HTTP Error 400: Bad Request. Retrying (3/3)...
WARNING: [youtube] YouTube said: ERROR - Precondition check failed.
WARNING: [youtube] Unable to download API page: HTTP Error 400: Bad Request (caused by <HTTPError 400: Bad Request>)
WARNING: [youtube] [jsc] Remote components challenge solver script (deno) and NPM package (deno) were skipped. These may be required to solve JS challenges. You can enable these downloads with  --remote-components ejs:github  (recommended) or  --remote-components ejs:npm , respectively. For more information and alternatives, refer to  https://github.com/yt-dlp/yt-dlp/wiki/EJS
WARNING: [youtube] ks4D_7xz3m4: n challenge solving failed: Some formats may be missing. Ensure you have a supported JavaScript runtime and challenge solver script distribution installed. Review any warnings presented before this message. For more details, refer to  https://github.com/yt-dlp/yt-dlp/wiki/EJS
WARNING: [youtube] YouTube said: ERROR - Precondition check failed.
WARNING: [youtube] HTTP Error 400: Bad Request. Retrying (1/3)...
WARNING: [youtube] YouTube said: ERROR - Precondition check failed.
WARNING: [youtube] HTTP Error 400: Bad Request. Retrying (2/3)...
WARNING: [youtube] YouTube said: ERROR - Precondition check failed.
WARNING: [youtube] HTTP Error 400: Bad Request. Retrying (3/3)...
WARNING: [youtube] YouTube said: ERROR - Precondition check failed.
WARNING: [youtube] Unable to download API page: HTTP Error 400: Bad Request (caused by <HTTPError 400: Bad Request>)
WARNING: [youtube] 1z492ztNL_g: Some android_vr client https formats have been skipped as they are missing a URL. YouTube may have enabled the SABR-only streaming experiment for the current session. See  https://github.com/yt-dlp/yt-dlp/issues/12482  for more details
WARNING: [youtube] [jsc] Remote components challenge solver script (deno) and NPM package (deno) were skipped. These may be required to solve JS challenges. You can enable these downloads with  --remote-components ejs:github  (recommended) or  --remote-components ejs:npm , respectively. For more information and alternatives, refer to  https://github.com/yt-dlp/yt-dlp/wiki/EJS
WARNING: [youtube] 1z492ztNL_g: n challenge solving failed: Some formats may be missing. Ensure you have a supported JavaScript runtime and challenge solver script distribution installed. Review any warnings presented before this message. For more details, refer to  https://github.com/yt-dlp/yt-dlp/wiki/EJS
WARNING: [youtube] YouTube said: ERROR - Precondition check failed.
WARNING: [youtube] HTTP Error 400: Bad Request. Retrying (1/3)...
WARNING: [youtube] YouTube said: ERROR - Precondition check failed.
WARNING: [youtube] HTTP Error 400: Bad Request. Retrying (2/3)...
WARNING: [youtube] YouTube said: ERROR - Precondition check failed.
WARNING: [youtube] HTTP Error 400: Bad Request. Retrying (3/3)...
WARNING: [youtube] YouTube said: ERROR - Precondition check failed.
WARNING: [youtube] Unable to download API page: HTTP Error 400: Bad Request (caused by <HTTPError 400: Bad Request>)
WARNING: [youtube] [jsc] Remote components challenge solver script (deno) and NPM package (deno) were skipped. These may be required to solve JS challenges. You can enable these downloads with  --remote-components ejs:github  (recommended) or  --remote-components ejs:npm , respectively. For more information and alternatives, refer to  https://github.com/yt-dlp/yt-dlp/wiki/EJS
WARNING: [youtube] txWUtjY5xmc: n challenge solving failed: Some formats may be missing. Ensure you have a supported JavaScript runtime and challenge solver script distribution installed. Review any warnings presented before this message. For more details, refer to  https://github.com/yt-dlp/yt-dlp/wiki/EJS
WARNING: [youtube] YouTube said: ERROR - Precondition check failed.
WARNING: [youtube] HTTP Error 400: Bad Request. Retrying (1/3)...
WARNING: [youtube] YouTube said: ERROR - Precondition check failed.
WARNING: [youtube] HTTP Error 400: Bad Request. Retrying (2/3)...
WARNING: [youtube] YouTube said: ERROR - Precondition check failed.
WARNING: [youtube] HTTP Error 400: Bad Request. Retrying (3/3)...
WARNING: [youtube] YouTube said: ERROR - Precondition check failed.
WARNING: [youtube] Unable to download API page: HTTP Error 400: Bad Request (caused by <HTTPError 400: Bad Request>)
WARNING: [youtube] [jsc] Remote components challenge solver script (deno) and NPM package (deno) were skipped. These may be required to solve JS challenges. You can enable these downloads with  --remote-components ejs:github  (recommended) or  --remote-components ejs:npm , respectively. For more information and alternatives, refer to  https://github.com/yt-dlp/yt-dlp/wiki/EJS
WARNING: [youtube] eMbbVjGiSKk: n challenge solving failed: Some formats may be missing. Ensure you have a supported JavaScript runtime and challenge solver script distribution installed. Review any warnings presented before this message. For more details, refer to  https://github.com/yt-dlp/yt-dlp/wiki/EJS
WARNING: [youtube] YouTube said: ERROR - Precondition check failed.
WARNING: [youtube] HTTP Error 400: Bad Request. Retrying (1/3)...
WARNING: [youtube] YouTube said: ERROR - Precondition check failed.
WARNING: [youtube] HTTP Error 400: Bad Request. Retrying (2/3)...
WARNING: [youtube] YouTube said: ERROR - Precondition check failed.
WARNING: [youtube] HTTP Error 400: Bad Request. Retrying (3/3)...
WARNING: [youtube] YouTube said: ERROR - Precondition check failed.
WARNING: [youtube] Unable to download API page: HTTP Error 400: Bad Request (caused by <HTTPError 400: Bad Request>)
WARNING: [youtube] EeyP9OFeWvg: Some android_vr client https formats have been skipped as they are missing a URL. YouTube may have enabled the SABR-only streaming experiment for the current session. See  https://github.com/yt-dlp/yt-dlp/issues/12482  for more details
WARNING: [youtube] [jsc] Remote components challenge solver script (deno) and NPM package (deno) were skipped. These may be required to solve JS challenges. You can enable these downloads with  --remote-components ejs:github  (recommended) or  --remote-components ejs:npm , respectively. For more information and alternatives, refer to  https://github.com/yt-dlp/yt-dlp/wiki/EJS
WARNING: [youtube] EeyP9OFeWvg: n challenge solving failed: Some formats may be missing. Ensure you have a supported JavaScript runtime and challenge solver script distribution installed. Review any warnings presented before this message. For more details, refer to  https://github.com/yt-dlp/yt-dlp/wiki/EJS
WARNING: [youtube] YouTube said: ERROR - Precondition check failed.
WARNING: [youtube] HTTP Error 400: Bad Request. Retrying (1/3)...
WARNING: [youtube] YouTube said: ERROR - Precondition check failed.
WARNING: [youtube] HTTP Error 400: Bad Request. Retrying (2/3)...
WARNING: [youtube] YouTube said: ERROR - Precondition check failed.
WARNING: [youtube] HTTP Error 400: Bad Request. Retrying (3/3)...
WARNING: [youtube] YouTube said: ERROR - Precondition check failed.
WARNING: [youtube] Unable to download API page: HTTP Error 400: Bad Request (caused by <HTTPError 400: Bad Request>)
WARNING: [youtube] [jsc] Remote components challenge solver script (deno) and NPM package (deno) were skipped. These may be required to solve JS challenges. You can enable these downloads with  --remote-components ejs:github  (recommended) or  --remote-components ejs:npm , respectively. For more information and alternatives, refer to  https://github.com/yt-dlp/yt-dlp/wiki/EJS
WARNING: [youtube] pnTmK9j3CgQ: n challenge solving failed: Some formats may be missing. Ensure you have a supported JavaScript runtime and challenge solver script distribution installed. Review any warnings presented before this message. For more details, refer to  https://github.com/yt-dlp/yt-dlp/wiki/EJS
WARNING: [youtube] YouTube said: ERROR - Precondition check failed.
WARNING: [youtube] HTTP Error 400: Bad Request. Retrying (1/3)...
WARNING: [youtube] YouTube said: ERROR - Precondition check failed.
WARNING: [youtube] HTTP Error 400: Bad Request. Retrying (2/3)...
WARNING: [youtube] YouTube said: ERROR - Precondition check failed.
WARNING: [youtube] HTTP Error 400: Bad Request. Retrying (3/3)...
WARNING: [youtube] YouTube said: ERROR - Precondition check failed.
WARNING: [youtube] Unable to download API page: HTTP Error 400: Bad Request (caused by <HTTPError 400: Bad Request>)
WARNING: [youtube] [jsc] Remote components challenge solver script (deno) and NPM package (deno) were skipped. These may be required to solve JS challenges. You can enable these downloads with  --remote-components ejs:github  (recommended) or  --remote-components ejs:npm , respectively. For more information and alternatives, refer to  https://github.com/yt-dlp/yt-dlp/wiki/EJS
WARNING: [youtube] Zsk9Y3kBJxY: n challenge solving failed: Some formats may be missing. Ensure you have a supported JavaScript runtime and challenge solver script distribution installed. Review any warnings presented before this message. For more details, refer to  https://github.com/yt-dlp/yt-dlp/wiki/EJS
WARNING: [youtube] YouTube said: ERROR - Precondition check failed.
WARNING: [youtube] HTTP Error 400: Bad Request. Retrying (1/3)...
WARNING: [youtube] YouTube said: ERROR - Precondition check failed.
WARNING: [youtube] HTTP Error 400: Bad Request. Retrying (2/3)...
WARNING: [youtube] YouTube said: ERROR - Precondition check failed.
WARNING: [youtube] HTTP Error 400: Bad Request. Retrying (3/3)...
WARNING: [youtube] YouTube said: ERROR - Precondition check failed.
WARNING: [youtube] Unable to download API page: HTTP Error 400: Bad Request (caused by <HTTPError 400: Bad Request>)
WARNING: [youtube] [jsc] Remote components challenge solver script (deno) and NPM package (deno) were skipped. These may be required to solve JS challenges. You can enable these downloads with  --remote-components ejs:github  (recommended) or  --remote-components ejs:npm , respectively. For more information and alternatives, refer to  https://github.com/yt-dlp/yt-dlp/wiki/EJS
WARNING: [youtube] jY28IYXqkYE: n challenge solving failed: Some formats may be missing. Ensure you have a supported JavaScript runtime and challenge solver script distribution installed. Review any warnings presented before this message. For more details, refer to  https://github.com/yt-dlp/yt-dlp/wiki/EJS
WARNING: [youtube] YouTube said: ERROR - Precondition check failed.
WARNING: [youtube] HTTP Error 400: Bad Request. Retrying (1/3)...
WARNING: [youtube] YouTube said: ERROR - Precondition check failed.
WARNING: [youtube] HTTP Error 400: Bad Request. Retrying (2/3)...
WARNING: [youtube] YouTube said: ERROR - Precondition check failed.
WARNING: [youtube] HTTP Error 400: Bad Request. Retrying (3/3)...
WARNING: [youtube] YouTube said: ERROR - Precondition check failed.
WARNING: [youtube] Unable to download API page: HTTP Error 400: Bad Request (caused by <HTTPError 400: Bad Request>)
WARNING: [youtube] [jsc] Remote components challenge solver script (deno) and NPM package (deno) were skipped. These may be required to solve JS challenges. You can enable these downloads with  --remote-components ejs:github  (recommended) or  --remote-components ejs:npm , respectively. For more information and alternatives, refer to  https://github.com/yt-dlp/yt-dlp/wiki/EJS
WARNING: [youtube] ri8WGlLcR4A: n challenge solving failed: Some formats may be missing. Ensure you have a supported JavaScript runtime and challenge solver script distribution installed. Review any warnings presented before this message. For more details, refer to  https://github.com/yt-dlp/yt-dlp/wiki/EJS
WARNING: [youtube] YouTube said: ERROR - Precondition check failed.
WARNING: [youtube] HTTP Error 400: Bad Request. Retrying (1/3)...
WARNING: [youtube] YouTube said: ERROR - Precondition check failed.
WARNING: [youtube] HTTP Error 400: Bad Request. Retrying (2/3)...
WARNING: [youtube] YouTube said: ERROR - Precondition check failed.
WARNING: [youtube] HTTP Error 400: Bad Request. Retrying (3/3)...
WARNING: [youtube] YouTube said: ERROR - Precondition check failed.
WARNING: [youtube] Unable to download API page: HTTP Error 400: Bad Request (caused by <HTTPError 400: Bad Request>)
WARNING: [youtube] [jsc] Remote components challenge solver script (deno) and NPM package (deno) were skipped. These may be required to solve JS challenges. You can enable these downloads with  --remote-components ejs:github  (recommended) or  --remote-components ejs:npm , respectively. For more information and alternatives, refer to  https://github.com/yt-dlp/yt-dlp/wiki/EJS
WARNING: [youtube] DIBdhoPVKbc: n challenge solving failed: Some formats may be missing. Ensure you have a supported JavaScript runtime and challenge solver script distribution installed. Review any warnings presented before this message. For more details, refer to  https://github.com/yt-dlp/yt-dlp/wiki/EJS
WARNING: [youtube] YouTube said: ERROR - Precondition check failed.
WARNING: [youtube] HTTP Error 400: Bad Request. Retrying (1/3)...
WARNING: [youtube] YouTube said: ERROR - Precondition check failed.
WARNING: [youtube] HTTP Error 400: Bad Request. Retrying (2/3)...
WARNING: [youtube] YouTube said: ERROR - Precondition check failed.
WARNING: [youtube] HTTP Error 400: Bad Request. Retrying (3/3)...
WARNING: [youtube] YouTube said: ERROR - Precondition check failed.
WARNING: [youtube] Unable to download API page: HTTP Error 400: Bad Request (caused by <HTTPError 400: Bad Request>)
WARNING: [youtube] [jsc] Remote components challenge solver script (deno) and NPM package (deno) were skipped. These may be required to solve JS challenges. You can enable these downloads with  --remote-components ejs:github  (recommended) or  --remote-components ejs:npm , respectively. For more information and alternatives, refer to  https://github.com/yt-dlp/yt-dlp/wiki/EJS
WARNING: [youtube] hQZcQVI_708: n challenge solving failed: Some formats may be missing. Ensure you have a supported JavaScript runtime and challenge solver script distribution installed. Review any warnings presented before this message. For more details, refer to  https://github.com/yt-dlp/yt-dlp/wiki/EJS
WARNING: [youtube] YouTube said: ERROR - Precondition check failed.
WARNING: [youtube] HTTP Error 400: Bad Request. Retrying (1/3)...
WARNING: [youtube] YouTube said: ERROR - Precondition check failed.
WARNING: [youtube] HTTP Error 400: Bad Request. Retrying (2/3)...
WARNING: [youtube] YouTube said: ERROR - Precondition check failed.
WARNING: [youtube] HTTP Error 400: Bad Request. Retrying (3/3)...
WARNING: [youtube] YouTube said: ERROR - Precondition check failed.
WARNING: [youtube] Unable to download API page: HTTP Error 400: Bad Request (caused by <HTTPError 400: Bad Request>)
WARNING: [youtube] Y52ymq2U4wo: Some android_vr client https formats have been skipped as they are missing a URL. YouTube may have enabled the SABR-only streaming experiment for the current session. See  https://github.com/yt-dlp/yt-dlp/issues/12482  for more details
WARNING: [youtube] [jsc] Remote components challenge solver script (deno) and NPM package (deno) were skipped. These may be required to solve JS challenges. You can enable these downloads with  --remote-components ejs:github  (recommended) or  --remote-components ejs:npm , respectively. For more information and alternatives, refer to  https://github.com/yt-dlp/yt-dlp/wiki/EJS
WARNING: [youtube] Y52ymq2U4wo: n challenge solving failed: Some formats may be missing. Ensure you have a supported JavaScript runtime and challenge solver script distribution installed. Review any warnings presented before this message. For more details, refer to  https://github.com/yt-dlp/yt-dlp/wiki/EJS
WARNING: [youtube] YouTube said: ERROR - Precondition check failed.
WARNING: [youtube] HTTP Error 400: Bad Request. Retrying (1/3)...
WARNING: [youtube] YouTube said: ERROR - Precondition check failed.
WARNING: [youtube] HTTP Error 400: Bad Request. Retrying (2/3)...
WARNING: [youtube] YouTube said: ERROR - Precondition check failed.
WARNING: [youtube] HTTP Error 400: Bad Request. Retrying (3/3)...
WARNING: [youtube] YouTube said: ERROR - Precondition check failed.
WARNING: [youtube] Unable to download API page: HTTP Error 400: Bad Request (caused by <HTTPError 400: Bad Request>)
WARNING: [youtube] BJYuJl2i-O0: Some android_vr client https formats have been skipped as they are missing a URL. YouTube may have enabled the SABR-only streaming experiment for the current session. See  https://github.com/yt-dlp/yt-dlp/issues/12482  for more details
WARNING: [youtube] [jsc] Remote components challenge solver script (deno) and NPM package (deno) were skipped. These may be required to solve JS challenges. You can enable these downloads with  --remote-components ejs:github  (recommended) or  --remote-components ejs:npm , respectively. For more information and alternatives, refer to  https://github.com/yt-dlp/yt-dlp/wiki/EJS
WARNING: [youtube] BJYuJl2i-O0: n challenge solving failed: Some formats may be missing. Ensure you have a supported JavaScript runtime and challenge solver script distribution installed. Review any warnings presented before this message. For more details, refer to  https://github.com/yt-dlp/yt-dlp/wiki/EJS
WARNING: [youtube] YouTube said: ERROR - Precondition check failed.
WARNING: [youtube] HTTP Error 400: Bad Request. Retrying (1/3)...
WARNING: [youtube] YouTube said: ERROR - Precondition check failed.
WARNING: [youtube] HTTP Error 400: Bad Request. Retrying (2/3)...
WARNING: [youtube] YouTube said: ERROR - Precondition check failed.
WARNING: [youtube] HTTP Error 400: Bad Request. Retrying (3/3)...
WARNING: [youtube] YouTube said: ERROR - Precondition check failed.
WARNING: [youtube] Unable to download API page: HTTP Error 400: Bad Request (caused by <HTTPError 400: Bad Request>)
WARNING: [youtube] [jsc] Remote components challenge solver script (deno) and NPM package (deno) were skipped. These may be required to solve JS challenges. You can enable these downloads with  --remote-components ejs:github  (recommended) or  --remote-components ejs:npm , respectively. For more information and alternatives, refer to  https://github.com/yt-dlp/yt-dlp/wiki/EJS
WARNING: [youtube] 0Vj5BDQ9JhE: n challenge solving failed: Some formats may be missing. Ensure you have a supported JavaScript runtime and challenge solver script distribution installed. Review any warnings presented before this message. For more details, refer to  https://github.com/yt-dlp/yt-dlp/wiki/EJS
WARNING: [youtube] YouTube said: ERROR - Precondition check failed.
WARNING: [youtube] HTTP Error 400: Bad Request. Retrying (1/3)...
WARNING: [youtube] YouTube said: ERROR - Precondition check failed.
WARNING: [youtube] HTTP Error 400: Bad Request. Retrying (2/3)...
WARNING: [youtube] YouTube said: ERROR - Precondition check failed.
WARNING: [youtube] HTTP Error 400: Bad Request. Retrying (3/3)...
WARNING: [youtube] YouTube said: ERROR - Precondition check failed.
WARNING: [youtube] Unable to download API page: HTTP Error 400: Bad Request (caused by <HTTPError 400: Bad Request>)
WARNING: [youtube] [jsc] Remote components challenge solver script (deno) and NPM package (deno) were skipped. These may be required to solve JS challenges. You can enable these downloads with  --remote-components ejs:github  (recommended) or  --remote-components ejs:npm , respectively. For more information and alternatives, refer to  https://github.com/yt-dlp/yt-dlp/wiki/EJS
WARNING: [youtube] S8mxMVZj-Qc: n challenge solving failed: Some formats may be missing. Ensure you have a supported JavaScript runtime and challenge solver script distribution installed. Review any warnings presented before this message. For more details, refer to  https://github.com/yt-dlp/yt-dlp/wiki/EJS
[阿銘師x針還傳] 完成 (共 1 個字幕)

[胡乃文開示] 抓取中...
WARNING: [youtube] YouTube said: ERROR - Precondition check failed.
WARNING: [youtube] HTTP Error 400: Bad Request. Retrying (1/3)...
WARNING: [youtube] YouTube said: ERROR - Precondition check failed.
WARNING: [youtube] HTTP Error 400: Bad Request. Retrying (2/3)...
WARNING: [youtube] YouTube said: ERROR - Precondition check failed.
WARNING: [youtube] HTTP Error 400: Bad Request. Retrying (3/3)...
WARNING: [youtube] YouTube said: ERROR - Precondition check failed.
WARNING: [youtube] Unable to download API page: HTTP Error 400: Bad Request (caused by <HTTPError 400: Bad Request>)
WARNING: [youtube] [jsc] Remote components challenge solver script (deno) and NPM package (deno) were skipped. These may be required to solve JS challenges. You can enable these downloads with  --remote-components ejs:github  (recommended) or  --remote-components ejs:npm , respectively. For more information and alternatives, refer to  https://github.com/yt-dlp/yt-dlp/wiki/EJS
WARNING: [youtube] czy03X5iSJw: n challenge solving failed: Some formats may be missing. Ensure you have a supported JavaScript runtime and challenge solver script distribution installed. Review any warnings presented before this message. For more details, refer to  https://github.com/yt-dlp/yt-dlp/wiki/EJS
WARNING: The extractor specified to use impersonation for this download, but no impersonate target is available. If you encounter errors, then see  https://github.com/yt-dlp/yt-dlp#impersonation  for information on installing the required dependencies
WARNING: The extractor specified to use impersonation for this download, but no impersonate target is available. If you encounter errors, then see  https://github.com/yt-dlp/yt-dlp#impersonation  for information on installing the required dependencies
WARNING: [youtube] YouTube said: ERROR - Precondition check failed.
WARNING: [youtube] HTTP Error 400: Bad Request. Retrying (1/3)...
WARNING: [youtube] YouTube said: ERROR - Precondition check failed.
WARNING: [youtube] HTTP Error 400: Bad Request. Retrying (2/3)...
WARNING: [youtube] YouTube said: ERROR - Precondition check failed.
WARNING: [youtube] HTTP Error 400: Bad Request. Retrying (3/3)...
WARNING: [youtube] YouTube said: ERROR - Precondition check failed.
WARNING: [youtube] Unable to download API page: HTTP Error 400: Bad Request (caused by <HTTPError 400: Bad Request>)
ERROR: [youtube] fFDJcicBBPA: Join this channel to get access to members-only content like this video, and other exclusive perks.
WARNING: [youtube] YouTube said: ERROR - Precondition check failed.
WARNING: [youtube] HTTP Error 400: Bad Request. Retrying (1/3)...
WARNING: [youtube] YouTube said: ERROR - Precondition check failed.
WARNING: [youtube] HTTP Error 400: Bad Request. Retrying (2/3)...
WARNING: [youtube] YouTube said: ERROR - Precondition check failed.
WARNING: [youtube] HTTP Error 400: Bad Request. Retrying (3/3)...
WARNING: [youtube] YouTube said: ERROR - Precondition check failed.
WARNING: [youtube] Unable to download API page: HTTP Error 400: Bad Request (caused by <HTTPError 400: Bad Request>)
ERROR: [youtube] YiV3krI8Uo8: Join this channel to get access to members-only content like this video, and other exclusive perks.
WARNING: [youtube] YouTube said: ERROR - Precondition check failed.
WARNING: [youtube] HTTP Error 400: Bad Request. Retrying (1/3)...
WARNING: [youtube] YouTube said: ERROR - Precondition check failed.
WARNING: [youtube] HTTP Error 400: Bad Request. Retrying (2/3)...
WARNING: [youtube] YouTube said: ERROR - Precondition check failed.
WARNING: [youtube] HTTP Error 400: Bad Request. Retrying (3/3)...
WARNING: [youtube] YouTube said: ERROR - Precondition check failed.
WARNING: [youtube] Unable to download API page: HTTP Error 400: Bad Request (caused by <HTTPError 400: Bad Request>)
ERROR: [youtube] IueYJNnZSJU: Join this channel to get access to members-only content like this video, and other exclusive perks.
WARNING: [youtube] YouTube said: ERROR - Precondition check failed.
WARNING: [youtube] HTTP Error 400: Bad Request. Retrying (1/3)...
WARNING: [youtube] YouTube said: ERROR - Precondition check failed.
WARNING: [youtube] HTTP Error 400: Bad Request. Retrying (2/3)...
WARNING: [youtube] YouTube said: ERROR - Precondition check failed.
WARNING: [youtube] HTTP Error 400: Bad Request. Retrying (3/3)...
WARNING: [youtube] YouTube said: ERROR - Precondition check failed.
WARNING: [youtube] Unable to download API page: HTTP Error 400: Bad Request (caused by <HTTPError 400: Bad Request>)
ERROR: [youtube] WlT5xtjvdv4: Join this channel to get access to members-only content like this video, and other exclusive perks.
WARNING: [youtube] YouTube said: ERROR - Precondition check failed.
WARNING: [youtube] HTTP Error 400: Bad Request. Retrying (1/3)...
WARNING: [youtube] YouTube said: ERROR - Precondition check failed.
WARNING: [youtube] HTTP Error 400: Bad Request. Retrying (2/3)...
WARNING: [youtube] YouTube said: ERROR - Precondition check failed.
WARNING: [youtube] HTTP Error 400: Bad Request. Retrying (3/3)...
WARNING: [youtube] YouTube said: ERROR - Precondition check failed.
WARNING: [youtube] Unable to download API page: HTTP Error 400: Bad Request (caused by <HTTPError 400: Bad Request>)
ERROR: [youtube] LTvQ65J1FJg: Join this channel to get access to members-only content like this video, and other exclusive perks.
WARNING: [youtube] YouTube said: ERROR - Precondition check failed.
WARNING: [youtube] HTTP Error 400: Bad Request. Retrying (1/3)...
WARNING: [youtube] YouTube said: ERROR - Precondition check failed.
WARNING: [youtube] HTTP Error 400: Bad Request. Retrying (2/3)...
WARNING: [youtube] YouTube said: ERROR - Precondition check failed.
WARNING: [youtube] HTTP Error 400: Bad Request. Retrying (3/3)...
WARNING: [youtube] YouTube said: ERROR - Precondition check failed.
WARNING: [youtube] Unable to download API page: HTTP Error 400: Bad Request (caused by <HTTPError 400: Bad Request>)
ERROR: [youtube] f67fcVPBO1E: Join this channel to get access to members-only content like this video, and other exclusive perks.
WARNING: [youtube] YouTube said: ERROR - Precondition check failed.
WARNING: [youtube] HTTP Error 400: Bad Request. Retrying (1/3)...
WARNING: [youtube] YouTube said: ERROR - Precondition check failed.
WARNING: [youtube] HTTP Error 400: Bad Request. Retrying (2/3)...
WARNING: [youtube] YouTube said: ERROR - Precondition check failed.
WARNING: [youtube] HTTP Error 400: Bad Request. Retrying (3/3)...
WARNING: [youtube] YouTube said: ERROR - Precondition check failed.
WARNING: [youtube] Unable to download API page: HTTP Error 400: Bad Request (caused by <HTTPError 400: Bad Request>)
ERROR: [youtube] cjdf50O2drE: Join this channel to get access to members-only content like this video, and other exclusive perks.
WARNING: [youtube] YouTube said: ERROR - Precondition check failed.
WARNING: [youtube] HTTP Error 400: Bad Request. Retrying (1/3)...
WARNING: [youtube] YouTube said: ERROR - Precondition check failed.
WARNING: [youtube] HTTP Error 400: Bad Request. Retrying (2/3)...
WARNING: [youtube] YouTube said: ERROR - Precondition check failed.
WARNING: [youtube] HTTP Error 400: Bad Request. Retrying (3/3)...
WARNING: [youtube] YouTube said: ERROR - Precondition check failed.
WARNING: [youtube] Unable to download API page: HTTP Error 400: Bad Request (caused by <HTTPError 400: Bad Request>)
ERROR: [youtube] I4HlKuo-RDw: Join this channel to get access to members-only content like this video, and other exclusive perks.
WARNING: [youtube] YouTube said: ERROR - Precondition check failed.
WARNING: [youtube] HTTP Error 400: Bad Request. Retrying (1/3)...
WARNING: [youtube] YouTube said: ERROR - Precondition check failed.
WARNING: [youtube] HTTP Error 400: Bad Request. Retrying (2/3)...
WARNING: [youtube] YouTube said: ERROR - Precondition check failed.
WARNING: [youtube] HTTP Error 400: Bad Request. Retrying (3/3)...
WARNING: [youtube] YouTube said: ERROR - Precondition check failed.
WARNING: [youtube] Unable to download API page: HTTP Error 400: Bad Request (caused by <HTTPError 400: Bad Request>)
ERROR: [youtube] Txlg-sxwReA: Join this channel to get access to members-only content like this video, and other exclusive perks.
WARNING: [youtube] YouTube said: ERROR - Precondition check failed.
WARNING: [youtube] HTTP Error 400: Bad Request. Retrying (1/3)...
WARNING: [youtube] YouTube said: ERROR - Precondition check failed.
WARNING: [youtube] HTTP Error 400: Bad Request. Retrying (2/3)...
WARNING: [youtube] YouTube said: ERROR - Precondition check failed.
WARNING: [youtube] HTTP Error 400: Bad Request. Retrying (3/3)...
WARNING: [youtube] YouTube said: ERROR - Precondition check failed.
WARNING: [youtube] Unable to download API page: HTTP Error 400: Bad Request (caused by <HTTPError 400: Bad Request>)
ERROR: [youtube] BjEoIkHYmmE: Join this channel to get access to members-only content like this video, and other exclusive perks.
WARNING: [youtube] YouTube said: ERROR - Precondition check failed.
WARNING: [youtube] HTTP Error 400: Bad Request. Retrying (1/3)...
WARNING: [youtube] YouTube said: ERROR - Precondition check failed.
WARNING: [youtube] HTTP Error 400: Bad Request. Retrying (2/3)...
WARNING: [youtube] YouTube said: ERROR - Precondition check failed.
WARNING: [youtube] HTTP Error 400: Bad Request. Retrying (3/3)...
WARNING: [youtube] YouTube said: ERROR - Precondition check failed.
WARNING: [youtube] Unable to download API page: HTTP Error 400: Bad Request (caused by <HTTPError 400: Bad Request>)
ERROR: [youtube] pxvfTqLRHqA: Join this channel to get access to members-only content like this video, and other exclusive perks.
WARNING: [youtube] YouTube said: ERROR - Precondition check failed.
WARNING: [youtube] HTTP Error 400: Bad Request. Retrying (1/3)...
WARNING: [youtube] YouTube said: ERROR - Precondition check failed.
WARNING: [youtube] HTTP Error 400: Bad Request. Retrying (2/3)...
WARNING: [youtube] YouTube said: ERROR - Precondition check failed.
WARNING: [youtube] HTTP Error 400: Bad Request. Retrying (3/3)...
WARNING: [youtube] YouTube said: ERROR - Precondition check failed.
WARNING: [youtube] Unable to download API page: HTTP Error 400: Bad Request (caused by <HTTPError 400: Bad Request>)
ERROR: [youtube] 0DWH_uoQqoI: Join this channel to get access to members-only content like this video, and other exclusive perks.
WARNING: [youtube] YouTube said: ERROR - Precondition check failed.
WARNING: [youtube] HTTP Error 400: Bad Request. Retrying (1/3)...
WARNING: [youtube] YouTube said: ERROR - Precondition check failed.
WARNING: [youtube] HTTP Error 400: Bad Request. Retrying (2/3)...
WARNING: [youtube] YouTube said: ERROR - Precondition check failed.
WARNING: [youtube] HTTP Error 400: Bad Request. Retrying (3/3)...
WARNING: [youtube] YouTube said: ERROR - Precondition check failed.
WARNING: [youtube] Unable to download API page: HTTP Error 400: Bad Request (caused by <HTTPError 400: Bad Request>)
ERROR: [youtube] ePUwdGYeKZc: Join this channel to get access to members-only content like this video, and other exclusive perks.
WARNING: [youtube] YouTube said: ERROR - Precondition check failed.
WARNING: [youtube] HTTP Error 400: Bad Request. Retrying (1/3)...
WARNING: [youtube] YouTube said: ERROR - Precondition check failed.
WARNING: [youtube] HTTP Error 400: Bad Request. Retrying (2/3)...
WARNING: [youtube] YouTube said: ERROR - Precondition check failed.
WARNING: [youtube] HTTP Error 400: Bad Request. Retrying (3/3)...
WARNING: [youtube] YouTube said: ERROR - Precondition check failed.
WARNING: [youtube] Unable to download API page: HTTP Error 400: Bad Request (caused by <HTTPError 400: Bad Request>)
ERROR: [youtube] JItq1HwtHUQ: Join this channel to get access to members-only content like this video, and other exclusive perks.
[胡乃文開示] 完成 (共 73 個字幕)

[柏格醫生中文] 抓取中...
WARNING: [youtube] YouTube said: ERROR - Precondition check failed.
WARNING: [youtube] HTTP Error 400: Bad Request. Retrying (1/3)...
WARNING: [youtube] YouTube said: ERROR - Precondition check failed.
WARNING: [youtube] HTTP Error 400: Bad Request. Retrying (2/3)...
WARNING: [youtube] YouTube said: ERROR - Precondition check failed.
WARNING: [youtube] HTTP Error 400: Bad Request. Retrying (3/3)...
WARNING: [youtube] YouTube said: ERROR - Precondition check failed.
WARNING: [youtube] Unable to download API page: HTTP Error 400: Bad Request (caused by <HTTPError 400: Bad Request>)
WARNING: [youtube] [jsc] Remote components challenge solver script (deno) and NPM package (deno) were skipped. These may be required to solve JS challenges. You can enable these downloads with  --remote-components ejs:github  (recommended) or  --remote-components ejs:npm , respectively. For more information and alternatives, refer to  https://github.com/yt-dlp/yt-dlp/wiki/EJS
WARNING: [youtube] gX3Ng2k-h4Y: n challenge solving failed: Some formats may be missing. Ensure you have a supported JavaScript runtime and challenge solver script distribution installed. Review any warnings presented before this message. For more details, refer to  https://github.com/yt-dlp/yt-dlp/wiki/EJS
WARNING: The extractor specified to use impersonation for this download, but no impersonate target is available. If you encounter errors, then see  https://github.com/yt-dlp/yt-dlp#impersonation  for information on installing the required dependencies
WARNING: [youtube] YouTube said: ERROR - Precondition check failed.
WARNING: [youtube] HTTP Error 400: Bad Request. Retrying (1/3)...
WARNING: [youtube] YouTube said: ERROR - Precondition check failed.
WARNING: [youtube] HTTP Error 400: Bad Request. Retrying (2/3)...
WARNING: [youtube] YouTube said: ERROR - Precondition check failed.
WARNING: [youtube] HTTP Error 400: Bad Request. Retrying (3/3)...
WARNING: [youtube] YouTube said: ERROR - Precondition check failed.
WARNING: [youtube] Unable to download API page: HTTP Error 400: Bad Request (caused by <HTTPError 400: Bad Request>)
WARNING: [youtube] [jsc] Remote components challenge solver script (deno) and NPM package (deno) were skipped. These may be required to solve JS challenges. You can enable these downloads with  --remote-components ejs:github  (recommended) or  --remote-components ejs:npm , respectively. For more information and alternatives, refer to  https://github.com/yt-dlp/yt-dlp/wiki/EJS
WARNING: [youtube] XDKO8ctNM38: n challenge solving failed: Some formats may be missing. Ensure you have a supported JavaScript runtime and challenge solver script distribution installed. Review any warnings presented before this message. For more details, refer to  https://github.com/yt-dlp/yt-dlp/wiki/EJS
WARNING: The extractor specified to use impersonation for this download, but no impersonate target is available. If you encounter errors, then see  https://github.com/yt-dlp/yt-dlp#impersonation  for information on installing the required dependencies
WARNING: [youtube] YouTube said: ERROR - Precondition check failed.
WARNING: [youtube] HTTP Error 400: Bad Request. Retrying (1/3)...
WARNING: [youtube] YouTube said: ERROR - Precondition check failed.
WARNING: [youtube] HTTP Error 400: Bad Request. Retrying (2/3)...
WARNING: [youtube] YouTube said: ERROR - Precondition check failed.
WARNING: [youtube] HTTP Error 400: Bad Request. Retrying (3/3)...
WARNING: [youtube] YouTube said: ERROR - Precondition check failed.
WARNING: [youtube] Unable to download API page: HTTP Error 400: Bad Request (caused by <HTTPError 400: Bad Request>)
WARNING: [youtube] [jsc] Remote components challenge solver script (deno) and NPM package (deno) were skipped. These may be required to solve JS challenges. You can enable these downloads with  --remote-components ejs:github  (recommended) or  --remote-components ejs:npm , respectively. For more information and alternatives, refer to  https://github.com/yt-dlp/yt-dlp/wiki/EJS
WARNING: [youtube] GeTfZAU_fTQ: n challenge solving failed: Some formats may be missing. Ensure you have a supported JavaScript runtime and challenge solver script distribution installed. Review any warnings presented before this message. For more details, refer to  https://github.com/yt-dlp/yt-dlp/wiki/EJS
WARNING: The extractor specified to use impersonation for this download, but no impersonate target is available. If you encounter errors, then see  https://github.com/yt-dlp/yt-dlp#impersonation  for information on installing the required dependencies
[柏格醫生中文] 完成 (共 53 個字幕)

[周慕姿放心說] 抓取中...
WARNING: [youtube] YouTube said: ERROR - Precondition check failed.
WARNING: [youtube] HTTP Error 400: Bad Request. Retrying (1/3)...
WARNING: [youtube] YouTube said: ERROR - Precondition check failed.
WARNING: [youtube] HTTP Error 400: Bad Request. Retrying (2/3)...
WARNING: [youtube] YouTube said: ERROR - Precondition check failed.
WARNING: [youtube] HTTP Error 400: Bad Request. Retrying (3/3)...
WARNING: [youtube] YouTube said: ERROR - Precondition check failed.
WARNING: [youtube] Unable to download API page: HTTP Error 400: Bad Request (caused by <HTTPError 400: Bad Request>)
WARNING: [youtube] [jsc] Remote components challenge solver script (deno) and NPM package (deno) were skipped. These may be required to solve JS challenges. You can enable these downloads with  --remote-components ejs:github  (recommended) or  --remote-components ejs:npm , respectively. For more information and alternatives, refer to  https://github.com/yt-dlp/yt-dlp/wiki/EJS
WARNING: [youtube] -CdHtG6Y4mw: n challenge solving failed: Some formats may be missing. Ensure you have a supported JavaScript runtime and challenge solver script distribution installed. Review any warnings presented before this message. For more details, refer to  https://github.com/yt-dlp/yt-dlp/wiki/EJS
WARNING: The extractor specified to use impersonation for this download, but no impersonate target is available. If you encounter errors, then see  https://github.com/yt-dlp/yt-dlp#impersonation  for information on installing the required dependencies
WARNING: [youtube] YouTube said: ERROR - Precondition check failed.
WARNING: [youtube] HTTP Error 400: Bad Request. Retrying (1/3)...
WARNING: [youtube] YouTube said: ERROR - Precondition check failed.
WARNING: [youtube] HTTP Error 400: Bad Request. Retrying (2/3)...
WARNING: [youtube] YouTube said: ERROR - Precondition check failed.
WARNING: [youtube] HTTP Error 400: Bad Request. Retrying (3/3)...
WARNING: [youtube] YouTube said: ERROR - Precondition check failed.
WARNING: [youtube] Unable to download API page: HTTP Error 400: Bad Request (caused by <HTTPError 400: Bad Request>)
WARNING: [youtube] [jsc] Remote components challenge solver script (deno) and NPM package (deno) were skipped. These may be required to solve JS challenges. You can enable these downloads with  --remote-components ejs:github  (recommended) or  --remote-components ejs:npm , respectively. For more information and alternatives, refer to  https://github.com/yt-dlp/yt-dlp/wiki/EJS
WARNING: [youtube] fD0_zQJzobU: n challenge solving failed: Some formats may be missing. Ensure you have a supported JavaScript runtime and challenge solver script distribution installed. Review any warnings presented before this message. For more details, refer to  https://github.com/yt-dlp/yt-dlp/wiki/EJS
WARNING: [youtube] YouTube said: ERROR - Precondition check failed.
WARNING: [youtube] HTTP Error 400: Bad Request. Retrying (1/3)...
WARNING: [youtube] YouTube said: ERROR - Precondition check failed.
WARNING: [youtube] HTTP Error 400: Bad Request. Retrying (2/3)...
WARNING: [youtube] YouTube said: ERROR - Precondition check failed.
WARNING: [youtube] HTTP Error 400: Bad Request. Retrying (3/3)...
WARNING: [youtube] YouTube said: ERROR - Precondition check failed.
WARNING: [youtube] Unable to download API page: HTTP Error 400: Bad Request (caused by <HTTPError 400: Bad Request>)
WARNING: [youtube] [jsc] Remote components challenge solver script (deno) and NPM package (deno) were skipped. These may be required to solve JS challenges. You can enable these downloads with  --remote-components ejs:github  (recommended) or  --remote-components ejs:npm , respectively. For more information and alternatives, refer to  https://github.com/yt-dlp/yt-dlp/wiki/EJS
WARNING: [youtube] eUaqiwR84ZU: n challenge solving failed: Some formats may be missing. Ensure you have a supported JavaScript runtime and challenge solver script distribution installed. Review any warnings presented before this message. For more details, refer to  https://github.com/yt-dlp/yt-dlp/wiki/EJS
[周慕姿放心說] 完成 (共 0 個字幕)

[松明講心理] 抓取中...
WARNING: [youtube] YouTube said: ERROR - Precondition check failed.
WARNING: [youtube] HTTP Error 400: Bad Request. Retrying (1/3)...
WARNING: [youtube] YouTube said: ERROR - Precondition check failed.
WARNING: [youtube] HTTP Error 400: Bad Request. Retrying (2/3)...
WARNING: [youtube] YouTube said: ERROR - Precondition check failed.
WARNING: [youtube] HTTP Error 400: Bad Request. Retrying (3/3)...
WARNING: [youtube] YouTube said: ERROR - Precondition check failed.
WARNING: [youtube] Unable to download API page: HTTP Error 400: Bad Request (caused by <HTTPError 400: Bad Request>)
WARNING: [youtube] [jsc] Remote components challenge solver script (deno) and NPM package (deno) were skipped. These may be required to solve JS challenges. You can enable these downloads with  --remote-components ejs:github  (recommended) or  --remote-components ejs:npm , respectively. For more information and alternatives, refer to  https://github.com/yt-dlp/yt-dlp/wiki/EJS
WARNING: [youtube] YqmqYFWjCOA: n challenge solving failed: Some formats may be missing. Ensure you have a supported JavaScript runtime and challenge solver script distribution installed. Review any warnings presented before this message. For more details, refer to  https://github.com/yt-dlp/yt-dlp/wiki/EJS
WARNING: [youtube] YouTube said: ERROR - Precondition check failed.
WARNING: [youtube] HTTP Error 400: Bad Request. Retrying (1/3)...
WARNING: [youtube] YouTube said: ERROR - Precondition check failed.
WARNING: [youtube] HTTP Error 400: Bad Request. Retrying (2/3)...
WARNING: [youtube] YouTube said: ERROR - Precondition check failed.
WARNING: [youtube] HTTP Error 400: Bad Request. Retrying (3/3)...
WARNING: [youtube] YouTube said: ERROR - Precondition check failed.
WARNING: [youtube] Unable to download API page: HTTP Error 400: Bad Request (caused by <HTTPError 400: Bad Request>)
WARNING: [youtube] [jsc] Remote components challenge solver script (deno) and NPM package (deno) were skipped. These may be required to solve JS challenges. You can enable these downloads with  --remote-components ejs:github  (recommended) or  --remote-components ejs:npm , respectively. For more information and alternatives, refer to  https://github.com/yt-dlp/yt-dlp/wiki/EJS
WARNING: [youtube] 6tpJr6TEVFg: n challenge solving failed: Some formats may be missing. Ensure you have a supported JavaScript runtime and challenge solver script distribution installed. Review any warnings presented before this message. For more details, refer to  https://github.com/yt-dlp/yt-dlp/wiki/EJS
WARNING: [youtube] YouTube said: ERROR - Precondition check failed.
WARNING: [youtube] HTTP Error 400: Bad Request. Retrying (1/3)...
WARNING: [youtube] YouTube said: ERROR - Precondition check failed.
WARNING: [youtube] HTTP Error 400: Bad Request. Retrying (2/3)...
WARNING: [youtube] YouTube said: ERROR - Precondition check failed.
WARNING: [youtube] HTTP Error 400: Bad Request. Retrying (3/3)...
WARNING: [youtube] YouTube said: ERROR - Precondition check failed.
WARNING: [youtube] Unable to download API page: HTTP Error 400: Bad Request (caused by <HTTPError 400: Bad Request>)
WARNING: [youtube] [jsc] Remote components challenge solver script (deno) and NPM package (deno) were skipped. These may be required to solve JS challenges. You can enable these downloads with  --remote-components ejs:github  (recommended) or  --remote-components ejs:npm , respectively. For more information and alternatives, refer to  https://github.com/yt-dlp/yt-dlp/wiki/EJS
WARNING: [youtube] RPy3Jp66yrQ: n challenge solving failed: Some formats may be missing. Ensure you have a supported JavaScript runtime and challenge solver script distribution installed. Review any warnings presented before this message. For more details, refer to  https://github.com/yt-dlp/yt-dlp/wiki/EJS
WARNING: [youtube] YouTube said: ERROR - Precondition check failed.
WARNING: [youtube] HTTP Error 400: Bad Request. Retrying (1/3)...
WARNING: [youtube] YouTube said: ERROR - Precondition check failed.
WARNING: [youtube] HTTP Error 400: Bad Request. Retrying (2/3)...
WARNING: [youtube] YouTube said: ERROR - Precondition check failed.
WARNING: [youtube] HTTP Error 400: Bad Request. Retrying (3/3)...
WARNING: [youtube] YouTube said: ERROR - Precondition check failed.
WARNING: [youtube] Unable to download API page: HTTP Error 400: Bad Request (caused by <HTTPError 400: Bad Request>)
WARNING: [youtube] [jsc] Remote components challenge solver script (deno) and NPM package (deno) were skipped. These may be required to solve JS challenges. You can enable these downloads with  --remote-components ejs:github  (recommended) or  --remote-components ejs:npm , respectively. For more information and alternatives, refer to  https://github.com/yt-dlp/yt-dlp/wiki/EJS
WARNING: [youtube] vlYfxR33_V0: n challenge solving failed: Some formats may be missing. Ensure you have a supported JavaScript runtime and challenge solver script distribution installed. Review any warnings presented before this message. For more details, refer to  https://github.com/yt-dlp/yt-dlp/wiki/EJS
WARNING: [youtube] YouTube said: ERROR - Precondition check failed.
WARNING: [youtube] HTTP Error 400: Bad Request. Retrying (1/3)...
WARNING: [youtube] YouTube said: ERROR - Precondition check failed.
WARNING: [youtube] HTTP Error 400: Bad Request. Retrying (2/3)...
WARNING: [youtube] YouTube said: ERROR - Precondition check failed.
WARNING: [youtube] HTTP Error 400: Bad Request. Retrying (3/3)...
WARNING: [youtube] YouTube said: ERROR - Precondition check failed.
WARNING: [youtube] Unable to download API page: HTTP Error 400: Bad Request (caused by <HTTPError 400: Bad Request>)
WARNING: [youtube] [jsc] Remote components challenge solver script (deno) and NPM package (deno) were skipped. These may be required to solve JS challenges. You can enable these downloads with  --remote-components ejs:github  (recommended) or  --remote-components ejs:npm , respectively. For more information and alternatives, refer to  https://github.com/yt-dlp/yt-dlp/wiki/EJS
WARNING: [youtube] fwA81LGZhq8: n challenge solving failed: Some formats may be missing. Ensure you have a supported JavaScript runtime and challenge solver script distribution installed. Review any warnings presented before this message. For more details, refer to  https://github.com/yt-dlp/yt-dlp/wiki/EJS
WARNING: [youtube] YouTube said: ERROR - Precondition check failed.
WARNING: [youtube] HTTP Error 400: Bad Request. Retrying (1/3)...
WARNING: [youtube] YouTube said: ERROR - Precondition check failed.
WARNING: [youtube] HTTP Error 400: Bad Request. Retrying (2/3)...
WARNING: [youtube] YouTube said: ERROR - Precondition check failed.
WARNING: [youtube] HTTP Error 400: Bad Request. Retrying (3/3)...
WARNING: [youtube] YouTube said: ERROR - Precondition check failed.
WARNING: [youtube] Unable to download API page: HTTP Error 400: Bad Request (caused by <HTTPError 400: Bad Request>)
WARNING: [youtube] [jsc] Remote components challenge solver script (deno) and NPM package (deno) were skipped. These may be required to solve JS challenges. You can enable these downloads with  --remote-components ejs:github  (recommended) or  --remote-components ejs:npm , respectively. For more information and alternatives, refer to  https://github.com/yt-dlp/yt-dlp/wiki/EJS
WARNING: [youtube] GTp9YHXVK7k: n challenge solving failed: Some formats may be missing. Ensure you have a supported JavaScript runtime and challenge solver script distribution installed. Review any warnings presented before this message. For more details, refer to  https://github.com/yt-dlp/yt-dlp/wiki/EJS
WARNING: [youtube] YouTube said: ERROR - Precondition check failed.
WARNING: [youtube] HTTP Error 400: Bad Request. Retrying (1/3)...
WARNING: [youtube] YouTube said: ERROR - Precondition check failed.
WARNING: [youtube] HTTP Error 400: Bad Request. Retrying (2/3)...
WARNING: [youtube] YouTube said: ERROR - Precondition check failed.
WARNING: [youtube] HTTP Error 400: Bad Request. Retrying (3/3)...
WARNING: [youtube] YouTube said: ERROR - Precondition check failed.
WARNING: [youtube] Unable to download API page: HTTP Error 400: Bad Request (caused by <HTTPError 400: Bad Request>)
WARNING: [youtube] [jsc] Remote components challenge solver script (deno) and NPM package (deno) were skipped. These may be required to solve JS challenges. You can enable these downloads with  --remote-components ejs:github  (recommended) or  --remote-components ejs:npm , respectively. For more information and alternatives, refer to  https://github.com/yt-dlp/yt-dlp/wiki/EJS
WARNING: [youtube] CWAnuIXtrSk: n challenge solving failed: Some formats may be missing. Ensure you have a supported JavaScript runtime and challenge solver script distribution installed. Review any warnings presented before this message. For more details, refer to  https://github.com/yt-dlp/yt-dlp/wiki/EJS
WARNING: [youtube] YouTube said: ERROR - Precondition check failed.
WARNING: [youtube] HTTP Error 400: Bad Request. Retrying (1/3)...
WARNING: [youtube] YouTube said: ERROR - Precondition check failed.
WARNING: [youtube] HTTP Error 400: Bad Request. Retrying (2/3)...
WARNING: [youtube] YouTube said: ERROR - Precondition check failed.
WARNING: [youtube] HTTP Error 400: Bad Request. Retrying (3/3)...
WARNING: [youtube] YouTube said: ERROR - Precondition check failed.
WARNING: [youtube] Unable to download API page: HTTP Error 400: Bad Request (caused by <HTTPError 400: Bad Request>)
WARNING: [youtube] [jsc] Remote components challenge solver script (deno) and NPM package (deno) were skipped. These may be required to solve JS challenges. You can enable these downloads with  --remote-components ejs:github  (recommended) or  --remote-components ejs:npm , respectively. For more information and alternatives, refer to  https://github.com/yt-dlp/yt-dlp/wiki/EJS
WARNING: [youtube] yX4o3fTThTM: n challenge solving failed: Some formats may be missing. Ensure you have a supported JavaScript runtime and challenge solver script distribution installed. Review any warnings presented before this message. For more details, refer to  https://github.com/yt-dlp/yt-dlp/wiki/EJS
WARNING: [youtube] YouTube said: ERROR - Precondition check failed.
WARNING: [youtube] HTTP Error 400: Bad Request. Retrying (1/3)...
WARNING: [youtube] YouTube said: ERROR - Precondition check failed.
WARNING: [youtube] HTTP Error 400: Bad Request. Retrying (2/3)...
WARNING: [youtube] YouTube said: ERROR - Precondition check failed.
WARNING: [youtube] HTTP Error 400: Bad Request. Retrying (3/3)...
WARNING: [youtube] YouTube said: ERROR - Precondition check failed.
WARNING: [youtube] Unable to download API page: HTTP Error 400: Bad Request (caused by <HTTPError 400: Bad Request>)
WARNING: [youtube] [jsc] Remote components challenge solver script (deno) and NPM package (deno) were skipped. These may be required to solve JS challenges. You can enable these downloads with  --remote-components ejs:github  (recommended) or  --remote-components ejs:npm , respectively. For more information and alternatives, refer to  https://github.com/yt-dlp/yt-dlp/wiki/EJS
WARNING: [youtube] WNnlp892vrQ: n challenge solving failed: Some formats may be missing. Ensure you have a supported JavaScript runtime and challenge solver script distribution installed. Review any warnings presented before this message. For more details, refer to  https://github.com/yt-dlp/yt-dlp/wiki/EJS
WARNING: [youtube] YouTube said: ERROR - Precondition check failed.
WARNING: [youtube] HTTP Error 400: Bad Request. Retrying (1/3)...
WARNING: [youtube] YouTube said: ERROR - Precondition check failed.
WARNING: [youtube] HTTP Error 400: Bad Request. Retrying (2/3)...
WARNING: [youtube] YouTube said: ERROR - Precondition check failed.
WARNING: [youtube] HTTP Error 400: Bad Request. Retrying (3/3)...
WARNING: [youtube] YouTube said: ERROR - Precondition check failed.
WARNING: [youtube] Unable to download API page: HTTP Error 400: Bad Request (caused by <HTTPError 400: Bad Request>)
WARNING: [youtube] [jsc] Remote components challenge solver script (deno) and NPM package (deno) were skipped. These may be required to solve JS challenges. You can enable these downloads with  --remote-components ejs:github  (recommended) or  --remote-components ejs:npm , respectively. For more information and alternatives, refer to  https://github.com/yt-dlp/yt-dlp/wiki/EJS
WARNING: [youtube] L3Ycz3PGsqY: n challenge solving failed: Some formats may be missing. Ensure you have a supported JavaScript runtime and challenge solver script distribution installed. Review any warnings presented before this message. For more details, refer to  https://github.com/yt-dlp/yt-dlp/wiki/EJS
WARNING: [youtube] YouTube said: ERROR - Precondition check failed.
WARNING: [youtube] HTTP Error 400: Bad Request. Retrying (1/3)...
WARNING: [youtube] YouTube said: ERROR - Precondition check failed.
WARNING: [youtube] HTTP Error 400: Bad Request. Retrying (2/3)...
WARNING: [youtube] YouTube said: ERROR - Precondition check failed.
WARNING: [youtube] HTTP Error 400: Bad Request. Retrying (3/3)...
WARNING: [youtube] YouTube said: ERROR - Precondition check failed.
WARNING: [youtube] Unable to download API page: HTTP Error 400: Bad Request (caused by <HTTPError 400: Bad Request>)
WARNING: [youtube] [jsc] Remote components challenge solver script (deno) and NPM package (deno) were skipped. These may be required to solve JS challenges. You can enable these downloads with  --remote-components ejs:github  (recommended) or  --remote-components ejs:npm , respectively. For more information and alternatives, refer to  https://github.com/yt-dlp/yt-dlp/wiki/EJS
WARNING: [youtube] bMo3uYDD4uQ: n challenge solving failed: Some formats may be missing. Ensure you have a supported JavaScript runtime and challenge solver script distribution installed. Review any warnings presented before this message. For more details, refer to  https://github.com/yt-dlp/yt-dlp/wiki/EJS
WARNING: [youtube] YouTube said: ERROR - Precondition check failed.
WARNING: [youtube] HTTP Error 400: Bad Request. Retrying (1/3)...
WARNING: [youtube] YouTube said: ERROR - Precondition check failed.
WARNING: [youtube] HTTP Error 400: Bad Request. Retrying (2/3)...
WARNING: [youtube] YouTube said: ERROR - Precondition check failed.
WARNING: [youtube] HTTP Error 400: Bad Request. Retrying (3/3)...
WARNING: [youtube] YouTube said: ERROR - Precondition check failed.
WARNING: [youtube] Unable to download API page: HTTP Error 400: Bad Request (caused by <HTTPError 400: Bad Request>)
ERROR: [youtube] cwr7jzAxBTs: This video is available to this channel's members on level: 中級會員『五天特訓營』課程 (or any higher level). Join this channel to get access to members-only content and other exclusive perks.
WARNING: [youtube] YouTube said: ERROR - Precondition check failed.
WARNING: [youtube] HTTP Error 400: Bad Request. Retrying (1/3)...
WARNING: [youtube] YouTube said: ERROR - Precondition check failed.
WARNING: [youtube] HTTP Error 400: Bad Request. Retrying (2/3)...
WARNING: [youtube] YouTube said: ERROR - Precondition check failed.
WARNING: [youtube] HTTP Error 400: Bad Request. Retrying (3/3)...
WARNING: [youtube] YouTube said: ERROR - Precondition check failed.
WARNING: [youtube] Unable to download API page: HTTP Error 400: Bad Request (caused by <HTTPError 400: Bad Request>)
WARNING: [youtube] vJ06-SN6kB8: Some android_vr client https formats have been skipped as they are missing a URL. YouTube may have enabled the SABR-only streaming experiment for the current session. See  https://github.com/yt-dlp/yt-dlp/issues/12482  for more details
WARNING: [youtube] [jsc] Remote components challenge solver script (deno) and NPM package (deno) were skipped. These may be required to solve JS challenges. You can enable these downloads with  --remote-components ejs:github  (recommended) or  --remote-components ejs:npm , respectively. For more information and alternatives, refer to  https://github.com/yt-dlp/yt-dlp/wiki/EJS
WARNING: [youtube] vJ06-SN6kB8: n challenge solving failed: Some formats may be missing. Ensure you have a supported JavaScript runtime and challenge solver script distribution installed. Review any warnings presented before this message. For more details, refer to  https://github.com/yt-dlp/yt-dlp/wiki/EJS
WARNING: [youtube] YouTube said: ERROR - Precondition check failed.
WARNING: [youtube] HTTP Error 400: Bad Request. Retrying (1/3)...
WARNING: [youtube] YouTube said: ERROR - Precondition check failed.
WARNING: [youtube] HTTP Error 400: Bad Request. Retrying (2/3)...
WARNING: [youtube] YouTube said: ERROR - Precondition check failed.
WARNING: [youtube] HTTP Error 400: Bad Request. Retrying (3/3)...
WARNING: [youtube] YouTube said: ERROR - Precondition check failed.
WARNING: [youtube] Unable to download API page: HTTP Error 400: Bad Request (caused by <HTTPError 400: Bad Request>)
ERROR: [youtube] mXqlb4sBci0: Join this channel to get access to members-only content like this video, and other exclusive perks.
WARNING: [youtube] YouTube said: ERROR - Precondition check failed.
WARNING: [youtube] HTTP Error 400: Bad Request. Retrying (1/3)...
WARNING: [youtube] YouTube said: ERROR - Precondition check failed.
WARNING: [youtube] HTTP Error 400: Bad Request. Retrying (2/3)...
WARNING: [youtube] YouTube said: ERROR - Precondition check failed.
WARNING: [youtube] HTTP Error 400: Bad Request. Retrying (3/3)...
WARNING: [youtube] YouTube said: ERROR - Precondition check failed.
WARNING: [youtube] Unable to download API page: HTTP Error 400: Bad Request (caused by <HTTPError 400: Bad Request>)
ERROR: [youtube] BYwEL3l5wK4: This video is available to this channel's members on level: 中級會員『五天特訓營』課程 (or any higher level). Join this channel to get access to members-only content and other exclusive perks.
WARNING: [youtube] YouTube said: ERROR - Precondition check failed.
WARNING: [youtube] HTTP Error 400: Bad Request. Retrying (1/3)...
WARNING: [youtube] YouTube said: ERROR - Precondition check failed.
WARNING: [youtube] HTTP Error 400: Bad Request. Retrying (2/3)...
WARNING: [youtube] YouTube said: ERROR - Precondition check failed.
WARNING: [youtube] HTTP Error 400: Bad Request. Retrying (3/3)...
WARNING: [youtube] YouTube said: ERROR - Precondition check failed.
WARNING: [youtube] Unable to download API page: HTTP Error 400: Bad Request (caused by <HTTPError 400: Bad Request>)
ERROR: [youtube] dRzfj7y7cdM: Join this channel to get access to members-only content like this video, and other exclusive perks.
WARNING: [youtube] YouTube said: ERROR - Precondition check failed.
WARNING: [youtube] HTTP Error 400: Bad Request. Retrying (1/3)...
WARNING: [youtube] YouTube said: ERROR - Precondition check failed.
WARNING: [youtube] HTTP Error 400: Bad Request. Retrying (2/3)...
WARNING: [youtube] YouTube said: ERROR - Precondition check failed.
WARNING: [youtube] HTTP Error 400: Bad Request. Retrying (3/3)...
WARNING: [youtube] YouTube said: ERROR - Precondition check failed.
WARNING: [youtube] Unable to download API page: HTTP Error 400: Bad Request (caused by <HTTPError 400: Bad Request>)
ERROR: [youtube] jUpdh5xcOtU: Join this channel to get access to members-only content like this video, and other exclusive perks.
WARNING: [youtube] YouTube said: ERROR - Precondition check failed.
WARNING: [youtube] HTTP Error 400: Bad Request. Retrying (1/3)...
WARNING: [youtube] YouTube said: ERROR - Precondition check failed.
WARNING: [youtube] HTTP Error 400: Bad Request. Retrying (2/3)...
WARNING: [youtube] YouTube said: ERROR - Precondition check failed.
WARNING: [youtube] HTTP Error 400: Bad Request. Retrying (3/3)...
WARNING: [youtube] YouTube said: ERROR - Precondition check failed.
WARNING: [youtube] Unable to download API page: HTTP Error 400: Bad Request (caused by <HTTPError 400: Bad Request>)
ERROR: [youtube] C_Gt-GXqskU: Join this channel to get access to members-only content like this video, and other exclusive perks.
WARNING: [youtube] YouTube said: ERROR - Precondition check failed.
WARNING: [youtube] HTTP Error 400: Bad Request. Retrying (1/3)...
WARNING: [youtube] YouTube said: ERROR - Precondition check failed.
WARNING: [youtube] HTTP Error 400: Bad Request. Retrying (2/3)...
WARNING: [youtube] YouTube said: ERROR - Precondition check failed.
WARNING: [youtube] HTTP Error 400: Bad Request. Retrying (3/3)...
WARNING: [youtube] YouTube said: ERROR - Precondition check failed.
WARNING: [youtube] Unable to download API page: HTTP Error 400: Bad Request (caused by <HTTPError 400: Bad Request>)
ERROR: [youtube] eJSYaTJeJcc: This video is available to this channel's members on level: 中級會員『五天特訓營』課程 (or any higher level). Join this channel to get access to members-only content and other exclusive perks.
WARNING: [youtube] YouTube said: ERROR - Precondition check failed.
WARNING: [youtube] HTTP Error 400: Bad Request. Retrying (1/3)...
WARNING: [youtube] YouTube said: ERROR - Precondition check failed.
WARNING: [youtube] HTTP Error 400: Bad Request. Retrying (2/3)...
WARNING: [youtube] YouTube said: ERROR - Precondition check failed.
WARNING: [youtube] HTTP Error 400: Bad Request. Retrying (3/3)...
WARNING: [youtube] YouTube said: ERROR - Precondition check failed.
WARNING: [youtube] Unable to download API page: HTTP Error 400: Bad Request (caused by <HTTPError 400: Bad Request>)
ERROR: [youtube] u4h2b_kwN10: This video is available to this channel's members on level: 中級會員『五天特訓營』課程 (or any higher level). Join this channel to get access to members-only content and other exclusive perks.
WARNING: [youtube] YouTube said: ERROR - Precondition check failed.
WARNING: [youtube] HTTP Error 400: Bad Request. Retrying (1/3)...
WARNING: [youtube] YouTube said: ERROR - Precondition check failed.
WARNING: [youtube] HTTP Error 400: Bad Request. Retrying (2/3)...
WARNING: [youtube] YouTube said: ERROR - Precondition check failed.
WARNING: [youtube] HTTP Error 400: Bad Request. Retrying (3/3)...
WARNING: [youtube] YouTube said: ERROR - Precondition check failed.
WARNING: [youtube] Unable to download API page: HTTP Error 400: Bad Request (caused by <HTTPError 400: Bad Request>)
ERROR: [youtube] wE2jF6Lg4ss: This video is available to this channel's members on level: 中級會員『五天特訓營』課程 (or any higher level). Join this channel to get access to members-only content and other exclusive perks.
WARNING: [youtube] YouTube said: ERROR - Precondition check failed.
WARNING: [youtube] HTTP Error 400: Bad Request. Retrying (1/3)...
WARNING: [youtube] YouTube said: ERROR - Precondition check failed.
WARNING: [youtube] HTTP Error 400: Bad Request. Retrying (2/3)...
WARNING: [youtube] YouTube said: ERROR - Precondition check failed.
WARNING: [youtube] HTTP Error 400: Bad Request. Retrying (3/3)...
WARNING: [youtube] YouTube said: ERROR - Precondition check failed.
WARNING: [youtube] Unable to download API page: HTTP Error 400: Bad Request (caused by <HTTPError 400: Bad Request>)
ERROR: [youtube] Z6V6IJbr47E: This video is available to this channel's members on level: 中級會員『五天特訓營』課程 (or any higher level). Join this channel to get access to members-only content and other exclusive perks.
WARNING: [youtube] YouTube said: ERROR - Precondition check failed.
WARNING: [youtube] HTTP Error 400: Bad Request. Retrying (1/3)...
WARNING: [youtube] YouTube said: ERROR - Precondition check failed.
WARNING: [youtube] HTTP Error 400: Bad Request. Retrying (2/3)...
WARNING: [youtube] YouTube said: ERROR - Precondition check failed.
WARNING: [youtube] HTTP Error 400: Bad Request. Retrying (3/3)...
WARNING: [youtube] YouTube said: ERROR - Precondition check failed.
WARNING: [youtube] Unable to download API page: HTTP Error 400: Bad Request (caused by <HTTPError 400: Bad Request>)
WARNING: [youtube] [jsc] Remote components challenge solver script (deno) and NPM package (deno) were skipped. These may be required to solve JS challenges. You can enable these downloads with  --remote-components ejs:github  (recommended) or  --remote-components ejs:npm , respectively. For more information and alternatives, refer to  https://github.com/yt-dlp/yt-dlp/wiki/EJS
WARNING: [youtube] 8G2n4kDs4-U: n challenge solving failed: Some formats may be missing. Ensure you have a supported JavaScript runtime and challenge solver script distribution installed. Review any warnings presented before this message. For more details, refer to  https://github.com/yt-dlp/yt-dlp/wiki/EJS
WARNING: [youtube] YouTube said: ERROR - Precondition check failed.
WARNING: [youtube] HTTP Error 400: Bad Request. Retrying (1/3)...
WARNING: [youtube] YouTube said: ERROR - Precondition check failed.
WARNING: [youtube] HTTP Error 400: Bad Request. Retrying (2/3)...
WARNING: [youtube] YouTube said: ERROR - Precondition check failed.
WARNING: [youtube] HTTP Error 400: Bad Request. Retrying (3/3)...
WARNING: [youtube] YouTube said: ERROR - Precondition check failed.
WARNING: [youtube] Unable to download API page: HTTP Error 400: Bad Request (caused by <HTTPError 400: Bad Request>)
ERROR: [youtube] bWUv66ilBrw: This video is available to this channel's members on level: 中級會員『五天特訓營』課程 (or any higher level). Join this channel to get access to members-only content and other exclusive perks.
WARNING: [youtube] YouTube said: ERROR - Precondition check failed.
WARNING: [youtube] HTTP Error 400: Bad Request. Retrying (1/3)...
WARNING: [youtube] YouTube said: ERROR - Precondition check failed.
WARNING: [youtube] HTTP Error 400: Bad Request. Retrying (2/3)...
WARNING: [youtube] YouTube said: ERROR - Precondition check failed.
WARNING: [youtube] HTTP Error 400: Bad Request. Retrying (3/3)...
WARNING: [youtube] YouTube said: ERROR - Precondition check failed.
WARNING: [youtube] Unable to download API page: HTTP Error 400: Bad Request (caused by <HTTPError 400: Bad Request>)
ERROR: [youtube] YHKCsNTmb7E: Join this channel to get access to members-only content like this video, and other exclusive perks.
WARNING: [youtube] YouTube said: ERROR - Precondition check failed.
WARNING: [youtube] HTTP Error 400: Bad Request. Retrying (1/3)...
WARNING: [youtube] YouTube said: ERROR - Precondition check failed.
WARNING: [youtube] HTTP Error 400: Bad Request. Retrying (2/3)...
WARNING: [youtube] YouTube said: ERROR - Precondition check failed.
WARNING: [youtube] HTTP Error 400: Bad Request. Retrying (3/3)...
WARNING: [youtube] YouTube said: ERROR - Precondition check failed.
WARNING: [youtube] Unable to download API page: HTTP Error 400: Bad Request (caused by <HTTPError 400: Bad Request>)
ERROR: [youtube] IZ4NlEx91C8: This video is available to this channel's members on level: 中級會員『五天特訓營』課程 (or any higher level). Join this channel to get access to members-only content and other exclusive perks.
WARNING: [youtube] YouTube said: ERROR - Precondition check failed.
WARNING: [youtube] HTTP Error 400: Bad Request. Retrying (1/3)...
WARNING: [youtube] YouTube said: ERROR - Precondition check failed.
WARNING: [youtube] HTTP Error 400: Bad Request. Retrying (2/3)...
WARNING: [youtube] YouTube said: ERROR - Precondition check failed.
WARNING: [youtube] HTTP Error 400: Bad Request. Retrying (3/3)...
WARNING: [youtube] YouTube said: ERROR - Precondition check failed.
WARNING: [youtube] Unable to download API page: HTTP Error 400: Bad Request (caused by <HTTPError 400: Bad Request>)
ERROR: [youtube] DSr4OcNyin0: Join this channel to get access to members-only content like this video, and other exclusive perks.
WARNING: [youtube] YouTube said: ERROR - Precondition check failed.
WARNING: [youtube] HTTP Error 400: Bad Request. Retrying (1/3)...
WARNING: [youtube] YouTube said: ERROR - Precondition check failed.
WARNING: [youtube] HTTP Error 400: Bad Request. Retrying (2/3)...
WARNING: [youtube] YouTube said: ERROR - Precondition check failed.
WARNING: [youtube] HTTP Error 400: Bad Request. Retrying (3/3)...
WARNING: [youtube] YouTube said: ERROR - Precondition check failed.
WARNING: [youtube] Unable to download API page: HTTP Error 400: Bad Request (caused by <HTTPError 400: Bad Request>)
ERROR: [youtube] 1km3TBsqRAc: Join this channel to get access to members-only content like this video, and other exclusive perks.
WARNING: [youtube] YouTube said: ERROR - Precondition check failed.
WARNING: [youtube] HTTP Error 400: Bad Request. Retrying (1/3)...
WARNING: [youtube] YouTube said: ERROR - Precondition check failed.
WARNING: [youtube] HTTP Error 400: Bad Request. Retrying (2/3)...
WARNING: [youtube] YouTube said: ERROR - Precondition check failed.
WARNING: [youtube] HTTP Error 400: Bad Request. Retrying (3/3)...
WARNING: [youtube] YouTube said: ERROR - Precondition check failed.
WARNING: [youtube] Unable to download API page: HTTP Error 400: Bad Request (caused by <HTTPError 400: Bad Request>)
ERROR: [youtube] 6BGmLHce-kU: Join this channel to get access to members-only content like this video, and other exclusive perks.
WARNING: [youtube] YouTube said: ERROR - Precondition check failed.
WARNING: [youtube] HTTP Error 400: Bad Request. Retrying (1/3)...
WARNING: [youtube] YouTube said: ERROR - Precondition check failed.
WARNING: [youtube] HTTP Error 400: Bad Request. Retrying (2/3)...
WARNING: [youtube] YouTube said: ERROR - Precondition check failed.
WARNING: [youtube] HTTP Error 400: Bad Request. Retrying (3/3)...
WARNING: [youtube] YouTube said: ERROR - Precondition check failed.
WARNING: [youtube] Unable to download API page: HTTP Error 400: Bad Request (caused by <HTTPError 400: Bad Request>)
WARNING: [youtube] [jsc] Remote components challenge solver script (deno) and NPM package (deno) were skipped. These may be required to solve JS challenges. You can enable these downloads with  --remote-components ejs:github  (recommended) or  --remote-components ejs:npm , respectively. For more information and alternatives, refer to  https://github.com/yt-dlp/yt-dlp/wiki/EJS
WARNING: [youtube] mc6VhMdObx8: n challenge solving failed: Some formats may be missing. Ensure you have a supported JavaScript runtime and challenge solver script distribution installed. Review any warnings presented before this message. For more details, refer to  https://github.com/yt-dlp/yt-dlp/wiki/EJS
WARNING: [youtube] YouTube said: ERROR - Precondition check failed.
WARNING: [youtube] HTTP Error 400: Bad Request. Retrying (1/3)...
WARNING: [youtube] YouTube said: ERROR - Precondition check failed.
WARNING: [youtube] HTTP Error 400: Bad Request. Retrying (2/3)...
WARNING: [youtube] YouTube said: ERROR - Precondition check failed.
WARNING: [youtube] HTTP Error 400: Bad Request. Retrying (3/3)...
WARNING: [youtube] YouTube said: ERROR - Precondition check failed.
WARNING: [youtube] Unable to download API page: HTTP Error 400: Bad Request (caused by <HTTPError 400: Bad Request>)
WARNING: [youtube] [jsc] Remote components challenge solver script (deno) and NPM package (deno) were skipped. These may be required to solve JS challenges. You can enable these downloads with  --remote-components ejs:github  (recommended) or  --remote-components ejs:npm , respectively. For more information and alternatives, refer to  https://github.com/yt-dlp/yt-dlp/wiki/EJS
WARNING: [youtube] tGapnxaovTQ: n challenge solving failed: Some formats may be missing. Ensure you have a supported JavaScript runtime and challenge solver script distribution installed. Review any warnings presented before this message. For more details, refer to  https://github.com/yt-dlp/yt-dlp/wiki/EJS
WARNING: [youtube] YouTube said: ERROR - Precondition check failed.
WARNING: [youtube] HTTP Error 400: Bad Request. Retrying (1/3)...
WARNING: [youtube] YouTube said: ERROR - Precondition check failed.
WARNING: [youtube] HTTP Error 400: Bad Request. Retrying (2/3)...
WARNING: [youtube] YouTube said: ERROR - Precondition check failed.
WARNING: [youtube] HTTP Error 400: Bad Request. Retrying (3/3)...
WARNING: [youtube] YouTube said: ERROR - Precondition check failed.
WARNING: [youtube] Unable to download API page: HTTP Error 400: Bad Request (caused by <HTTPError 400: Bad Request>)
WARNING: [youtube] [jsc] Remote components challenge solver script (deno) and NPM package (deno) were skipped. These may be required to solve JS challenges. You can enable these downloads with  --remote-components ejs:github  (recommended) or  --remote-components ejs:npm , respectively. For more information and alternatives, refer to  https://github.com/yt-dlp/yt-dlp/wiki/EJS
WARNING: [youtube] gfew-LOXQAs: n challenge solving failed: Some formats may be missing. Ensure you have a supported JavaScript runtime and challenge solver script distribution installed. Review any warnings presented before this message. For more details, refer to  https://github.com/yt-dlp/yt-dlp/wiki/EJS
WARNING: [youtube] YouTube said: ERROR - Precondition check failed.
WARNING: [youtube] HTTP Error 400: Bad Request. Retrying (1/3)...
WARNING: [youtube] YouTube said: ERROR - Precondition check failed.
WARNING: [youtube] HTTP Error 400: Bad Request. Retrying (2/3)...
WARNING: [youtube] YouTube said: ERROR - Precondition check failed.
WARNING: [youtube] HTTP Error 400: Bad Request. Retrying (3/3)...
WARNING: [youtube] YouTube said: ERROR - Precondition check failed.
WARNING: [youtube] Unable to download API page: HTTP Error 400: Bad Request (caused by <HTTPError 400: Bad Request>)
ERROR: [youtube] VNpRQ7yiCSw: Join this channel to get access to members-only content like this video, and other exclusive perks.
WARNING: [youtube] YouTube said: ERROR - Precondition check failed.
WARNING: [youtube] HTTP Error 400: Bad Request. Retrying (1/3)...
WARNING: [youtube] YouTube said: ERROR - Precondition check failed.
WARNING: [youtube] HTTP Error 400: Bad Request. Retrying (2/3)...
WARNING: [youtube] YouTube said: ERROR - Precondition check failed.
WARNING: [youtube] HTTP Error 400: Bad Request. Retrying (3/3)...
WARNING: [youtube] YouTube said: ERROR - Precondition check failed.
WARNING: [youtube] Unable to download API page: HTTP Error 400: Bad Request (caused by <HTTPError 400: Bad Request>)
WARNING: [youtube] rq5_1YOHINk: Some android_vr client https formats have been skipped as they are missing a URL. YouTube may have enabled the SABR-only streaming experiment for the current session. See  https://github.com/yt-dlp/yt-dlp/issues/12482  for more details
WARNING: [youtube] [jsc] Remote components challenge solver script (deno) and NPM package (deno) were skipped. These may be required to solve JS challenges. You can enable these downloads with  --remote-components ejs:github  (recommended) or  --remote-components ejs:npm , respectively. For more information and alternatives, refer to  https://github.com/yt-dlp/yt-dlp/wiki/EJS
WARNING: [youtube] rq5_1YOHINk: n challenge solving failed: Some formats may be missing. Ensure you have a supported JavaScript runtime and challenge solver script distribution installed. Review any warnings presented before this message. For more details, refer to  https://github.com/yt-dlp/yt-dlp/wiki/EJS
WARNING: [youtube] YouTube said: ERROR - Precondition check failed.
WARNING: [youtube] HTTP Error 400: Bad Request. Retrying (1/3)...
WARNING: [youtube] YouTube said: ERROR - Precondition check failed.
WARNING: [youtube] HTTP Error 400: Bad Request. Retrying (2/3)...
WARNING: [youtube] YouTube said: ERROR - Precondition check failed.
WARNING: [youtube] HTTP Error 400: Bad Request. Retrying (3/3)...
WARNING: [youtube] YouTube said: ERROR - Precondition check failed.
WARNING: [youtube] Unable to download API page: HTTP Error 400: Bad Request (caused by <HTTPError 400: Bad Request>)
WARNING: [youtube] [jsc] Remote components challenge solver script (deno) and NPM package (deno) were skipped. These may be required to solve JS challenges. You can enable these downloads with  --remote-components ejs:github  (recommended) or  --remote-components ejs:npm , respectively. For more information and alternatives, refer to  https://github.com/yt-dlp/yt-dlp/wiki/EJS
WARNING: [youtube] OUXewBlAdQI: n challenge solving failed: Some formats may be missing. Ensure you have a supported JavaScript runtime and challenge solver script distribution installed. Review any warnings presented before this message. For more details, refer to  https://github.com/yt-dlp/yt-dlp/wiki/EJS
WARNING: [youtube] YouTube said: ERROR - Precondition check failed.
WARNING: [youtube] HTTP Error 400: Bad Request. Retrying (1/3)...
WARNING: [youtube] YouTube said: ERROR - Precondition check failed.
WARNING: [youtube] HTTP Error 400: Bad Request. Retrying (2/3)...
WARNING: [youtube] YouTube said: ERROR - Precondition check failed.
WARNING: [youtube] HTTP Error 400: Bad Request. Retrying (3/3)...
WARNING: [youtube] YouTube said: ERROR - Precondition check failed.
WARNING: [youtube] Unable to download API page: HTTP Error 400: Bad Request (caused by <HTTPError 400: Bad Request>)
WARNING: [youtube] [jsc] Remote components challenge solver script (deno) and NPM package (deno) were skipped. These may be required to solve JS challenges. You can enable these downloads with  --remote-components ejs:github  (recommended) or  --remote-components ejs:npm , respectively. For more information and alternatives, refer to  https://github.com/yt-dlp/yt-dlp/wiki/EJS
WARNING: [youtube] D6GUlHyUY80: n challenge solving failed: Some formats may be missing. Ensure you have a supported JavaScript runtime and challenge solver script distribution installed. Review any warnings presented before this message. For more details, refer to  https://github.com/yt-dlp/yt-dlp/wiki/EJS
WARNING: [youtube] YouTube said: ERROR - Precondition check failed.
WARNING: [youtube] HTTP Error 400: Bad Request. Retrying (1/3)...
WARNING: [youtube] YouTube said: ERROR - Precondition check failed.
WARNING: [youtube] HTTP Error 400: Bad Request. Retrying (2/3)...
WARNING: [youtube] YouTube said: ERROR - Precondition check failed.
WARNING: [youtube] HTTP Error 400: Bad Request. Retrying (3/3)...
WARNING: [youtube] YouTube said: ERROR - Precondition check failed.
WARNING: [youtube] Unable to download API page: HTTP Error 400: Bad Request (caused by <HTTPError 400: Bad Request>)
WARNING: [youtube] [jsc] Remote components challenge solver script (deno) and NPM package (deno) were skipped. These may be required to solve JS challenges. You can enable these downloads with  --remote-components ejs:github  (recommended) or  --remote-components ejs:npm , respectively. For more information and alternatives, refer to  https://github.com/yt-dlp/yt-dlp/wiki/EJS
WARNING: [youtube] FubKEnCaxS0: n challenge solving failed: Some formats may be missing. Ensure you have a supported JavaScript runtime and challenge solver script distribution installed. Review any warnings presented before this message. For more details, refer to  https://github.com/yt-dlp/yt-dlp/wiki/EJS
WARNING: [youtube] YouTube said: ERROR - Precondition check failed.
WARNING: [youtube] HTTP Error 400: Bad Request. Retrying (1/3)...
WARNING: [youtube] YouTube said: ERROR - Precondition check failed.
WARNING: [youtube] HTTP Error 400: Bad Request. Retrying (2/3)...
WARNING: [youtube] YouTube said: ERROR - Precondition check failed.
WARNING: [youtube] HTTP Error 400: Bad Request. Retrying (3/3)...
WARNING: [youtube] YouTube said: ERROR - Precondition check failed.
WARNING: [youtube] Unable to download API page: HTTP Error 400: Bad Request (caused by <HTTPError 400: Bad Request>)
WARNING: [youtube] [jsc] Remote components challenge solver script (deno) and NPM package (deno) were skipped. These may be required to solve JS challenges. You can enable these downloads with  --remote-components ejs:github  (recommended) or  --remote-components ejs:npm , respectively. For more information and alternatives, refer to  https://github.com/yt-dlp/yt-dlp/wiki/EJS
WARNING: [youtube] mh_DSkD3Gz0: n challenge solving failed: Some formats may be missing. Ensure you have a supported JavaScript runtime and challenge solver script distribution installed. Review any warnings presented before this message. For more details, refer to  https://github.com/yt-dlp/yt-dlp/wiki/EJS
WARNING: [youtube] YouTube said: ERROR - Precondition check failed.
WARNING: [youtube] HTTP Error 400: Bad Request. Retrying (1/3)...
WARNING: [youtube] YouTube said: ERROR - Precondition check failed.
WARNING: [youtube] HTTP Error 400: Bad Request. Retrying (2/3)...
WARNING: [youtube] YouTube said: ERROR - Precondition check failed.
WARNING: [youtube] HTTP Error 400: Bad Request. Retrying (3/3)...
WARNING: [youtube] YouTube said: ERROR - Precondition check failed.
WARNING: [youtube] Unable to download API page: HTTP Error 400: Bad Request (caused by <HTTPError 400: Bad Request>)
WARNING: [youtube] [jsc] Remote components challenge solver script (deno) and NPM package (deno) were skipped. These may be required to solve JS challenges. You can enable these downloads with  --remote-components ejs:github  (recommended) or  --remote-components ejs:npm , respectively. For more information and alternatives, refer to  https://github.com/yt-dlp/yt-dlp/wiki/EJS
WARNING: [youtube] n9itS3rrTPM: n challenge solving failed: Some formats may be missing. Ensure you have a supported JavaScript runtime and challenge solver script distribution installed. Review any warnings presented before this message. For more details, refer to  https://github.com/yt-dlp/yt-dlp/wiki/EJS
WARNING: [youtube] YouTube said: ERROR - Precondition check failed.
WARNING: [youtube] HTTP Error 400: Bad Request. Retrying (1/3)...
WARNING: [youtube] YouTube said: ERROR - Precondition check failed.
WARNING: [youtube] HTTP Error 400: Bad Request. Retrying (2/3)...
WARNING: [youtube] YouTube said: ERROR - Precondition check failed.
WARNING: [youtube] HTTP Error 400: Bad Request. Retrying (3/3)...
WARNING: [youtube] YouTube said: ERROR - Precondition check failed.
WARNING: [youtube] Unable to download API page: HTTP Error 400: Bad Request (caused by <HTTPError 400: Bad Request>)
WARNING: [youtube] [jsc] Remote components challenge solver script (deno) and NPM package (deno) were skipped. These may be required to solve JS challenges. You can enable these downloads with  --remote-components ejs:github  (recommended) or  --remote-components ejs:npm , respectively. For more information and alternatives, refer to  https://github.com/yt-dlp/yt-dlp/wiki/EJS
WARNING: [youtube] SaVB0NBG2Hg: n challenge solving failed: Some formats may be missing. Ensure you have a supported JavaScript runtime and challenge solver script distribution installed. Review any warnings presented before this message. For more details, refer to  https://github.com/yt-dlp/yt-dlp/wiki/EJS
WARNING: [youtube] YouTube said: ERROR - Precondition check failed.
WARNING: [youtube] HTTP Error 400: Bad Request. Retrying (1/3)...
WARNING: [youtube] YouTube said: ERROR - Precondition check failed.
WARNING: [youtube] HTTP Error 400: Bad Request. Retrying (2/3)...
WARNING: [youtube] YouTube said: ERROR - Precondition check failed.
WARNING: [youtube] HTTP Error 400: Bad Request. Retrying (3/3)...
WARNING: [youtube] YouTube said: ERROR - Precondition check failed.
WARNING: [youtube] Unable to download API page: HTTP Error 400: Bad Request (caused by <HTTPError 400: Bad Request>)
WARNING: [youtube] [jsc] Remote components challenge solver script (deno) and NPM package (deno) were skipped. These may be required to solve JS challenges. You can enable these downloads with  --remote-components ejs:github  (recommended) or  --remote-components ejs:npm , respectively. For more information and alternatives, refer to  https://github.com/yt-dlp/yt-dlp/wiki/EJS
WARNING: [youtube] MpD3G3tsG-I: n challenge solving failed: Some formats may be missing. Ensure you have a supported JavaScript runtime and challenge solver script distribution installed. Review any warnings presented before this message. For more details, refer to  https://github.com/yt-dlp/yt-dlp/wiki/EJS
WARNING: [youtube] YouTube said: ERROR - Precondition check failed.
WARNING: [youtube] HTTP Error 400: Bad Request. Retrying (1/3)...
WARNING: [youtube] YouTube said: ERROR - Precondition check failed.
WARNING: [youtube] HTTP Error 400: Bad Request. Retrying (2/3)...
WARNING: [youtube] YouTube said: ERROR - Precondition check failed.
WARNING: [youtube] HTTP Error 400: Bad Request. Retrying (3/3)...
WARNING: [youtube] YouTube said: ERROR - Precondition check failed.
WARNING: [youtube] Unable to download API page: HTTP Error 400: Bad Request (caused by <HTTPError 400: Bad Request>)
WARNING: [youtube] [jsc] Remote components challenge solver script (deno) and NPM package (deno) were skipped. These may be required to solve JS challenges. You can enable these downloads with  --remote-components ejs:github  (recommended) or  --remote-components ejs:npm , respectively. For more information and alternatives, refer to  https://github.com/yt-dlp/yt-dlp/wiki/EJS
WARNING: [youtube] hAqnpZj7sgw: n challenge solving failed: Some formats may be missing. Ensure you have a supported JavaScript runtime and challenge solver script distribution installed. Review any warnings presented before this message. For more details, refer to  https://github.com/yt-dlp/yt-dlp/wiki/EJS
WARNING: [youtube] YouTube said: ERROR - Precondition check failed.
WARNING: [youtube] HTTP Error 400: Bad Request. Retrying (1/3)...
WARNING: [youtube] YouTube said: ERROR - Precondition check failed.
WARNING: [youtube] HTTP Error 400: Bad Request. Retrying (2/3)...
WARNING: [youtube] YouTube said: ERROR - Precondition check failed.
WARNING: [youtube] HTTP Error 400: Bad Request. Retrying (3/3)...
WARNING: [youtube] YouTube said: ERROR - Precondition check failed.
WARNING: [youtube] Unable to download API page: HTTP Error 400: Bad Request (caused by <HTTPError 400: Bad Request>)
WARNING: [youtube] [jsc] Remote components challenge solver script (deno) and NPM package (deno) were skipped. These may be required to solve JS challenges. You can enable these downloads with  --remote-components ejs:github  (recommended) or  --remote-components ejs:npm , respectively. For more information and alternatives, refer to  https://github.com/yt-dlp/yt-dlp/wiki/EJS
WARNING: [youtube] 8xvagYqJoeU: n challenge solving failed: Some formats may be missing. Ensure you have a supported JavaScript runtime and challenge solver script distribution installed. Review any warnings presented before this message. For more details, refer to  https://github.com/yt-dlp/yt-dlp/wiki/EJS
WARNING: [youtube] YouTube said: ERROR - Precondition check failed.
WARNING: [youtube] HTTP Error 400: Bad Request. Retrying (1/3)...
WARNING: [youtube] YouTube said: ERROR - Precondition check failed.
WARNING: [youtube] HTTP Error 400: Bad Request. Retrying (2/3)...
WARNING: [youtube] YouTube said: ERROR - Precondition check failed.
WARNING: [youtube] HTTP Error 400: Bad Request. Retrying (3/3)...
WARNING: [youtube] YouTube said: ERROR - Precondition check failed.
WARNING: [youtube] Unable to download API page: HTTP Error 400: Bad Request (caused by <HTTPError 400: Bad Request>)
WARNING: [youtube] [jsc] Remote components challenge solver script (deno) and NPM package (deno) were skipped. These may be required to solve JS challenges. You can enable these downloads with  --remote-components ejs:github  (recommended) or  --remote-components ejs:npm , respectively. For more information and alternatives, refer to  https://github.com/yt-dlp/yt-dlp/wiki/EJS
WARNING: [youtube] HbI_xYkfGKs: n challenge solving failed: Some formats may be missing. Ensure you have a supported JavaScript runtime and challenge solver script distribution installed. Review any warnings presented before this message. For more details, refer to  https://github.com/yt-dlp/yt-dlp/wiki/EJS
WARNING: [youtube] YouTube said: ERROR - Precondition check failed.
WARNING: [youtube] HTTP Error 400: Bad Request. Retrying (1/3)...
WARNING: [youtube] YouTube said: ERROR - Precondition check failed.
WARNING: [youtube] HTTP Error 400: Bad Request. Retrying (2/3)...
WARNING: [youtube] YouTube said: ERROR - Precondition check failed.
WARNING: [youtube] HTTP Error 400: Bad Request. Retrying (3/3)...
WARNING: [youtube] YouTube said: ERROR - Precondition check failed.
WARNING: [youtube] Unable to download API page: HTTP Error 400: Bad Request (caused by <HTTPError 400: Bad Request>)
WARNING: [youtube] QU7oPtE8Vkw: Some android_vr client https formats have been skipped as they are missing a URL. YouTube may have enabled the SABR-only streaming experiment for the current session. See  https://github.com/yt-dlp/yt-dlp/issues/12482  for more details
WARNING: [youtube] [jsc] Remote components challenge solver script (deno) and NPM package (deno) were skipped. These may be required to solve JS challenges. You can enable these downloads with  --remote-components ejs:github  (recommended) or  --remote-components ejs:npm , respectively. For more information and alternatives, refer to  https://github.com/yt-dlp/yt-dlp/wiki/EJS
WARNING: [youtube] QU7oPtE8Vkw: n challenge solving failed: Some formats may be missing. Ensure you have a supported JavaScript runtime and challenge solver script distribution installed. Review any warnings presented before this message. For more details, refer to  https://github.com/yt-dlp/yt-dlp/wiki/EJS
WARNING: [youtube] YouTube said: ERROR - Precondition check failed.
WARNING: [youtube] HTTP Error 400: Bad Request. Retrying (1/3)...
WARNING: [youtube] YouTube said: ERROR - Precondition check failed.
WARNING: [youtube] HTTP Error 400: Bad Request. Retrying (2/3)...
WARNING: [youtube] YouTube said: ERROR - Precondition check failed.
WARNING: [youtube] HTTP Error 400: Bad Request. Retrying (3/3)...
WARNING: [youtube] YouTube said: ERROR - Precondition check failed.
WARNING: [youtube] Unable to download API page: HTTP Error 400: Bad Request (caused by <HTTPError 400: Bad Request>)
WARNING: [youtube] [jsc] Remote components challenge solver script (deno) and NPM package (deno) were skipped. These may be required to solve JS challenges. You can enable these downloads with  --remote-components ejs:github  (recommended) or  --remote-components ejs:npm , respectively. For more information and alternatives, refer to  https://github.com/yt-dlp/yt-dlp/wiki/EJS
WARNING: [youtube] Wje6q_392ms: n challenge solving failed: Some formats may be missing. Ensure you have a supported JavaScript runtime and challenge solver script distribution installed. Review any warnings presented before this message. For more details, refer to  https://github.com/yt-dlp/yt-dlp/wiki/EJS
WARNING: [youtube] YouTube said: ERROR - Precondition check failed.
WARNING: [youtube] HTTP Error 400: Bad Request. Retrying (1/3)...
WARNING: [youtube] YouTube said: ERROR - Precondition check failed.
WARNING: [youtube] HTTP Error 400: Bad Request. Retrying (2/3)...
WARNING: [youtube] YouTube said: ERROR - Precondition check failed.
WARNING: [youtube] HTTP Error 400: Bad Request. Retrying (3/3)...
WARNING: [youtube] YouTube said: ERROR - Precondition check failed.
WARNING: [youtube] Unable to download API page: HTTP Error 400: Bad Request (caused by <HTTPError 400: Bad Request>)
ERROR: [youtube] Gp29-2Erbzg: This video is available to this channel's members on level: 中級會員『五天特訓營』課程 (or any higher level). Join this channel to get access to members-only content and other exclusive perks.
WARNING: [youtube] YouTube said: ERROR - Precondition check failed.
WARNING: [youtube] HTTP Error 400: Bad Request. Retrying (1/3)...
WARNING: [youtube] YouTube said: ERROR - Precondition check failed.
WARNING: [youtube] HTTP Error 400: Bad Request. Retrying (2/3)...
WARNING: [youtube] YouTube said: ERROR - Precondition check failed.
WARNING: [youtube] HTTP Error 400: Bad Request. Retrying (3/3)...
WARNING: [youtube] YouTube said: ERROR - Precondition check failed.
WARNING: [youtube] Unable to download API page: HTTP Error 400: Bad Request (caused by <HTTPError 400: Bad Request>)
WARNING: [youtube] [jsc] Remote components challenge solver script (deno) and NPM package (deno) were skipped. These may be required to solve JS challenges. You can enable these downloads with  --remote-components ejs:github  (recommended) or  --remote-components ejs:npm , respectively. For more information and alternatives, refer to  https://github.com/yt-dlp/yt-dlp/wiki/EJS
WARNING: [youtube] R3u_a2Pkxck: n challenge solving failed: Some formats may be missing. Ensure you have a supported JavaScript runtime and challenge solver script distribution installed. Review any warnings presented before this message. For more details, refer to  https://github.com/yt-dlp/yt-dlp/wiki/EJS
WARNING: [youtube] YouTube said: ERROR - Precondition check failed.
WARNING: [youtube] HTTP Error 400: Bad Request. Retrying (1/3)...
WARNING: [youtube] YouTube said: ERROR - Precondition check failed.
WARNING: [youtube] HTTP Error 400: Bad Request. Retrying (2/3)...
WARNING: [youtube] YouTube said: ERROR - Precondition check failed.
WARNING: [youtube] HTTP Error 400: Bad Request. Retrying (3/3)...
WARNING: [youtube] YouTube said: ERROR - Precondition check failed.
WARNING: [youtube] Unable to download API page: HTTP Error 400: Bad Request (caused by <HTTPError 400: Bad Request>)
WARNING: [youtube] [jsc] Remote components challenge solver script (deno) and NPM package (deno) were skipped. These may be required to solve JS challenges. You can enable these downloads with  --remote-components ejs:github  (recommended) or  --remote-components ejs:npm , respectively. For more information and alternatives, refer to  https://github.com/yt-dlp/yt-dlp/wiki/EJS
WARNING: [youtube] R1EOjPPchIE: n challenge solving failed: Some formats may be missing. Ensure you have a supported JavaScript runtime and challenge solver script distribution installed. Review any warnings presented before this message. For more details, refer to  https://github.com/yt-dlp/yt-dlp/wiki/EJS
WARNING: [youtube] YouTube said: ERROR - Precondition check failed.
WARNING: [youtube] HTTP Error 400: Bad Request. Retrying (1/3)...
WARNING: [youtube] YouTube said: ERROR - Precondition check failed.
WARNING: [youtube] HTTP Error 400: Bad Request. Retrying (2/3)...
WARNING: [youtube] YouTube said: ERROR - Precondition check failed.
WARNING: [youtube] HTTP Error 400: Bad Request. Retrying (3/3)...
WARNING: [youtube] YouTube said: ERROR - Precondition check failed.
WARNING: [youtube] Unable to download API page: HTTP Error 400: Bad Request (caused by <HTTPError 400: Bad Request>)
ERROR: [youtube] hSMXZMZ3KnQ: This video is available to this channel's members on level: 中級會員『五天特訓營』課程 (or any higher level). Join this channel to get access to members-only content and other exclusive perks.
[松明講心理] 完成 (共 0 個字幕)

[Dr.Harvey不廢話] 抓取中...
[Dr.Harvey不廢話] 完成 (共 0 個字幕)

[初日醫學] 抓取中...
WARNING: [youtube] YouTube said: ERROR - Precondition check failed.
WARNING: [youtube] HTTP Error 400: Bad Request. Retrying (1/3)...
WARNING: [youtube] YouTube said: ERROR - Precondition check failed.
WARNING: [youtube] HTTP Error 400: Bad Request. Retrying (2/3)...
WARNING: [youtube] YouTube said: ERROR - Precondition check failed.
WARNING: [youtube] HTTP Error 400: Bad Request. Retrying (3/3)...
WARNING: [youtube] YouTube said: ERROR - Precondition check failed.
WARNING: [youtube] Unable to download API page: HTTP Error 400: Bad Request (caused by <HTTPError 400: Bad Request>)
ERROR: [youtube] iz3rfVRPUL0: Join this channel to get access to members-only content like this video, and other exclusive perks.
WARNING: [youtube] YouTube said: ERROR - Precondition check failed.
WARNING: [youtube] HTTP Error 400: Bad Request. Retrying (1/3)...
WARNING: [youtube] YouTube said: ERROR - Precondition check failed.
WARNING: [youtube] HTTP Error 400: Bad Request. Retrying (2/3)...
WARNING: [youtube] YouTube said: ERROR - Precondition check failed.
WARNING: [youtube] HTTP Error 400: Bad Request. Retrying (3/3)...
WARNING: [youtube] YouTube said: ERROR - Precondition check failed.
WARNING: [youtube] Unable to download API page: HTTP Error 400: Bad Request (caused by <HTTPError 400: Bad Request>)
WARNING: [youtube] [jsc] Remote components challenge solver script (deno) and NPM package (deno) were skipped. These may be required to solve JS challenges. You can enable these downloads with  --remote-components ejs:github  (recommended) or  --remote-components ejs:npm , respectively. For more information and alternatives, refer to  https://github.com/yt-dlp/yt-dlp/wiki/EJS
WARNING: [youtube] ED-mH5sZNfI: n challenge solving failed: Some formats may be missing. Ensure you have a supported JavaScript runtime and challenge solver script distribution installed. Review any warnings presented before this message. For more details, refer to  https://github.com/yt-dlp/yt-dlp/wiki/EJS
WARNING: [youtube] YouTube said: ERROR - Precondition check failed.
WARNING: [youtube] HTTP Error 400: Bad Request. Retrying (1/3)...
WARNING: [youtube] YouTube said: ERROR - Precondition check failed.
WARNING: [youtube] HTTP Error 400: Bad Request. Retrying (2/3)...
WARNING: [youtube] YouTube said: ERROR - Precondition check failed.
WARNING: [youtube] HTTP Error 400: Bad Request. Retrying (3/3)...
WARNING: [youtube] YouTube said: ERROR - Precondition check failed.
WARNING: [youtube] Unable to download API page: HTTP Error 400: Bad Request (caused by <HTTPError 400: Bad Request>)
ERROR: [youtube] HmTm3gkL-p0: Join this channel to get access to members-only content like this video, and other exclusive perks.
WARNING: [youtube] YouTube said: ERROR - Precondition check failed.
WARNING: [youtube] HTTP Error 400: Bad Request. Retrying (1/3)...
WARNING: [youtube] YouTube said: ERROR - Precondition check failed.
WARNING: [youtube] HTTP Error 400: Bad Request. Retrying (2/3)...
WARNING: [youtube] YouTube said: ERROR - Precondition check failed.
WARNING: [youtube] HTTP Error 400: Bad Request. Retrying (3/3)...
WARNING: [youtube] YouTube said: ERROR - Precondition check failed.
WARNING: [youtube] Unable to download API page: HTTP Error 400: Bad Request (caused by <HTTPError 400: Bad Request>)
ERROR: [youtube] f1rhnJjBPQI: Join this channel to get access to members-only content like this video, and other exclusive perks.
WARNING: [youtube] YouTube said: ERROR - Precondition check failed.
WARNING: [youtube] HTTP Error 400: Bad Request. Retrying (1/3)...
WARNING: [youtube] YouTube said: ERROR - Precondition check failed.
WARNING: [youtube] HTTP Error 400: Bad Request. Retrying (2/3)...
WARNING: [youtube] YouTube said: ERROR - Precondition check failed.
WARNING: [youtube] HTTP Error 400: Bad Request. Retrying (3/3)...
WARNING: [youtube] YouTube said: ERROR - Precondition check failed.
WARNING: [youtube] Unable to download API page: HTTP Error 400: Bad Request (caused by <HTTPError 400: Bad Request>)
ERROR: [youtube] N8NSXGqmP2E: Join this channel to get access to members-only content like this video, and other exclusive perks.
WARNING: [youtube] YouTube said: ERROR - Precondition check failed.
WARNING: [youtube] HTTP Error 400: Bad Request. Retrying (1/3)...
WARNING: [youtube] YouTube said: ERROR - Precondition check failed.
WARNING: [youtube] HTTP Error 400: Bad Request. Retrying (2/3)...
WARNING: [youtube] YouTube said: ERROR - Precondition check failed.
WARNING: [youtube] HTTP Error 400: Bad Request. Retrying (3/3)...
WARNING: [youtube] YouTube said: ERROR - Precondition check failed.
WARNING: [youtube] Unable to download API page: HTTP Error 400: Bad Request (caused by <HTTPError 400: Bad Request>)
ERROR: [youtube] TjPy8EpkFHg: Join this channel to get access to members-only content like this video, and other exclusive perks.
WARNING: [youtube] YouTube said: ERROR - Precondition check failed.
WARNING: [youtube] HTTP Error 400: Bad Request. Retrying (1/3)...
WARNING: [youtube] YouTube said: ERROR - Precondition check failed.
WARNING: [youtube] HTTP Error 400: Bad Request. Retrying (2/3)...
WARNING: [youtube] YouTube said: ERROR - Precondition check failed.
WARNING: [youtube] HTTP Error 400: Bad Request. Retrying (3/3)...
WARNING: [youtube] YouTube said: ERROR - Precondition check failed.
WARNING: [youtube] Unable to download API page: HTTP Error 400: Bad Request (caused by <HTTPError 400: Bad Request>)
ERROR: [youtube] UOQcfShjmtM: Join this channel to get access to members-only content like this video, and other exclusive perks.
WARNING: [youtube] YouTube said: ERROR - Precondition check failed.
WARNING: [youtube] HTTP Error 400: Bad Request. Retrying (1/3)...
WARNING: [youtube] YouTube said: ERROR - Precondition check failed.
WARNING: [youtube] HTTP Error 400: Bad Request. Retrying (2/3)...
WARNING: [youtube] YouTube said: ERROR - Precondition check failed.
WARNING: [youtube] HTTP Error 400: Bad Request. Retrying (3/3)...
WARNING: [youtube] YouTube said: ERROR - Precondition check failed.
WARNING: [youtube] Unable to download API page: HTTP Error 400: Bad Request (caused by <HTTPError 400: Bad Request>)
ERROR: [youtube] dRviPz__LJQ: Join this channel to get access to members-only content like this video, and other exclusive perks.
WARNING: [youtube] YouTube said: ERROR - Precondition check failed.
WARNING: [youtube] HTTP Error 400: Bad Request. Retrying (1/3)...
WARNING: [youtube] YouTube said: ERROR - Precondition check failed.
WARNING: [youtube] HTTP Error 400: Bad Request. Retrying (2/3)...
WARNING: [youtube] YouTube said: ERROR - Precondition check failed.
WARNING: [youtube] HTTP Error 400: Bad Request. Retrying (3/3)...
WARNING: [youtube] YouTube said: ERROR - Precondition check failed.
WARNING: [youtube] Unable to download API page: HTTP Error 400: Bad Request (caused by <HTTPError 400: Bad Request>)
ERROR: [youtube] 68QM8DN9RHQ: Join this channel to get access to members-only content like this video, and other exclusive perks.
WARNING: [youtube] YouTube said: ERROR - Precondition check failed.
WARNING: [youtube] HTTP Error 400: Bad Request. Retrying (1/3)...
WARNING: [youtube] YouTube said: ERROR - Precondition check failed.
WARNING: [youtube] HTTP Error 400: Bad Request. Retrying (2/3)...
WARNING: [youtube] YouTube said: ERROR - Precondition check failed.
WARNING: [youtube] HTTP Error 400: Bad Request. Retrying (3/3)...
WARNING: [youtube] YouTube said: ERROR - Precondition check failed.
WARNING: [youtube] Unable to download API page: HTTP Error 400: Bad Request (caused by <HTTPError 400: Bad Request>)
ERROR: [youtube] 2zUXmNNvtLQ: Join this channel to get access to members-only content like this video, and other exclusive perks.
WARNING: [youtube] YouTube said: ERROR - Precondition check failed.
WARNING: [youtube] HTTP Error 400: Bad Request. Retrying (1/3)...
WARNING: [youtube] YouTube said: ERROR - Precondition check failed.
WARNING: [youtube] HTTP Error 400: Bad Request. Retrying (2/3)...
WARNING: [youtube] YouTube said: ERROR - Precondition check failed.
WARNING: [youtube] HTTP Error 400: Bad Request. Retrying (3/3)...
WARNING: [youtube] YouTube said: ERROR - Precondition check failed.
WARNING: [youtube] Unable to download API page: HTTP Error 400: Bad Request (caused by <HTTPError 400: Bad Request>)
ERROR: [youtube] 4jmkuqFNvjs: Join this channel to get access to members-only content like this video, and other exclusive perks.
WARNING: [youtube] YouTube said: ERROR - Precondition check failed.
WARNING: [youtube] HTTP Error 400: Bad Request. Retrying (1/3)...
WARNING: [youtube] YouTube said: ERROR - Precondition check failed.
WARNING: [youtube] HTTP Error 400: Bad Request. Retrying (2/3)...
WARNING: [youtube] YouTube said: ERROR - Precondition check failed.
WARNING: [youtube] HTTP Error 400: Bad Request. Retrying (3/3)...
WARNING: [youtube] YouTube said: ERROR - Precondition check failed.
WARNING: [youtube] Unable to download API page: HTTP Error 400: Bad Request (caused by <HTTPError 400: Bad Request>)
WARNING: [youtube] [jsc] Remote components challenge solver script (deno) and NPM package (deno) were skipped. These may be required to solve JS challenges. You can enable these downloads with  --remote-components ejs:github  (recommended) or  --remote-components ejs:npm , respectively. For more information and alternatives, refer to  https://github.com/yt-dlp/yt-dlp/wiki/EJS
WARNING: [youtube] HLdtCQDeRf4: n challenge solving failed: Some formats may be missing. Ensure you have a supported JavaScript runtime and challenge solver script distribution installed. Review any warnings presented before this message. For more details, refer to  https://github.com/yt-dlp/yt-dlp/wiki/EJS
WARNING: [youtube] YouTube said: ERROR - Precondition check failed.
WARNING: [youtube] HTTP Error 400: Bad Request. Retrying (1/3)...
WARNING: [youtube] YouTube said: ERROR - Precondition check failed.
WARNING: [youtube] HTTP Error 400: Bad Request. Retrying (2/3)...
WARNING: [youtube] YouTube said: ERROR - Precondition check failed.
WARNING: [youtube] HTTP Error 400: Bad Request. Retrying (3/3)...
WARNING: [youtube] YouTube said: ERROR - Precondition check failed.
WARNING: [youtube] Unable to download API page: HTTP Error 400: Bad Request (caused by <HTTPError 400: Bad Request>)
ERROR: [youtube] -jShFpG78PU: Join this channel to get access to members-only content like this video, and other exclusive perks.
WARNING: [youtube] YouTube said: ERROR - Precondition check failed.
WARNING: [youtube] HTTP Error 400: Bad Request. Retrying (1/3)...
WARNING: [youtube] YouTube said: ERROR - Precondition check failed.
WARNING: [youtube] HTTP Error 400: Bad Request. Retrying (2/3)...
WARNING: [youtube] YouTube said: ERROR - Precondition check failed.
WARNING: [youtube] HTTP Error 400: Bad Request. Retrying (3/3)...
WARNING: [youtube] YouTube said: ERROR - Precondition check failed.
WARNING: [youtube] Unable to download API page: HTTP Error 400: Bad Request (caused by <HTTPError 400: Bad Request>)
WARNING: [youtube] [jsc] Remote components challenge solver script (deno) and NPM package (deno) were skipped. These may be required to solve JS challenges. You can enable these downloads with  --remote-components ejs:github  (recommended) or  --remote-components ejs:npm , respectively. For more information and alternatives, refer to  https://github.com/yt-dlp/yt-dlp/wiki/EJS
WARNING: [youtube] pPQu_af6_Fo: n challenge solving failed: Some formats may be missing. Ensure you have a supported JavaScript runtime and challenge solver script distribution installed. Review any warnings presented before this message. For more details, refer to  https://github.com/yt-dlp/yt-dlp/wiki/EJS
WARNING: [youtube] YouTube said: ERROR - Precondition check failed.
WARNING: [youtube] HTTP Error 400: Bad Request. Retrying (1/3)...
WARNING: [youtube] YouTube said: ERROR - Precondition check failed.
WARNING: [youtube] HTTP Error 400: Bad Request. Retrying (2/3)...
WARNING: [youtube] YouTube said: ERROR - Precondition check failed.
WARNING: [youtube] HTTP Error 400: Bad Request. Retrying (3/3)...
WARNING: [youtube] YouTube said: ERROR - Precondition check failed.
WARNING: [youtube] Unable to download API page: HTTP Error 400: Bad Request (caused by <HTTPError 400: Bad Request>)
ERROR: [youtube] elURhn8--sw: Join this channel to get access to members-only content like this video, and other exclusive perks.
WARNING: [youtube] YouTube said: ERROR - Precondition check failed.
WARNING: [youtube] HTTP Error 400: Bad Request. Retrying (1/3)...
WARNING: [youtube] YouTube said: ERROR - Precondition check failed.
WARNING: [youtube] HTTP Error 400: Bad Request. Retrying (2/3)...
WARNING: [youtube] YouTube said: ERROR - Precondition check failed.
WARNING: [youtube] HTTP Error 400: Bad Request. Retrying (3/3)...
WARNING: [youtube] YouTube said: ERROR - Precondition check failed.
WARNING: [youtube] Unable to download API page: HTTP Error 400: Bad Request (caused by <HTTPError 400: Bad Request>)
WARNING: [youtube] [jsc] Remote components challenge solver script (deno) and NPM package (deno) were skipped. These may be required to solve JS challenges. You can enable these downloads with  --remote-components ejs:github  (recommended) or  --remote-components ejs:npm , respectively. For more information and alternatives, refer to  https://github.com/yt-dlp/yt-dlp/wiki/EJS
WARNING: [youtube] nifbGWIM8fI: n challenge solving failed: Some formats may be missing. Ensure you have a supported JavaScript runtime and challenge solver script distribution installed. Review any warnings presented before this message. For more details, refer to  https://github.com/yt-dlp/yt-dlp/wiki/EJS
WARNING: [youtube] YouTube said: ERROR - Precondition check failed.
WARNING: [youtube] HTTP Error 400: Bad Request. Retrying (1/3)...
WARNING: [youtube] YouTube said: ERROR - Precondition check failed.
WARNING: [youtube] HTTP Error 400: Bad Request. Retrying (2/3)...
WARNING: [youtube] YouTube said: ERROR - Precondition check failed.
WARNING: [youtube] HTTP Error 400: Bad Request. Retrying (3/3)...
WARNING: [youtube] YouTube said: ERROR - Precondition check failed.
WARNING: [youtube] Unable to download API page: HTTP Error 400: Bad Request (caused by <HTTPError 400: Bad Request>)
WARNING: [youtube] [jsc] Remote components challenge solver script (deno) and NPM package (deno) were skipped. These may be required to solve JS challenges. You can enable these downloads with  --remote-components ejs:github  (recommended) or  --remote-components ejs:npm , respectively. For more information and alternatives, refer to  https://github.com/yt-dlp/yt-dlp/wiki/EJS
WARNING: [youtube] 3XanKjIRyZk: n challenge solving failed: Some formats may be missing. Ensure you have a supported JavaScript runtime and challenge solver script distribution installed. Review any warnings presented before this message. For more details, refer to  https://github.com/yt-dlp/yt-dlp/wiki/EJS
[初日醫學] 完成 (共 36 個字幕)

[泛科學] 抓取中...
WARNING: [youtube] YouTube said: ERROR - Precondition check failed.
WARNING: [youtube] HTTP Error 400: Bad Request. Retrying (1/3)...
WARNING: [youtube] YouTube said: ERROR - Precondition check failed.
WARNING: [youtube] HTTP Error 400: Bad Request. Retrying (2/3)...
WARNING: [youtube] YouTube said: ERROR - Precondition check failed.
WARNING: [youtube] HTTP Error 400: Bad Request. Retrying (3/3)...
WARNING: [youtube] YouTube said: ERROR - Precondition check failed.
WARNING: [youtube] Unable to download API page: HTTP Error 400: Bad Request (caused by <HTTPError 400: Bad Request>)
WARNING: [youtube] [jsc] Remote components challenge solver script (deno) and NPM package (deno) were skipped. These may be required to solve JS challenges. You can enable these downloads with  --remote-components ejs:github  (recommended) or  --remote-components ejs:npm , respectively. For more information and alternatives, refer to  https://github.com/yt-dlp/yt-dlp/wiki/EJS
WARNING: [youtube] CrgDc5244-s: n challenge solving failed: Some formats may be missing. Ensure you have a supported JavaScript runtime and challenge solver script distribution installed. Review any warnings presented before this message. For more details, refer to  https://github.com/yt-dlp/yt-dlp/wiki/EJS
WARNING: [youtube] YouTube said: ERROR - Precondition check failed.
WARNING: [youtube] HTTP Error 400: Bad Request. Retrying (1/3)...
WARNING: [youtube] YouTube said: ERROR - Precondition check failed.
WARNING: [youtube] HTTP Error 400: Bad Request. Retrying (2/3)...
WARNING: [youtube] YouTube said: ERROR - Precondition check failed.
WARNING: [youtube] HTTP Error 400: Bad Request. Retrying (3/3)...
WARNING: [youtube] YouTube said: ERROR - Precondition check failed.
WARNING: [youtube] Unable to download API page: HTTP Error 400: Bad Request (caused by <HTTPError 400: Bad Request>)
WARNING: [youtube] [jsc] Remote components challenge solver script (deno) and NPM package (deno) were skipped. These may be required to solve JS challenges. You can enable these downloads with  --remote-components ejs:github  (recommended) or  --remote-components ejs:npm , respectively. For more information and alternatives, refer to  https://github.com/yt-dlp/yt-dlp/wiki/EJS
WARNING: [youtube] 6_bxpEIQTwQ: n challenge solving failed: Some formats may be missing. Ensure you have a supported JavaScript runtime and challenge solver script distribution installed. Review any warnings presented before this message. For more details, refer to  https://github.com/yt-dlp/yt-dlp/wiki/EJS
WARNING: [youtube] YouTube said: ERROR - Precondition check failed.
WARNING: [youtube] HTTP Error 400: Bad Request. Retrying (1/3)...
WARNING: [youtube] YouTube said: ERROR - Precondition check failed.
WARNING: [youtube] HTTP Error 400: Bad Request. Retrying (2/3)...
WARNING: [youtube] YouTube said: ERROR - Precondition check failed.
WARNING: [youtube] HTTP Error 400: Bad Request. Retrying (3/3)...
WARNING: [youtube] YouTube said: ERROR - Precondition check failed.
WARNING: [youtube] Unable to download API page: HTTP Error 400: Bad Request (caused by <HTTPError 400: Bad Request>)
WARNING: [youtube] [jsc] Remote components challenge solver script (deno) and NPM package (deno) were skipped. These may be required to solve JS challenges. You can enable these downloads with  --remote-components ejs:github  (recommended) or  --remote-components ejs:npm , respectively. For more information and alternatives, refer to  https://github.com/yt-dlp/yt-dlp/wiki/EJS
WARNING: [youtube] YOBq5qUmF-k: n challenge solving failed: Some formats may be missing. Ensure you have a supported JavaScript runtime and challenge solver script distribution installed. Review any warnings presented before this message. For more details, refer to  https://github.com/yt-dlp/yt-dlp/wiki/EJS
WARNING: [youtube] YouTube said: ERROR - Precondition check failed.
WARNING: [youtube] HTTP Error 400: Bad Request. Retrying (1/3)...
WARNING: [youtube] YouTube said: ERROR - Precondition check failed.
WARNING: [youtube] HTTP Error 400: Bad Request. Retrying (2/3)...
WARNING: [youtube] YouTube said: ERROR - Precondition check failed.
WARNING: [youtube] HTTP Error 400: Bad Request. Retrying (3/3)...
WARNING: [youtube] YouTube said: ERROR - Precondition check failed.
WARNING: [youtube] Unable to download API page: HTTP Error 400: Bad Request (caused by <HTTPError 400: Bad Request>)
WARNING: [youtube] [jsc] Remote components challenge solver script (deno) and NPM package (deno) were skipped. These may be required to solve JS challenges. You can enable these downloads with  --remote-components ejs:github  (recommended) or  --remote-components ejs:npm , respectively. For more information and alternatives, refer to  https://github.com/yt-dlp/yt-dlp/wiki/EJS
WARNING: [youtube] mPPJTkX7UaQ: n challenge solving failed: Some formats may be missing. Ensure you have a supported JavaScript runtime and challenge solver script distribution installed. Review any warnings presented before this message. For more details, refer to  https://github.com/yt-dlp/yt-dlp/wiki/EJS
WARNING: [youtube] YouTube said: ERROR - Precondition check failed.
WARNING: [youtube] HTTP Error 400: Bad Request. Retrying (1/3)...
WARNING: [youtube] YouTube said: ERROR - Precondition check failed.
WARNING: [youtube] HTTP Error 400: Bad Request. Retrying (2/3)...
WARNING: [youtube] YouTube said: ERROR - Precondition check failed.
WARNING: [youtube] HTTP Error 400: Bad Request. Retrying (3/3)...
WARNING: [youtube] YouTube said: ERROR - Precondition check failed.
WARNING: [youtube] Unable to download API page: HTTP Error 400: Bad Request (caused by <HTTPError 400: Bad Request>)
WARNING: [youtube] [jsc] Remote components challenge solver script (deno) and NPM package (deno) were skipped. These may be required to solve JS challenges. You can enable these downloads with  --remote-components ejs:github  (recommended) or  --remote-components ejs:npm , respectively. For more information and alternatives, refer to  https://github.com/yt-dlp/yt-dlp/wiki/EJS
WARNING: [youtube] lnaqpPdVNOQ: n challenge solving failed: Some formats may be missing. Ensure you have a supported JavaScript runtime and challenge solver script distribution installed. Review any warnings presented before this message. For more details, refer to  https://github.com/yt-dlp/yt-dlp/wiki/EJS
WARNING: [youtube] YouTube said: ERROR - Precondition check failed.
WARNING: [youtube] HTTP Error 400: Bad Request. Retrying (1/3)...
WARNING: [youtube] YouTube said: ERROR - Precondition check failed.
WARNING: [youtube] HTTP Error 400: Bad Request. Retrying (2/3)...
WARNING: [youtube] YouTube said: ERROR - Precondition check failed.
WARNING: [youtube] HTTP Error 400: Bad Request. Retrying (3/3)...
WARNING: [youtube] YouTube said: ERROR - Precondition check failed.
WARNING: [youtube] Unable to download API page: HTTP Error 400: Bad Request (caused by <HTTPError 400: Bad Request>)
WARNING: [youtube] [jsc] Remote components challenge solver script (deno) and NPM package (deno) were skipped. These may be required to solve JS challenges. You can enable these downloads with  --remote-components ejs:github  (recommended) or  --remote-components ejs:npm , respectively. For more information and alternatives, refer to  https://github.com/yt-dlp/yt-dlp/wiki/EJS
WARNING: [youtube] cteNj_z-WQY: n challenge solving failed: Some formats may be missing. Ensure you have a supported JavaScript runtime and challenge solver script distribution installed. Review any warnings presented before this message. For more details, refer to  https://github.com/yt-dlp/yt-dlp/wiki/EJS
WARNING: [youtube] YouTube said: ERROR - Precondition check failed.
WARNING: [youtube] HTTP Error 400: Bad Request. Retrying (1/3)...
WARNING: [youtube] YouTube said: ERROR - Precondition check failed.
WARNING: [youtube] HTTP Error 400: Bad Request. Retrying (2/3)...
WARNING: [youtube] YouTube said: ERROR - Precondition check failed.
WARNING: [youtube] HTTP Error 400: Bad Request. Retrying (3/3)...
WARNING: [youtube] YouTube said: ERROR - Precondition check failed.
WARNING: [youtube] Unable to download API page: HTTP Error 400: Bad Request (caused by <HTTPError 400: Bad Request>)
WARNING: [youtube] [jsc] Remote components challenge solver script (deno) and NPM package (deno) were skipped. These may be required to solve JS challenges. You can enable these downloads with  --remote-components ejs:github  (recommended) or  --remote-components ejs:npm , respectively. For more information and alternatives, refer to  https://github.com/yt-dlp/yt-dlp/wiki/EJS
WARNING: [youtube] N0Y7N0CRUWc: n challenge solving failed: Some formats may be missing. Ensure you have a supported JavaScript runtime and challenge solver script distribution installed. Review any warnings presented before this message. For more details, refer to  https://github.com/yt-dlp/yt-dlp/wiki/EJS
WARNING: [youtube] YouTube said: ERROR - Precondition check failed.
WARNING: [youtube] HTTP Error 400: Bad Request. Retrying (1/3)...
WARNING: [youtube] YouTube said: ERROR - Precondition check failed.
WARNING: [youtube] HTTP Error 400: Bad Request. Retrying (2/3)...
WARNING: [youtube] YouTube said: ERROR - Precondition check failed.
WARNING: [youtube] HTTP Error 400: Bad Request. Retrying (3/3)...
WARNING: [youtube] YouTube said: ERROR - Precondition check failed.
WARNING: [youtube] Unable to download API page: HTTP Error 400: Bad Request (caused by <HTTPError 400: Bad Request>)
WARNING: [youtube] [jsc] Remote components challenge solver script (deno) and NPM package (deno) were skipped. These may be required to solve JS challenges. You can enable these downloads with  --remote-components ejs:github  (recommended) or  --remote-components ejs:npm , respectively. For more information and alternatives, refer to  https://github.com/yt-dlp/yt-dlp/wiki/EJS
WARNING: [youtube] tSccNXr2DkQ: n challenge solving failed: Some formats may be missing. Ensure you have a supported JavaScript runtime and challenge solver script distribution installed. Review any warnings presented before this message. For more details, refer to  https://github.com/yt-dlp/yt-dlp/wiki/EJS
WARNING: [youtube] YouTube said: ERROR - Precondition check failed.
WARNING: [youtube] HTTP Error 400: Bad Request. Retrying (1/3)...
WARNING: [youtube] YouTube said: ERROR - Precondition check failed.
WARNING: [youtube] HTTP Error 400: Bad Request. Retrying (2/3)...
WARNING: [youtube] YouTube said: ERROR - Precondition check failed.
WARNING: [youtube] HTTP Error 400: Bad Request. Retrying (3/3)...
WARNING: [youtube] YouTube said: ERROR - Precondition check failed.
WARNING: [youtube] Unable to download API page: HTTP Error 400: Bad Request (caused by <HTTPError 400: Bad Request>)
WARNING: [youtube] [jsc] Remote components challenge solver script (deno) and NPM package (deno) were skipped. These may be required to solve JS challenges. You can enable these downloads with  --remote-components ejs:github  (recommended) or  --remote-components ejs:npm , respectively. For more information and alternatives, refer to  https://github.com/yt-dlp/yt-dlp/wiki/EJS
WARNING: [youtube] qVdhaKkI6Zo: n challenge solving failed: Some formats may be missing. Ensure you have a supported JavaScript runtime and challenge solver script distribution installed. Review any warnings presented before this message. For more details, refer to  https://github.com/yt-dlp/yt-dlp/wiki/EJS
WARNING: [youtube] YouTube said: ERROR - Precondition check failed.
WARNING: [youtube] HTTP Error 400: Bad Request. Retrying (1/3)...
WARNING: [youtube] YouTube said: ERROR - Precondition check failed.
WARNING: [youtube] HTTP Error 400: Bad Request. Retrying (2/3)...
WARNING: [youtube] YouTube said: ERROR - Precondition check failed.
WARNING: [youtube] HTTP Error 400: Bad Request. Retrying (3/3)...
WARNING: [youtube] YouTube said: ERROR - Precondition check failed.
WARNING: [youtube] Unable to download API page: HTTP Error 400: Bad Request (caused by <HTTPError 400: Bad Request>)
WARNING: [youtube] [jsc] Remote components challenge solver script (deno) and NPM package (deno) were skipped. These may be required to solve JS challenges. You can enable these downloads with  --remote-components ejs:github  (recommended) or  --remote-components ejs:npm , respectively. For more information and alternatives, refer to  https://github.com/yt-dlp/yt-dlp/wiki/EJS
WARNING: [youtube] o775YXbxq-k: n challenge solving failed: Some formats may be missing. Ensure you have a supported JavaScript runtime and challenge solver script distribution installed. Review any warnings presented before this message. For more details, refer to  https://github.com/yt-dlp/yt-dlp/wiki/EJS
WARNING: [youtube] YouTube said: ERROR - Precondition check failed.
WARNING: [youtube] HTTP Error 400: Bad Request. Retrying (1/3)...
WARNING: [youtube] YouTube said: ERROR - Precondition check failed.
WARNING: [youtube] HTTP Error 400: Bad Request. Retrying (2/3)...
WARNING: [youtube] YouTube said: ERROR - Precondition check failed.
WARNING: [youtube] HTTP Error 400: Bad Request. Retrying (3/3)...
WARNING: [youtube] YouTube said: ERROR - Precondition check failed.
WARNING: [youtube] Unable to download API page: HTTP Error 400: Bad Request (caused by <HTTPError 400: Bad Request>)
WARNING: [youtube] [jsc] Remote components challenge solver script (deno) and NPM package (deno) were skipped. These may be required to solve JS challenges. You can enable these downloads with  --remote-components ejs:github  (recommended) or  --remote-components ejs:npm , respectively. For more information and alternatives, refer to  https://github.com/yt-dlp/yt-dlp/wiki/EJS
WARNING: [youtube] x__seBgp4HE: n challenge solving failed: Some formats may be missing. Ensure you have a supported JavaScript runtime and challenge solver script distribution installed. Review any warnings presented before this message. For more details, refer to  https://github.com/yt-dlp/yt-dlp/wiki/EJS
WARNING: [youtube] YouTube said: ERROR - Precondition check failed.
WARNING: [youtube] HTTP Error 400: Bad Request. Retrying (1/3)...
WARNING: [youtube] YouTube said: ERROR - Precondition check failed.
WARNING: [youtube] HTTP Error 400: Bad Request. Retrying (2/3)...
WARNING: [youtube] YouTube said: ERROR - Precondition check failed.
WARNING: [youtube] HTTP Error 400: Bad Request. Retrying (3/3)...
WARNING: [youtube] YouTube said: ERROR - Precondition check failed.
WARNING: [youtube] Unable to download API page: HTTP Error 400: Bad Request (caused by <HTTPError 400: Bad Request>)
WARNING: [youtube] [jsc] Remote components challenge solver script (deno) and NPM package (deno) were skipped. These may be required to solve JS challenges. You can enable these downloads with  --remote-components ejs:github  (recommended) or  --remote-components ejs:npm , respectively. For more information and alternatives, refer to  https://github.com/yt-dlp/yt-dlp/wiki/EJS
WARNING: [youtube] anmBy2BOAaY: n challenge solving failed: Some formats may be missing. Ensure you have a supported JavaScript runtime and challenge solver script distribution installed. Review any warnings presented before this message. For more details, refer to  https://github.com/yt-dlp/yt-dlp/wiki/EJS
WARNING: [youtube] YouTube said: ERROR - Precondition check failed.
WARNING: [youtube] HTTP Error 400: Bad Request. Retrying (1/3)...
WARNING: [youtube] YouTube said: ERROR - Precondition check failed.
WARNING: [youtube] HTTP Error 400: Bad Request. Retrying (2/3)...
WARNING: [youtube] YouTube said: ERROR - Precondition check failed.
WARNING: [youtube] HTTP Error 400: Bad Request. Retrying (3/3)...
WARNING: [youtube] YouTube said: ERROR - Precondition check failed.
WARNING: [youtube] Unable to download API page: HTTP Error 400: Bad Request (caused by <HTTPError 400: Bad Request>)
WARNING: [youtube] [jsc] Remote components challenge solver script (deno) and NPM package (deno) were skipped. These may be required to solve JS challenges. You can enable these downloads with  --remote-components ejs:github  (recommended) or  --remote-components ejs:npm , respectively. For more information and alternatives, refer to  https://github.com/yt-dlp/yt-dlp/wiki/EJS
WARNING: [youtube] Df2ckTGkKKI: n challenge solving failed: Some formats may be missing. Ensure you have a supported JavaScript runtime and challenge solver script distribution installed. Review any warnings presented before this message. For more details, refer to  https://github.com/yt-dlp/yt-dlp/wiki/EJS
WARNING: [youtube] YouTube said: ERROR - Precondition check failed.
WARNING: [youtube] HTTP Error 400: Bad Request. Retrying (1/3)...
WARNING: [youtube] YouTube said: ERROR - Precondition check failed.
WARNING: [youtube] HTTP Error 400: Bad Request. Retrying (2/3)...
WARNING: [youtube] YouTube said: ERROR - Precondition check failed.
WARNING: [youtube] HTTP Error 400: Bad Request. Retrying (3/3)...
WARNING: [youtube] YouTube said: ERROR - Precondition check failed.
WARNING: [youtube] Unable to download API page: HTTP Error 400: Bad Request (caused by <HTTPError 400: Bad Request>)
WARNING: [youtube] [jsc] Remote components challenge solver script (deno) and NPM package (deno) were skipped. These may be required to solve JS challenges. You can enable these downloads with  --remote-components ejs:github  (recommended) or  --remote-components ejs:npm , respectively. For more information and alternatives, refer to  https://github.com/yt-dlp/yt-dlp/wiki/EJS
WARNING: [youtube] ECn_dlgkR1g: n challenge solving failed: Some formats may be missing. Ensure you have a supported JavaScript runtime and challenge solver script distribution installed. Review any warnings presented before this message. For more details, refer to  https://github.com/yt-dlp/yt-dlp/wiki/EJS
WARNING: [youtube] YouTube said: ERROR - Precondition check failed.
WARNING: [youtube] HTTP Error 400: Bad Request. Retrying (1/3)...
WARNING: [youtube] YouTube said: ERROR - Precondition check failed.
WARNING: [youtube] HTTP Error 400: Bad Request. Retrying (2/3)...
WARNING: [youtube] YouTube said: ERROR - Precondition check failed.
WARNING: [youtube] HTTP Error 400: Bad Request. Retrying (3/3)...
WARNING: [youtube] YouTube said: ERROR - Precondition check failed.
WARNING: [youtube] Unable to download API page: HTTP Error 400: Bad Request (caused by <HTTPError 400: Bad Request>)
WARNING: [youtube] [jsc] Remote components challenge solver script (deno) and NPM package (deno) were skipped. These may be required to solve JS challenges. You can enable these downloads with  --remote-components ejs:github  (recommended) or  --remote-components ejs:npm , respectively. For more information and alternatives, refer to  https://github.com/yt-dlp/yt-dlp/wiki/EJS
WARNING: [youtube] FylyA1Bqmo4: n challenge solving failed: Some formats may be missing. Ensure you have a supported JavaScript runtime and challenge solver script distribution installed. Review any warnings presented before this message. For more details, refer to  https://github.com/yt-dlp/yt-dlp/wiki/EJS
WARNING: [youtube] YouTube said: ERROR - Precondition check failed.
WARNING: [youtube] HTTP Error 400: Bad Request. Retrying (1/3)...
WARNING: [youtube] YouTube said: ERROR - Precondition check failed.
WARNING: [youtube] HTTP Error 400: Bad Request. Retrying (2/3)...
WARNING: [youtube] YouTube said: ERROR - Precondition check failed.
WARNING: [youtube] HTTP Error 400: Bad Request. Retrying (3/3)...
WARNING: [youtube] YouTube said: ERROR - Precondition check failed.
WARNING: [youtube] Unable to download API page: HTTP Error 400: Bad Request (caused by <HTTPError 400: Bad Request>)
WARNING: [youtube] 3nYpuDaDsho: Some android_vr client https formats have been skipped as they are missing a URL. YouTube may have enabled the SABR-only streaming experiment for the current session. See  https://github.com/yt-dlp/yt-dlp/issues/12482  for more details
WARNING: [youtube] [jsc] Remote components challenge solver script (deno) and NPM package (deno) were skipped. These may be required to solve JS challenges. You can enable these downloads with  --remote-components ejs:github  (recommended) or  --remote-components ejs:npm , respectively. For more information and alternatives, refer to  https://github.com/yt-dlp/yt-dlp/wiki/EJS
WARNING: [youtube] 3nYpuDaDsho: n challenge solving failed: Some formats may be missing. Ensure you have a supported JavaScript runtime and challenge solver script distribution installed. Review any warnings presented before this message. For more details, refer to  https://github.com/yt-dlp/yt-dlp/wiki/EJS
WARNING: [youtube] YouTube said: ERROR - Precondition check failed.
WARNING: [youtube] HTTP Error 400: Bad Request. Retrying (1/3)...
WARNING: [youtube] YouTube said: ERROR - Precondition check failed.
WARNING: [youtube] HTTP Error 400: Bad Request. Retrying (2/3)...
WARNING: [youtube] YouTube said: ERROR - Precondition check failed.
WARNING: [youtube] HTTP Error 400: Bad Request. Retrying (3/3)...
WARNING: [youtube] YouTube said: ERROR - Precondition check failed.
WARNING: [youtube] Unable to download API page: HTTP Error 400: Bad Request (caused by <HTTPError 400: Bad Request>)
WARNING: [youtube] [jsc] Remote components challenge solver script (deno) and NPM package (deno) were skipped. These may be required to solve JS challenges. You can enable these downloads with  --remote-components ejs:github  (recommended) or  --remote-components ejs:npm , respectively. For more information and alternatives, refer to  https://github.com/yt-dlp/yt-dlp/wiki/EJS
WARNING: [youtube] Mx-tqr42e2Q: n challenge solving failed: Some formats may be missing. Ensure you have a supported JavaScript runtime and challenge solver script distribution installed. Review any warnings presented before this message. For more details, refer to  https://github.com/yt-dlp/yt-dlp/wiki/EJS
WARNING: [youtube] YouTube said: ERROR - Precondition check failed.
WARNING: [youtube] HTTP Error 400: Bad Request. Retrying (1/3)...
WARNING: [youtube] YouTube said: ERROR - Precondition check failed.
WARNING: [youtube] HTTP Error 400: Bad Request. Retrying (2/3)...
WARNING: [youtube] YouTube said: ERROR - Precondition check failed.
WARNING: [youtube] HTTP Error 400: Bad Request. Retrying (3/3)...
WARNING: [youtube] YouTube said: ERROR - Precondition check failed.
WARNING: [youtube] Unable to download API page: HTTP Error 400: Bad Request (caused by <HTTPError 400: Bad Request>)
WARNING: [youtube] [jsc] Remote components challenge solver script (deno) and NPM package (deno) were skipped. These may be required to solve JS challenges. You can enable these downloads with  --remote-components ejs:github  (recommended) or  --remote-components ejs:npm , respectively. For more information and alternatives, refer to  https://github.com/yt-dlp/yt-dlp/wiki/EJS
WARNING: [youtube] B63SrPWDgf8: n challenge solving failed: Some formats may be missing. Ensure you have a supported JavaScript runtime and challenge solver script distribution installed. Review any warnings presented before this message. For more details, refer to  https://github.com/yt-dlp/yt-dlp/wiki/EJS
WARNING: [youtube] YouTube said: ERROR - Precondition check failed.
WARNING: [youtube] HTTP Error 400: Bad Request. Retrying (1/3)...
WARNING: [youtube] YouTube said: ERROR - Precondition check failed.
WARNING: [youtube] HTTP Error 400: Bad Request. Retrying (2/3)...
WARNING: [youtube] YouTube said: ERROR - Precondition check failed.
WARNING: [youtube] HTTP Error 400: Bad Request. Retrying (3/3)...
WARNING: [youtube] YouTube said: ERROR - Precondition check failed.
WARNING: [youtube] Unable to download API page: HTTP Error 400: Bad Request (caused by <HTTPError 400: Bad Request>)
WARNING: [youtube] [jsc] Remote components challenge solver script (deno) and NPM package (deno) were skipped. These may be required to solve JS challenges. You can enable these downloads with  --remote-components ejs:github  (recommended) or  --remote-components ejs:npm , respectively. For more information and alternatives, refer to  https://github.com/yt-dlp/yt-dlp/wiki/EJS
WARNING: [youtube] iphfKLMfaKE: n challenge solving failed: Some formats may be missing. Ensure you have a supported JavaScript runtime and challenge solver script distribution installed. Review any warnings presented before this message. For more details, refer to  https://github.com/yt-dlp/yt-dlp/wiki/EJS
WARNING: [youtube] YouTube said: ERROR - Precondition check failed.
WARNING: [youtube] HTTP Error 400: Bad Request. Retrying (1/3)...
WARNING: [youtube] YouTube said: ERROR - Precondition check failed.
WARNING: [youtube] HTTP Error 400: Bad Request. Retrying (2/3)...
WARNING: [youtube] YouTube said: ERROR - Precondition check failed.
WARNING: [youtube] HTTP Error 400: Bad Request. Retrying (3/3)...
WARNING: [youtube] YouTube said: ERROR - Precondition check failed.
WARNING: [youtube] Unable to download API page: HTTP Error 400: Bad Request (caused by <HTTPError 400: Bad Request>)
WARNING: [youtube] [jsc] Remote components challenge solver script (deno) and NPM package (deno) were skipped. These may be required to solve JS challenges. You can enable these downloads with  --remote-components ejs:github  (recommended) or  --remote-components ejs:npm , respectively. For more information and alternatives, refer to  https://github.com/yt-dlp/yt-dlp/wiki/EJS
WARNING: [youtube] llXSPvuH2FM: n challenge solving failed: Some formats may be missing. Ensure you have a supported JavaScript runtime and challenge solver script distribution installed. Review any warnings presented before this message. For more details, refer to  https://github.com/yt-dlp/yt-dlp/wiki/EJS
WARNING: [youtube] YouTube said: ERROR - Precondition check failed.
WARNING: [youtube] HTTP Error 400: Bad Request. Retrying (1/3)...
WARNING: [youtube] YouTube said: ERROR - Precondition check failed.
WARNING: [youtube] HTTP Error 400: Bad Request. Retrying (2/3)...
WARNING: [youtube] YouTube said: ERROR - Precondition check failed.
WARNING: [youtube] HTTP Error 400: Bad Request. Retrying (3/3)...
WARNING: [youtube] YouTube said: ERROR - Precondition check failed.
WARNING: [youtube] Unable to download API page: HTTP Error 400: Bad Request (caused by <HTTPError 400: Bad Request>)
WARNING: [youtube] ZlAuFY7Ys9I: Some android_vr client https formats have been skipped as they are missing a URL. YouTube may have enabled the SABR-only streaming experiment for the current session. See  https://github.com/yt-dlp/yt-dlp/issues/12482  for more details
WARNING: [youtube] [jsc] Remote components challenge solver script (deno) and NPM package (deno) were skipped. These may be required to solve JS challenges. You can enable these downloads with  --remote-components ejs:github  (recommended) or  --remote-components ejs:npm , respectively. For more information and alternatives, refer to  https://github.com/yt-dlp/yt-dlp/wiki/EJS
WARNING: [youtube] ZlAuFY7Ys9I: n challenge solving failed: Some formats may be missing. Ensure you have a supported JavaScript runtime and challenge solver script distribution installed. Review any warnings presented before this message. For more details, refer to  https://github.com/yt-dlp/yt-dlp/wiki/EJS
WARNING: [youtube] YouTube said: ERROR - Precondition check failed.
WARNING: [youtube] HTTP Error 400: Bad Request. Retrying (1/3)...
WARNING: [youtube] YouTube said: ERROR - Precondition check failed.
WARNING: [youtube] HTTP Error 400: Bad Request. Retrying (2/3)...
WARNING: [youtube] YouTube said: ERROR - Precondition check failed.
WARNING: [youtube] HTTP Error 400: Bad Request. Retrying (3/3)...
WARNING: [youtube] YouTube said: ERROR - Precondition check failed.
WARNING: [youtube] Unable to download API page: HTTP Error 400: Bad Request (caused by <HTTPError 400: Bad Request>)
WARNING: [youtube] [jsc] Remote components challenge solver script (deno) and NPM package (deno) were skipped. These may be required to solve JS challenges. You can enable these downloads with  --remote-components ejs:github  (recommended) or  --remote-components ejs:npm , respectively. For more information and alternatives, refer to  https://github.com/yt-dlp/yt-dlp/wiki/EJS
WARNING: [youtube] pNbSbP6UcBg: n challenge solving failed: Some formats may be missing. Ensure you have a supported JavaScript runtime and challenge solver script distribution installed. Review any warnings presented before this message. For more details, refer to  https://github.com/yt-dlp/yt-dlp/wiki/EJS
WARNING: [youtube] YouTube said: ERROR - Precondition check failed.
WARNING: [youtube] HTTP Error 400: Bad Request. Retrying (1/3)...
WARNING: [youtube] YouTube said: ERROR - Precondition check failed.
WARNING: [youtube] HTTP Error 400: Bad Request. Retrying (2/3)...
WARNING: [youtube] YouTube said: ERROR - Precondition check failed.
WARNING: [youtube] HTTP Error 400: Bad Request. Retrying (3/3)...
WARNING: [youtube] YouTube said: ERROR - Precondition check failed.
WARNING: [youtube] Unable to download API page: HTTP Error 400: Bad Request (caused by <HTTPError 400: Bad Request>)
WARNING: [youtube] [jsc] Remote components challenge solver script (deno) and NPM package (deno) were skipped. These may be required to solve JS challenges. You can enable these downloads with  --remote-components ejs:github  (recommended) or  --remote-components ejs:npm , respectively. For more information and alternatives, refer to  https://github.com/yt-dlp/yt-dlp/wiki/EJS
WARNING: [youtube] eg9Lui5zraA: n challenge solving failed: Some formats may be missing. Ensure you have a supported JavaScript runtime and challenge solver script distribution installed. Review any warnings presented before this message. For more details, refer to  https://github.com/yt-dlp/yt-dlp/wiki/EJS
WARNING: [youtube] YouTube said: ERROR - Precondition check failed.
WARNING: [youtube] HTTP Error 400: Bad Request. Retrying (1/3)...
WARNING: [youtube] YouTube said: ERROR - Precondition check failed.
WARNING: [youtube] HTTP Error 400: Bad Request. Retrying (2/3)...
WARNING: [youtube] YouTube said: ERROR - Precondition check failed.
WARNING: [youtube] HTTP Error 400: Bad Request. Retrying (3/3)...
WARNING: [youtube] YouTube said: ERROR - Precondition check failed.
WARNING: [youtube] Unable to download API page: HTTP Error 400: Bad Request (caused by <HTTPError 400: Bad Request>)
WARNING: [youtube] [jsc] Remote components challenge solver script (deno) and NPM package (deno) were skipped. These may be required to solve JS challenges. You can enable these downloads with  --remote-components ejs:github  (recommended) or  --remote-components ejs:npm , respectively. For more information and alternatives, refer to  https://github.com/yt-dlp/yt-dlp/wiki/EJS
WARNING: [youtube] zvaoUrGPZRk: n challenge solving failed: Some formats may be missing. Ensure you have a supported JavaScript runtime and challenge solver script distribution installed. Review any warnings presented before this message. For more details, refer to  https://github.com/yt-dlp/yt-dlp/wiki/EJS
WARNING: [youtube] YouTube said: ERROR - Precondition check failed.
WARNING: [youtube] HTTP Error 400: Bad Request. Retrying (1/3)...
WARNING: [youtube] YouTube said: ERROR - Precondition check failed.
WARNING: [youtube] HTTP Error 400: Bad Request. Retrying (2/3)...
WARNING: [youtube] YouTube said: ERROR - Precondition check failed.
WARNING: [youtube] HTTP Error 400: Bad Request. Retrying (3/3)...
WARNING: [youtube] YouTube said: ERROR - Precondition check failed.
WARNING: [youtube] Unable to download API page: HTTP Error 400: Bad Request (caused by <HTTPError 400: Bad Request>)
WARNING: [youtube] [jsc] Remote components challenge solver script (deno) and NPM package (deno) were skipped. These may be required to solve JS challenges. You can enable these downloads with  --remote-components ejs:github  (recommended) or  --remote-components ejs:npm , respectively. For more information and alternatives, refer to  https://github.com/yt-dlp/yt-dlp/wiki/EJS
WARNING: [youtube] 8A6rPOllPoM: n challenge solving failed: Some formats may be missing. Ensure you have a supported JavaScript runtime and challenge solver script distribution installed. Review any warnings presented before this message. For more details, refer to  https://github.com/yt-dlp/yt-dlp/wiki/EJS
WARNING: [youtube] YouTube said: ERROR - Precondition check failed.
WARNING: [youtube] HTTP Error 400: Bad Request. Retrying (1/3)...
WARNING: [youtube] YouTube said: ERROR - Precondition check failed.
WARNING: [youtube] HTTP Error 400: Bad Request. Retrying (2/3)...
WARNING: [youtube] YouTube said: ERROR - Precondition check failed.
WARNING: [youtube] HTTP Error 400: Bad Request. Retrying (3/3)...
WARNING: [youtube] YouTube said: ERROR - Precondition check failed.
WARNING: [youtube] Unable to download API page: HTTP Error 400: Bad Request (caused by <HTTPError 400: Bad Request>)
WARNING: [youtube] [jsc] Remote components challenge solver script (deno) and NPM package (deno) were skipped. These may be required to solve JS challenges. You can enable these downloads with  --remote-components ejs:github  (recommended) or  --remote-components ejs:npm , respectively. For more information and alternatives, refer to  https://github.com/yt-dlp/yt-dlp/wiki/EJS
WARNING: [youtube] diOeH9_aJEY: n challenge solving failed: Some formats may be missing. Ensure you have a supported JavaScript runtime and challenge solver script distribution installed. Review any warnings presented before this message. For more details, refer to  https://github.com/yt-dlp/yt-dlp/wiki/EJS
WARNING: [youtube] YouTube said: ERROR - Precondition check failed.
WARNING: [youtube] HTTP Error 400: Bad Request. Retrying (1/3)...
WARNING: [youtube] YouTube said: ERROR - Precondition check failed.
WARNING: [youtube] HTTP Error 400: Bad Request. Retrying (2/3)...
WARNING: [youtube] YouTube said: ERROR - Precondition check failed.
WARNING: [youtube] HTTP Error 400: Bad Request. Retrying (3/3)...
WARNING: [youtube] YouTube said: ERROR - Precondition check failed.
WARNING: [youtube] Unable to download API page: HTTP Error 400: Bad Request (caused by <HTTPError 400: Bad Request>)
WARNING: [youtube] [jsc] Remote components challenge solver script (deno) and NPM package (deno) were skipped. These may be required to solve JS challenges. You can enable these downloads with  --remote-components ejs:github  (recommended) or  --remote-components ejs:npm , respectively. For more information and alternatives, refer to  https://github.com/yt-dlp/yt-dlp/wiki/EJS
WARNING: [youtube] eR5HjZN6MT8: n challenge solving failed: Some formats may be missing. Ensure you have a supported JavaScript runtime and challenge solver script distribution installed. Review any warnings presented before this message. For more details, refer to  https://github.com/yt-dlp/yt-dlp/wiki/EJS
WARNING: [youtube] YouTube said: ERROR - Precondition check failed.
WARNING: [youtube] HTTP Error 400: Bad Request. Retrying (1/3)...
WARNING: [youtube] YouTube said: ERROR - Precondition check failed.
WARNING: [youtube] HTTP Error 400: Bad Request. Retrying (2/3)...
WARNING: [youtube] YouTube said: ERROR - Precondition check failed.
WARNING: [youtube] HTTP Error 400: Bad Request. Retrying (3/3)...
WARNING: [youtube] YouTube said: ERROR - Precondition check failed.
WARNING: [youtube] Unable to download API page: HTTP Error 400: Bad Request (caused by <HTTPError 400: Bad Request>)
WARNING: [youtube] [jsc] Remote components challenge solver script (deno) and NPM package (deno) were skipped. These may be required to solve JS challenges. You can enable these downloads with  --remote-components ejs:github  (recommended) or  --remote-components ejs:npm , respectively. For more information and alternatives, refer to  https://github.com/yt-dlp/yt-dlp/wiki/EJS
WARNING: [youtube] m8tpIGpXDBc: n challenge solving failed: Some formats may be missing. Ensure you have a supported JavaScript runtime and challenge solver script distribution installed. Review any warnings presented before this message. For more details, refer to  https://github.com/yt-dlp/yt-dlp/wiki/EJS
WARNING: [youtube] YouTube said: ERROR - Precondition check failed.
WARNING: [youtube] HTTP Error 400: Bad Request. Retrying (1/3)...
WARNING: [youtube] YouTube said: ERROR - Precondition check failed.
WARNING: [youtube] HTTP Error 400: Bad Request. Retrying (2/3)...
WARNING: [youtube] YouTube said: ERROR - Precondition check failed.
WARNING: [youtube] HTTP Error 400: Bad Request. Retrying (3/3)...
WARNING: [youtube] YouTube said: ERROR - Precondition check failed.
WARNING: [youtube] Unable to download API page: HTTP Error 400: Bad Request (caused by <HTTPError 400: Bad Request>)
WARNING: [youtube] [jsc] Remote components challenge solver script (deno) and NPM package (deno) were skipped. These may be required to solve JS challenges. You can enable these downloads with  --remote-components ejs:github  (recommended) or  --remote-components ejs:npm , respectively. For more information and alternatives, refer to  https://github.com/yt-dlp/yt-dlp/wiki/EJS
WARNING: [youtube] kO2e7aXQLhw: n challenge solving failed: Some formats may be missing. Ensure you have a supported JavaScript runtime and challenge solver script distribution installed. Review any warnings presented before this message. For more details, refer to  https://github.com/yt-dlp/yt-dlp/wiki/EJS
WARNING: [youtube] YouTube said: ERROR - Precondition check failed.
WARNING: [youtube] HTTP Error 400: Bad Request. Retrying (1/3)...
WARNING: [youtube] YouTube said: ERROR - Precondition check failed.
WARNING: [youtube] HTTP Error 400: Bad Request. Retrying (2/3)...
WARNING: [youtube] YouTube said: ERROR - Precondition check failed.
WARNING: [youtube] HTTP Error 400: Bad Request. Retrying (3/3)...
WARNING: [youtube] YouTube said: ERROR - Precondition check failed.
WARNING: [youtube] Unable to download API page: HTTP Error 400: Bad Request (caused by <HTTPError 400: Bad Request>)
WARNING: [youtube] [jsc] Remote components challenge solver script (deno) and NPM package (deno) were skipped. These may be required to solve JS challenges. You can enable these downloads with  --remote-components ejs:github  (recommended) or  --remote-components ejs:npm , respectively. For more information and alternatives, refer to  https://github.com/yt-dlp/yt-dlp/wiki/EJS
WARNING: [youtube] FIDPhJxVxcM: n challenge solving failed: Some formats may be missing. Ensure you have a supported JavaScript runtime and challenge solver script distribution installed. Review any warnings presented before this message. For more details, refer to  https://github.com/yt-dlp/yt-dlp/wiki/EJS
WARNING: [youtube] YouTube said: ERROR - Precondition check failed.
WARNING: [youtube] HTTP Error 400: Bad Request. Retrying (1/3)...
WARNING: [youtube] YouTube said: ERROR - Precondition check failed.
WARNING: [youtube] HTTP Error 400: Bad Request. Retrying (2/3)...
WARNING: [youtube] YouTube said: ERROR - Precondition check failed.
WARNING: [youtube] HTTP Error 400: Bad Request. Retrying (3/3)...
WARNING: [youtube] YouTube said: ERROR - Precondition check failed.
WARNING: [youtube] Unable to download API page: HTTP Error 400: Bad Request (caused by <HTTPError 400: Bad Request>)
WARNING: [youtube] [jsc] Remote components challenge solver script (deno) and NPM package (deno) were skipped. These may be required to solve JS challenges. You can enable these downloads with  --remote-components ejs:github  (recommended) or  --remote-components ejs:npm , respectively. For more information and alternatives, refer to  https://github.com/yt-dlp/yt-dlp/wiki/EJS
WARNING: [youtube] QQ_JTl07Huc: n challenge solving failed: Some formats may be missing. Ensure you have a supported JavaScript runtime and challenge solver script distribution installed. Review any warnings presented before this message. For more details, refer to  https://github.com/yt-dlp/yt-dlp/wiki/EJS
WARNING: [youtube] YouTube said: ERROR - Precondition check failed.
WARNING: [youtube] HTTP Error 400: Bad Request. Retrying (1/3)...
WARNING: [youtube] YouTube said: ERROR - Precondition check failed.
WARNING: [youtube] HTTP Error 400: Bad Request. Retrying (2/3)...
WARNING: [youtube] YouTube said: ERROR - Precondition check failed.
WARNING: [youtube] HTTP Error 400: Bad Request. Retrying (3/3)...
WARNING: [youtube] YouTube said: ERROR - Precondition check failed.
WARNING: [youtube] Unable to download API page: HTTP Error 400: Bad Request (caused by <HTTPError 400: Bad Request>)
WARNING: [youtube] [jsc] Remote components challenge solver script (deno) and NPM package (deno) were skipped. These may be required to solve JS challenges. You can enable these downloads with  --remote-components ejs:github  (recommended) or  --remote-components ejs:npm , respectively. For more information and alternatives, refer to  https://github.com/yt-dlp/yt-dlp/wiki/EJS
WARNING: [youtube] 9lGm1hULGWY: n challenge solving failed: Some formats may be missing. Ensure you have a supported JavaScript runtime and challenge solver script distribution installed. Review any warnings presented before this message. For more details, refer to  https://github.com/yt-dlp/yt-dlp/wiki/EJS
WARNING: [youtube] YouTube said: ERROR - Precondition check failed.
WARNING: [youtube] HTTP Error 400: Bad Request. Retrying (1/3)...
WARNING: [youtube] YouTube said: ERROR - Precondition check failed.
WARNING: [youtube] HTTP Error 400: Bad Request. Retrying (2/3)...
WARNING: [youtube] YouTube said: ERROR - Precondition check failed.
WARNING: [youtube] HTTP Error 400: Bad Request. Retrying (3/3)...
WARNING: [youtube] YouTube said: ERROR - Precondition check failed.
WARNING: [youtube] Unable to download API page: HTTP Error 400: Bad Request (caused by <HTTPError 400: Bad Request>)
WARNING: [youtube] [jsc] Remote components challenge solver script (deno) and NPM package (deno) were skipped. These may be required to solve JS challenges. You can enable these downloads with  --remote-components ejs:github  (recommended) or  --remote-components ejs:npm , respectively. For more information and alternatives, refer to  https://github.com/yt-dlp/yt-dlp/wiki/EJS
WARNING: [youtube] LHr4L4GwAOs: n challenge solving failed: Some formats may be missing. Ensure you have a supported JavaScript runtime and challenge solver script distribution installed. Review any warnings presented before this message. For more details, refer to  https://github.com/yt-dlp/yt-dlp/wiki/EJS
WARNING: [youtube] YouTube said: ERROR - Precondition check failed.
WARNING: [youtube] HTTP Error 400: Bad Request. Retrying (1/3)...
WARNING: [youtube] YouTube said: ERROR - Precondition check failed.
WARNING: [youtube] HTTP Error 400: Bad Request. Retrying (2/3)...
WARNING: [youtube] YouTube said: ERROR - Precondition check failed.
WARNING: [youtube] HTTP Error 400: Bad Request. Retrying (3/3)...
WARNING: [youtube] YouTube said: ERROR - Precondition check failed.
WARNING: [youtube] Unable to download API page: HTTP Error 400: Bad Request (caused by <HTTPError 400: Bad Request>)
WARNING: [youtube] [jsc] Remote components challenge solver script (deno) and NPM package (deno) were skipped. These may be required to solve JS challenges. You can enable these downloads with  --remote-components ejs:github  (recommended) or  --remote-components ejs:npm , respectively. For more information and alternatives, refer to  https://github.com/yt-dlp/yt-dlp/wiki/EJS
WARNING: [youtube] uKS81TqxjTU: n challenge solving failed: Some formats may be missing. Ensure you have a supported JavaScript runtime and challenge solver script distribution installed. Review any warnings presented before this message. For more details, refer to  https://github.com/yt-dlp/yt-dlp/wiki/EJS
WARNING: [youtube] YouTube said: ERROR - Precondition check failed.
WARNING: [youtube] HTTP Error 400: Bad Request. Retrying (1/3)...
WARNING: [youtube] YouTube said: ERROR - Precondition check failed.
WARNING: [youtube] HTTP Error 400: Bad Request. Retrying (2/3)...
WARNING: [youtube] YouTube said: ERROR - Precondition check failed.
WARNING: [youtube] HTTP Error 400: Bad Request. Retrying (3/3)...
WARNING: [youtube] YouTube said: ERROR - Precondition check failed.
WARNING: [youtube] Unable to download API page: HTTP Error 400: Bad Request (caused by <HTTPError 400: Bad Request>)
WARNING: [youtube] emnHfrI3vsU: Some android_vr client https formats have been skipped as they are missing a URL. YouTube may have enabled the SABR-only streaming experiment for the current session. See  https://github.com/yt-dlp/yt-dlp/issues/12482  for more details
WARNING: [youtube] [jsc] Remote components challenge solver script (deno) and NPM package (deno) were skipped. These may be required to solve JS challenges. You can enable these downloads with  --remote-components ejs:github  (recommended) or  --remote-components ejs:npm , respectively. For more information and alternatives, refer to  https://github.com/yt-dlp/yt-dlp/wiki/EJS
WARNING: [youtube] emnHfrI3vsU: n challenge solving failed: Some formats may be missing. Ensure you have a supported JavaScript runtime and challenge solver script distribution installed. Review any warnings presented before this message. For more details, refer to  https://github.com/yt-dlp/yt-dlp/wiki/EJS
WARNING: [youtube] YouTube said: ERROR - Precondition check failed.
WARNING: [youtube] HTTP Error 400: Bad Request. Retrying (1/3)...
WARNING: [youtube] YouTube said: ERROR - Precondition check failed.
WARNING: [youtube] HTTP Error 400: Bad Request. Retrying (2/3)...
WARNING: [youtube] YouTube said: ERROR - Precondition check failed.
WARNING: [youtube] HTTP Error 400: Bad Request. Retrying (3/3)...
WARNING: [youtube] YouTube said: ERROR - Precondition check failed.
WARNING: [youtube] Unable to download API page: HTTP Error 400: Bad Request (caused by <HTTPError 400: Bad Request>)
WARNING: [youtube] 76Zi1adKI30: Some android_vr client https formats have been skipped as they are missing a URL. YouTube may have enabled the SABR-only streaming experiment for the current session. See  https://github.com/yt-dlp/yt-dlp/issues/12482  for more details
WARNING: [youtube] [jsc] Remote components challenge solver script (deno) and NPM package (deno) were skipped. These may be required to solve JS challenges. You can enable these downloads with  --remote-components ejs:github  (recommended) or  --remote-components ejs:npm , respectively. For more information and alternatives, refer to  https://github.com/yt-dlp/yt-dlp/wiki/EJS
WARNING: [youtube] 76Zi1adKI30: n challenge solving failed: Some formats may be missing. Ensure you have a supported JavaScript runtime and challenge solver script distribution installed. Review any warnings presented before this message. For more details, refer to  https://github.com/yt-dlp/yt-dlp/wiki/EJS
WARNING: [youtube] YouTube said: ERROR - Precondition check failed.
WARNING: [youtube] HTTP Error 400: Bad Request. Retrying (1/3)...
WARNING: [youtube] YouTube said: ERROR - Precondition check failed.
WARNING: [youtube] HTTP Error 400: Bad Request. Retrying (2/3)...
WARNING: [youtube] YouTube said: ERROR - Precondition check failed.
WARNING: [youtube] HTTP Error 400: Bad Request. Retrying (3/3)...
WARNING: [youtube] YouTube said: ERROR - Precondition check failed.
WARNING: [youtube] Unable to download API page: HTTP Error 400: Bad Request (caused by <HTTPError 400: Bad Request>)
WARNING: [youtube] FN5Rc7h3Q_4: Some android_vr client https formats have been skipped as they are missing a URL. YouTube may have enabled the SABR-only streaming experiment for the current session. See  https://github.com/yt-dlp/yt-dlp/issues/12482  for more details
WARNING: [youtube] [jsc] Remote components challenge solver script (deno) and NPM package (deno) were skipped. These may be required to solve JS challenges. You can enable these downloads with  --remote-components ejs:github  (recommended) or  --remote-components ejs:npm , respectively. For more information and alternatives, refer to  https://github.com/yt-dlp/yt-dlp/wiki/EJS
WARNING: [youtube] FN5Rc7h3Q_4: n challenge solving failed: Some formats may be missing. Ensure you have a supported JavaScript runtime and challenge solver script distribution installed. Review any warnings presented before this message. For more details, refer to  https://github.com/yt-dlp/yt-dlp/wiki/EJS
WARNING: [youtube] YouTube said: ERROR - Precondition check failed.
WARNING: [youtube] HTTP Error 400: Bad Request. Retrying (1/3)...
WARNING: [youtube] YouTube said: ERROR - Precondition check failed.
WARNING: [youtube] HTTP Error 400: Bad Request. Retrying (2/3)...
WARNING: [youtube] YouTube said: ERROR - Precondition check failed.
WARNING: [youtube] HTTP Error 400: Bad Request. Retrying (3/3)...
WARNING: [youtube] YouTube said: ERROR - Precondition check failed.
WARNING: [youtube] Unable to download API page: HTTP Error 400: Bad Request (caused by <HTTPError 400: Bad Request>)
WARNING: [youtube] [jsc] Remote components challenge solver script (deno) and NPM package (deno) were skipped. These may be required to solve JS challenges. You can enable these downloads with  --remote-components ejs:github  (recommended) or  --remote-components ejs:npm , respectively. For more information and alternatives, refer to  https://github.com/yt-dlp/yt-dlp/wiki/EJS
WARNING: [youtube] vG0fNCymzn4: n challenge solving failed: Some formats may be missing. Ensure you have a supported JavaScript runtime and challenge solver script distribution installed. Review any warnings presented before this message. For more details, refer to  https://github.com/yt-dlp/yt-dlp/wiki/EJS
WARNING: [youtube] YouTube said: ERROR - Precondition check failed.
WARNING: [youtube] HTTP Error 400: Bad Request. Retrying (1/3)...
WARNING: [youtube] YouTube said: ERROR - Precondition check failed.
WARNING: [youtube] HTTP Error 400: Bad Request. Retrying (2/3)...
WARNING: [youtube] YouTube said: ERROR - Precondition check failed.
WARNING: [youtube] HTTP Error 400: Bad Request. Retrying (3/3)...
WARNING: [youtube] YouTube said: ERROR - Precondition check failed.
WARNING: [youtube] Unable to download API page: HTTP Error 400: Bad Request (caused by <HTTPError 400: Bad Request>)
WARNING: [youtube] [jsc] Remote components challenge solver script (deno) and NPM package (deno) were skipped. These may be required to solve JS challenges. You can enable these downloads with  --remote-components ejs:github  (recommended) or  --remote-components ejs:npm , respectively. For more information and alternatives, refer to  https://github.com/yt-dlp/yt-dlp/wiki/EJS
WARNING: [youtube] eez5l27i3ww: n challenge solving failed: Some formats may be missing. Ensure you have a supported JavaScript runtime and challenge solver script distribution installed. Review any warnings presented before this message. For more details, refer to  https://github.com/yt-dlp/yt-dlp/wiki/EJS
WARNING: [youtube] YouTube said: ERROR - Precondition check failed.
WARNING: [youtube] HTTP Error 400: Bad Request. Retrying (1/3)...
WARNING: [youtube] YouTube said: ERROR - Precondition check failed.
WARNING: [youtube] HTTP Error 400: Bad Request. Retrying (2/3)...
WARNING: [youtube] YouTube said: ERROR - Precondition check failed.
WARNING: [youtube] HTTP Error 400: Bad Request. Retrying (3/3)...
WARNING: [youtube] YouTube said: ERROR - Precondition check failed.
WARNING: [youtube] Unable to download API page: HTTP Error 400: Bad Request (caused by <HTTPError 400: Bad Request>)
WARNING: [youtube] [jsc] Remote components challenge solver script (deno) and NPM package (deno) were skipped. These may be required to solve JS challenges. You can enable these downloads with  --remote-components ejs:github  (recommended) or  --remote-components ejs:npm , respectively. For more information and alternatives, refer to  https://github.com/yt-dlp/yt-dlp/wiki/EJS
WARNING: [youtube] mFJLOD--GdI: n challenge solving failed: Some formats may be missing. Ensure you have a supported JavaScript runtime and challenge solver script distribution installed. Review any warnings presented before this message. For more details, refer to  https://github.com/yt-dlp/yt-dlp/wiki/EJS
WARNING: [youtube] YouTube said: ERROR - Precondition check failed.
WARNING: [youtube] HTTP Error 400: Bad Request. Retrying (1/3)...
WARNING: [youtube] YouTube said: ERROR - Precondition check failed.
WARNING: [youtube] HTTP Error 400: Bad Request. Retrying (2/3)...
WARNING: [youtube] YouTube said: ERROR - Precondition check failed.
WARNING: [youtube] HTTP Error 400: Bad Request. Retrying (3/3)...
WARNING: [youtube] YouTube said: ERROR - Precondition check failed.
WARNING: [youtube] Unable to download API page: HTTP Error 400: Bad Request (caused by <HTTPError 400: Bad Request>)
WARNING: [youtube] [jsc] Remote components challenge solver script (deno) and NPM package (deno) were skipped. These may be required to solve JS challenges. You can enable these downloads with  --remote-components ejs:github  (recommended) or  --remote-components ejs:npm , respectively. For more information and alternatives, refer to  https://github.com/yt-dlp/yt-dlp/wiki/EJS
WARNING: [youtube] PKUtlR5srjU: n challenge solving failed: Some formats may be missing. Ensure you have a supported JavaScript runtime and challenge solver script distribution installed. Review any warnings presented before this message. For more details, refer to  https://github.com/yt-dlp/yt-dlp/wiki/EJS
WARNING: [youtube] YouTube said: ERROR - Precondition check failed.
WARNING: [youtube] HTTP Error 400: Bad Request. Retrying (1/3)...
WARNING: [youtube] YouTube said: ERROR - Precondition check failed.
WARNING: [youtube] HTTP Error 400: Bad Request. Retrying (2/3)...
WARNING: [youtube] YouTube said: ERROR - Precondition check failed.
WARNING: [youtube] HTTP Error 400: Bad Request. Retrying (3/3)...
WARNING: [youtube] YouTube said: ERROR - Precondition check failed.
WARNING: [youtube] Unable to download API page: HTTP Error 400: Bad Request (caused by <HTTPError 400: Bad Request>)
WARNING: [youtube] [jsc] Remote components challenge solver script (deno) and NPM package (deno) were skipped. These may be required to solve JS challenges. You can enable these downloads with  --remote-components ejs:github  (recommended) or  --remote-components ejs:npm , respectively. For more information and alternatives, refer to  https://github.com/yt-dlp/yt-dlp/wiki/EJS
WARNING: [youtube] 2DEEFL8JxbQ: n challenge solving failed: Some formats may be missing. Ensure you have a supported JavaScript runtime and challenge solver script distribution installed. Review any warnings presented before this message. For more details, refer to  https://github.com/yt-dlp/yt-dlp/wiki/EJS
WARNING: [youtube] YouTube said: ERROR - Precondition check failed.
WARNING: [youtube] HTTP Error 400: Bad Request. Retrying (1/3)...
WARNING: [youtube] YouTube said: ERROR - Precondition check failed.
WARNING: [youtube] HTTP Error 400: Bad Request. Retrying (2/3)...
WARNING: [youtube] YouTube said: ERROR - Precondition check failed.
WARNING: [youtube] HTTP Error 400: Bad Request. Retrying (3/3)...
WARNING: [youtube] YouTube said: ERROR - Precondition check failed.
WARNING: [youtube] Unable to download API page: HTTP Error 400: Bad Request (caused by <HTTPError 400: Bad Request>)
WARNING: [youtube] [jsc] Remote components challenge solver script (deno) and NPM package (deno) were skipped. These may be required to solve JS challenges. You can enable these downloads with  --remote-components ejs:github  (recommended) or  --remote-components ejs:npm , respectively. For more information and alternatives, refer to  https://github.com/yt-dlp/yt-dlp/wiki/EJS
WARNING: [youtube] FgQCirC7zKg: n challenge solving failed: Some formats may be missing. Ensure you have a supported JavaScript runtime and challenge solver script distribution installed. Review any warnings presented before this message. For more details, refer to  https://github.com/yt-dlp/yt-dlp/wiki/EJS
WARNING: [youtube] YouTube said: ERROR - Precondition check failed.
WARNING: [youtube] HTTP Error 400: Bad Request. Retrying (1/3)...
WARNING: [youtube] YouTube said: ERROR - Precondition check failed.
WARNING: [youtube] HTTP Error 400: Bad Request. Retrying (2/3)...
WARNING: [youtube] YouTube said: ERROR - Precondition check failed.
WARNING: [youtube] HTTP Error 400: Bad Request. Retrying (3/3)...
WARNING: [youtube] YouTube said: ERROR - Precondition check failed.
WARNING: [youtube] Unable to download API page: HTTP Error 400: Bad Request (caused by <HTTPError 400: Bad Request>)
WARNING: [youtube] [jsc] Remote components challenge solver script (deno) and NPM package (deno) were skipped. These may be required to solve JS challenges. You can enable these downloads with  --remote-components ejs:github  (recommended) or  --remote-components ejs:npm , respectively. For more information and alternatives, refer to  https://github.com/yt-dlp/yt-dlp/wiki/EJS
WARNING: [youtube] r6tQqlEnFE8: n challenge solving failed: Some formats may be missing. Ensure you have a supported JavaScript runtime and challenge solver script distribution installed. Review any warnings presented before this message. For more details, refer to  https://github.com/yt-dlp/yt-dlp/wiki/EJS
[泛科學] 完成 (共 6 個字幕)

[泛科學院] 抓取中...
WARNING: [youtube] YouTube said: ERROR - Precondition check failed.
WARNING: [youtube] HTTP Error 400: Bad Request. Retrying (1/3)...
WARNING: [youtube] YouTube said: ERROR - Precondition check failed.
WARNING: [youtube] HTTP Error 400: Bad Request. Retrying (2/3)...
WARNING: [youtube] YouTube said: ERROR - Precondition check failed.
WARNING: [youtube] HTTP Error 400: Bad Request. Retrying (3/3)...
WARNING: [youtube] YouTube said: ERROR - Precondition check failed.
WARNING: [youtube] Unable to download API page: HTTP Error 400: Bad Request (caused by <HTTPError 400: Bad Request>)
WARNING: [youtube] [jsc] Remote components challenge solver script (deno) and NPM package (deno) were skipped. These may be required to solve JS challenges. You can enable these downloads with  --remote-components ejs:github  (recommended) or  --remote-components ejs:npm , respectively. For more information and alternatives, refer to  https://github.com/yt-dlp/yt-dlp/wiki/EJS
WARNING: [youtube] Q0Z-qLZK89w: n challenge solving failed: Some formats may be missing. Ensure you have a supported JavaScript runtime and challenge solver script distribution installed. Review any warnings presented before this message. For more details, refer to  https://github.com/yt-dlp/yt-dlp/wiki/EJS
WARNING: [youtube] YouTube said: ERROR - Precondition check failed.
WARNING: [youtube] HTTP Error 400: Bad Request. Retrying (1/3)...
WARNING: [youtube] YouTube said: ERROR - Precondition check failed.
WARNING: [youtube] HTTP Error 400: Bad Request. Retrying (2/3)...
WARNING: [youtube] YouTube said: ERROR - Precondition check failed.
WARNING: [youtube] HTTP Error 400: Bad Request. Retrying (3/3)...
WARNING: [youtube] YouTube said: ERROR - Precondition check failed.
WARNING: [youtube] Unable to download API page: HTTP Error 400: Bad Request (caused by <HTTPError 400: Bad Request>)
WARNING: [youtube] svDbThRvByk: Some android_vr client https formats have been skipped as they are missing a URL. YouTube may have enabled the SABR-only streaming experiment for the current session. See  https://github.com/yt-dlp/yt-dlp/issues/12482  for more details
WARNING: [youtube] [jsc] Remote components challenge solver script (deno) and NPM package (deno) were skipped. These may be required to solve JS challenges. You can enable these downloads with  --remote-components ejs:github  (recommended) or  --remote-components ejs:npm , respectively. For more information and alternatives, refer to  https://github.com/yt-dlp/yt-dlp/wiki/EJS
WARNING: [youtube] svDbThRvByk: n challenge solving failed: Some formats may be missing. Ensure you have a supported JavaScript runtime and challenge solver script distribution installed. Review any warnings presented before this message. For more details, refer to  https://github.com/yt-dlp/yt-dlp/wiki/EJS
WARNING: [youtube] YouTube said: ERROR - Precondition check failed.
WARNING: [youtube] HTTP Error 400: Bad Request. Retrying (1/3)...
WARNING: [youtube] YouTube said: ERROR - Precondition check failed.
WARNING: [youtube] HTTP Error 400: Bad Request. Retrying (2/3)...
WARNING: [youtube] YouTube said: ERROR - Precondition check failed.
WARNING: [youtube] HTTP Error 400: Bad Request. Retrying (3/3)...
WARNING: [youtube] YouTube said: ERROR - Precondition check failed.
WARNING: [youtube] Unable to download API page: HTTP Error 400: Bad Request (caused by <HTTPError 400: Bad Request>)
ERROR: [youtube] 9hHGIbdTgrQ: Join this channel to get access to members-only content like this video, and other exclusive perks.
WARNING: [youtube] YouTube said: ERROR - Precondition check failed.
WARNING: [youtube] HTTP Error 400: Bad Request. Retrying (1/3)...
WARNING: [youtube] YouTube said: ERROR - Precondition check failed.
WARNING: [youtube] HTTP Error 400: Bad Request. Retrying (2/3)...
WARNING: [youtube] YouTube said: ERROR - Precondition check failed.
WARNING: [youtube] HTTP Error 400: Bad Request. Retrying (3/3)...
WARNING: [youtube] YouTube said: ERROR - Precondition check failed.
WARNING: [youtube] Unable to download API page: HTTP Error 400: Bad Request (caused by <HTTPError 400: Bad Request>)
WARNING: [youtube] [jsc] Remote components challenge solver script (deno) and NPM package (deno) were skipped. These may be required to solve JS challenges. You can enable these downloads with  --remote-components ejs:github  (recommended) or  --remote-components ejs:npm , respectively. For more information and alternatives, refer to  https://github.com/yt-dlp/yt-dlp/wiki/EJS
WARNING: [youtube] W23qyBnymLE: n challenge solving failed: Some formats may be missing. Ensure you have a supported JavaScript runtime and challenge solver script distribution installed. Review any warnings presented before this message. For more details, refer to  https://github.com/yt-dlp/yt-dlp/wiki/EJS
WARNING: [youtube] YouTube said: ERROR - Precondition check failed.
WARNING: [youtube] HTTP Error 400: Bad Request. Retrying (1/3)...
WARNING: [youtube] YouTube said: ERROR - Precondition check failed.
WARNING: [youtube] HTTP Error 400: Bad Request. Retrying (2/3)...
WARNING: [youtube] YouTube said: ERROR - Precondition check failed.
WARNING: [youtube] HTTP Error 400: Bad Request. Retrying (3/3)...
WARNING: [youtube] YouTube said: ERROR - Precondition check failed.
WARNING: [youtube] Unable to download API page: HTTP Error 400: Bad Request (caused by <HTTPError 400: Bad Request>)
ERROR: [youtube] 4qImJiAF6vk: Join this channel to get access to members-only content like this video, and other exclusive perks.
WARNING: [youtube] YouTube said: ERROR - Precondition check failed.
WARNING: [youtube] HTTP Error 400: Bad Request. Retrying (1/3)...
WARNING: [youtube] YouTube said: ERROR - Precondition check failed.
WARNING: [youtube] HTTP Error 400: Bad Request. Retrying (2/3)...
WARNING: [youtube] YouTube said: ERROR - Precondition check failed.
WARNING: [youtube] HTTP Error 400: Bad Request. Retrying (3/3)...
WARNING: [youtube] YouTube said: ERROR - Precondition check failed.
WARNING: [youtube] Unable to download API page: HTTP Error 400: Bad Request (caused by <HTTPError 400: Bad Request>)
WARNING: [youtube] SeDBVRJ_opk: Some android_vr client https formats have been skipped as they are missing a URL. YouTube may have enabled the SABR-only streaming experiment for the current session. See  https://github.com/yt-dlp/yt-dlp/issues/12482  for more details
WARNING: [youtube] [jsc] Remote components challenge solver script (deno) and NPM package (deno) were skipped. These may be required to solve JS challenges. You can enable these downloads with  --remote-components ejs:github  (recommended) or  --remote-components ejs:npm , respectively. For more information and alternatives, refer to  https://github.com/yt-dlp/yt-dlp/wiki/EJS
WARNING: [youtube] SeDBVRJ_opk: n challenge solving failed: Some formats may be missing. Ensure you have a supported JavaScript runtime and challenge solver script distribution installed. Review any warnings presented before this message. For more details, refer to  https://github.com/yt-dlp/yt-dlp/wiki/EJS
WARNING: [youtube] YouTube said: ERROR - Precondition check failed.
WARNING: [youtube] HTTP Error 400: Bad Request. Retrying (1/3)...
WARNING: [youtube] YouTube said: ERROR - Precondition check failed.
WARNING: [youtube] HTTP Error 400: Bad Request. Retrying (2/3)...
WARNING: [youtube] YouTube said: ERROR - Precondition check failed.
WARNING: [youtube] HTTP Error 400: Bad Request. Retrying (3/3)...
WARNING: [youtube] YouTube said: ERROR - Precondition check failed.
WARNING: [youtube] Unable to download API page: HTTP Error 400: Bad Request (caused by <HTTPError 400: Bad Request>)
ERROR: [youtube] b_Z_gz8XdyM: Join this channel to get access to members-only content like this video, and other exclusive perks.
WARNING: [youtube] YouTube said: ERROR - Precondition check failed.
WARNING: [youtube] HTTP Error 400: Bad Request. Retrying (1/3)...
WARNING: [youtube] YouTube said: ERROR - Precondition check failed.
WARNING: [youtube] HTTP Error 400: Bad Request. Retrying (2/3)...
WARNING: [youtube] YouTube said: ERROR - Precondition check failed.
WARNING: [youtube] HTTP Error 400: Bad Request. Retrying (3/3)...
WARNING: [youtube] YouTube said: ERROR - Precondition check failed.
WARNING: [youtube] Unable to download API page: HTTP Error 400: Bad Request (caused by <HTTPError 400: Bad Request>)
WARNING: [youtube] [jsc] Remote components challenge solver script (deno) and NPM package (deno) were skipped. These may be required to solve JS challenges. You can enable these downloads with  --remote-components ejs:github  (recommended) or  --remote-components ejs:npm , respectively. For more information and alternatives, refer to  https://github.com/yt-dlp/yt-dlp/wiki/EJS
WARNING: [youtube] _41c78Z_COk: n challenge solving failed: Some formats may be missing. Ensure you have a supported JavaScript runtime and challenge solver script distribution installed. Review any warnings presented before this message. For more details, refer to  https://github.com/yt-dlp/yt-dlp/wiki/EJS
WARNING: [youtube] YouTube said: ERROR - Precondition check failed.
WARNING: [youtube] HTTP Error 400: Bad Request. Retrying (1/3)...
WARNING: [youtube] YouTube said: ERROR - Precondition check failed.
WARNING: [youtube] HTTP Error 400: Bad Request. Retrying (2/3)...
WARNING: [youtube] YouTube said: ERROR - Precondition check failed.
WARNING: [youtube] HTTP Error 400: Bad Request. Retrying (3/3)...
WARNING: [youtube] YouTube said: ERROR - Precondition check failed.
WARNING: [youtube] Unable to download API page: HTTP Error 400: Bad Request (caused by <HTTPError 400: Bad Request>)
WARNING: [youtube] [jsc] Remote components challenge solver script (deno) and NPM package (deno) were skipped. These may be required to solve JS challenges. You can enable these downloads with  --remote-components ejs:github  (recommended) or  --remote-components ejs:npm , respectively. For more information and alternatives, refer to  https://github.com/yt-dlp/yt-dlp/wiki/EJS
WARNING: [youtube] tVdJojeRQN8: n challenge solving failed: Some formats may be missing. Ensure you have a supported JavaScript runtime and challenge solver script distribution installed. Review any warnings presented before this message. For more details, refer to  https://github.com/yt-dlp/yt-dlp/wiki/EJS
WARNING: [youtube] YouTube said: ERROR - Precondition check failed.
WARNING: [youtube] HTTP Error 400: Bad Request. Retrying (1/3)...
WARNING: [youtube] YouTube said: ERROR - Precondition check failed.
WARNING: [youtube] HTTP Error 400: Bad Request. Retrying (2/3)...
WARNING: [youtube] YouTube said: ERROR - Precondition check failed.
WARNING: [youtube] HTTP Error 400: Bad Request. Retrying (3/3)...
WARNING: [youtube] YouTube said: ERROR - Precondition check failed.
WARNING: [youtube] Unable to download API page: HTTP Error 400: Bad Request (caused by <HTTPError 400: Bad Request>)
WARNING: [youtube] [jsc] Remote components challenge solver script (deno) and NPM package (deno) were skipped. These may be required to solve JS challenges. You can enable these downloads with  --remote-components ejs:github  (recommended) or  --remote-components ejs:npm , respectively. For more information and alternatives, refer to  https://github.com/yt-dlp/yt-dlp/wiki/EJS
WARNING: [youtube] RLuE_31cSgM: n challenge solving failed: Some formats may be missing. Ensure you have a supported JavaScript runtime and challenge solver script distribution installed. Review any warnings presented before this message. For more details, refer to  https://github.com/yt-dlp/yt-dlp/wiki/EJS
WARNING: [youtube] YouTube said: ERROR - Precondition check failed.
WARNING: [youtube] HTTP Error 400: Bad Request. Retrying (1/3)...
WARNING: [youtube] YouTube said: ERROR - Precondition check failed.
WARNING: [youtube] HTTP Error 400: Bad Request. Retrying (2/3)...
WARNING: [youtube] YouTube said: ERROR - Precondition check failed.
WARNING: [youtube] HTTP Error 400: Bad Request. Retrying (3/3)...
WARNING: [youtube] YouTube said: ERROR - Precondition check failed.
WARNING: [youtube] Unable to download API page: HTTP Error 400: Bad Request (caused by <HTTPError 400: Bad Request>)
ERROR: [youtube] QG6P5dXAoEI: Join this channel to get access to members-only content like this video, and other exclusive perks.
[泛科學院] 完成 (共 0 個字幕)

============================================================
爬蟲完成 2026-03-13 02:07:07
============================================================
