============================================================
YouTube 專家知識庫爬蟲 2026-03-11 10:50:37
============================================================

[阿銘師x針還傳] 抓取中...
WARNING: [youtube] YouTube said: ERROR - Precondition check failed.
WARNING: [youtube] HTTP Error 400: Bad Request. Retrying (1/3)...
WARNING: [youtube] YouTube said: ERROR - Precondition check failed.
WARNING: [youtube] HTTP Error 400: Bad Request. Retrying (2/3)...
WARNING: [youtube] YouTube said: ERROR - Precondition check failed.
WARNING: [youtube] HTTP Error 400: Bad Request. Retrying (3/3)...
WARNING: [youtube] YouTube said: ERROR - Precondition check failed.
WARNING: [youtube] Unable to download API page: HTTP Error 400: Bad Request (caused by <HTTPError 400: Bad Request>)
WARNING: [youtube] I5bwVUmF974: Some android_vr client https formats have been skipped as they are missing a URL. YouTube may have enabled the SABR-only streaming experiment for the current session. See  https://github.com/yt-dlp/yt-dlp/issues/12482  for more details
WARNING: [youtube] [jsc] Remote components challenge solver script (deno) and NPM package (deno) were skipped. These may be required to solve JS challenges. You can enable these downloads with  --remote-components ejs:github  (recommended) or  --remote-components ejs:npm , respectively. For more information and alternatives, refer to  https://github.com/yt-dlp/yt-dlp/wiki/EJS
WARNING: [youtube] I5bwVUmF974: n challenge solving failed: Some formats may be missing. Ensure you have a supported JavaScript runtime and challenge solver script distribution installed. Review any warnings presented before this message. For more details, refer to  https://github.com/yt-dlp/yt-dlp/wiki/EJS
WARNING: [youtube] YouTube said: ERROR - Precondition check failed.
WARNING: [youtube] HTTP Error 400: Bad Request. Retrying (1/3)...
WARNING: [youtube] YouTube said: ERROR - Precondition check failed.
WARNING: [youtube] HTTP Error 400: Bad Request. Retrying (2/3)...
WARNING: [youtube] YouTube said: ERROR - Precondition check failed.
WARNING: [youtube] HTTP Error 400: Bad Request. Retrying (3/3)...
WARNING: [youtube] YouTube said: ERROR - Precondition check failed.
WARNING: [youtube] Unable to download API page: HTTP Error 400: Bad Request (caused by <HTTPError 400: Bad Request>)
WARNING: [youtube] [jsc] Remote components challenge solver script (deno) and NPM package (deno) were skipped. These may be required to solve JS challenges. You can enable these downloads with  --remote-components ejs:github  (recommended) or  --remote-components ejs:npm , respectively. For more information and alternatives, refer to  https://github.com/yt-dlp/yt-dlp/wiki/EJS
WARNING: [youtube] FqXdZpn2fbM: n challenge solving failed: Some formats may be missing. Ensure you have a supported JavaScript runtime and challenge solver script distribution installed. Review any warnings presented before this message. For more details, refer to  https://github.com/yt-dlp/yt-dlp/wiki/EJS
WARNING: [youtube] YouTube said: ERROR - Precondition check failed.
WARNING: [youtube] HTTP Error 400: Bad Request. Retrying (1/3)...
WARNING: [youtube] YouTube said: ERROR - Precondition check failed.
WARNING: [youtube] HTTP Error 400: Bad Request. Retrying (2/3)...
WARNING: [youtube] YouTube said: ERROR - Precondition check failed.
WARNING: [youtube] HTTP Error 400: Bad Request. Retrying (3/3)...
WARNING: [youtube] YouTube said: ERROR - Precondition check failed.
WARNING: [youtube] Unable to download API page: HTTP Error 400: Bad Request (caused by <HTTPError 400: Bad Request>)
WARNING: [youtube] [jsc] Remote components challenge solver script (deno) and NPM package (deno) were skipped. These may be required to solve JS challenges. You can enable these downloads with  --remote-components ejs:github  (recommended) or  --remote-components ejs:npm , respectively. For more information and alternatives, refer to  https://github.com/yt-dlp/yt-dlp/wiki/EJS
WARNING: [youtube] EsG7n04uNaw: n challenge solving failed: Some formats may be missing. Ensure you have a supported JavaScript runtime and challenge solver script distribution installed. Review any warnings presented before this message. For more details, refer to  https://github.com/yt-dlp/yt-dlp/wiki/EJS
WARNING: [youtube] YouTube said: ERROR - Precondition check failed.
WARNING: [youtube] HTTP Error 400: Bad Request. Retrying (1/3)...
WARNING: [youtube] YouTube said: ERROR - Precondition check failed.
WARNING: [youtube] HTTP Error 400: Bad Request. Retrying (2/3)...
WARNING: [youtube] YouTube said: ERROR - Precondition check failed.
WARNING: [youtube] HTTP Error 400: Bad Request. Retrying (3/3)...
WARNING: [youtube] YouTube said: ERROR - Precondition check failed.
WARNING: [youtube] Unable to download API page: HTTP Error 400: Bad Request (caused by <HTTPError 400: Bad Request>)
WARNING: [youtube] [jsc] Remote components challenge solver script (deno) and NPM package (deno) were skipped. These may be required to solve JS challenges. You can enable these downloads with  --remote-components ejs:github  (recommended) or  --remote-components ejs:npm , respectively. For more information and alternatives, refer to  https://github.com/yt-dlp/yt-dlp/wiki/EJS
WARNING: [youtube] V3B2UOcmaFc: n challenge solving failed: Some formats may be missing. Ensure you have a supported JavaScript runtime and challenge solver script distribution installed. Review any warnings presented before this message. For more details, refer to  https://github.com/yt-dlp/yt-dlp/wiki/EJS
WARNING: [youtube] YouTube said: ERROR - Precondition check failed.
WARNING: [youtube] HTTP Error 400: Bad Request. Retrying (1/3)...
WARNING: [youtube] YouTube said: ERROR - Precondition check failed.
WARNING: [youtube] HTTP Error 400: Bad Request. Retrying (2/3)...
WARNING: [youtube] YouTube said: ERROR - Precondition check failed.
WARNING: [youtube] HTTP Error 400: Bad Request. Retrying (3/3)...
WARNING: [youtube] YouTube said: ERROR - Precondition check failed.
WARNING: [youtube] Unable to download API page: HTTP Error 400: Bad Request (caused by <HTTPError 400: Bad Request>)
WARNING: [youtube] [jsc] Remote components challenge solver script (deno) and NPM package (deno) were skipped. These may be required to solve JS challenges. You can enable these downloads with  --remote-components ejs:github  (recommended) or  --remote-components ejs:npm , respectively. For more information and alternatives, refer to  https://github.com/yt-dlp/yt-dlp/wiki/EJS
WARNING: [youtube] rFwmOcWHQUc: n challenge solving failed: Some formats may be missing. Ensure you have a supported JavaScript runtime and challenge solver script distribution installed. Review any warnings presented before this message. For more details, refer to  https://github.com/yt-dlp/yt-dlp/wiki/EJS
[阿銘師x針還傳] 完成

[胡乃文開示] 抓取中...
WARNING: [youtube] YouTube said: ERROR - Precondition check failed.
WARNING: [youtube] HTTP Error 400: Bad Request. Retrying (1/3)...
WARNING: [youtube] YouTube said: ERROR - Precondition check failed.
WARNING: [youtube] HTTP Error 400: Bad Request. Retrying (2/3)...
WARNING: [youtube] YouTube said: ERROR - Precondition check failed.
WARNING: [youtube] HTTP Error 400: Bad Request. Retrying (3/3)...
WARNING: [youtube] YouTube said: ERROR - Precondition check failed.
WARNING: [youtube] Unable to download API page: HTTP Error 400: Bad Request (caused by <HTTPError 400: Bad Request>)
ERROR: [youtube] fFDJcicBBPA: Join this channel to get access to members-only content like this video, and other exclusive perks.
WARNING: [youtube] YouTube said: ERROR - Precondition check failed.
WARNING: [youtube] HTTP Error 400: Bad Request. Retrying (1/3)...
WARNING: [youtube] YouTube said: ERROR - Precondition check failed.
WARNING: [youtube] HTTP Error 400: Bad Request. Retrying (2/3)...
WARNING: [youtube] YouTube said: ERROR - Precondition check failed.
WARNING: [youtube] HTTP Error 400: Bad Request. Retrying (3/3)...
WARNING: [youtube] YouTube said: ERROR - Precondition check failed.
WARNING: [youtube] Unable to download API page: HTTP Error 400: Bad Request (caused by <HTTPError 400: Bad Request>)
WARNING: [youtube] [jsc] Remote components challenge solver script (deno) and NPM package (deno) were skipped. These may be required to solve JS challenges. You can enable these downloads with  --remote-components ejs:github  (recommended) or  --remote-components ejs:npm , respectively. For more information and alternatives, refer to  https://github.com/yt-dlp/yt-dlp/wiki/EJS
WARNING: [youtube] pJIkdmDhXrI: n challenge solving failed: Some formats may be missing. Ensure you have a supported JavaScript runtime and challenge solver script distribution installed. Review any warnings presented before this message. For more details, refer to  https://github.com/yt-dlp/yt-dlp/wiki/EJS
WARNING: The extractor specified to use impersonation for this download, but no impersonate target is available. If you encounter errors, then see  https://github.com/yt-dlp/yt-dlp#impersonation  for information on installing the required dependencies
WARNING: The extractor specified to use impersonation for this download, but no impersonate target is available. If you encounter errors, then see  https://github.com/yt-dlp/yt-dlp#impersonation  for information on installing the required dependencies
WARNING: [youtube] YouTube said: ERROR - Precondition check failed.
WARNING: [youtube] HTTP Error 400: Bad Request. Retrying (1/3)...
WARNING: [youtube] YouTube said: ERROR - Precondition check failed.
WARNING: [youtube] HTTP Error 400: Bad Request. Retrying (2/3)...
WARNING: [youtube] YouTube said: ERROR - Precondition check failed.
WARNING: [youtube] HTTP Error 400: Bad Request. Retrying (3/3)...
WARNING: [youtube] YouTube said: ERROR - Precondition check failed.
WARNING: [youtube] Unable to download API page: HTTP Error 400: Bad Request (caused by <HTTPError 400: Bad Request>)
ERROR: [youtube] YiV3krI8Uo8: Join this channel to get access to members-only content like this video, and other exclusive perks.
WARNING: [youtube] YouTube said: ERROR - Precondition check failed.
WARNING: [youtube] HTTP Error 400: Bad Request. Retrying (1/3)...
WARNING: [youtube] YouTube said: ERROR - Precondition check failed.
WARNING: [youtube] HTTP Error 400: Bad Request. Retrying (2/3)...
WARNING: [youtube] YouTube said: ERROR - Precondition check failed.
WARNING: [youtube] HTTP Error 400: Bad Request. Retrying (3/3)...
WARNING: [youtube] YouTube said: ERROR - Precondition check failed.
WARNING: [youtube] Unable to download API page: HTTP Error 400: Bad Request (caused by <HTTPError 400: Bad Request>)
WARNING: [youtube] NCBVYnsCpCw: Some android_vr client https formats have been skipped as they are missing a URL. YouTube may have enabled the SABR-only streaming experiment for the current session. See  https://github.com/yt-dlp/yt-dlp/issues/12482  for more details
WARNING: [youtube] [jsc] Remote components challenge solver script (deno) and NPM package (deno) were skipped. These may be required to solve JS challenges. You can enable these downloads with  --remote-components ejs:github  (recommended) or  --remote-components ejs:npm , respectively. For more information and alternatives, refer to  https://github.com/yt-dlp/yt-dlp/wiki/EJS
WARNING: [youtube] NCBVYnsCpCw: n challenge solving failed: Some formats may be missing. Ensure you have a supported JavaScript runtime and challenge solver script distribution installed. Review any warnings presented before this message. For more details, refer to  https://github.com/yt-dlp/yt-dlp/wiki/EJS
WARNING: The extractor specified to use impersonation for this download, but no impersonate target is available. If you encounter errors, then see  https://github.com/yt-dlp/yt-dlp#impersonation  for information on installing the required dependencies
WARNING: The extractor specified to use impersonation for this download, but no impersonate target is available. If you encounter errors, then see  https://github.com/yt-dlp/yt-dlp#impersonation  for information on installing the required dependencies
WARNING: [youtube] YouTube said: ERROR - Precondition check failed.
WARNING: [youtube] HTTP Error 400: Bad Request. Retrying (1/3)...
WARNING: [youtube] YouTube said: ERROR - Precondition check failed.
WARNING: [youtube] HTTP Error 400: Bad Request. Retrying (2/3)...
WARNING: [youtube] YouTube said: ERROR - Precondition check failed.
WARNING: [youtube] HTTP Error 400: Bad Request. Retrying (3/3)...
WARNING: [youtube] YouTube said: ERROR - Precondition check failed.
WARNING: [youtube] Unable to download API page: HTTP Error 400: Bad Request (caused by <HTTPError 400: Bad Request>)
ERROR: [youtube] IueYJNnZSJU: Join this channel to get access to members-only content like this video, and other exclusive perks.
[胡乃文開示] 完成

[柏格醫生中文] 抓取中...
WARNING: [youtube] YouTube said: ERROR - Precondition check failed.
WARNING: [youtube] HTTP Error 400: Bad Request. Retrying (1/3)...
WARNING: [youtube] YouTube said: ERROR - Precondition check failed.
WARNING: [youtube] HTTP Error 400: Bad Request. Retrying (2/3)...
WARNING: [youtube] YouTube said: ERROR - Precondition check failed.
WARNING: [youtube] HTTP Error 400: Bad Request. Retrying (3/3)...
WARNING: [youtube] YouTube said: ERROR - Precondition check failed.
WARNING: [youtube] Unable to download API page: HTTP Error 400: Bad Request (caused by <HTTPError 400: Bad Request>)
WARNING: [youtube] [jsc] Remote components challenge solver script (deno) and NPM package (deno) were skipped. These may be required to solve JS challenges. You can enable these downloads with  --remote-components ejs:github  (recommended) or  --remote-components ejs:npm , respectively. For more information and alternatives, refer to  https://github.com/yt-dlp/yt-dlp/wiki/EJS
WARNING: [youtube] pmMseV_vSdE: n challenge solving failed: Some formats may be missing. Ensure you have a supported JavaScript runtime and challenge solver script distribution installed. Review any warnings presented before this message. For more details, refer to  https://github.com/yt-dlp/yt-dlp/wiki/EJS
WARNING: The extractor specified to use impersonation for this download, but no impersonate target is available. If you encounter errors, then see  https://github.com/yt-dlp/yt-dlp#impersonation  for information on installing the required dependencies
WARNING: [youtube] YouTube said: ERROR - Precondition check failed.
WARNING: [youtube] HTTP Error 400: Bad Request. Retrying (1/3)...
WARNING: [youtube] YouTube said: ERROR - Precondition check failed.
WARNING: [youtube] HTTP Error 400: Bad Request. Retrying (2/3)...
WARNING: [youtube] YouTube said: ERROR - Precondition check failed.
WARNING: [youtube] HTTP Error 400: Bad Request. Retrying (3/3)...
WARNING: [youtube] YouTube said: ERROR - Precondition check failed.
WARNING: [youtube] Unable to download API page: HTTP Error 400: Bad Request (caused by <HTTPError 400: Bad Request>)
WARNING: [youtube] eYeGlBF2Wjw: Some android_vr client https formats have been skipped as they are missing a URL. YouTube may have enabled the SABR-only streaming experiment for the current session. See  https://github.com/yt-dlp/yt-dlp/issues/12482  for more details
WARNING: [youtube] [jsc] Remote components challenge solver script (deno) and NPM package (deno) were skipped. These may be required to solve JS challenges. You can enable these downloads with  --remote-components ejs:github  (recommended) or  --remote-components ejs:npm , respectively. For more information and alternatives, refer to  https://github.com/yt-dlp/yt-dlp/wiki/EJS
WARNING: [youtube] eYeGlBF2Wjw: n challenge solving failed: Some formats may be missing. Ensure you have a supported JavaScript runtime and challenge solver script distribution installed. Review any warnings presented before this message. For more details, refer to  https://github.com/yt-dlp/yt-dlp/wiki/EJS
WARNING: The extractor specified to use impersonation for this download, but no impersonate target is available. If you encounter errors, then see  https://github.com/yt-dlp/yt-dlp#impersonation  for information on installing the required dependencies
WARNING: [youtube] YouTube said: ERROR - Precondition check failed.
WARNING: [youtube] HTTP Error 400: Bad Request. Retrying (1/3)...
WARNING: [youtube] YouTube said: ERROR - Precondition check failed.
WARNING: [youtube] HTTP Error 400: Bad Request. Retrying (2/3)...
WARNING: [youtube] YouTube said: ERROR - Precondition check failed.
WARNING: [youtube] HTTP Error 400: Bad Request. Retrying (3/3)...
WARNING: [youtube] YouTube said: ERROR - Precondition check failed.
WARNING: [youtube] Unable to download API page: HTTP Error 400: Bad Request (caused by <HTTPError 400: Bad Request>)
WARNING: [youtube] DxsVhmGtLh0: Some android_vr client https formats have been skipped as they are missing a URL. YouTube may have enabled the SABR-only streaming experiment for the current session. See  https://github.com/yt-dlp/yt-dlp/issues/12482  for more details
WARNING: [youtube] [jsc] Remote components challenge solver script (deno) and NPM package (deno) were skipped. These may be required to solve JS challenges. You can enable these downloads with  --remote-components ejs:github  (recommended) or  --remote-components ejs:npm , respectively. For more information and alternatives, refer to  https://github.com/yt-dlp/yt-dlp/wiki/EJS
WARNING: [youtube] DxsVhmGtLh0: n challenge solving failed: Some formats may be missing. Ensure you have a supported JavaScript runtime and challenge solver script distribution installed. Review any warnings presented before this message. For more details, refer to  https://github.com/yt-dlp/yt-dlp/wiki/EJS
WARNING: The extractor specified to use impersonation for this download, but no impersonate target is available. If you encounter errors, then see  https://github.com/yt-dlp/yt-dlp#impersonation  for information on installing the required dependencies
WARNING: [youtube] YouTube said: ERROR - Precondition check failed.
WARNING: [youtube] HTTP Error 400: Bad Request. Retrying (1/3)...
WARNING: [youtube] YouTube said: ERROR - Precondition check failed.
WARNING: [youtube] HTTP Error 400: Bad Request. Retrying (2/3)...
WARNING: [youtube] YouTube said: ERROR - Precondition check failed.
WARNING: [youtube] HTTP Error 400: Bad Request. Retrying (3/3)...
WARNING: [youtube] YouTube said: ERROR - Precondition check failed.
WARNING: [youtube] Unable to download API page: HTTP Error 400: Bad Request (caused by <HTTPError 400: Bad Request>)
WARNING: [youtube] [jsc] Remote components challenge solver script (deno) and NPM package (deno) were skipped. These may be required to solve JS challenges. You can enable these downloads with  --remote-components ejs:github  (recommended) or  --remote-components ejs:npm , respectively. For more information and alternatives, refer to  https://github.com/yt-dlp/yt-dlp/wiki/EJS
WARNING: [youtube] qF6PA3X6yzA: n challenge solving failed: Some formats may be missing. Ensure you have a supported JavaScript runtime and challenge solver script distribution installed. Review any warnings presented before this message. For more details, refer to  https://github.com/yt-dlp/yt-dlp/wiki/EJS
WARNING: The extractor specified to use impersonation for this download, but no impersonate target is available. If you encounter errors, then see  https://github.com/yt-dlp/yt-dlp#impersonation  for information on installing the required dependencies
WARNING: [youtube] YouTube said: ERROR - Precondition check failed.
WARNING: [youtube] HTTP Error 400: Bad Request. Retrying (1/3)...
WARNING: [youtube] YouTube said: ERROR - Precondition check failed.
WARNING: [youtube] HTTP Error 400: Bad Request. Retrying (2/3)...
WARNING: [youtube] YouTube said: ERROR - Precondition check failed.
WARNING: [youtube] HTTP Error 400: Bad Request. Retrying (3/3)...
WARNING: [youtube] YouTube said: ERROR - Precondition check failed.
WARNING: [youtube] Unable to download API page: HTTP Error 400: Bad Request (caused by <HTTPError 400: Bad Request>)
WARNING: [youtube] [jsc] Remote components challenge solver script (deno) and NPM package (deno) were skipped. These may be required to solve JS challenges. You can enable these downloads with  --remote-components ejs:github  (recommended) or  --remote-components ejs:npm , respectively. For more information and alternatives, refer to  https://github.com/yt-dlp/yt-dlp/wiki/EJS
WARNING: [youtube] QMj7KujCzgg: n challenge solving failed: Some formats may be missing. Ensure you have a supported JavaScript runtime and challenge solver script distribution installed. Review any warnings presented before this message. For more details, refer to  https://github.com/yt-dlp/yt-dlp/wiki/EJS
WARNING: The extractor specified to use impersonation for this download, but no impersonate target is available. If you encounter errors, then see  https://github.com/yt-dlp/yt-dlp#impersonation  for information on installing the required dependencies
[柏格醫生中文] 完成

[周慕姿放心說] 抓取中...
WARNING: [youtube] YouTube said: ERROR - Precondition check failed.
WARNING: [youtube] HTTP Error 400: Bad Request. Retrying (1/3)...
WARNING: [youtube] YouTube said: ERROR - Precondition check failed.
WARNING: [youtube] HTTP Error 400: Bad Request. Retrying (2/3)...
WARNING: [youtube] YouTube said: ERROR - Precondition check failed.
WARNING: [youtube] HTTP Error 400: Bad Request. Retrying (3/3)...
WARNING: [youtube] YouTube said: ERROR - Precondition check failed.
WARNING: [youtube] Unable to download API page: HTTP Error 400: Bad Request (caused by <HTTPError 400: Bad Request>)
WARNING: [youtube] [jsc] Remote components challenge solver script (deno) and NPM package (deno) were skipped. These may be required to solve JS challenges. You can enable these downloads with  --remote-components ejs:github  (recommended) or  --remote-components ejs:npm , respectively. For more information and alternatives, refer to  https://github.com/yt-dlp/yt-dlp/wiki/EJS
WARNING: [youtube] dopimy0ZR68: n challenge solving failed: Some formats may be missing. Ensure you have a supported JavaScript runtime and challenge solver script distribution installed. Review any warnings presented before this message. For more details, refer to  https://github.com/yt-dlp/yt-dlp/wiki/EJS
WARNING: The extractor specified to use impersonation for this download, but no impersonate target is available. If you encounter errors, then see  https://github.com/yt-dlp/yt-dlp#impersonation  for information on installing the required dependencies
WARNING: [youtube] YouTube said: ERROR - Precondition check failed.
WARNING: [youtube] HTTP Error 400: Bad Request. Retrying (1/3)...
WARNING: [youtube] YouTube said: ERROR - Precondition check failed.
WARNING: [youtube] HTTP Error 400: Bad Request. Retrying (2/3)...
WARNING: [youtube] YouTube said: ERROR - Precondition check failed.
WARNING: [youtube] HTTP Error 400: Bad Request. Retrying (3/3)...
WARNING: [youtube] YouTube said: ERROR - Precondition check failed.
WARNING: [youtube] Unable to download API page: HTTP Error 400: Bad Request (caused by <HTTPError 400: Bad Request>)
WARNING: [youtube] [jsc] Remote components challenge solver script (deno) and NPM package (deno) were skipped. These may be required to solve JS challenges. You can enable these downloads with  --remote-components ejs:github  (recommended) or  --remote-components ejs:npm , respectively. For more information and alternatives, refer to  https://github.com/yt-dlp/yt-dlp/wiki/EJS
WARNING: [youtube] tfYISuF-C7w: Signature solving failed: Some formats may be missing. Ensure you have a supported JavaScript runtime and challenge solver script distribution installed. Review any warnings presented before this message. For more details, refer to  https://github.com/yt-dlp/yt-dlp/wiki/EJS
WARNING: [youtube] tfYISuF-C7w: n challenge solving failed: Some formats may be missing. Ensure you have a supported JavaScript runtime and challenge solver script distribution installed. Review any warnings presented before this message. For more details, refer to  https://github.com/yt-dlp/yt-dlp/wiki/EJS
WARNING: The extractor specified to use impersonation for this download, but no impersonate target is available. If you encounter errors, then see  https://github.com/yt-dlp/yt-dlp#impersonation  for information on installing the required dependencies
WARNING: [youtube] YouTube said: ERROR - Precondition check failed.
WARNING: [youtube] HTTP Error 400: Bad Request. Retrying (1/3)...
WARNING: [youtube] YouTube said: ERROR - Precondition check failed.
WARNING: [youtube] HTTP Error 400: Bad Request. Retrying (2/3)...
WARNING: [youtube] YouTube said: ERROR - Precondition check failed.
WARNING: [youtube] HTTP Error 400: Bad Request. Retrying (3/3)...
WARNING: [youtube] YouTube said: ERROR - Precondition check failed.
WARNING: [youtube] Unable to download API page: HTTP Error 400: Bad Request (caused by <HTTPError 400: Bad Request>)
WARNING: [youtube] [jsc] Remote components challenge solver script (deno) and NPM package (deno) were skipped. These may be required to solve JS challenges. You can enable these downloads with  --remote-components ejs:github  (recommended) or  --remote-components ejs:npm , respectively. For more information and alternatives, refer to  https://github.com/yt-dlp/yt-dlp/wiki/EJS
WARNING: [youtube] AgunHVtO-yQ: Signature solving failed: Some formats may be missing. Ensure you have a supported JavaScript runtime and challenge solver script distribution installed. Review any warnings presented before this message. For more details, refer to  https://github.com/yt-dlp/yt-dlp/wiki/EJS
WARNING: [youtube] AgunHVtO-yQ: n challenge solving failed: Some formats may be missing. Ensure you have a supported JavaScript runtime and challenge solver script distribution installed. Review any warnings presented before this message. For more details, refer to  https://github.com/yt-dlp/yt-dlp/wiki/EJS
WARNING: The extractor specified to use impersonation for this download, but no impersonate target is available. If you encounter errors, then see  https://github.com/yt-dlp/yt-dlp#impersonation  for information on installing the required dependencies
WARNING: [youtube] YouTube said: ERROR - Precondition check failed.
WARNING: [youtube] HTTP Error 400: Bad Request. Retrying (1/3)...
WARNING: [youtube] YouTube said: ERROR - Precondition check failed.
WARNING: [youtube] HTTP Error 400: Bad Request. Retrying (2/3)...
WARNING: [youtube] YouTube said: ERROR - Precondition check failed.
WARNING: [youtube] HTTP Error 400: Bad Request. Retrying (3/3)...
WARNING: [youtube] YouTube said: ERROR - Precondition check failed.
WARNING: [youtube] Unable to download API page: HTTP Error 400: Bad Request (caused by <HTTPError 400: Bad Request>)
WARNING: [youtube] [jsc] Remote components challenge solver script (deno) and NPM package (deno) were skipped. These may be required to solve JS challenges. You can enable these downloads with  --remote-components ejs:github  (recommended) or  --remote-components ejs:npm , respectively. For more information and alternatives, refer to  https://github.com/yt-dlp/yt-dlp/wiki/EJS
WARNING: [youtube] TAS2KfYAKJI: Signature solving failed: Some formats may be missing. Ensure you have a supported JavaScript runtime and challenge solver script distribution installed. Review any warnings presented before this message. For more details, refer to  https://github.com/yt-dlp/yt-dlp/wiki/EJS
WARNING: [youtube] TAS2KfYAKJI: n challenge solving failed: Some formats may be missing. Ensure you have a supported JavaScript runtime and challenge solver script distribution installed. Review any warnings presented before this message. For more details, refer to  https://github.com/yt-dlp/yt-dlp/wiki/EJS
WARNING: The extractor specified to use impersonation for this download, but no impersonate target is available. If you encounter errors, then see  https://github.com/yt-dlp/yt-dlp#impersonation  for information on installing the required dependencies
WARNING: [youtube] YouTube said: ERROR - Precondition check failed.
WARNING: [youtube] HTTP Error 400: Bad Request. Retrying (1/3)...
WARNING: [youtube] YouTube said: ERROR - Precondition check failed.
WARNING: [youtube] HTTP Error 400: Bad Request. Retrying (2/3)...
WARNING: [youtube] YouTube said: ERROR - Precondition check failed.
WARNING: [youtube] HTTP Error 400: Bad Request. Retrying (3/3)...
WARNING: [youtube] YouTube said: ERROR - Precondition check failed.
WARNING: [youtube] Unable to download API page: HTTP Error 400: Bad Request (caused by <HTTPError 400: Bad Request>)
WARNING: [youtube] [jsc] Remote components challenge solver script (deno) and NPM package (deno) were skipped. These may be required to solve JS challenges. You can enable these downloads with  --remote-components ejs:github  (recommended) or  --remote-components ejs:npm , respectively. For more information and alternatives, refer to  https://github.com/yt-dlp/yt-dlp/wiki/EJS
WARNING: [youtube] t4IjQjGLTK4: n challenge solving failed: Some formats may be missing. Ensure you have a supported JavaScript runtime and challenge solver script distribution installed. Review any warnings presented before this message. For more details, refer to  https://github.com/yt-dlp/yt-dlp/wiki/EJS
WARNING: The extractor specified to use impersonation for this download, but no impersonate target is available. If you encounter errors, then see  https://github.com/yt-dlp/yt-dlp#impersonation  for information on installing the required dependencies
[周慕姿放心說] 完成

[松明講心理] 抓取中...
WARNING: [youtube] YouTube said: ERROR - Precondition check failed.
WARNING: [youtube] HTTP Error 400: Bad Request. Retrying (1/3)...
WARNING: [youtube] YouTube said: ERROR - Precondition check failed.
WARNING: [youtube] HTTP Error 400: Bad Request. Retrying (2/3)...
WARNING: [youtube] YouTube said: ERROR - Precondition check failed.
WARNING: [youtube] HTTP Error 400: Bad Request. Retrying (3/3)...
WARNING: [youtube] YouTube said: ERROR - Precondition check failed.
WARNING: [youtube] Unable to download API page: HTTP Error 400: Bad Request (caused by <HTTPError 400: Bad Request>)
WARNING: [youtube] RPy3Jp66yrQ: Some android_vr client https formats have been skipped as they are missing a URL. YouTube may have enabled the SABR-only streaming experiment for the current session. See  https://github.com/yt-dlp/yt-dlp/issues/12482  for more details
WARNING: [youtube] [jsc] Remote components challenge solver script (deno) and NPM package (deno) were skipped. These may be required to solve JS challenges. You can enable these downloads with  --remote-components ejs:github  (recommended) or  --remote-components ejs:npm , respectively. For more information and alternatives, refer to  https://github.com/yt-dlp/yt-dlp/wiki/EJS
WARNING: [youtube] RPy3Jp66yrQ: n challenge solving failed: Some formats may be missing. Ensure you have a supported JavaScript runtime and challenge solver script distribution installed. Review any warnings presented before this message. For more details, refer to  https://github.com/yt-dlp/yt-dlp/wiki/EJS
WARNING: [youtube] YouTube said: ERROR - Precondition check failed.
WARNING: [youtube] HTTP Error 400: Bad Request. Retrying (1/3)...
WARNING: [youtube] YouTube said: ERROR - Precondition check failed.
WARNING: [youtube] HTTP Error 400: Bad Request. Retrying (2/3)...
WARNING: [youtube] YouTube said: ERROR - Precondition check failed.
WARNING: [youtube] HTTP Error 400: Bad Request. Retrying (3/3)...
WARNING: [youtube] YouTube said: ERROR - Precondition check failed.
WARNING: [youtube] Unable to download API page: HTTP Error 400: Bad Request (caused by <HTTPError 400: Bad Request>)
WARNING: [youtube] [jsc] Remote components challenge solver script (deno) and NPM package (deno) were skipped. These may be required to solve JS challenges. You can enable these downloads with  --remote-components ejs:github  (recommended) or  --remote-components ejs:npm , respectively. For more information and alternatives, refer to  https://github.com/yt-dlp/yt-dlp/wiki/EJS
WARNING: [youtube] vlYfxR33_V0: n challenge solving failed: Some formats may be missing. Ensure you have a supported JavaScript runtime and challenge solver script distribution installed. Review any warnings presented before this message. For more details, refer to  https://github.com/yt-dlp/yt-dlp/wiki/EJS
WARNING: [youtube] YouTube said: ERROR - Precondition check failed.
WARNING: [youtube] HTTP Error 400: Bad Request. Retrying (1/3)...
WARNING: [youtube] YouTube said: ERROR - Precondition check failed.
WARNING: [youtube] HTTP Error 400: Bad Request. Retrying (2/3)...
WARNING: [youtube] YouTube said: ERROR - Precondition check failed.
WARNING: [youtube] HTTP Error 400: Bad Request. Retrying (3/3)...
WARNING: [youtube] YouTube said: ERROR - Precondition check failed.
WARNING: [youtube] Unable to download API page: HTTP Error 400: Bad Request (caused by <HTTPError 400: Bad Request>)
WARNING: [youtube] [jsc] Remote components challenge solver script (deno) and NPM package (deno) were skipped. These may be required to solve JS challenges. You can enable these downloads with  --remote-components ejs:github  (recommended) or  --remote-components ejs:npm , respectively. For more information and alternatives, refer to  https://github.com/yt-dlp/yt-dlp/wiki/EJS
WARNING: [youtube] fwA81LGZhq8: n challenge solving failed: Some formats may be missing. Ensure you have a supported JavaScript runtime and challenge solver script distribution installed. Review any warnings presented before this message. For more details, refer to  https://github.com/yt-dlp/yt-dlp/wiki/EJS
WARNING: [youtube] YouTube said: ERROR - Precondition check failed.
WARNING: [youtube] HTTP Error 400: Bad Request. Retrying (1/3)...
WARNING: [youtube] YouTube said: ERROR - Precondition check failed.
WARNING: [youtube] HTTP Error 400: Bad Request. Retrying (2/3)...
WARNING: [youtube] YouTube said: ERROR - Precondition check failed.
WARNING: [youtube] HTTP Error 400: Bad Request. Retrying (3/3)...
WARNING: [youtube] YouTube said: ERROR - Precondition check failed.
WARNING: [youtube] Unable to download API page: HTTP Error 400: Bad Request (caused by <HTTPError 400: Bad Request>)
WARNING: [youtube] [jsc] Remote components challenge solver script (deno) and NPM package (deno) were skipped. These may be required to solve JS challenges. You can enable these downloads with  --remote-components ejs:github  (recommended) or  --remote-components ejs:npm , respectively. For more information and alternatives, refer to  https://github.com/yt-dlp/yt-dlp/wiki/EJS
WARNING: [youtube] GTp9YHXVK7k: n challenge solving failed: Some formats may be missing. Ensure you have a supported JavaScript runtime and challenge solver script distribution installed. Review any warnings presented before this message. For more details, refer to  https://github.com/yt-dlp/yt-dlp/wiki/EJS
WARNING: [youtube] YouTube said: ERROR - Precondition check failed.
WARNING: [youtube] HTTP Error 400: Bad Request. Retrying (1/3)...
WARNING: [youtube] YouTube said: ERROR - Precondition check failed.
WARNING: [youtube] HTTP Error 400: Bad Request. Retrying (2/3)...
WARNING: [youtube] YouTube said: ERROR - Precondition check failed.
WARNING: [youtube] HTTP Error 400: Bad Request. Retrying (3/3)...
WARNING: [youtube] YouTube said: ERROR - Precondition check failed.
WARNING: [youtube] Unable to download API page: HTTP Error 400: Bad Request (caused by <HTTPError 400: Bad Request>)
WARNING: [youtube] [jsc] Remote components challenge solver script (deno) and NPM package (deno) were skipped. These may be required to solve JS challenges. You can enable these downloads with  --remote-components ejs:github  (recommended) or  --remote-components ejs:npm , respectively. For more information and alternatives, refer to  https://github.com/yt-dlp/yt-dlp/wiki/EJS
WARNING: [youtube] CWAnuIXtrSk: n challenge solving failed: Some formats may be missing. Ensure you have a supported JavaScript runtime and challenge solver script distribution installed. Review any warnings presented before this message. For more details, refer to  https://github.com/yt-dlp/yt-dlp/wiki/EJS
[松明講心理] 完成

[Dr.Harvey不廢話] 抓取中...
[Dr.Harvey不廢話] 完成

[初日醫學] 抓取中...
WARNING: [youtube] YouTube said: ERROR - Precondition check failed.
WARNING: [youtube] HTTP Error 400: Bad Request. Retrying (1/3)...
WARNING: [youtube] YouTube said: ERROR - Precondition check failed.
WARNING: [youtube] HTTP Error 400: Bad Request. Retrying (2/3)...
WARNING: [youtube] YouTube said: ERROR - Precondition check failed.
WARNING: [youtube] HTTP Error 400: Bad Request. Retrying (3/3)...
WARNING: [youtube] YouTube said: ERROR - Precondition check failed.
WARNING: [youtube] Unable to download API page: HTTP Error 400: Bad Request (caused by <HTTPError 400: Bad Request>)
WARNING: [youtube] [jsc] Remote components challenge solver script (deno) and NPM package (deno) were skipped. These may be required to solve JS challenges. You can enable these downloads with  --remote-components ejs:github  (recommended) or  --remote-components ejs:npm , respectively. For more information and alternatives, refer to  https://github.com/yt-dlp/yt-dlp/wiki/EJS
WARNING: [youtube] zS-pLp3C908: n challenge solving failed: Some formats may be missing. Ensure you have a supported JavaScript runtime and challenge solver script distribution installed. Review any warnings presented before this message. For more details, refer to  https://github.com/yt-dlp/yt-dlp/wiki/EJS
WARNING: The extractor specified to use impersonation for this download, but no impersonate target is available. If you encounter errors, then see  https://github.com/yt-dlp/yt-dlp#impersonation  for information on installing the required dependencies
WARNING: [youtube] YouTube said: ERROR - Precondition check failed.
WARNING: [youtube] HTTP Error 400: Bad Request. Retrying (1/3)...
WARNING: [youtube] YouTube said: ERROR - Precondition check failed.
WARNING: [youtube] HTTP Error 400: Bad Request. Retrying (2/3)...
WARNING: [youtube] YouTube said: ERROR - Precondition check failed.
WARNING: [youtube] HTTP Error 400: Bad Request. Retrying (3/3)...
WARNING: [youtube] YouTube said: ERROR - Precondition check failed.
WARNING: [youtube] Unable to download API page: HTTP Error 400: Bad Request (caused by <HTTPError 400: Bad Request>)
ERROR: [youtube] HmTm3gkL-p0: Join this channel to get access to members-only content like this video, and other exclusive perks.
WARNING: [youtube] YouTube said: ERROR - Precondition check failed.
WARNING: [youtube] HTTP Error 400: Bad Request. Retrying (1/3)...
WARNING: [youtube] YouTube said: ERROR - Precondition check failed.
WARNING: [youtube] HTTP Error 400: Bad Request. Retrying (2/3)...
WARNING: [youtube] YouTube said: ERROR - Precondition check failed.
WARNING: [youtube] HTTP Error 400: Bad Request. Retrying (3/3)...
WARNING: [youtube] YouTube said: ERROR - Precondition check failed.
WARNING: [youtube] Unable to download API page: HTTP Error 400: Bad Request (caused by <HTTPError 400: Bad Request>)
WARNING: [youtube] [jsc] Remote components challenge solver script (deno) and NPM package (deno) were skipped. These may be required to solve JS challenges. You can enable these downloads with  --remote-components ejs:github  (recommended) or  --remote-components ejs:npm , respectively. For more information and alternatives, refer to  https://github.com/yt-dlp/yt-dlp/wiki/EJS
WARNING: [youtube] X2eh_AlgM68: n challenge solving failed: Some formats may be missing. Ensure you have a supported JavaScript runtime and challenge solver script distribution installed. Review any warnings presented before this message. For more details, refer to  https://github.com/yt-dlp/yt-dlp/wiki/EJS
WARNING: The extractor specified to use impersonation for this download, but no impersonate target is available. If you encounter errors, then see  https://github.com/yt-dlp/yt-dlp#impersonation  for information on installing the required dependencies
WARNING: [youtube] YouTube said: ERROR - Precondition check failed.
WARNING: [youtube] HTTP Error 400: Bad Request. Retrying (1/3)...
WARNING: [youtube] YouTube said: ERROR - Precondition check failed.
WARNING: [youtube] HTTP Error 400: Bad Request. Retrying (2/3)...
WARNING: [youtube] YouTube said: ERROR - Precondition check failed.
WARNING: [youtube] HTTP Error 400: Bad Request. Retrying (3/3)...
WARNING: [youtube] YouTube said: ERROR - Precondition check failed.
WARNING: [youtube] Unable to download API page: HTTP Error 400: Bad Request (caused by <HTTPError 400: Bad Request>)
WARNING: [youtube] Kw58w6QAo18: Some android_vr client https formats have been skipped as they are missing a URL. YouTube may have enabled the SABR-only streaming experiment for the current session. See  https://github.com/yt-dlp/yt-dlp/issues/12482  for more details
WARNING: [youtube] [jsc] Remote components challenge solver script (deno) and NPM package (deno) were skipped. These may be required to solve JS challenges. You can enable these downloads with  --remote-components ejs:github  (recommended) or  --remote-components ejs:npm , respectively. For more information and alternatives, refer to  https://github.com/yt-dlp/yt-dlp/wiki/EJS
WARNING: [youtube] Kw58w6QAo18: n challenge solving failed: Some formats may be missing. Ensure you have a supported JavaScript runtime and challenge solver script distribution installed. Review any warnings presented before this message. For more details, refer to  https://github.com/yt-dlp/yt-dlp/wiki/EJS
WARNING: The extractor specified to use impersonation for this download, but no impersonate target is available. If you encounter errors, then see  https://github.com/yt-dlp/yt-dlp#impersonation  for information on installing the required dependencies
WARNING: [youtube] YouTube said: ERROR - Precondition check failed.
WARNING: [youtube] HTTP Error 400: Bad Request. Retrying (1/3)...
WARNING: [youtube] YouTube said: ERROR - Precondition check failed.
WARNING: [youtube] HTTP Error 400: Bad Request. Retrying (2/3)...
WARNING: [youtube] YouTube said: ERROR - Precondition check failed.
WARNING: [youtube] HTTP Error 400: Bad Request. Retrying (3/3)...
WARNING: [youtube] YouTube said: ERROR - Precondition check failed.
WARNING: [youtube] Unable to download API page: HTTP Error 400: Bad Request (caused by <HTTPError 400: Bad Request>)
WARNING: [youtube] j_VO1naa1ds: Some android_vr client https formats have been skipped as they are missing a URL. YouTube may have enabled the SABR-only streaming experiment for the current session. See  https://github.com/yt-dlp/yt-dlp/issues/12482  for more details
WARNING: [youtube] [jsc] Remote components challenge solver script (deno) and NPM package (deno) were skipped. These may be required to solve JS challenges. You can enable these downloads with  --remote-components ejs:github  (recommended) or  --remote-components ejs:npm , respectively. For more information and alternatives, refer to  https://github.com/yt-dlp/yt-dlp/wiki/EJS
WARNING: [youtube] j_VO1naa1ds: n challenge solving failed: Some formats may be missing. Ensure you have a supported JavaScript runtime and challenge solver script distribution installed. Review any warnings presented before this message. For more details, refer to  https://github.com/yt-dlp/yt-dlp/wiki/EJS
WARNING: The extractor specified to use impersonation for this download, but no impersonate target is available. If you encounter errors, then see  https://github.com/yt-dlp/yt-dlp#impersonation  for information on installing the required dependencies
[初日醫學] 完成

[泛科學] 抓取中...
WARNING: [youtube] YouTube said: ERROR - Precondition check failed.
WARNING: [youtube] HTTP Error 400: Bad Request. Retrying (1/3)...
WARNING: [youtube] YouTube said: ERROR - Precondition check failed.
WARNING: [youtube] HTTP Error 400: Bad Request. Retrying (2/3)...
WARNING: [youtube] YouTube said: ERROR - Precondition check failed.
WARNING: [youtube] HTTP Error 400: Bad Request. Retrying (3/3)...
WARNING: [youtube] YouTube said: ERROR - Precondition check failed.
WARNING: [youtube] Unable to download API page: HTTP Error 400: Bad Request (caused by <HTTPError 400: Bad Request>)
WARNING: [youtube] [jsc] Remote components challenge solver script (deno) and NPM package (deno) were skipped. These may be required to solve JS challenges. You can enable these downloads with  --remote-components ejs:github  (recommended) or  --remote-components ejs:npm , respectively. For more information and alternatives, refer to  https://github.com/yt-dlp/yt-dlp/wiki/EJS
WARNING: [youtube] CrgDc5244-s: n challenge solving failed: Some formats may be missing. Ensure you have a supported JavaScript runtime and challenge solver script distribution installed. Review any warnings presented before this message. For more details, refer to  https://github.com/yt-dlp/yt-dlp/wiki/EJS
WARNING: [youtube] YouTube said: ERROR - Precondition check failed.
WARNING: [youtube] HTTP Error 400: Bad Request. Retrying (1/3)...
WARNING: [youtube] YouTube said: ERROR - Precondition check failed.
WARNING: [youtube] HTTP Error 400: Bad Request. Retrying (2/3)...
WARNING: [youtube] YouTube said: ERROR - Precondition check failed.
WARNING: [youtube] HTTP Error 400: Bad Request. Retrying (3/3)...
WARNING: [youtube] YouTube said: ERROR - Precondition check failed.
WARNING: [youtube] Unable to download API page: HTTP Error 400: Bad Request (caused by <HTTPError 400: Bad Request>)
WARNING: [youtube] [jsc] Remote components challenge solver script (deno) and NPM package (deno) were skipped. These may be required to solve JS challenges. You can enable these downloads with  --remote-components ejs:github  (recommended) or  --remote-components ejs:npm , respectively. For more information and alternatives, refer to  https://github.com/yt-dlp/yt-dlp/wiki/EJS
WARNING: [youtube] 6_bxpEIQTwQ: n challenge solving failed: Some formats may be missing. Ensure you have a supported JavaScript runtime and challenge solver script distribution installed. Review any warnings presented before this message. For more details, refer to  https://github.com/yt-dlp/yt-dlp/wiki/EJS
WARNING: [youtube] YouTube said: ERROR - Precondition check failed.
WARNING: [youtube] HTTP Error 400: Bad Request. Retrying (1/3)...
WARNING: [youtube] YouTube said: ERROR - Precondition check failed.
WARNING: [youtube] HTTP Error 400: Bad Request. Retrying (2/3)...
WARNING: [youtube] YouTube said: ERROR - Precondition check failed.
WARNING: [youtube] HTTP Error 400: Bad Request. Retrying (3/3)...
WARNING: [youtube] YouTube said: ERROR - Precondition check failed.
WARNING: [youtube] Unable to download API page: HTTP Error 400: Bad Request (caused by <HTTPError 400: Bad Request>)
WARNING: [youtube] [jsc] Remote components challenge solver script (deno) and NPM package (deno) were skipped. These may be required to solve JS challenges. You can enable these downloads with  --remote-components ejs:github  (recommended) or  --remote-components ejs:npm , respectively. For more information and alternatives, refer to  https://github.com/yt-dlp/yt-dlp/wiki/EJS
WARNING: [youtube] YOBq5qUmF-k: n challenge solving failed: Some formats may be missing. Ensure you have a supported JavaScript runtime and challenge solver script distribution installed. Review any warnings presented before this message. For more details, refer to  https://github.com/yt-dlp/yt-dlp/wiki/EJS
WARNING: [youtube] YouTube said: ERROR - Precondition check failed.
WARNING: [youtube] HTTP Error 400: Bad Request. Retrying (1/3)...
WARNING: [youtube] YouTube said: ERROR - Precondition check failed.
WARNING: [youtube] HTTP Error 400: Bad Request. Retrying (2/3)...
WARNING: [youtube] YouTube said: ERROR - Precondition check failed.
WARNING: [youtube] HTTP Error 400: Bad Request. Retrying (3/3)...
WARNING: [youtube] YouTube said: ERROR - Precondition check failed.
WARNING: [youtube] Unable to download API page: HTTP Error 400: Bad Request (caused by <HTTPError 400: Bad Request>)
WARNING: [youtube] [jsc] Remote components challenge solver script (deno) and NPM package (deno) were skipped. These may be required to solve JS challenges. You can enable these downloads with  --remote-components ejs:github  (recommended) or  --remote-components ejs:npm , respectively. For more information and alternatives, refer to  https://github.com/yt-dlp/yt-dlp/wiki/EJS
WARNING: [youtube] mPPJTkX7UaQ: n challenge solving failed: Some formats may be missing. Ensure you have a supported JavaScript runtime and challenge solver script distribution installed. Review any warnings presented before this message. For more details, refer to  https://github.com/yt-dlp/yt-dlp/wiki/EJS
WARNING: [youtube] YouTube said: ERROR - Precondition check failed.
WARNING: [youtube] HTTP Error 400: Bad Request. Retrying (1/3)...
WARNING: [youtube] YouTube said: ERROR - Precondition check failed.
WARNING: [youtube] HTTP Error 400: Bad Request. Retrying (2/3)...
WARNING: [youtube] YouTube said: ERROR - Precondition check failed.
WARNING: [youtube] HTTP Error 400: Bad Request. Retrying (3/3)...
WARNING: [youtube] YouTube said: ERROR - Precondition check failed.
WARNING: [youtube] Unable to download API page: HTTP Error 400: Bad Request (caused by <HTTPError 400: Bad Request>)
WARNING: [youtube] [jsc] Remote components challenge solver script (deno) and NPM package (deno) were skipped. These may be required to solve JS challenges. You can enable these downloads with  --remote-components ejs:github  (recommended) or  --remote-components ejs:npm , respectively. For more information and alternatives, refer to  https://github.com/yt-dlp/yt-dlp/wiki/EJS
WARNING: [youtube] lnaqpPdVNOQ: n challenge solving failed: Some formats may be missing. Ensure you have a supported JavaScript runtime and challenge solver script distribution installed. Review any warnings presented before this message. For more details, refer to  https://github.com/yt-dlp/yt-dlp/wiki/EJS
[泛科學] 完成

[泛科學院] 抓取中...
WARNING: [youtube] YouTube said: ERROR - Precondition check failed.
WARNING: [youtube] HTTP Error 400: Bad Request. Retrying (1/3)...
WARNING: [youtube] YouTube said: ERROR - Precondition check failed.
WARNING: [youtube] HTTP Error 400: Bad Request. Retrying (2/3)...
WARNING: [youtube] YouTube said: ERROR - Precondition check failed.
WARNING: [youtube] HTTP Error 400: Bad Request. Retrying (3/3)...
WARNING: [youtube] YouTube said: ERROR - Precondition check failed.
WARNING: [youtube] Unable to download API page: HTTP Error 400: Bad Request (caused by <HTTPError 400: Bad Request>)
WARNING: [youtube] [jsc] Remote components challenge solver script (deno) and NPM package (deno) were skipped. These may be required to solve JS challenges. You can enable these downloads with  --remote-components ejs:github  (recommended) or  --remote-components ejs:npm , respectively. For more information and alternatives, refer to  https://github.com/yt-dlp/yt-dlp/wiki/EJS
WARNING: [youtube] USeF28ryZpY: n challenge solving failed: Some formats may be missing. Ensure you have a supported JavaScript runtime and challenge solver script distribution installed. Review any warnings presented before this message. For more details, refer to  https://github.com/yt-dlp/yt-dlp/wiki/EJS
WARNING: The extractor specified to use impersonation for this download, but no impersonate target is available. If you encounter errors, then see  https://github.com/yt-dlp/yt-dlp#impersonation  for information on installing the required dependencies
WARNING: [youtube] YouTube said: ERROR - Precondition check failed.
WARNING: [youtube] HTTP Error 400: Bad Request. Retrying (1/3)...
WARNING: [youtube] YouTube said: ERROR - Precondition check failed.
WARNING: [youtube] HTTP Error 400: Bad Request. Retrying (2/3)...
WARNING: [youtube] YouTube said: ERROR - Precondition check failed.
WARNING: [youtube] HTTP Error 400: Bad Request. Retrying (3/3)...
WARNING: [youtube] YouTube said: ERROR - Precondition check failed.
WARNING: [youtube] Unable to download API page: HTTP Error 400: Bad Request (caused by <HTTPError 400: Bad Request>)
WARNING: [youtube] [jsc] Remote components challenge solver script (deno) and NPM package (deno) were skipped. These may be required to solve JS challenges. You can enable these downloads with  --remote-components ejs:github  (recommended) or  --remote-components ejs:npm , respectively. For more information and alternatives, refer to  https://github.com/yt-dlp/yt-dlp/wiki/EJS
WARNING: [youtube] Q0Z-qLZK89w: n challenge solving failed: Some formats may be missing. Ensure you have a supported JavaScript runtime and challenge solver script distribution installed. Review any warnings presented before this message. For more details, refer to  https://github.com/yt-dlp/yt-dlp/wiki/EJS
WARNING: [youtube] YouTube said: ERROR - Precondition check failed.
WARNING: [youtube] HTTP Error 400: Bad Request. Retrying (1/3)...
WARNING: [youtube] YouTube said: ERROR - Precondition check failed.
WARNING: [youtube] HTTP Error 400: Bad Request. Retrying (2/3)...
WARNING: [youtube] YouTube said: ERROR - Precondition check failed.
WARNING: [youtube] HTTP Error 400: Bad Request. Retrying (3/3)...
WARNING: [youtube] YouTube said: ERROR - Precondition check failed.
WARNING: [youtube] Unable to download API page: HTTP Error 400: Bad Request (caused by <HTTPError 400: Bad Request>)
WARNING: [youtube] [jsc] Remote components challenge solver script (deno) and NPM package (deno) were skipped. These may be required to solve JS challenges. You can enable these downloads with  --remote-components ejs:github  (recommended) or  --remote-components ejs:npm , respectively. For more information and alternatives, refer to  https://github.com/yt-dlp/yt-dlp/wiki/EJS
WARNING: [youtube] CKy5MvG5lIc: n challenge solving failed: Some formats may be missing. Ensure you have a supported JavaScript runtime and challenge solver script distribution installed. Review any warnings presented before this message. For more details, refer to  https://github.com/yt-dlp/yt-dlp/wiki/EJS
WARNING: The extractor specified to use impersonation for this download, but no impersonate target is available. If you encounter errors, then see  https://github.com/yt-dlp/yt-dlp#impersonation  for information on installing the required dependencies
WARNING: [youtube] YouTube said: ERROR - Precondition check failed.
WARNING: [youtube] HTTP Error 400: Bad Request. Retrying (1/3)...
WARNING: [youtube] YouTube said: ERROR - Precondition check failed.
WARNING: [youtube] HTTP Error 400: Bad Request. Retrying (2/3)...
WARNING: [youtube] YouTube said: ERROR - Precondition check failed.
WARNING: [youtube] HTTP Error 400: Bad Request. Retrying (3/3)...
WARNING: [youtube] YouTube said: ERROR - Precondition check failed.
WARNING: [youtube] Unable to download API page: HTTP Error 400: Bad Request (caused by <HTTPError 400: Bad Request>)
WARNING: [youtube] [jsc] Remote components challenge solver script (deno) and NPM package (deno) were skipped. These may be required to solve JS challenges. You can enable these downloads with  --remote-components ejs:github  (recommended) or  --remote-components ejs:npm , respectively. For more information and alternatives, refer to  https://github.com/yt-dlp/yt-dlp/wiki/EJS
WARNING: [youtube] UWFXWNm7mo0: n challenge solving failed: Some formats may be missing. Ensure you have a supported JavaScript runtime and challenge solver script distribution installed. Review any warnings presented before this message. For more details, refer to  https://github.com/yt-dlp/yt-dlp/wiki/EJS
WARNING: The extractor specified to use impersonation for this download, but no impersonate target is available. If you encounter errors, then see  https://github.com/yt-dlp/yt-dlp#impersonation  for information on installing the required dependencies
WARNING: [youtube] YouTube said: ERROR - Precondition check failed.
WARNING: [youtube] HTTP Error 400: Bad Request. Retrying (1/3)...
WARNING: [youtube] YouTube said: ERROR - Precondition check failed.
WARNING: [youtube] HTTP Error 400: Bad Request. Retrying (2/3)...
WARNING: [youtube] YouTube said: ERROR - Precondition check failed.
WARNING: [youtube] HTTP Error 400: Bad Request. Retrying (3/3)...
WARNING: [youtube] YouTube said: ERROR - Precondition check failed.
WARNING: [youtube] Unable to download API page: HTTP Error 400: Bad Request (caused by <HTTPError 400: Bad Request>)
WARNING: [youtube] [jsc] Remote components challenge solver script (deno) and NPM package (deno) were skipped. These may be required to solve JS challenges. You can enable these downloads with  --remote-components ejs:github  (recommended) or  --remote-components ejs:npm , respectively. For more information and alternatives, refer to  https://github.com/yt-dlp/yt-dlp/wiki/EJS
WARNING: [youtube] XgYIG_5rDKw: n challenge solving failed: Some formats may be missing. Ensure you have a supported JavaScript runtime and challenge solver script distribution installed. Review any warnings presented before this message. For more details, refer to  https://github.com/yt-dlp/yt-dlp/wiki/EJS
WARNING: The extractor specified to use impersonation for this download, but no impersonate target is available. If you encounter errors, then see  https://github.com/yt-dlp/yt-dlp#impersonation  for information on installing the required dependencies
[泛科學院] 完成

============================================================
爬蟲完成 2026-03-11 10:53:14
============================================================
============================================================
YouTube 專家知識庫爬蟲 2026-03-11 11:05:30
============================================================

[阿銘師x針還傳] 抓取中...
WARNING: [youtube] YouTube said: ERROR - Precondition check failed.
WARNING: [youtube] HTTP Error 400: Bad Request. Retrying (1/3)...
WARNING: [youtube] YouTube said: ERROR - Precondition check failed.
WARNING: [youtube] HTTP Error 400: Bad Request. Retrying (2/3)...
WARNING: [youtube] YouTube said: ERROR - Precondition check failed.
WARNING: [youtube] HTTP Error 400: Bad Request. Retrying (3/3)...
WARNING: [youtube] YouTube said: ERROR - Precondition check failed.
WARNING: [youtube] Unable to download API page: HTTP Error 400: Bad Request (caused by <HTTPError 400: Bad Request>)
WARNING: [youtube] [jsc] Remote components challenge solver script (deno) and NPM package (deno) were skipped. These may be required to solve JS challenges. You can enable these downloads with  --remote-components ejs:github  (recommended) or  --remote-components ejs:npm , respectively. For more information and alternatives, refer to  https://github.com/yt-dlp/yt-dlp/wiki/EJS
WARNING: [youtube] I5bwVUmF974: n challenge solving failed: Some formats may be missing. Ensure you have a supported JavaScript runtime and challenge solver script distribution installed. Review any warnings presented before this message. For more details, refer to  https://github.com/yt-dlp/yt-dlp/wiki/EJS
WARNING: [youtube] YouTube said: ERROR - Precondition check failed.
WARNING: [youtube] HTTP Error 400: Bad Request. Retrying (1/3)...
WARNING: [youtube] YouTube said: ERROR - Precondition check failed.
WARNING: [youtube] HTTP Error 400: Bad Request. Retrying (2/3)...
WARNING: [youtube] YouTube said: ERROR - Precondition check failed.
WARNING: [youtube] HTTP Error 400: Bad Request. Retrying (3/3)...
WARNING: [youtube] YouTube said: ERROR - Precondition check failed.
WARNING: [youtube] Unable to download API page: HTTP Error 400: Bad Request (caused by <HTTPError 400: Bad Request>)
WARNING: [youtube] [jsc] Remote components challenge solver script (deno) and NPM package (deno) were skipped. These may be required to solve JS challenges. You can enable these downloads with  --remote-components ejs:github  (recommended) or  --remote-components ejs:npm , respectively. For more information and alternatives, refer to  https://github.com/yt-dlp/yt-dlp/wiki/EJS
WARNING: [youtube] FqXdZpn2fbM: n challenge solving failed: Some formats may be missing. Ensure you have a supported JavaScript runtime and challenge solver script distribution installed. Review any warnings presented before this message. For more details, refer to  https://github.com/yt-dlp/yt-dlp/wiki/EJS
WARNING: [youtube] YouTube said: ERROR - Precondition check failed.
WARNING: [youtube] HTTP Error 400: Bad Request. Retrying (1/3)...
WARNING: [youtube] YouTube said: ERROR - Precondition check failed.
WARNING: [youtube] HTTP Error 400: Bad Request. Retrying (2/3)...
WARNING: [youtube] YouTube said: ERROR - Precondition check failed.
WARNING: [youtube] HTTP Error 400: Bad Request. Retrying (3/3)...
WARNING: [youtube] YouTube said: ERROR - Precondition check failed.
WARNING: [youtube] Unable to download API page: HTTP Error 400: Bad Request (caused by <HTTPError 400: Bad Request>)
WARNING: [youtube] [jsc] Remote components challenge solver script (deno) and NPM package (deno) were skipped. These may be required to solve JS challenges. You can enable these downloads with  --remote-components ejs:github  (recommended) or  --remote-components ejs:npm , respectively. For more information and alternatives, refer to  https://github.com/yt-dlp/yt-dlp/wiki/EJS
WARNING: [youtube] EsG7n04uNaw: n challenge solving failed: Some formats may be missing. Ensure you have a supported JavaScript runtime and challenge solver script distribution installed. Review any warnings presented before this message. For more details, refer to  https://github.com/yt-dlp/yt-dlp/wiki/EJS
WARNING: [youtube] YouTube said: ERROR - Precondition check failed.
WARNING: [youtube] HTTP Error 400: Bad Request. Retrying (1/3)...
WARNING: [youtube] YouTube said: ERROR - Precondition check failed.
WARNING: [youtube] HTTP Error 400: Bad Request. Retrying (2/3)...
WARNING: [youtube] YouTube said: ERROR - Precondition check failed.
WARNING: [youtube] HTTP Error 400: Bad Request. Retrying (3/3)...
WARNING: [youtube] YouTube said: ERROR - Precondition check failed.
WARNING: [youtube] Unable to download API page: HTTP Error 400: Bad Request (caused by <HTTPError 400: Bad Request>)
WARNING: [youtube] [jsc] Remote components challenge solver script (deno) and NPM package (deno) were skipped. These may be required to solve JS challenges. You can enable these downloads with  --remote-components ejs:github  (recommended) or  --remote-components ejs:npm , respectively. For more information and alternatives, refer to  https://github.com/yt-dlp/yt-dlp/wiki/EJS
WARNING: [youtube] V3B2UOcmaFc: n challenge solving failed: Some formats may be missing. Ensure you have a supported JavaScript runtime and challenge solver script distribution installed. Review any warnings presented before this message. For more details, refer to  https://github.com/yt-dlp/yt-dlp/wiki/EJS
WARNING: [youtube] YouTube said: ERROR - Precondition check failed.
WARNING: [youtube] HTTP Error 400: Bad Request. Retrying (1/3)...
WARNING: [youtube] YouTube said: ERROR - Precondition check failed.
WARNING: [youtube] HTTP Error 400: Bad Request. Retrying (2/3)...
WARNING: [youtube] YouTube said: ERROR - Precondition check failed.
WARNING: [youtube] HTTP Error 400: Bad Request. Retrying (3/3)...
WARNING: [youtube] YouTube said: ERROR - Precondition check failed.
WARNING: [youtube] Unable to download API page: HTTP Error 400: Bad Request (caused by <HTTPError 400: Bad Request>)
WARNING: [youtube] [jsc] Remote components challenge solver script (deno) and NPM package (deno) were skipped. These may be required to solve JS challenges. You can enable these downloads with  --remote-components ejs:github  (recommended) or  --remote-components ejs:npm , respectively. For more information and alternatives, refer to  https://github.com/yt-dlp/yt-dlp/wiki/EJS
WARNING: [youtube] rFwmOcWHQUc: n challenge solving failed: Some formats may be missing. Ensure you have a supported JavaScript runtime and challenge solver script distribution installed. Review any warnings presented before this message. For more details, refer to  https://github.com/yt-dlp/yt-dlp/wiki/EJS
[阿銘師x針還傳] 完成

[胡乃文開示] 抓取中...
WARNING: [youtube] YouTube said: ERROR - Precondition check failed.
WARNING: [youtube] HTTP Error 400: Bad Request. Retrying (1/3)...
WARNING: [youtube] YouTube said: ERROR - Precondition check failed.
WARNING: [youtube] HTTP Error 400: Bad Request. Retrying (2/3)...
WARNING: [youtube] YouTube said: ERROR - Precondition check failed.
WARNING: [youtube] HTTP Error 400: Bad Request. Retrying (3/3)...
WARNING: [youtube] YouTube said: ERROR - Precondition check failed.
WARNING: [youtube] Unable to download API page: HTTP Error 400: Bad Request (caused by <HTTPError 400: Bad Request>)
ERROR: [youtube] fFDJcicBBPA: Join this channel to get access to members-only content like this video, and other exclusive perks.
WARNING: [youtube] YouTube said: ERROR - Precondition check failed.
WARNING: [youtube] HTTP Error 400: Bad Request. Retrying (1/3)...
WARNING: [youtube] YouTube said: ERROR - Precondition check failed.
WARNING: [youtube] HTTP Error 400: Bad Request. Retrying (2/3)...
WARNING: [youtube] YouTube said: ERROR - Precondition check failed.
WARNING: [youtube] HTTP Error 400: Bad Request. Retrying (3/3)...
WARNING: [youtube] YouTube said: ERROR - Precondition check failed.
WARNING: [youtube] Unable to download API page: HTTP Error 400: Bad Request (caused by <HTTPError 400: Bad Request>)
WARNING: [youtube] [jsc] Remote components challenge solver script (deno) and NPM package (deno) were skipped. These may be required to solve JS challenges. You can enable these downloads with  --remote-components ejs:github  (recommended) or  --remote-components ejs:npm , respectively. For more information and alternatives, refer to  https://github.com/yt-dlp/yt-dlp/wiki/EJS
WARNING: [youtube] pJIkdmDhXrI: n challenge solving failed: Some formats may be missing. Ensure you have a supported JavaScript runtime and challenge solver script distribution installed. Review any warnings presented before this message. For more details, refer to  https://github.com/yt-dlp/yt-dlp/wiki/EJS
WARNING: The extractor specified to use impersonation for this download, but no impersonate target is available. If you encounter errors, then see  https://github.com/yt-dlp/yt-dlp#impersonation  for information on installing the required dependencies
WARNING: The extractor specified to use impersonation for this download, but no impersonate target is available. If you encounter errors, then see  https://github.com/yt-dlp/yt-dlp#impersonation  for information on installing the required dependencies
WARNING: [youtube] YouTube said: ERROR - Precondition check failed.
WARNING: [youtube] HTTP Error 400: Bad Request. Retrying (1/3)...
WARNING: [youtube] YouTube said: ERROR - Precondition check failed.
WARNING: [youtube] HTTP Error 400: Bad Request. Retrying (2/3)...
WARNING: [youtube] YouTube said: ERROR - Precondition check failed.
WARNING: [youtube] HTTP Error 400: Bad Request. Retrying (3/3)...
WARNING: [youtube] YouTube said: ERROR - Precondition check failed.
WARNING: [youtube] Unable to download API page: HTTP Error 400: Bad Request (caused by <HTTPError 400: Bad Request>)
ERROR: [youtube] YiV3krI8Uo8: Join this channel to get access to members-only content like this video, and other exclusive perks.
WARNING: [youtube] YouTube said: ERROR - Precondition check failed.
WARNING: [youtube] HTTP Error 400: Bad Request. Retrying (1/3)...
WARNING: [youtube] YouTube said: ERROR - Precondition check failed.
WARNING: [youtube] HTTP Error 400: Bad Request. Retrying (2/3)...
WARNING: [youtube] YouTube said: ERROR - Precondition check failed.
WARNING: [youtube] HTTP Error 400: Bad Request. Retrying (3/3)...
WARNING: [youtube] YouTube said: ERROR - Precondition check failed.
WARNING: [youtube] Unable to download API page: HTTP Error 400: Bad Request (caused by <HTTPError 400: Bad Request>)
WARNING: [youtube] [jsc] Remote components challenge solver script (deno) and NPM package (deno) were skipped. These may be required to solve JS challenges. You can enable these downloads with  --remote-components ejs:github  (recommended) or  --remote-components ejs:npm , respectively. For more information and alternatives, refer to  https://github.com/yt-dlp/yt-dlp/wiki/EJS
WARNING: [youtube] NCBVYnsCpCw: n challenge solving failed: Some formats may be missing. Ensure you have a supported JavaScript runtime and challenge solver script distribution installed. Review any warnings presented before this message. For more details, refer to  https://github.com/yt-dlp/yt-dlp/wiki/EJS
WARNING: The extractor specified to use impersonation for this download, but no impersonate target is available. If you encounter errors, then see  https://github.com/yt-dlp/yt-dlp#impersonation  for information on installing the required dependencies
WARNING: The extractor specified to use impersonation for this download, but no impersonate target is available. If you encounter errors, then see  https://github.com/yt-dlp/yt-dlp#impersonation  for information on installing the required dependencies
WARNING: [youtube] YouTube said: ERROR - Precondition check failed.
WARNING: [youtube] HTTP Error 400: Bad Request. Retrying (1/3)...
WARNING: [youtube] YouTube said: ERROR - Precondition check failed.
WARNING: [youtube] HTTP Error 400: Bad Request. Retrying (2/3)...
WARNING: [youtube] YouTube said: ERROR - Precondition check failed.
WARNING: [youtube] HTTP Error 400: Bad Request. Retrying (3/3)...
WARNING: [youtube] YouTube said: ERROR - Precondition check failed.
WARNING: [youtube] Unable to download API page: HTTP Error 400: Bad Request (caused by <HTTPError 400: Bad Request>)
ERROR: [youtube] IueYJNnZSJU: Join this channel to get access to members-only content like this video, and other exclusive perks.
[胡乃文開示] 完成

[柏格醫生中文] 抓取中...
WARNING: [youtube] YouTube said: ERROR - Precondition check failed.
WARNING: [youtube] HTTP Error 400: Bad Request. Retrying (1/3)...
WARNING: [youtube] YouTube said: ERROR - Precondition check failed.
WARNING: [youtube] HTTP Error 400: Bad Request. Retrying (2/3)...
WARNING: [youtube] YouTube said: ERROR - Precondition check failed.
WARNING: [youtube] HTTP Error 400: Bad Request. Retrying (3/3)...
WARNING: [youtube] YouTube said: ERROR - Precondition check failed.
WARNING: [youtube] Unable to download API page: HTTP Error 400: Bad Request (caused by <HTTPError 400: Bad Request>)
WARNING: [youtube] [jsc] Remote components challenge solver script (deno) and NPM package (deno) were skipped. These may be required to solve JS challenges. You can enable these downloads with  --remote-components ejs:github  (recommended) or  --remote-components ejs:npm , respectively. For more information and alternatives, refer to  https://github.com/yt-dlp/yt-dlp/wiki/EJS
WARNING: [youtube] pmMseV_vSdE: n challenge solving failed: Some formats may be missing. Ensure you have a supported JavaScript runtime and challenge solver script distribution installed. Review any warnings presented before this message. For more details, refer to  https://github.com/yt-dlp/yt-dlp/wiki/EJS
WARNING: The extractor specified to use impersonation for this download, but no impersonate target is available. If you encounter errors, then see  https://github.com/yt-dlp/yt-dlp#impersonation  for information on installing the required dependencies
WARNING: [youtube] YouTube said: ERROR - Precondition check failed.
WARNING: [youtube] HTTP Error 400: Bad Request. Retrying (1/3)...
WARNING: [youtube] YouTube said: ERROR - Precondition check failed.
WARNING: [youtube] HTTP Error 400: Bad Request. Retrying (2/3)...
WARNING: [youtube] YouTube said: ERROR - Precondition check failed.
WARNING: [youtube] HTTP Error 400: Bad Request. Retrying (3/3)...
WARNING: [youtube] YouTube said: ERROR - Precondition check failed.
WARNING: [youtube] Unable to download API page: HTTP Error 400: Bad Request (caused by <HTTPError 400: Bad Request>)
WARNING: [youtube] [jsc] Remote components challenge solver script (deno) and NPM package (deno) were skipped. These may be required to solve JS challenges. You can enable these downloads with  --remote-components ejs:github  (recommended) or  --remote-components ejs:npm , respectively. For more information and alternatives, refer to  https://github.com/yt-dlp/yt-dlp/wiki/EJS
WARNING: [youtube] eYeGlBF2Wjw: n challenge solving failed: Some formats may be missing. Ensure you have a supported JavaScript runtime and challenge solver script distribution installed. Review any warnings presented before this message. For more details, refer to  https://github.com/yt-dlp/yt-dlp/wiki/EJS
WARNING: The extractor specified to use impersonation for this download, but no impersonate target is available. If you encounter errors, then see  https://github.com/yt-dlp/yt-dlp#impersonation  for information on installing the required dependencies
WARNING: [youtube] YouTube said: ERROR - Precondition check failed.
WARNING: [youtube] HTTP Error 400: Bad Request. Retrying (1/3)...
WARNING: [youtube] YouTube said: ERROR - Precondition check failed.
WARNING: [youtube] HTTP Error 400: Bad Request. Retrying (2/3)...
WARNING: [youtube] YouTube said: ERROR - Precondition check failed.
WARNING: [youtube] HTTP Error 400: Bad Request. Retrying (3/3)...
WARNING: [youtube] YouTube said: ERROR - Precondition check failed.
WARNING: [youtube] Unable to download API page: HTTP Error 400: Bad Request (caused by <HTTPError 400: Bad Request>)
WARNING: [youtube] DxsVhmGtLh0: Some android_vr client https formats have been skipped as they are missing a URL. YouTube may have enabled the SABR-only streaming experiment for the current session. See  https://github.com/yt-dlp/yt-dlp/issues/12482  for more details
WARNING: [youtube] [jsc] Remote components challenge solver script (deno) and NPM package (deno) were skipped. These may be required to solve JS challenges. You can enable these downloads with  --remote-components ejs:github  (recommended) or  --remote-components ejs:npm , respectively. For more information and alternatives, refer to  https://github.com/yt-dlp/yt-dlp/wiki/EJS
WARNING: [youtube] DxsVhmGtLh0: n challenge solving failed: Some formats may be missing. Ensure you have a supported JavaScript runtime and challenge solver script distribution installed. Review any warnings presented before this message. For more details, refer to  https://github.com/yt-dlp/yt-dlp/wiki/EJS
WARNING: The extractor specified to use impersonation for this download, but no impersonate target is available. If you encounter errors, then see  https://github.com/yt-dlp/yt-dlp#impersonation  for information on installing the required dependencies
WARNING: [youtube] YouTube said: ERROR - Precondition check failed.
WARNING: [youtube] HTTP Error 400: Bad Request. Retrying (1/3)...
WARNING: [youtube] YouTube said: ERROR - Precondition check failed.
WARNING: [youtube] HTTP Error 400: Bad Request. Retrying (2/3)...
WARNING: [youtube] YouTube said: ERROR - Precondition check failed.
WARNING: [youtube] HTTP Error 400: Bad Request. Retrying (3/3)...
WARNING: [youtube] YouTube said: ERROR - Precondition check failed.
WARNING: [youtube] Unable to download API page: HTTP Error 400: Bad Request (caused by <HTTPError 400: Bad Request>)
WARNING: [youtube] [jsc] Remote components challenge solver script (deno) and NPM package (deno) were skipped. These may be required to solve JS challenges. You can enable these downloads with  --remote-components ejs:github  (recommended) or  --remote-components ejs:npm , respectively. For more information and alternatives, refer to  https://github.com/yt-dlp/yt-dlp/wiki/EJS
WARNING: [youtube] qF6PA3X6yzA: n challenge solving failed: Some formats may be missing. Ensure you have a supported JavaScript runtime and challenge solver script distribution installed. Review any warnings presented before this message. For more details, refer to  https://github.com/yt-dlp/yt-dlp/wiki/EJS
WARNING: The extractor specified to use impersonation for this download, but no impersonate target is available. If you encounter errors, then see  https://github.com/yt-dlp/yt-dlp#impersonation  for information on installing the required dependencies
WARNING: [youtube] YouTube said: ERROR - Precondition check failed.
WARNING: [youtube] HTTP Error 400: Bad Request. Retrying (1/3)...
WARNING: [youtube] YouTube said: ERROR - Precondition check failed.
WARNING: [youtube] HTTP Error 400: Bad Request. Retrying (2/3)...
WARNING: [youtube] YouTube said: ERROR - Precondition check failed.
WARNING: [youtube] HTTP Error 400: Bad Request. Retrying (3/3)...
WARNING: [youtube] YouTube said: ERROR - Precondition check failed.
WARNING: [youtube] Unable to download API page: HTTP Error 400: Bad Request (caused by <HTTPError 400: Bad Request>)
WARNING: [youtube] [jsc] Remote components challenge solver script (deno) and NPM package (deno) were skipped. These may be required to solve JS challenges. You can enable these downloads with  --remote-components ejs:github  (recommended) or  --remote-components ejs:npm , respectively. For more information and alternatives, refer to  https://github.com/yt-dlp/yt-dlp/wiki/EJS
WARNING: [youtube] QMj7KujCzgg: n challenge solving failed: Some formats may be missing. Ensure you have a supported JavaScript runtime and challenge solver script distribution installed. Review any warnings presented before this message. For more details, refer to  https://github.com/yt-dlp/yt-dlp/wiki/EJS
WARNING: The extractor specified to use impersonation for this download, but no impersonate target is available. If you encounter errors, then see  https://github.com/yt-dlp/yt-dlp#impersonation  for information on installing the required dependencies
[柏格醫生中文] 完成

[周慕姿放心說] 抓取中...
WARNING: [youtube] YouTube said: ERROR - Precondition check failed.
WARNING: [youtube] HTTP Error 400: Bad Request. Retrying (1/3)...
WARNING: [youtube] YouTube said: ERROR - Precondition check failed.
WARNING: [youtube] HTTP Error 400: Bad Request. Retrying (2/3)...
WARNING: [youtube] YouTube said: ERROR - Precondition check failed.
WARNING: [youtube] HTTP Error 400: Bad Request. Retrying (3/3)...
WARNING: [youtube] YouTube said: ERROR - Precondition check failed.
WARNING: [youtube] Unable to download API page: HTTP Error 400: Bad Request (caused by <HTTPError 400: Bad Request>)
WARNING: [youtube] [jsc] Remote components challenge solver script (deno) and NPM package (deno) were skipped. These may be required to solve JS challenges. You can enable these downloads with  --remote-components ejs:github  (recommended) or  --remote-components ejs:npm , respectively. For more information and alternatives, refer to  https://github.com/yt-dlp/yt-dlp/wiki/EJS
WARNING: [youtube] dopimy0ZR68: n challenge solving failed: Some formats may be missing. Ensure you have a supported JavaScript runtime and challenge solver script distribution installed. Review any warnings presented before this message. For more details, refer to  https://github.com/yt-dlp/yt-dlp/wiki/EJS
WARNING: The extractor specified to use impersonation for this download, but no impersonate target is available. If you encounter errors, then see  https://github.com/yt-dlp/yt-dlp#impersonation  for information on installing the required dependencies
WARNING: [youtube] YouTube said: ERROR - Precondition check failed.
WARNING: [youtube] HTTP Error 400: Bad Request. Retrying (1/3)...
WARNING: [youtube] YouTube said: ERROR - Precondition check failed.
WARNING: [youtube] HTTP Error 400: Bad Request. Retrying (2/3)...
WARNING: [youtube] YouTube said: ERROR - Precondition check failed.
WARNING: [youtube] HTTP Error 400: Bad Request. Retrying (3/3)...
WARNING: [youtube] YouTube said: ERROR - Precondition check failed.
WARNING: [youtube] Unable to download API page: HTTP Error 400: Bad Request (caused by <HTTPError 400: Bad Request>)
WARNING: [youtube] [jsc] Remote components challenge solver script (deno) and NPM package (deno) were skipped. These may be required to solve JS challenges. You can enable these downloads with  --remote-components ejs:github  (recommended) or  --remote-components ejs:npm , respectively. For more information and alternatives, refer to  https://github.com/yt-dlp/yt-dlp/wiki/EJS
WARNING: [youtube] tfYISuF-C7w: Signature solving failed: Some formats may be missing. Ensure you have a supported JavaScript runtime and challenge solver script distribution installed. Review any warnings presented before this message. For more details, refer to  https://github.com/yt-dlp/yt-dlp/wiki/EJS
WARNING: [youtube] tfYISuF-C7w: n challenge solving failed: Some formats may be missing. Ensure you have a supported JavaScript runtime and challenge solver script distribution installed. Review any warnings presented before this message. For more details, refer to  https://github.com/yt-dlp/yt-dlp/wiki/EJS
WARNING: The extractor specified to use impersonation for this download, but no impersonate target is available. If you encounter errors, then see  https://github.com/yt-dlp/yt-dlp#impersonation  for information on installing the required dependencies
WARNING: [youtube] YouTube said: ERROR - Precondition check failed.
WARNING: [youtube] HTTP Error 400: Bad Request. Retrying (1/3)...
WARNING: [youtube] YouTube said: ERROR - Precondition check failed.
WARNING: [youtube] HTTP Error 400: Bad Request. Retrying (2/3)...
WARNING: [youtube] YouTube said: ERROR - Precondition check failed.
WARNING: [youtube] HTTP Error 400: Bad Request. Retrying (3/3)...
WARNING: [youtube] YouTube said: ERROR - Precondition check failed.
WARNING: [youtube] Unable to download API page: HTTP Error 400: Bad Request (caused by <HTTPError 400: Bad Request>)
WARNING: [youtube] AgunHVtO-yQ: Some android_vr client https formats have been skipped as they are missing a URL. YouTube may have enabled the SABR-only streaming experiment for the current session. See  https://github.com/yt-dlp/yt-dlp/issues/12482  for more details
WARNING: [youtube] [jsc] Remote components challenge solver script (deno) and NPM package (deno) were skipped. These may be required to solve JS challenges. You can enable these downloads with  --remote-components ejs:github  (recommended) or  --remote-components ejs:npm , respectively. For more information and alternatives, refer to  https://github.com/yt-dlp/yt-dlp/wiki/EJS
WARNING: [youtube] AgunHVtO-yQ: Signature solving failed: Some formats may be missing. Ensure you have a supported JavaScript runtime and challenge solver script distribution installed. Review any warnings presented before this message. For more details, refer to  https://github.com/yt-dlp/yt-dlp/wiki/EJS
WARNING: [youtube] AgunHVtO-yQ: n challenge solving failed: Some formats may be missing. Ensure you have a supported JavaScript runtime and challenge solver script distribution installed. Review any warnings presented before this message. For more details, refer to  https://github.com/yt-dlp/yt-dlp/wiki/EJS
WARNING: The extractor specified to use impersonation for this download, but no impersonate target is available. If you encounter errors, then see  https://github.com/yt-dlp/yt-dlp#impersonation  for information on installing the required dependencies
WARNING: [youtube] YouTube said: ERROR - Precondition check failed.
WARNING: [youtube] HTTP Error 400: Bad Request. Retrying (1/3)...
WARNING: [youtube] YouTube said: ERROR - Precondition check failed.
WARNING: [youtube] HTTP Error 400: Bad Request. Retrying (2/3)...
WARNING: [youtube] YouTube said: ERROR - Precondition check failed.
WARNING: [youtube] HTTP Error 400: Bad Request. Retrying (3/3)...
WARNING: [youtube] YouTube said: ERROR - Precondition check failed.
WARNING: [youtube] Unable to download API page: HTTP Error 400: Bad Request (caused by <HTTPError 400: Bad Request>)
WARNING: [youtube] [jsc] Remote components challenge solver script (deno) and NPM package (deno) were skipped. These may be required to solve JS challenges. You can enable these downloads with  --remote-components ejs:github  (recommended) or  --remote-components ejs:npm , respectively. For more information and alternatives, refer to  https://github.com/yt-dlp/yt-dlp/wiki/EJS
WARNING: [youtube] TAS2KfYAKJI: Signature solving failed: Some formats may be missing. Ensure you have a supported JavaScript runtime and challenge solver script distribution installed. Review any warnings presented before this message. For more details, refer to  https://github.com/yt-dlp/yt-dlp/wiki/EJS
WARNING: [youtube] TAS2KfYAKJI: n challenge solving failed: Some formats may be missing. Ensure you have a supported JavaScript runtime and challenge solver script distribution installed. Review any warnings presented before this message. For more details, refer to  https://github.com/yt-dlp/yt-dlp/wiki/EJS
WARNING: The extractor specified to use impersonation for this download, but no impersonate target is available. If you encounter errors, then see  https://github.com/yt-dlp/yt-dlp#impersonation  for information on installing the required dependencies
WARNING: [youtube] YouTube said: ERROR - Precondition check failed.
WARNING: [youtube] HTTP Error 400: Bad Request. Retrying (1/3)...
WARNING: [youtube] YouTube said: ERROR - Precondition check failed.
WARNING: [youtube] HTTP Error 400: Bad Request. Retrying (2/3)...
WARNING: [youtube] YouTube said: ERROR - Precondition check failed.
WARNING: [youtube] HTTP Error 400: Bad Request. Retrying (3/3)...
WARNING: [youtube] YouTube said: ERROR - Precondition check failed.
WARNING: [youtube] Unable to download API page: HTTP Error 400: Bad Request (caused by <HTTPError 400: Bad Request>)
WARNING: [youtube] [jsc] Remote components challenge solver script (deno) and NPM package (deno) were skipped. These may be required to solve JS challenges. You can enable these downloads with  --remote-components ejs:github  (recommended) or  --remote-components ejs:npm , respectively. For more information and alternatives, refer to  https://github.com/yt-dlp/yt-dlp/wiki/EJS
WARNING: [youtube] t4IjQjGLTK4: n challenge solving failed: Some formats may be missing. Ensure you have a supported JavaScript runtime and challenge solver script distribution installed. Review any warnings presented before this message. For more details, refer to  https://github.com/yt-dlp/yt-dlp/wiki/EJS
WARNING: The extractor specified to use impersonation for this download, but no impersonate target is available. If you encounter errors, then see  https://github.com/yt-dlp/yt-dlp#impersonation  for information on installing the required dependencies
[周慕姿放心說] 完成

[松明講心理] 抓取中...
WARNING: [youtube] YouTube said: ERROR - Precondition check failed.
WARNING: [youtube] HTTP Error 400: Bad Request. Retrying (1/3)...
WARNING: [youtube] YouTube said: ERROR - Precondition check failed.
WARNING: [youtube] HTTP Error 400: Bad Request. Retrying (2/3)...
WARNING: [youtube] YouTube said: ERROR - Precondition check failed.
WARNING: [youtube] HTTP Error 400: Bad Request. Retrying (3/3)...
WARNING: [youtube] YouTube said: ERROR - Precondition check failed.
WARNING: [youtube] Unable to download API page: HTTP Error 400: Bad Request (caused by <HTTPError 400: Bad Request>)
WARNING: [youtube] [jsc] Remote components challenge solver script (deno) and NPM package (deno) were skipped. These may be required to solve JS challenges. You can enable these downloads with  --remote-components ejs:github  (recommended) or  --remote-components ejs:npm , respectively. For more information and alternatives, refer to  https://github.com/yt-dlp/yt-dlp/wiki/EJS
WARNING: [youtube] RPy3Jp66yrQ: n challenge solving failed: Some formats may be missing. Ensure you have a supported JavaScript runtime and challenge solver script distribution installed. Review any warnings presented before this message. For more details, refer to  https://github.com/yt-dlp/yt-dlp/wiki/EJS
WARNING: [youtube] YouTube said: ERROR - Precondition check failed.
WARNING: [youtube] HTTP Error 400: Bad Request. Retrying (1/3)...
WARNING: [youtube] YouTube said: ERROR - Precondition check failed.
WARNING: [youtube] HTTP Error 400: Bad Request. Retrying (2/3)...
WARNING: [youtube] YouTube said: ERROR - Precondition check failed.
WARNING: [youtube] HTTP Error 400: Bad Request. Retrying (3/3)...
WARNING: [youtube] YouTube said: ERROR - Precondition check failed.
WARNING: [youtube] Unable to download API page: HTTP Error 400: Bad Request (caused by <HTTPError 400: Bad Request>)
WARNING: [youtube] [jsc] Remote components challenge solver script (deno) and NPM package (deno) were skipped. These may be required to solve JS challenges. You can enable these downloads with  --remote-components ejs:github  (recommended) or  --remote-components ejs:npm , respectively. For more information and alternatives, refer to  https://github.com/yt-dlp/yt-dlp/wiki/EJS
WARNING: [youtube] vlYfxR33_V0: n challenge solving failed: Some formats may be missing. Ensure you have a supported JavaScript runtime and challenge solver script distribution installed. Review any warnings presented before this message. For more details, refer to  https://github.com/yt-dlp/yt-dlp/wiki/EJS
WARNING: [youtube] YouTube said: ERROR - Precondition check failed.
WARNING: [youtube] HTTP Error 400: Bad Request. Retrying (1/3)...
WARNING: [youtube] YouTube said: ERROR - Precondition check failed.
WARNING: [youtube] HTTP Error 400: Bad Request. Retrying (2/3)...
WARNING: [youtube] YouTube said: ERROR - Precondition check failed.
WARNING: [youtube] HTTP Error 400: Bad Request. Retrying (3/3)...
WARNING: [youtube] YouTube said: ERROR - Precondition check failed.
WARNING: [youtube] Unable to download API page: HTTP Error 400: Bad Request (caused by <HTTPError 400: Bad Request>)
WARNING: [youtube] [jsc] Remote components challenge solver script (deno) and NPM package (deno) were skipped. These may be required to solve JS challenges. You can enable these downloads with  --remote-components ejs:github  (recommended) or  --remote-components ejs:npm , respectively. For more information and alternatives, refer to  https://github.com/yt-dlp/yt-dlp/wiki/EJS
WARNING: [youtube] fwA81LGZhq8: n challenge solving failed: Some formats may be missing. Ensure you have a supported JavaScript runtime and challenge solver script distribution installed. Review any warnings presented before this message. For more details, refer to  https://github.com/yt-dlp/yt-dlp/wiki/EJS
WARNING: [youtube] YouTube said: ERROR - Precondition check failed.
WARNING: [youtube] HTTP Error 400: Bad Request. Retrying (1/3)...
WARNING: [youtube] YouTube said: ERROR - Precondition check failed.
WARNING: [youtube] HTTP Error 400: Bad Request. Retrying (2/3)...
WARNING: [youtube] YouTube said: ERROR - Precondition check failed.
WARNING: [youtube] HTTP Error 400: Bad Request. Retrying (3/3)...
WARNING: [youtube] YouTube said: ERROR - Precondition check failed.
WARNING: [youtube] Unable to download API page: HTTP Error 400: Bad Request (caused by <HTTPError 400: Bad Request>)
WARNING: [youtube] [jsc] Remote components challenge solver script (deno) and NPM package (deno) were skipped. These may be required to solve JS challenges. You can enable these downloads with  --remote-components ejs:github  (recommended) or  --remote-components ejs:npm , respectively. For more information and alternatives, refer to  https://github.com/yt-dlp/yt-dlp/wiki/EJS
WARNING: [youtube] GTp9YHXVK7k: n challenge solving failed: Some formats may be missing. Ensure you have a supported JavaScript runtime and challenge solver script distribution installed. Review any warnings presented before this message. For more details, refer to  https://github.com/yt-dlp/yt-dlp/wiki/EJS
WARNING: [youtube] YouTube said: ERROR - Precondition check failed.
WARNING: [youtube] HTTP Error 400: Bad Request. Retrying (1/3)...
WARNING: [youtube] YouTube said: ERROR - Precondition check failed.
WARNING: [youtube] HTTP Error 400: Bad Request. Retrying (2/3)...
WARNING: [youtube] YouTube said: ERROR - Precondition check failed.
WARNING: [youtube] HTTP Error 400: Bad Request. Retrying (3/3)...
WARNING: [youtube] YouTube said: ERROR - Precondition check failed.
WARNING: [youtube] Unable to download API page: HTTP Error 400: Bad Request (caused by <HTTPError 400: Bad Request>)
WARNING: [youtube] [jsc] Remote components challenge solver script (deno) and NPM package (deno) were skipped. These may be required to solve JS challenges. You can enable these downloads with  --remote-components ejs:github  (recommended) or  --remote-components ejs:npm , respectively. For more information and alternatives, refer to  https://github.com/yt-dlp/yt-dlp/wiki/EJS
WARNING: [youtube] CWAnuIXtrSk: n challenge solving failed: Some formats may be missing. Ensure you have a supported JavaScript runtime and challenge solver script distribution installed. Review any warnings presented before this message. For more details, refer to  https://github.com/yt-dlp/yt-dlp/wiki/EJS
[松明講心理] 完成

[Dr.Harvey不廢話] 抓取中...
[Dr.Harvey不廢話] 完成

[初日醫學] 抓取中...
WARNING: [youtube] YouTube said: ERROR - Precondition check failed.
WARNING: [youtube] HTTP Error 400: Bad Request. Retrying (1/3)...
WARNING: [youtube] YouTube said: ERROR - Precondition check failed.
WARNING: [youtube] HTTP Error 400: Bad Request. Retrying (2/3)...
WARNING: [youtube] YouTube said: ERROR - Precondition check failed.
WARNING: [youtube] HTTP Error 400: Bad Request. Retrying (3/3)...
WARNING: [youtube] YouTube said: ERROR - Precondition check failed.
WARNING: [youtube] Unable to download API page: HTTP Error 400: Bad Request (caused by <HTTPError 400: Bad Request>)
WARNING: [youtube] [jsc] Remote components challenge solver script (deno) and NPM package (deno) were skipped. These may be required to solve JS challenges. You can enable these downloads with  --remote-components ejs:github  (recommended) or  --remote-components ejs:npm , respectively. For more information and alternatives, refer to  https://github.com/yt-dlp/yt-dlp/wiki/EJS
WARNING: [youtube] zS-pLp3C908: n challenge solving failed: Some formats may be missing. Ensure you have a supported JavaScript runtime and challenge solver script distribution installed. Review any warnings presented before this message. For more details, refer to  https://github.com/yt-dlp/yt-dlp/wiki/EJS
WARNING: The extractor specified to use impersonation for this download, but no impersonate target is available. If you encounter errors, then see  https://github.com/yt-dlp/yt-dlp#impersonation  for information on installing the required dependencies
WARNING: [youtube] YouTube said: ERROR - Precondition check failed.
WARNING: [youtube] HTTP Error 400: Bad Request. Retrying (1/3)...
WARNING: [youtube] YouTube said: ERROR - Precondition check failed.
WARNING: [youtube] HTTP Error 400: Bad Request. Retrying (2/3)...
WARNING: [youtube] YouTube said: ERROR - Precondition check failed.
WARNING: [youtube] HTTP Error 400: Bad Request. Retrying (3/3)...
WARNING: [youtube] YouTube said: ERROR - Precondition check failed.
WARNING: [youtube] Unable to download API page: HTTP Error 400: Bad Request (caused by <HTTPError 400: Bad Request>)
ERROR: [youtube] HmTm3gkL-p0: Join this channel to get access to members-only content like this video, and other exclusive perks.
WARNING: [youtube] YouTube said: ERROR - Precondition check failed.
WARNING: [youtube] HTTP Error 400: Bad Request. Retrying (1/3)...
WARNING: [youtube] YouTube said: ERROR - Precondition check failed.
WARNING: [youtube] HTTP Error 400: Bad Request. Retrying (2/3)...
WARNING: [youtube] YouTube said: ERROR - Precondition check failed.
WARNING: [youtube] HTTP Error 400: Bad Request. Retrying (3/3)...
WARNING: [youtube] YouTube said: ERROR - Precondition check failed.
WARNING: [youtube] Unable to download API page: HTTP Error 400: Bad Request (caused by <HTTPError 400: Bad Request>)
WARNING: [youtube] [jsc] Remote components challenge solver script (deno) and NPM package (deno) were skipped. These may be required to solve JS challenges. You can enable these downloads with  --remote-components ejs:github  (recommended) or  --remote-components ejs:npm , respectively. For more information and alternatives, refer to  https://github.com/yt-dlp/yt-dlp/wiki/EJS
WARNING: [youtube] X2eh_AlgM68: n challenge solving failed: Some formats may be missing. Ensure you have a supported JavaScript runtime and challenge solver script distribution installed. Review any warnings presented before this message. For more details, refer to  https://github.com/yt-dlp/yt-dlp/wiki/EJS
WARNING: The extractor specified to use impersonation for this download, but no impersonate target is available. If you encounter errors, then see  https://github.com/yt-dlp/yt-dlp#impersonation  for information on installing the required dependencies
WARNING: [youtube] YouTube said: ERROR - Precondition check failed.
WARNING: [youtube] HTTP Error 400: Bad Request. Retrying (1/3)...
WARNING: [youtube] YouTube said: ERROR - Precondition check failed.
WARNING: [youtube] HTTP Error 400: Bad Request. Retrying (2/3)...
WARNING: [youtube] YouTube said: ERROR - Precondition check failed.
WARNING: [youtube] HTTP Error 400: Bad Request. Retrying (3/3)...
WARNING: [youtube] YouTube said: ERROR - Precondition check failed.
WARNING: [youtube] Unable to download API page: HTTP Error 400: Bad Request (caused by <HTTPError 400: Bad Request>)
WARNING: [youtube] Kw58w6QAo18: Some android_vr client https formats have been skipped as they are missing a URL. YouTube may have enabled the SABR-only streaming experiment for the current session. See  https://github.com/yt-dlp/yt-dlp/issues/12482  for more details
WARNING: [youtube] [jsc] Remote components challenge solver script (deno) and NPM package (deno) were skipped. These may be required to solve JS challenges. You can enable these downloads with  --remote-components ejs:github  (recommended) or  --remote-components ejs:npm , respectively. For more information and alternatives, refer to  https://github.com/yt-dlp/yt-dlp/wiki/EJS
WARNING: [youtube] Kw58w6QAo18: n challenge solving failed: Some formats may be missing. Ensure you have a supported JavaScript runtime and challenge solver script distribution installed. Review any warnings presented before this message. For more details, refer to  https://github.com/yt-dlp/yt-dlp/wiki/EJS
WARNING: The extractor specified to use impersonation for this download, but no impersonate target is available. If you encounter errors, then see  https://github.com/yt-dlp/yt-dlp#impersonation  for information on installing the required dependencies
WARNING: [youtube] YouTube said: ERROR - Precondition check failed.
WARNING: [youtube] HTTP Error 400: Bad Request. Retrying (1/3)...
WARNING: [youtube] YouTube said: ERROR - Precondition check failed.
WARNING: [youtube] HTTP Error 400: Bad Request. Retrying (2/3)...
WARNING: [youtube] YouTube said: ERROR - Precondition check failed.
WARNING: [youtube] HTTP Error 400: Bad Request. Retrying (3/3)...
WARNING: [youtube] YouTube said: ERROR - Precondition check failed.
WARNING: [youtube] Unable to download API page: HTTP Error 400: Bad Request (caused by <HTTPError 400: Bad Request>)
WARNING: [youtube] [jsc] Remote components challenge solver script (deno) and NPM package (deno) were skipped. These may be required to solve JS challenges. You can enable these downloads with  --remote-components ejs:github  (recommended) or  --remote-components ejs:npm , respectively. For more information and alternatives, refer to  https://github.com/yt-dlp/yt-dlp/wiki/EJS
WARNING: [youtube] j_VO1naa1ds: n challenge solving failed: Some formats may be missing. Ensure you have a supported JavaScript runtime and challenge solver script distribution installed. Review any warnings presented before this message. For more details, refer to  https://github.com/yt-dlp/yt-dlp/wiki/EJS
WARNING: The extractor specified to use impersonation for this download, but no impersonate target is available. If you encounter errors, then see  https://github.com/yt-dlp/yt-dlp#impersonation  for information on installing the required dependencies
[初日醫學] 完成

[泛科學] 抓取中...
WARNING: [youtube] YouTube said: ERROR - Precondition check failed.
WARNING: [youtube] HTTP Error 400: Bad Request. Retrying (1/3)...
WARNING: [youtube] YouTube said: ERROR - Precondition check failed.
WARNING: [youtube] HTTP Error 400: Bad Request. Retrying (2/3)...
WARNING: [youtube] YouTube said: ERROR - Precondition check failed.
WARNING: [youtube] HTTP Error 400: Bad Request. Retrying (3/3)...
WARNING: [youtube] YouTube said: ERROR - Precondition check failed.
WARNING: [youtube] Unable to download API page: HTTP Error 400: Bad Request (caused by <HTTPError 400: Bad Request>)
WARNING: [youtube] [jsc] Remote components challenge solver script (deno) and NPM package (deno) were skipped. These may be required to solve JS challenges. You can enable these downloads with  --remote-components ejs:github  (recommended) or  --remote-components ejs:npm , respectively. For more information and alternatives, refer to  https://github.com/yt-dlp/yt-dlp/wiki/EJS
WARNING: [youtube] CrgDc5244-s: n challenge solving failed: Some formats may be missing. Ensure you have a supported JavaScript runtime and challenge solver script distribution installed. Review any warnings presented before this message. For more details, refer to  https://github.com/yt-dlp/yt-dlp/wiki/EJS
WARNING: [youtube] YouTube said: ERROR - Precondition check failed.
WARNING: [youtube] HTTP Error 400: Bad Request. Retrying (1/3)...
WARNING: [youtube] YouTube said: ERROR - Precondition check failed.
WARNING: [youtube] HTTP Error 400: Bad Request. Retrying (2/3)...
WARNING: [youtube] YouTube said: ERROR - Precondition check failed.
WARNING: [youtube] HTTP Error 400: Bad Request. Retrying (3/3)...
WARNING: [youtube] YouTube said: ERROR - Precondition check failed.
WARNING: [youtube] Unable to download API page: HTTP Error 400: Bad Request (caused by <HTTPError 400: Bad Request>)
WARNING: [youtube] [jsc] Remote components challenge solver script (deno) and NPM package (deno) were skipped. These may be required to solve JS challenges. You can enable these downloads with  --remote-components ejs:github  (recommended) or  --remote-components ejs:npm , respectively. For more information and alternatives, refer to  https://github.com/yt-dlp/yt-dlp/wiki/EJS
WARNING: [youtube] 6_bxpEIQTwQ: n challenge solving failed: Some formats may be missing. Ensure you have a supported JavaScript runtime and challenge solver script distribution installed. Review any warnings presented before this message. For more details, refer to  https://github.com/yt-dlp/yt-dlp/wiki/EJS
WARNING: [youtube] YouTube said: ERROR - Precondition check failed.
WARNING: [youtube] HTTP Error 400: Bad Request. Retrying (1/3)...
WARNING: [youtube] YouTube said: ERROR - Precondition check failed.
WARNING: [youtube] HTTP Error 400: Bad Request. Retrying (2/3)...
WARNING: [youtube] YouTube said: ERROR - Precondition check failed.
WARNING: [youtube] HTTP Error 400: Bad Request. Retrying (3/3)...
WARNING: [youtube] YouTube said: ERROR - Precondition check failed.
WARNING: [youtube] Unable to download API page: HTTP Error 400: Bad Request (caused by <HTTPError 400: Bad Request>)
WARNING: [youtube] [jsc] Remote components challenge solver script (deno) and NPM package (deno) were skipped. These may be required to solve JS challenges. You can enable these downloads with  --remote-components ejs:github  (recommended) or  --remote-components ejs:npm , respectively. For more information and alternatives, refer to  https://github.com/yt-dlp/yt-dlp/wiki/EJS
WARNING: [youtube] YOBq5qUmF-k: n challenge solving failed: Some formats may be missing. Ensure you have a supported JavaScript runtime and challenge solver script distribution installed. Review any warnings presented before this message. For more details, refer to  https://github.com/yt-dlp/yt-dlp/wiki/EJS
WARNING: [youtube] YouTube said: ERROR - Precondition check failed.
WARNING: [youtube] HTTP Error 400: Bad Request. Retrying (1/3)...
WARNING: [youtube] YouTube said: ERROR - Precondition check failed.
WARNING: [youtube] HTTP Error 400: Bad Request. Retrying (2/3)...
WARNING: [youtube] YouTube said: ERROR - Precondition check failed.
WARNING: [youtube] HTTP Error 400: Bad Request. Retrying (3/3)...
WARNING: [youtube] YouTube said: ERROR - Precondition check failed.
WARNING: [youtube] Unable to download API page: HTTP Error 400: Bad Request (caused by <HTTPError 400: Bad Request>)
WARNING: [youtube] [jsc] Remote components challenge solver script (deno) and NPM package (deno) were skipped. These may be required to solve JS challenges. You can enable these downloads with  --remote-components ejs:github  (recommended) or  --remote-components ejs:npm , respectively. For more information and alternatives, refer to  https://github.com/yt-dlp/yt-dlp/wiki/EJS
WARNING: [youtube] mPPJTkX7UaQ: n challenge solving failed: Some formats may be missing. Ensure you have a supported JavaScript runtime and challenge solver script distribution installed. Review any warnings presented before this message. For more details, refer to  https://github.com/yt-dlp/yt-dlp/wiki/EJS
WARNING: [youtube] YouTube said: ERROR - Precondition check failed.
WARNING: [youtube] HTTP Error 400: Bad Request. Retrying (1/3)...
WARNING: [youtube] YouTube said: ERROR - Precondition check failed.
WARNING: [youtube] HTTP Error 400: Bad Request. Retrying (2/3)...
WARNING: [youtube] YouTube said: ERROR - Precondition check failed.
WARNING: [youtube] HTTP Error 400: Bad Request. Retrying (3/3)...
WARNING: [youtube] YouTube said: ERROR - Precondition check failed.
WARNING: [youtube] Unable to download API page: HTTP Error 400: Bad Request (caused by <HTTPError 400: Bad Request>)
WARNING: [youtube] [jsc] Remote components challenge solver script (deno) and NPM package (deno) were skipped. These may be required to solve JS challenges. You can enable these downloads with  --remote-components ejs:github  (recommended) or  --remote-components ejs:npm , respectively. For more information and alternatives, refer to  https://github.com/yt-dlp/yt-dlp/wiki/EJS
WARNING: [youtube] lnaqpPdVNOQ: n challenge solving failed: Some formats may be missing. Ensure you have a supported JavaScript runtime and challenge solver script distribution installed. Review any warnings presented before this message. For more details, refer to  https://github.com/yt-dlp/yt-dlp/wiki/EJS
[泛科學] 完成

[泛科學院] 抓取中...
WARNING: [youtube] YouTube said: ERROR - Precondition check failed.
WARNING: [youtube] HTTP Error 400: Bad Request. Retrying (1/3)...
WARNING: [youtube] YouTube said: ERROR - Precondition check failed.
WARNING: [youtube] HTTP Error 400: Bad Request. Retrying (2/3)...
WARNING: [youtube] YouTube said: ERROR - Precondition check failed.
WARNING: [youtube] HTTP Error 400: Bad Request. Retrying (3/3)...
WARNING: [youtube] YouTube said: ERROR - Precondition check failed.
WARNING: [youtube] Unable to download API page: HTTP Error 400: Bad Request (caused by <HTTPError 400: Bad Request>)
WARNING: [youtube] [jsc] Remote components challenge solver script (deno) and NPM package (deno) were skipped. These may be required to solve JS challenges. You can enable these downloads with  --remote-components ejs:github  (recommended) or  --remote-components ejs:npm , respectively. For more information and alternatives, refer to  https://github.com/yt-dlp/yt-dlp/wiki/EJS
WARNING: [youtube] USeF28ryZpY: n challenge solving failed: Some formats may be missing. Ensure you have a supported JavaScript runtime and challenge solver script distribution installed. Review any warnings presented before this message. For more details, refer to  https://github.com/yt-dlp/yt-dlp/wiki/EJS
WARNING: The extractor specified to use impersonation for this download, but no impersonate target is available. If you encounter errors, then see  https://github.com/yt-dlp/yt-dlp#impersonation  for information on installing the required dependencies
WARNING: [youtube] YouTube said: ERROR - Precondition check failed.
WARNING: [youtube] HTTP Error 400: Bad Request. Retrying (1/3)...
WARNING: [youtube] YouTube said: ERROR - Precondition check failed.
WARNING: [youtube] HTTP Error 400: Bad Request. Retrying (2/3)...
WARNING: [youtube] YouTube said: ERROR - Precondition check failed.
WARNING: [youtube] HTTP Error 400: Bad Request. Retrying (3/3)...
WARNING: [youtube] YouTube said: ERROR - Precondition check failed.
WARNING: [youtube] Unable to download API page: HTTP Error 400: Bad Request (caused by <HTTPError 400: Bad Request>)
WARNING: [youtube] [jsc] Remote components challenge solver script (deno) and NPM package (deno) were skipped. These may be required to solve JS challenges. You can enable these downloads with  --remote-components ejs:github  (recommended) or  --remote-components ejs:npm , respectively. For more information and alternatives, refer to  https://github.com/yt-dlp/yt-dlp/wiki/EJS
WARNING: [youtube] Q0Z-qLZK89w: n challenge solving failed: Some formats may be missing. Ensure you have a supported JavaScript runtime and challenge solver script distribution installed. Review any warnings presented before this message. For more details, refer to  https://github.com/yt-dlp/yt-dlp/wiki/EJS
WARNING: [youtube] YouTube said: ERROR - Precondition check failed.
WARNING: [youtube] HTTP Error 400: Bad Request. Retrying (1/3)...
WARNING: [youtube] YouTube said: ERROR - Precondition check failed.
WARNING: [youtube] HTTP Error 400: Bad Request. Retrying (2/3)...
WARNING: [youtube] YouTube said: ERROR - Precondition check failed.
WARNING: [youtube] HTTP Error 400: Bad Request. Retrying (3/3)...
WARNING: [youtube] YouTube said: ERROR - Precondition check failed.
WARNING: [youtube] Unable to download API page: HTTP Error 400: Bad Request (caused by <HTTPError 400: Bad Request>)
WARNING: [youtube] [jsc] Remote components challenge solver script (deno) and NPM package (deno) were skipped. These may be required to solve JS challenges. You can enable these downloads with  --remote-components ejs:github  (recommended) or  --remote-components ejs:npm , respectively. For more information and alternatives, refer to  https://github.com/yt-dlp/yt-dlp/wiki/EJS
WARNING: [youtube] CKy5MvG5lIc: n challenge solving failed: Some formats may be missing. Ensure you have a supported JavaScript runtime and challenge solver script distribution installed. Review any warnings presented before this message. For more details, refer to  https://github.com/yt-dlp/yt-dlp/wiki/EJS
WARNING: The extractor specified to use impersonation for this download, but no impersonate target is available. If you encounter errors, then see  https://github.com/yt-dlp/yt-dlp#impersonation  for information on installing the required dependencies
WARNING: [youtube] YouTube said: ERROR - Precondition check failed.
WARNING: [youtube] HTTP Error 400: Bad Request. Retrying (1/3)...
WARNING: [youtube] YouTube said: ERROR - Precondition check failed.
WARNING: [youtube] HTTP Error 400: Bad Request. Retrying (2/3)...
WARNING: [youtube] YouTube said: ERROR - Precondition check failed.
WARNING: [youtube] HTTP Error 400: Bad Request. Retrying (3/3)...
WARNING: [youtube] YouTube said: ERROR - Precondition check failed.
WARNING: [youtube] Unable to download API page: HTTP Error 400: Bad Request (caused by <HTTPError 400: Bad Request>)
WARNING: [youtube] [jsc] Remote components challenge solver script (deno) and NPM package (deno) were skipped. These may be required to solve JS challenges. You can enable these downloads with  --remote-components ejs:github  (recommended) or  --remote-components ejs:npm , respectively. For more information and alternatives, refer to  https://github.com/yt-dlp/yt-dlp/wiki/EJS
WARNING: [youtube] UWFXWNm7mo0: n challenge solving failed: Some formats may be missing. Ensure you have a supported JavaScript runtime and challenge solver script distribution installed. Review any warnings presented before this message. For more details, refer to  https://github.com/yt-dlp/yt-dlp/wiki/EJS
WARNING: The extractor specified to use impersonation for this download, but no impersonate target is available. If you encounter errors, then see  https://github.com/yt-dlp/yt-dlp#impersonation  for information on installing the required dependencies
WARNING: [youtube] YouTube said: ERROR - Precondition check failed.
WARNING: [youtube] HTTP Error 400: Bad Request. Retrying (1/3)...
WARNING: [youtube] YouTube said: ERROR - Precondition check failed.
WARNING: [youtube] HTTP Error 400: Bad Request. Retrying (2/3)...
WARNING: [youtube] YouTube said: ERROR - Precondition check failed.
WARNING: [youtube] HTTP Error 400: Bad Request. Retrying (3/3)...
WARNING: [youtube] YouTube said: ERROR - Precondition check failed.
WARNING: [youtube] Unable to download API page: HTTP Error 400: Bad Request (caused by <HTTPError 400: Bad Request>)
WARNING: [youtube] [jsc] Remote components challenge solver script (deno) and NPM package (deno) were skipped. These may be required to solve JS challenges. You can enable these downloads with  --remote-components ejs:github  (recommended) or  --remote-components ejs:npm , respectively. For more information and alternatives, refer to  https://github.com/yt-dlp/yt-dlp/wiki/EJS
WARNING: [youtube] XgYIG_5rDKw: n challenge solving failed: Some formats may be missing. Ensure you have a supported JavaScript runtime and challenge solver script distribution installed. Review any warnings presented before this message. For more details, refer to  https://github.com/yt-dlp/yt-dlp/wiki/EJS
WARNING: The extractor specified to use impersonation for this download, but no impersonate target is available. If you encounter errors, then see  https://github.com/yt-dlp/yt-dlp#impersonation  for information on installing the required dependencies
[泛科學院] 完成

============================================================
爬蟲完成 2026-03-11 11:08:05
============================================================
============================================================
YouTube 專家知識庫爬蟲 2026-03-11 15:37:23
============================================================

[阿銘師x針還傳] 抓取中...
WARNING: [youtube] YouTube said: ERROR - Precondition check failed.
WARNING: [youtube] HTTP Error 400: Bad Request. Retrying (1/3)...
WARNING: [youtube] YouTube said: ERROR - Precondition check failed.
WARNING: [youtube] HTTP Error 400: Bad Request. Retrying (2/3)...
WARNING: [youtube] YouTube said: ERROR - Precondition check failed.
WARNING: [youtube] HTTP Error 400: Bad Request. Retrying (3/3)...
WARNING: [youtube] YouTube said: ERROR - Precondition check failed.
WARNING: [youtube] Unable to download API page: HTTP Error 400: Bad Request (caused by <HTTPError 400: Bad Request>)
WARNING: [youtube] [jsc] Remote components challenge solver script (deno) and NPM package (deno) were skipped. These may be required to solve JS challenges. You can enable these downloads with  --remote-components ejs:github  (recommended) or  --remote-components ejs:npm , respectively. For more information and alternatives, refer to  https://github.com/yt-dlp/yt-dlp/wiki/EJS
WARNING: [youtube] I5bwVUmF974: n challenge solving failed: Some formats may be missing. Ensure you have a supported JavaScript runtime and challenge solver script distribution installed. Review any warnings presented before this message. For more details, refer to  https://github.com/yt-dlp/yt-dlp/wiki/EJS
WARNING: [youtube] YouTube said: ERROR - Precondition check failed.
WARNING: [youtube] HTTP Error 400: Bad Request. Retrying (1/3)...
WARNING: [youtube] YouTube said: ERROR - Precondition check failed.
WARNING: [youtube] HTTP Error 400: Bad Request. Retrying (2/3)...
WARNING: [youtube] YouTube said: ERROR - Precondition check failed.
WARNING: [youtube] HTTP Error 400: Bad Request. Retrying (3/3)...
WARNING: [youtube] YouTube said: ERROR - Precondition check failed.
WARNING: [youtube] Unable to download API page: HTTP Error 400: Bad Request (caused by <HTTPError 400: Bad Request>)
WARNING: [youtube] [jsc] Remote components challenge solver script (deno) and NPM package (deno) were skipped. These may be required to solve JS challenges. You can enable these downloads with  --remote-components ejs:github  (recommended) or  --remote-components ejs:npm , respectively. For more information and alternatives, refer to  https://github.com/yt-dlp/yt-dlp/wiki/EJS
WARNING: [youtube] FqXdZpn2fbM: n challenge solving failed: Some formats may be missing. Ensure you have a supported JavaScript runtime and challenge solver script distribution installed. Review any warnings presented before this message. For more details, refer to  https://github.com/yt-dlp/yt-dlp/wiki/EJS
WARNING: [youtube] YouTube said: ERROR - Precondition check failed.
WARNING: [youtube] HTTP Error 400: Bad Request. Retrying (1/3)...
WARNING: [youtube] YouTube said: ERROR - Precondition check failed.
WARNING: [youtube] HTTP Error 400: Bad Request. Retrying (2/3)...
WARNING: [youtube] YouTube said: ERROR - Precondition check failed.
WARNING: [youtube] HTTP Error 400: Bad Request. Retrying (3/3)...
WARNING: [youtube] YouTube said: ERROR - Precondition check failed.
WARNING: [youtube] Unable to download API page: HTTP Error 400: Bad Request (caused by <HTTPError 400: Bad Request>)
WARNING: [youtube] [jsc] Remote components challenge solver script (deno) and NPM package (deno) were skipped. These may be required to solve JS challenges. You can enable these downloads with  --remote-components ejs:github  (recommended) or  --remote-components ejs:npm , respectively. For more information and alternatives, refer to  https://github.com/yt-dlp/yt-dlp/wiki/EJS
WARNING: [youtube] EsG7n04uNaw: n challenge solving failed: Some formats may be missing. Ensure you have a supported JavaScript runtime and challenge solver script distribution installed. Review any warnings presented before this message. For more details, refer to  https://github.com/yt-dlp/yt-dlp/wiki/EJS
WARNING: [youtube] YouTube said: ERROR - Precondition check failed.
WARNING: [youtube] HTTP Error 400: Bad Request. Retrying (1/3)...
WARNING: [youtube] YouTube said: ERROR - Precondition check failed.
WARNING: [youtube] HTTP Error 400: Bad Request. Retrying (2/3)...
WARNING: [youtube] YouTube said: ERROR - Precondition check failed.
WARNING: [youtube] HTTP Error 400: Bad Request. Retrying (3/3)...
WARNING: [youtube] YouTube said: ERROR - Precondition check failed.
WARNING: [youtube] Unable to download API page: HTTP Error 400: Bad Request (caused by <HTTPError 400: Bad Request>)
WARNING: [youtube] [jsc] Remote components challenge solver script (deno) and NPM package (deno) were skipped. These may be required to solve JS challenges. You can enable these downloads with  --remote-components ejs:github  (recommended) or  --remote-components ejs:npm , respectively. For more information and alternatives, refer to  https://github.com/yt-dlp/yt-dlp/wiki/EJS
WARNING: [youtube] V3B2UOcmaFc: n challenge solving failed: Some formats may be missing. Ensure you have a supported JavaScript runtime and challenge solver script distribution installed. Review any warnings presented before this message. For more details, refer to  https://github.com/yt-dlp/yt-dlp/wiki/EJS
WARNING: [youtube] YouTube said: ERROR - Precondition check failed.
WARNING: [youtube] HTTP Error 400: Bad Request. Retrying (1/3)...
WARNING: [youtube] YouTube said: ERROR - Precondition check failed.
WARNING: [youtube] HTTP Error 400: Bad Request. Retrying (2/3)...
WARNING: [youtube] YouTube said: ERROR - Precondition check failed.
WARNING: [youtube] HTTP Error 400: Bad Request. Retrying (3/3)...
WARNING: [youtube] YouTube said: ERROR - Precondition check failed.
WARNING: [youtube] Unable to download API page: HTTP Error 400: Bad Request (caused by <HTTPError 400: Bad Request>)
WARNING: [youtube] [jsc] Remote components challenge solver script (deno) and NPM package (deno) were skipped. These may be required to solve JS challenges. You can enable these downloads with  --remote-components ejs:github  (recommended) or  --remote-components ejs:npm , respectively. For more information and alternatives, refer to  https://github.com/yt-dlp/yt-dlp/wiki/EJS
WARNING: [youtube] rFwmOcWHQUc: n challenge solving failed: Some formats may be missing. Ensure you have a supported JavaScript runtime and challenge solver script distribution installed. Review any warnings presented before this message. For more details, refer to  https://github.com/yt-dlp/yt-dlp/wiki/EJS
[阿銘師x針還傳] 完成

[胡乃文開示] 抓取中...
WARNING: [youtube] YouTube said: ERROR - Precondition check failed.
WARNING: [youtube] HTTP Error 400: Bad Request. Retrying (1/3)...
WARNING: [youtube] YouTube said: ERROR - Precondition check failed.
WARNING: [youtube] HTTP Error 400: Bad Request. Retrying (2/3)...
WARNING: [youtube] YouTube said: ERROR - Precondition check failed.
WARNING: [youtube] HTTP Error 400: Bad Request. Retrying (3/3)...
WARNING: [youtube] YouTube said: ERROR - Precondition check failed.
WARNING: [youtube] Unable to download API page: HTTP Error 400: Bad Request (caused by <HTTPError 400: Bad Request>)
ERROR: [youtube] fFDJcicBBPA: Join this channel to get access to members-only content like this video, and other exclusive perks.
WARNING: [youtube] YouTube said: ERROR - Precondition check failed.
WARNING: [youtube] HTTP Error 400: Bad Request. Retrying (1/3)...
WARNING: [youtube] YouTube said: ERROR - Precondition check failed.
WARNING: [youtube] HTTP Error 400: Bad Request. Retrying (2/3)...
WARNING: [youtube] YouTube said: ERROR - Precondition check failed.
WARNING: [youtube] HTTP Error 400: Bad Request. Retrying (3/3)...
WARNING: [youtube] YouTube said: ERROR - Precondition check failed.
WARNING: [youtube] Unable to download API page: HTTP Error 400: Bad Request (caused by <HTTPError 400: Bad Request>)
WARNING: [youtube] [jsc] Remote components challenge solver script (deno) and NPM package (deno) were skipped. These may be required to solve JS challenges. You can enable these downloads with  --remote-components ejs:github  (recommended) or  --remote-components ejs:npm , respectively. For more information and alternatives, refer to  https://github.com/yt-dlp/yt-dlp/wiki/EJS
WARNING: [youtube] pJIkdmDhXrI: n challenge solving failed: Some formats may be missing. Ensure you have a supported JavaScript runtime and challenge solver script distribution installed. Review any warnings presented before this message. For more details, refer to  https://github.com/yt-dlp/yt-dlp/wiki/EJS
WARNING: The extractor specified to use impersonation for this download, but no impersonate target is available. If you encounter errors, then see  https://github.com/yt-dlp/yt-dlp#impersonation  for information on installing the required dependencies
WARNING: The extractor specified to use impersonation for this download, but no impersonate target is available. If you encounter errors, then see  https://github.com/yt-dlp/yt-dlp#impersonation  for information on installing the required dependencies
WARNING: [youtube] YouTube said: ERROR - Precondition check failed.
WARNING: [youtube] HTTP Error 400: Bad Request. Retrying (1/3)...
WARNING: [youtube] YouTube said: ERROR - Precondition check failed.
WARNING: [youtube] HTTP Error 400: Bad Request. Retrying (2/3)...
WARNING: [youtube] YouTube said: ERROR - Precondition check failed.
WARNING: [youtube] HTTP Error 400: Bad Request. Retrying (3/3)...
WARNING: [youtube] YouTube said: ERROR - Precondition check failed.
WARNING: [youtube] Unable to download API page: HTTP Error 400: Bad Request (caused by <HTTPError 400: Bad Request>)
ERROR: [youtube] YiV3krI8Uo8: Join this channel to get access to members-only content like this video, and other exclusive perks.
WARNING: [youtube] YouTube said: ERROR - Precondition check failed.
WARNING: [youtube] HTTP Error 400: Bad Request. Retrying (1/3)...
WARNING: [youtube] YouTube said: ERROR - Precondition check failed.
WARNING: [youtube] HTTP Error 400: Bad Request. Retrying (2/3)...
WARNING: [youtube] YouTube said: ERROR - Precondition check failed.
WARNING: [youtube] HTTP Error 400: Bad Request. Retrying (3/3)...
WARNING: [youtube] YouTube said: ERROR - Precondition check failed.
WARNING: [youtube] Unable to download API page: HTTP Error 400: Bad Request (caused by <HTTPError 400: Bad Request>)
WARNING: [youtube] [jsc] Remote components challenge solver script (deno) and NPM package (deno) were skipped. These may be required to solve JS challenges. You can enable these downloads with  --remote-components ejs:github  (recommended) or  --remote-components ejs:npm , respectively. For more information and alternatives, refer to  https://github.com/yt-dlp/yt-dlp/wiki/EJS
WARNING: [youtube] NCBVYnsCpCw: n challenge solving failed: Some formats may be missing. Ensure you have a supported JavaScript runtime and challenge solver script distribution installed. Review any warnings presented before this message. For more details, refer to  https://github.com/yt-dlp/yt-dlp/wiki/EJS
WARNING: The extractor specified to use impersonation for this download, but no impersonate target is available. If you encounter errors, then see  https://github.com/yt-dlp/yt-dlp#impersonation  for information on installing the required dependencies
WARNING: The extractor specified to use impersonation for this download, but no impersonate target is available. If you encounter errors, then see  https://github.com/yt-dlp/yt-dlp#impersonation  for information on installing the required dependencies
WARNING: [youtube] YouTube said: ERROR - Precondition check failed.
WARNING: [youtube] HTTP Error 400: Bad Request. Retrying (1/3)...
WARNING: [youtube] YouTube said: ERROR - Precondition check failed.
WARNING: [youtube] HTTP Error 400: Bad Request. Retrying (2/3)...
WARNING: [youtube] YouTube said: ERROR - Precondition check failed.
WARNING: [youtube] HTTP Error 400: Bad Request. Retrying (3/3)...
WARNING: [youtube] YouTube said: ERROR - Precondition check failed.
WARNING: [youtube] Unable to download API page: HTTP Error 400: Bad Request (caused by <HTTPError 400: Bad Request>)
ERROR: [youtube] IueYJNnZSJU: Join this channel to get access to members-only content like this video, and other exclusive perks.
[胡乃文開示] 完成

[柏格醫生中文] 抓取中...
WARNING: [youtube] YouTube said: ERROR - Precondition check failed.
WARNING: [youtube] HTTP Error 400: Bad Request. Retrying (1/3)...
WARNING: [youtube] YouTube said: ERROR - Precondition check failed.
WARNING: [youtube] HTTP Error 400: Bad Request. Retrying (2/3)...
WARNING: [youtube] YouTube said: ERROR - Precondition check failed.
WARNING: [youtube] HTTP Error 400: Bad Request. Retrying (3/3)...
WARNING: [youtube] YouTube said: ERROR - Precondition check failed.
WARNING: [youtube] Unable to download API page: HTTP Error 400: Bad Request (caused by <HTTPError 400: Bad Request>)
WARNING: [youtube] [jsc] Remote components challenge solver script (deno) and NPM package (deno) were skipped. These may be required to solve JS challenges. You can enable these downloads with  --remote-components ejs:github  (recommended) or  --remote-components ejs:npm , respectively. For more information and alternatives, refer to  https://github.com/yt-dlp/yt-dlp/wiki/EJS
WARNING: [youtube] UV9jNiKlFtA: n challenge solving failed: Some formats may be missing. Ensure you have a supported JavaScript runtime and challenge solver script distribution installed. Review any warnings presented before this message. For more details, refer to  https://github.com/yt-dlp/yt-dlp/wiki/EJS
WARNING: The extractor specified to use impersonation for this download, but no impersonate target is available. If you encounter errors, then see  https://github.com/yt-dlp/yt-dlp#impersonation  for information on installing the required dependencies
WARNING: [youtube] YouTube said: ERROR - Precondition check failed.
WARNING: [youtube] HTTP Error 400: Bad Request. Retrying (1/3)...
WARNING: [youtube] YouTube said: ERROR - Precondition check failed.
WARNING: [youtube] HTTP Error 400: Bad Request. Retrying (2/3)...
WARNING: [youtube] YouTube said: ERROR - Precondition check failed.
WARNING: [youtube] HTTP Error 400: Bad Request. Retrying (3/3)...
WARNING: [youtube] YouTube said: ERROR - Precondition check failed.
WARNING: [youtube] Unable to download API page: HTTP Error 400: Bad Request (caused by <HTTPError 400: Bad Request>)
WARNING: [youtube] [jsc] Remote components challenge solver script (deno) and NPM package (deno) were skipped. These may be required to solve JS challenges. You can enable these downloads with  --remote-components ejs:github  (recommended) or  --remote-components ejs:npm , respectively. For more information and alternatives, refer to  https://github.com/yt-dlp/yt-dlp/wiki/EJS
WARNING: [youtube] pmMseV_vSdE: n challenge solving failed: Some formats may be missing. Ensure you have a supported JavaScript runtime and challenge solver script distribution installed. Review any warnings presented before this message. For more details, refer to  https://github.com/yt-dlp/yt-dlp/wiki/EJS
WARNING: The extractor specified to use impersonation for this download, but no impersonate target is available. If you encounter errors, then see  https://github.com/yt-dlp/yt-dlp#impersonation  for information on installing the required dependencies
WARNING: [youtube] YouTube said: ERROR - Precondition check failed.
WARNING: [youtube] HTTP Error 400: Bad Request. Retrying (1/3)...
WARNING: [youtube] YouTube said: ERROR - Precondition check failed.
WARNING: [youtube] HTTP Error 400: Bad Request. Retrying (2/3)...
WARNING: [youtube] YouTube said: ERROR - Precondition check failed.
WARNING: [youtube] HTTP Error 400: Bad Request. Retrying (3/3)...
WARNING: [youtube] YouTube said: ERROR - Precondition check failed.
WARNING: [youtube] Unable to download API page: HTTP Error 400: Bad Request (caused by <HTTPError 400: Bad Request>)
WARNING: [youtube] [jsc] Remote components challenge solver script (deno) and NPM package (deno) were skipped. These may be required to solve JS challenges. You can enable these downloads with  --remote-components ejs:github  (recommended) or  --remote-components ejs:npm , respectively. For more information and alternatives, refer to  https://github.com/yt-dlp/yt-dlp/wiki/EJS
WARNING: [youtube] eYeGlBF2Wjw: n challenge solving failed: Some formats may be missing. Ensure you have a supported JavaScript runtime and challenge solver script distribution installed. Review any warnings presented before this message. For more details, refer to  https://github.com/yt-dlp/yt-dlp/wiki/EJS
WARNING: The extractor specified to use impersonation for this download, but no impersonate target is available. If you encounter errors, then see  https://github.com/yt-dlp/yt-dlp#impersonation  for information on installing the required dependencies
WARNING: [youtube] YouTube said: ERROR - Precondition check failed.
WARNING: [youtube] HTTP Error 400: Bad Request. Retrying (1/3)...
WARNING: [youtube] YouTube said: ERROR - Precondition check failed.
WARNING: [youtube] HTTP Error 400: Bad Request. Retrying (2/3)...
WARNING: [youtube] YouTube said: ERROR - Precondition check failed.
WARNING: [youtube] HTTP Error 400: Bad Request. Retrying (3/3)...
WARNING: [youtube] YouTube said: ERROR - Precondition check failed.
WARNING: [youtube] Unable to download API page: HTTP Error 400: Bad Request (caused by <HTTPError 400: Bad Request>)
WARNING: [youtube] [jsc] Remote components challenge solver script (deno) and NPM package (deno) were skipped. These may be required to solve JS challenges. You can enable these downloads with  --remote-components ejs:github  (recommended) or  --remote-components ejs:npm , respectively. For more information and alternatives, refer to  https://github.com/yt-dlp/yt-dlp/wiki/EJS
WARNING: [youtube] DxsVhmGtLh0: n challenge solving failed: Some formats may be missing. Ensure you have a supported JavaScript runtime and challenge solver script distribution installed. Review any warnings presented before this message. For more details, refer to  https://github.com/yt-dlp/yt-dlp/wiki/EJS
WARNING: The extractor specified to use impersonation for this download, but no impersonate target is available. If you encounter errors, then see  https://github.com/yt-dlp/yt-dlp#impersonation  for information on installing the required dependencies
WARNING: [youtube] YouTube said: ERROR - Precondition check failed.
WARNING: [youtube] HTTP Error 400: Bad Request. Retrying (1/3)...
WARNING: [youtube] YouTube said: ERROR - Precondition check failed.
WARNING: [youtube] HTTP Error 400: Bad Request. Retrying (2/3)...
WARNING: [youtube] YouTube said: ERROR - Precondition check failed.
WARNING: [youtube] HTTP Error 400: Bad Request. Retrying (3/3)...
WARNING: [youtube] YouTube said: ERROR - Precondition check failed.
WARNING: [youtube] Unable to download API page: HTTP Error 400: Bad Request (caused by <HTTPError 400: Bad Request>)
WARNING: [youtube] [jsc] Remote components challenge solver script (deno) and NPM package (deno) were skipped. These may be required to solve JS challenges. You can enable these downloads with  --remote-components ejs:github  (recommended) or  --remote-components ejs:npm , respectively. For more information and alternatives, refer to  https://github.com/yt-dlp/yt-dlp/wiki/EJS
WARNING: [youtube] qF6PA3X6yzA: n challenge solving failed: Some formats may be missing. Ensure you have a supported JavaScript runtime and challenge solver script distribution installed. Review any warnings presented before this message. For more details, refer to  https://github.com/yt-dlp/yt-dlp/wiki/EJS
WARNING: The extractor specified to use impersonation for this download, but no impersonate target is available. If you encounter errors, then see  https://github.com/yt-dlp/yt-dlp#impersonation  for information on installing the required dependencies
[柏格醫生中文] 完成

[周慕姿放心說] 抓取中...
WARNING: [youtube] YouTube said: ERROR - Precondition check failed.
WARNING: [youtube] HTTP Error 400: Bad Request. Retrying (1/3)...
WARNING: [youtube] YouTube said: ERROR - Precondition check failed.
WARNING: [youtube] HTTP Error 400: Bad Request. Retrying (2/3)...
WARNING: [youtube] YouTube said: ERROR - Precondition check failed.
WARNING: [youtube] HTTP Error 400: Bad Request. Retrying (3/3)...
WARNING: [youtube] YouTube said: ERROR - Precondition check failed.
WARNING: [youtube] Unable to download API page: HTTP Error 400: Bad Request (caused by <HTTPError 400: Bad Request>)
WARNING: [youtube] [jsc] Remote components challenge solver script (deno) and NPM package (deno) were skipped. These may be required to solve JS challenges. You can enable these downloads with  --remote-components ejs:github  (recommended) or  --remote-components ejs:npm , respectively. For more information and alternatives, refer to  https://github.com/yt-dlp/yt-dlp/wiki/EJS
WARNING: [youtube] dopimy0ZR68: n challenge solving failed: Some formats may be missing. Ensure you have a supported JavaScript runtime and challenge solver script distribution installed. Review any warnings presented before this message. For more details, refer to  https://github.com/yt-dlp/yt-dlp/wiki/EJS
WARNING: The extractor specified to use impersonation for this download, but no impersonate target is available. If you encounter errors, then see  https://github.com/yt-dlp/yt-dlp#impersonation  for information on installing the required dependencies
WARNING: [youtube] YouTube said: ERROR - Precondition check failed.
WARNING: [youtube] HTTP Error 400: Bad Request. Retrying (1/3)...
WARNING: [youtube] YouTube said: ERROR - Precondition check failed.
WARNING: [youtube] HTTP Error 400: Bad Request. Retrying (2/3)...
WARNING: [youtube] YouTube said: ERROR - Precondition check failed.
WARNING: [youtube] HTTP Error 400: Bad Request. Retrying (3/3)...
WARNING: [youtube] YouTube said: ERROR - Precondition check failed.
WARNING: [youtube] Unable to download API page: HTTP Error 400: Bad Request (caused by <HTTPError 400: Bad Request>)
WARNING: [youtube] [jsc] Remote components challenge solver script (deno) and NPM package (deno) were skipped. These may be required to solve JS challenges. You can enable these downloads with  --remote-components ejs:github  (recommended) or  --remote-components ejs:npm , respectively. For more information and alternatives, refer to  https://github.com/yt-dlp/yt-dlp/wiki/EJS
WARNING: [youtube] tfYISuF-C7w: Signature solving failed: Some formats may be missing. Ensure you have a supported JavaScript runtime and challenge solver script distribution installed. Review any warnings presented before this message. For more details, refer to  https://github.com/yt-dlp/yt-dlp/wiki/EJS
WARNING: [youtube] tfYISuF-C7w: n challenge solving failed: Some formats may be missing. Ensure you have a supported JavaScript runtime and challenge solver script distribution installed. Review any warnings presented before this message. For more details, refer to  https://github.com/yt-dlp/yt-dlp/wiki/EJS
WARNING: The extractor specified to use impersonation for this download, but no impersonate target is available. If you encounter errors, then see  https://github.com/yt-dlp/yt-dlp#impersonation  for information on installing the required dependencies
WARNING: [youtube] YouTube said: ERROR - Precondition check failed.
WARNING: [youtube] HTTP Error 400: Bad Request. Retrying (1/3)...
WARNING: [youtube] YouTube said: ERROR - Precondition check failed.
WARNING: [youtube] HTTP Error 400: Bad Request. Retrying (2/3)...
WARNING: [youtube] YouTube said: ERROR - Precondition check failed.
WARNING: [youtube] HTTP Error 400: Bad Request. Retrying (3/3)...
WARNING: [youtube] YouTube said: ERROR - Precondition check failed.
WARNING: [youtube] Unable to download API page: HTTP Error 400: Bad Request (caused by <HTTPError 400: Bad Request>)
WARNING: [youtube] [jsc] Remote components challenge solver script (deno) and NPM package (deno) were skipped. These may be required to solve JS challenges. You can enable these downloads with  --remote-components ejs:github  (recommended) or  --remote-components ejs:npm , respectively. For more information and alternatives, refer to  https://github.com/yt-dlp/yt-dlp/wiki/EJS
WARNING: [youtube] AgunHVtO-yQ: Signature solving failed: Some formats may be missing. Ensure you have a supported JavaScript runtime and challenge solver script distribution installed. Review any warnings presented before this message. For more details, refer to  https://github.com/yt-dlp/yt-dlp/wiki/EJS
WARNING: [youtube] AgunHVtO-yQ: n challenge solving failed: Some formats may be missing. Ensure you have a supported JavaScript runtime and challenge solver script distribution installed. Review any warnings presented before this message. For more details, refer to  https://github.com/yt-dlp/yt-dlp/wiki/EJS
WARNING: The extractor specified to use impersonation for this download, but no impersonate target is available. If you encounter errors, then see  https://github.com/yt-dlp/yt-dlp#impersonation  for information on installing the required dependencies
WARNING: [youtube] YouTube said: ERROR - Precondition check failed.
WARNING: [youtube] HTTP Error 400: Bad Request. Retrying (1/3)...
WARNING: [youtube] YouTube said: ERROR - Precondition check failed.
WARNING: [youtube] HTTP Error 400: Bad Request. Retrying (2/3)...
WARNING: [youtube] YouTube said: ERROR - Precondition check failed.
WARNING: [youtube] HTTP Error 400: Bad Request. Retrying (3/3)...
WARNING: [youtube] YouTube said: ERROR - Precondition check failed.
WARNING: [youtube] Unable to download API page: HTTP Error 400: Bad Request (caused by <HTTPError 400: Bad Request>)
WARNING: [youtube] [jsc] Remote components challenge solver script (deno) and NPM package (deno) were skipped. These may be required to solve JS challenges. You can enable these downloads with  --remote-components ejs:github  (recommended) or  --remote-components ejs:npm , respectively. For more information and alternatives, refer to  https://github.com/yt-dlp/yt-dlp/wiki/EJS
WARNING: [youtube] TAS2KfYAKJI: Signature solving failed: Some formats may be missing. Ensure you have a supported JavaScript runtime and challenge solver script distribution installed. Review any warnings presented before this message. For more details, refer to  https://github.com/yt-dlp/yt-dlp/wiki/EJS
WARNING: [youtube] TAS2KfYAKJI: n challenge solving failed: Some formats may be missing. Ensure you have a supported JavaScript runtime and challenge solver script distribution installed. Review any warnings presented before this message. For more details, refer to  https://github.com/yt-dlp/yt-dlp/wiki/EJS
WARNING: The extractor specified to use impersonation for this download, but no impersonate target is available. If you encounter errors, then see  https://github.com/yt-dlp/yt-dlp#impersonation  for information on installing the required dependencies
WARNING: [youtube] YouTube said: ERROR - Precondition check failed.
WARNING: [youtube] HTTP Error 400: Bad Request. Retrying (1/3)...
WARNING: [youtube] YouTube said: ERROR - Precondition check failed.
WARNING: [youtube] HTTP Error 400: Bad Request. Retrying (2/3)...
WARNING: [youtube] YouTube said: ERROR - Precondition check failed.
WARNING: [youtube] HTTP Error 400: Bad Request. Retrying (3/3)...
WARNING: [youtube] YouTube said: ERROR - Precondition check failed.
WARNING: [youtube] Unable to download API page: HTTP Error 400: Bad Request (caused by <HTTPError 400: Bad Request>)
WARNING: [youtube] [jsc] Remote components challenge solver script (deno) and NPM package (deno) were skipped. These may be required to solve JS challenges. You can enable these downloads with  --remote-components ejs:github  (recommended) or  --remote-components ejs:npm , respectively. For more information and alternatives, refer to  https://github.com/yt-dlp/yt-dlp/wiki/EJS
WARNING: [youtube] t4IjQjGLTK4: n challenge solving failed: Some formats may be missing. Ensure you have a supported JavaScript runtime and challenge solver script distribution installed. Review any warnings presented before this message. For more details, refer to  https://github.com/yt-dlp/yt-dlp/wiki/EJS
WARNING: The extractor specified to use impersonation for this download, but no impersonate target is available. If you encounter errors, then see  https://github.com/yt-dlp/yt-dlp#impersonation  for information on installing the required dependencies
[周慕姿放心說] 完成

[松明講心理] 抓取中...
WARNING: [youtube] YouTube said: ERROR - Precondition check failed.
WARNING: [youtube] HTTP Error 400: Bad Request. Retrying (1/3)...
WARNING: [youtube] YouTube said: ERROR - Precondition check failed.
WARNING: [youtube] HTTP Error 400: Bad Request. Retrying (2/3)...
WARNING: [youtube] YouTube said: ERROR - Precondition check failed.
WARNING: [youtube] HTTP Error 400: Bad Request. Retrying (3/3)...
WARNING: [youtube] YouTube said: ERROR - Precondition check failed.
WARNING: [youtube] Unable to download API page: HTTP Error 400: Bad Request (caused by <HTTPError 400: Bad Request>)
WARNING: [youtube] [jsc] Remote components challenge solver script (deno) and NPM package (deno) were skipped. These may be required to solve JS challenges. You can enable these downloads with  --remote-components ejs:github  (recommended) or  --remote-components ejs:npm , respectively. For more information and alternatives, refer to  https://github.com/yt-dlp/yt-dlp/wiki/EJS
WARNING: [youtube] RPy3Jp66yrQ: n challenge solving failed: Some formats may be missing. Ensure you have a supported JavaScript runtime and challenge solver script distribution installed. Review any warnings presented before this message. For more details, refer to  https://github.com/yt-dlp/yt-dlp/wiki/EJS
WARNING: [youtube] YouTube said: ERROR - Precondition check failed.
WARNING: [youtube] HTTP Error 400: Bad Request. Retrying (1/3)...
WARNING: [youtube] YouTube said: ERROR - Precondition check failed.
WARNING: [youtube] HTTP Error 400: Bad Request. Retrying (2/3)...
WARNING: [youtube] YouTube said: ERROR - Precondition check failed.
WARNING: [youtube] HTTP Error 400: Bad Request. Retrying (3/3)...
WARNING: [youtube] YouTube said: ERROR - Precondition check failed.
WARNING: [youtube] Unable to download API page: HTTP Error 400: Bad Request (caused by <HTTPError 400: Bad Request>)
WARNING: [youtube] [jsc] Remote components challenge solver script (deno) and NPM package (deno) were skipped. These may be required to solve JS challenges. You can enable these downloads with  --remote-components ejs:github  (recommended) or  --remote-components ejs:npm , respectively. For more information and alternatives, refer to  https://github.com/yt-dlp/yt-dlp/wiki/EJS
WARNING: [youtube] vlYfxR33_V0: n challenge solving failed: Some formats may be missing. Ensure you have a supported JavaScript runtime and challenge solver script distribution installed. Review any warnings presented before this message. For more details, refer to  https://github.com/yt-dlp/yt-dlp/wiki/EJS
WARNING: [youtube] YouTube said: ERROR - Precondition check failed.
WARNING: [youtube] HTTP Error 400: Bad Request. Retrying (1/3)...
WARNING: [youtube] YouTube said: ERROR - Precondition check failed.
WARNING: [youtube] HTTP Error 400: Bad Request. Retrying (2/3)...
WARNING: [youtube] YouTube said: ERROR - Precondition check failed.
WARNING: [youtube] HTTP Error 400: Bad Request. Retrying (3/3)...
WARNING: [youtube] YouTube said: ERROR - Precondition check failed.
WARNING: [youtube] Unable to download API page: HTTP Error 400: Bad Request (caused by <HTTPError 400: Bad Request>)
WARNING: [youtube] [jsc] Remote components challenge solver script (deno) and NPM package (deno) were skipped. These may be required to solve JS challenges. You can enable these downloads with  --remote-components ejs:github  (recommended) or  --remote-components ejs:npm , respectively. For more information and alternatives, refer to  https://github.com/yt-dlp/yt-dlp/wiki/EJS
WARNING: [youtube] fwA81LGZhq8: n challenge solving failed: Some formats may be missing. Ensure you have a supported JavaScript runtime and challenge solver script distribution installed. Review any warnings presented before this message. For more details, refer to  https://github.com/yt-dlp/yt-dlp/wiki/EJS
WARNING: [youtube] YouTube said: ERROR - Precondition check failed.
WARNING: [youtube] HTTP Error 400: Bad Request. Retrying (1/3)...
WARNING: [youtube] YouTube said: ERROR - Precondition check failed.
WARNING: [youtube] HTTP Error 400: Bad Request. Retrying (2/3)...
WARNING: [youtube] YouTube said: ERROR - Precondition check failed.
WARNING: [youtube] HTTP Error 400: Bad Request. Retrying (3/3)...
WARNING: [youtube] YouTube said: ERROR - Precondition check failed.
WARNING: [youtube] Unable to download API page: HTTP Error 400: Bad Request (caused by <HTTPError 400: Bad Request>)
WARNING: [youtube] [jsc] Remote components challenge solver script (deno) and NPM package (deno) were skipped. These may be required to solve JS challenges. You can enable these downloads with  --remote-components ejs:github  (recommended) or  --remote-components ejs:npm , respectively. For more information and alternatives, refer to  https://github.com/yt-dlp/yt-dlp/wiki/EJS
WARNING: [youtube] GTp9YHXVK7k: n challenge solving failed: Some formats may be missing. Ensure you have a supported JavaScript runtime and challenge solver script distribution installed. Review any warnings presented before this message. For more details, refer to  https://github.com/yt-dlp/yt-dlp/wiki/EJS
WARNING: [youtube] YouTube said: ERROR - Precondition check failed.
WARNING: [youtube] HTTP Error 400: Bad Request. Retrying (1/3)...
WARNING: [youtube] YouTube said: ERROR - Precondition check failed.
WARNING: [youtube] HTTP Error 400: Bad Request. Retrying (2/3)...
WARNING: [youtube] YouTube said: ERROR - Precondition check failed.
WARNING: [youtube] HTTP Error 400: Bad Request. Retrying (3/3)...
WARNING: [youtube] YouTube said: ERROR - Precondition check failed.
WARNING: [youtube] Unable to download API page: HTTP Error 400: Bad Request (caused by <HTTPError 400: Bad Request>)
WARNING: [youtube] CWAnuIXtrSk: Some android_vr client https formats have been skipped as they are missing a URL. YouTube may have enabled the SABR-only streaming experiment for the current session. See  https://github.com/yt-dlp/yt-dlp/issues/12482  for more details
WARNING: [youtube] [jsc] Remote components challenge solver script (deno) and NPM package (deno) were skipped. These may be required to solve JS challenges. You can enable these downloads with  --remote-components ejs:github  (recommended) or  --remote-components ejs:npm , respectively. For more information and alternatives, refer to  https://github.com/yt-dlp/yt-dlp/wiki/EJS
WARNING: [youtube] CWAnuIXtrSk: n challenge solving failed: Some formats may be missing. Ensure you have a supported JavaScript runtime and challenge solver script distribution installed. Review any warnings presented before this message. For more details, refer to  https://github.com/yt-dlp/yt-dlp/wiki/EJS
[松明講心理] 完成

[Dr.Harvey不廢話] 抓取中...
[Dr.Harvey不廢話] 完成

[初日醫學] 抓取中...
WARNING: [youtube] YouTube said: ERROR - Precondition check failed.
WARNING: [youtube] HTTP Error 400: Bad Request. Retrying (1/3)...
WARNING: [youtube] YouTube said: ERROR - Precondition check failed.
WARNING: [youtube] HTTP Error 400: Bad Request. Retrying (2/3)...
WARNING: [youtube] YouTube said: ERROR - Precondition check failed.
WARNING: [youtube] HTTP Error 400: Bad Request. Retrying (3/3)...
WARNING: [youtube] YouTube said: ERROR - Precondition check failed.
WARNING: [youtube] Unable to download API page: HTTP Error 400: Bad Request (caused by <HTTPError 400: Bad Request>)
WARNING: [youtube] [jsc] Remote components challenge solver script (deno) and NPM package (deno) were skipped. These may be required to solve JS challenges. You can enable these downloads with  --remote-components ejs:github  (recommended) or  --remote-components ejs:npm , respectively. For more information and alternatives, refer to  https://github.com/yt-dlp/yt-dlp/wiki/EJS
WARNING: [youtube] zS-pLp3C908: n challenge solving failed: Some formats may be missing. Ensure you have a supported JavaScript runtime and challenge solver script distribution installed. Review any warnings presented before this message. For more details, refer to  https://github.com/yt-dlp/yt-dlp/wiki/EJS
WARNING: The extractor specified to use impersonation for this download, but no impersonate target is available. If you encounter errors, then see  https://github.com/yt-dlp/yt-dlp#impersonation  for information on installing the required dependencies
WARNING: [youtube] YouTube said: ERROR - Precondition check failed.
WARNING: [youtube] HTTP Error 400: Bad Request. Retrying (1/3)...
WARNING: [youtube] YouTube said: ERROR - Precondition check failed.
WARNING: [youtube] HTTP Error 400: Bad Request. Retrying (2/3)...
WARNING: [youtube] YouTube said: ERROR - Precondition check failed.
WARNING: [youtube] HTTP Error 400: Bad Request. Retrying (3/3)...
WARNING: [youtube] YouTube said: ERROR - Precondition check failed.
WARNING: [youtube] Unable to download API page: HTTP Error 400: Bad Request (caused by <HTTPError 400: Bad Request>)
ERROR: [youtube] HmTm3gkL-p0: Join this channel to get access to members-only content like this video, and other exclusive perks.
WARNING: [youtube] YouTube said: ERROR - Precondition check failed.
WARNING: [youtube] HTTP Error 400: Bad Request. Retrying (1/3)...
WARNING: [youtube] YouTube said: ERROR - Precondition check failed.
WARNING: [youtube] HTTP Error 400: Bad Request. Retrying (2/3)...
WARNING: [youtube] YouTube said: ERROR - Precondition check failed.
WARNING: [youtube] HTTP Error 400: Bad Request. Retrying (3/3)...
WARNING: [youtube] YouTube said: ERROR - Precondition check failed.
WARNING: [youtube] Unable to download API page: HTTP Error 400: Bad Request (caused by <HTTPError 400: Bad Request>)
WARNING: [youtube] [jsc] Remote components challenge solver script (deno) and NPM package (deno) were skipped. These may be required to solve JS challenges. You can enable these downloads with  --remote-components ejs:github  (recommended) or  --remote-components ejs:npm , respectively. For more information and alternatives, refer to  https://github.com/yt-dlp/yt-dlp/wiki/EJS
WARNING: [youtube] X2eh_AlgM68: n challenge solving failed: Some formats may be missing. Ensure you have a supported JavaScript runtime and challenge solver script distribution installed. Review any warnings presented before this message. For more details, refer to  https://github.com/yt-dlp/yt-dlp/wiki/EJS
WARNING: The extractor specified to use impersonation for this download, but no impersonate target is available. If you encounter errors, then see  https://github.com/yt-dlp/yt-dlp#impersonation  for information on installing the required dependencies
WARNING: [youtube] YouTube said: ERROR - Precondition check failed.
WARNING: [youtube] HTTP Error 400: Bad Request. Retrying (1/3)...
WARNING: [youtube] YouTube said: ERROR - Precondition check failed.
WARNING: [youtube] HTTP Error 400: Bad Request. Retrying (2/3)...
WARNING: [youtube] YouTube said: ERROR - Precondition check failed.
WARNING: [youtube] HTTP Error 400: Bad Request. Retrying (3/3)...
WARNING: [youtube] YouTube said: ERROR - Precondition check failed.
WARNING: [youtube] Unable to download API page: HTTP Error 400: Bad Request (caused by <HTTPError 400: Bad Request>)
WARNING: [youtube] [jsc] Remote components challenge solver script (deno) and NPM package (deno) were skipped. These may be required to solve JS challenges. You can enable these downloads with  --remote-components ejs:github  (recommended) or  --remote-components ejs:npm , respectively. For more information and alternatives, refer to  https://github.com/yt-dlp/yt-dlp/wiki/EJS
WARNING: [youtube] Kw58w6QAo18: n challenge solving failed: Some formats may be missing. Ensure you have a supported JavaScript runtime and challenge solver script distribution installed. Review any warnings presented before this message. For more details, refer to  https://github.com/yt-dlp/yt-dlp/wiki/EJS
WARNING: The extractor specified to use impersonation for this download, but no impersonate target is available. If you encounter errors, then see  https://github.com/yt-dlp/yt-dlp#impersonation  for information on installing the required dependencies
WARNING: [youtube] YouTube said: ERROR - Precondition check failed.
WARNING: [youtube] HTTP Error 400: Bad Request. Retrying (1/3)...
WARNING: [youtube] YouTube said: ERROR - Precondition check failed.
WARNING: [youtube] HTTP Error 400: Bad Request. Retrying (2/3)...
WARNING: [youtube] YouTube said: ERROR - Precondition check failed.
WARNING: [youtube] HTTP Error 400: Bad Request. Retrying (3/3)...
WARNING: [youtube] YouTube said: ERROR - Precondition check failed.
WARNING: [youtube] Unable to download API page: HTTP Error 400: Bad Request (caused by <HTTPError 400: Bad Request>)
WARNING: [youtube] [jsc] Remote components challenge solver script (deno) and NPM package (deno) were skipped. These may be required to solve JS challenges. You can enable these downloads with  --remote-components ejs:github  (recommended) or  --remote-components ejs:npm , respectively. For more information and alternatives, refer to  https://github.com/yt-dlp/yt-dlp/wiki/EJS
WARNING: [youtube] j_VO1naa1ds: n challenge solving failed: Some formats may be missing. Ensure you have a supported JavaScript runtime and challenge solver script distribution installed. Review any warnings presented before this message. For more details, refer to  https://github.com/yt-dlp/yt-dlp/wiki/EJS
WARNING: The extractor specified to use impersonation for this download, but no impersonate target is available. If you encounter errors, then see  https://github.com/yt-dlp/yt-dlp#impersonation  for information on installing the required dependencies
[初日醫學] 完成

[泛科學] 抓取中...
WARNING: [youtube] YouTube said: ERROR - Precondition check failed.
WARNING: [youtube] HTTP Error 400: Bad Request. Retrying (1/3)...
WARNING: [youtube] YouTube said: ERROR - Precondition check failed.
WARNING: [youtube] HTTP Error 400: Bad Request. Retrying (2/3)...
WARNING: [youtube] YouTube said: ERROR - Precondition check failed.
WARNING: [youtube] HTTP Error 400: Bad Request. Retrying (3/3)...
WARNING: [youtube] YouTube said: ERROR - Precondition check failed.
WARNING: [youtube] Unable to download API page: HTTP Error 400: Bad Request (caused by <HTTPError 400: Bad Request>)
WARNING: [youtube] [jsc] Remote components challenge solver script (deno) and NPM package (deno) were skipped. These may be required to solve JS challenges. You can enable these downloads with  --remote-components ejs:github  (recommended) or  --remote-components ejs:npm , respectively. For more information and alternatives, refer to  https://github.com/yt-dlp/yt-dlp/wiki/EJS
WARNING: [youtube] CrgDc5244-s: n challenge solving failed: Some formats may be missing. Ensure you have a supported JavaScript runtime and challenge solver script distribution installed. Review any warnings presented before this message. For more details, refer to  https://github.com/yt-dlp/yt-dlp/wiki/EJS
WARNING: [youtube] YouTube said: ERROR - Precondition check failed.
WARNING: [youtube] HTTP Error 400: Bad Request. Retrying (1/3)...
WARNING: [youtube] YouTube said: ERROR - Precondition check failed.
WARNING: [youtube] HTTP Error 400: Bad Request. Retrying (2/3)...
WARNING: [youtube] YouTube said: ERROR - Precondition check failed.
WARNING: [youtube] HTTP Error 400: Bad Request. Retrying (3/3)...
WARNING: [youtube] YouTube said: ERROR - Precondition check failed.
WARNING: [youtube] Unable to download API page: HTTP Error 400: Bad Request (caused by <HTTPError 400: Bad Request>)
WARNING: [youtube] [jsc] Remote components challenge solver script (deno) and NPM package (deno) were skipped. These may be required to solve JS challenges. You can enable these downloads with  --remote-components ejs:github  (recommended) or  --remote-components ejs:npm , respectively. For more information and alternatives, refer to  https://github.com/yt-dlp/yt-dlp/wiki/EJS
WARNING: [youtube] 6_bxpEIQTwQ: n challenge solving failed: Some formats may be missing. Ensure you have a supported JavaScript runtime and challenge solver script distribution installed. Review any warnings presented before this message. For more details, refer to  https://github.com/yt-dlp/yt-dlp/wiki/EJS
WARNING: [youtube] YouTube said: ERROR - Precondition check failed.
WARNING: [youtube] HTTP Error 400: Bad Request. Retrying (1/3)...
WARNING: [youtube] YouTube said: ERROR - Precondition check failed.
WARNING: [youtube] HTTP Error 400: Bad Request. Retrying (2/3)...
WARNING: [youtube] YouTube said: ERROR - Precondition check failed.
WARNING: [youtube] HTTP Error 400: Bad Request. Retrying (3/3)...
WARNING: [youtube] YouTube said: ERROR - Precondition check failed.
WARNING: [youtube] Unable to download API page: HTTP Error 400: Bad Request (caused by <HTTPError 400: Bad Request>)
WARNING: [youtube] [jsc] Remote components challenge solver script (deno) and NPM package (deno) were skipped. These may be required to solve JS challenges. You can enable these downloads with  --remote-components ejs:github  (recommended) or  --remote-components ejs:npm , respectively. For more information and alternatives, refer to  https://github.com/yt-dlp/yt-dlp/wiki/EJS
WARNING: [youtube] YOBq5qUmF-k: n challenge solving failed: Some formats may be missing. Ensure you have a supported JavaScript runtime and challenge solver script distribution installed. Review any warnings presented before this message. For more details, refer to  https://github.com/yt-dlp/yt-dlp/wiki/EJS
WARNING: [youtube] YouTube said: ERROR - Precondition check failed.
WARNING: [youtube] HTTP Error 400: Bad Request. Retrying (1/3)...
WARNING: [youtube] YouTube said: ERROR - Precondition check failed.
WARNING: [youtube] HTTP Error 400: Bad Request. Retrying (2/3)...
WARNING: [youtube] YouTube said: ERROR - Precondition check failed.
WARNING: [youtube] HTTP Error 400: Bad Request. Retrying (3/3)...
WARNING: [youtube] YouTube said: ERROR - Precondition check failed.
WARNING: [youtube] Unable to download API page: HTTP Error 400: Bad Request (caused by <HTTPError 400: Bad Request>)
WARNING: [youtube] [jsc] Remote components challenge solver script (deno) and NPM package (deno) were skipped. These may be required to solve JS challenges. You can enable these downloads with  --remote-components ejs:github  (recommended) or  --remote-components ejs:npm , respectively. For more information and alternatives, refer to  https://github.com/yt-dlp/yt-dlp/wiki/EJS
WARNING: [youtube] mPPJTkX7UaQ: n challenge solving failed: Some formats may be missing. Ensure you have a supported JavaScript runtime and challenge solver script distribution installed. Review any warnings presented before this message. For more details, refer to  https://github.com/yt-dlp/yt-dlp/wiki/EJS
WARNING: [youtube] YouTube said: ERROR - Precondition check failed.
WARNING: [youtube] HTTP Error 400: Bad Request. Retrying (1/3)...
WARNING: [youtube] YouTube said: ERROR - Precondition check failed.
WARNING: [youtube] HTTP Error 400: Bad Request. Retrying (2/3)...
WARNING: [youtube] YouTube said: ERROR - Precondition check failed.
WARNING: [youtube] HTTP Error 400: Bad Request. Retrying (3/3)...
WARNING: [youtube] YouTube said: ERROR - Precondition check failed.
WARNING: [youtube] Unable to download API page: HTTP Error 400: Bad Request (caused by <HTTPError 400: Bad Request>)
WARNING: [youtube] [jsc] Remote components challenge solver script (deno) and NPM package (deno) were skipped. These may be required to solve JS challenges. You can enable these downloads with  --remote-components ejs:github  (recommended) or  --remote-components ejs:npm , respectively. For more information and alternatives, refer to  https://github.com/yt-dlp/yt-dlp/wiki/EJS
WARNING: [youtube] lnaqpPdVNOQ: n challenge solving failed: Some formats may be missing. Ensure you have a supported JavaScript runtime and challenge solver script distribution installed. Review any warnings presented before this message. For more details, refer to  https://github.com/yt-dlp/yt-dlp/wiki/EJS
[泛科學] 完成

[泛科學院] 抓取中...
WARNING: [youtube] YouTube said: ERROR - Precondition check failed.
WARNING: [youtube] HTTP Error 400: Bad Request. Retrying (1/3)...
WARNING: [youtube] YouTube said: ERROR - Precondition check failed.
WARNING: [youtube] HTTP Error 400: Bad Request. Retrying (2/3)...
WARNING: [youtube] YouTube said: ERROR - Precondition check failed.
WARNING: [youtube] HTTP Error 400: Bad Request. Retrying (3/3)...
WARNING: [youtube] YouTube said: ERROR - Precondition check failed.
WARNING: [youtube] Unable to download API page: HTTP Error 400: Bad Request (caused by <HTTPError 400: Bad Request>)
WARNING: [youtube] [jsc] Remote components challenge solver script (deno) and NPM package (deno) were skipped. These may be required to solve JS challenges. You can enable these downloads with  --remote-components ejs:github  (recommended) or  --remote-components ejs:npm , respectively. For more information and alternatives, refer to  https://github.com/yt-dlp/yt-dlp/wiki/EJS
WARNING: [youtube] USeF28ryZpY: n challenge solving failed: Some formats may be missing. Ensure you have a supported JavaScript runtime and challenge solver script distribution installed. Review any warnings presented before this message. For more details, refer to  https://github.com/yt-dlp/yt-dlp/wiki/EJS
WARNING: The extractor specified to use impersonation for this download, but no impersonate target is available. If you encounter errors, then see  https://github.com/yt-dlp/yt-dlp#impersonation  for information on installing the required dependencies
WARNING: [youtube] YouTube said: ERROR - Precondition check failed.
WARNING: [youtube] HTTP Error 400: Bad Request. Retrying (1/3)...
WARNING: [youtube] YouTube said: ERROR - Precondition check failed.
WARNING: [youtube] HTTP Error 400: Bad Request. Retrying (2/3)...
WARNING: [youtube] YouTube said: ERROR - Precondition check failed.
WARNING: [youtube] HTTP Error 400: Bad Request. Retrying (3/3)...
WARNING: [youtube] YouTube said: ERROR - Precondition check failed.
WARNING: [youtube] Unable to download API page: HTTP Error 400: Bad Request (caused by <HTTPError 400: Bad Request>)
WARNING: [youtube] [jsc] Remote components challenge solver script (deno) and NPM package (deno) were skipped. These may be required to solve JS challenges. You can enable these downloads with  --remote-components ejs:github  (recommended) or  --remote-components ejs:npm , respectively. For more information and alternatives, refer to  https://github.com/yt-dlp/yt-dlp/wiki/EJS
WARNING: [youtube] Q0Z-qLZK89w: n challenge solving failed: Some formats may be missing. Ensure you have a supported JavaScript runtime and challenge solver script distribution installed. Review any warnings presented before this message. For more details, refer to  https://github.com/yt-dlp/yt-dlp/wiki/EJS
WARNING: [youtube] YouTube said: ERROR - Precondition check failed.
WARNING: [youtube] HTTP Error 400: Bad Request. Retrying (1/3)...
WARNING: [youtube] YouTube said: ERROR - Precondition check failed.
WARNING: [youtube] HTTP Error 400: Bad Request. Retrying (2/3)...
WARNING: [youtube] YouTube said: ERROR - Precondition check failed.
WARNING: [youtube] HTTP Error 400: Bad Request. Retrying (3/3)...
WARNING: [youtube] YouTube said: ERROR - Precondition check failed.
WARNING: [youtube] Unable to download API page: HTTP Error 400: Bad Request (caused by <HTTPError 400: Bad Request>)
WARNING: [youtube] [jsc] Remote components challenge solver script (deno) and NPM package (deno) were skipped. These may be required to solve JS challenges. You can enable these downloads with  --remote-components ejs:github  (recommended) or  --remote-components ejs:npm , respectively. For more information and alternatives, refer to  https://github.com/yt-dlp/yt-dlp/wiki/EJS
WARNING: [youtube] CKy5MvG5lIc: n challenge solving failed: Some formats may be missing. Ensure you have a supported JavaScript runtime and challenge solver script distribution installed. Review any warnings presented before this message. For more details, refer to  https://github.com/yt-dlp/yt-dlp/wiki/EJS
WARNING: The extractor specified to use impersonation for this download, but no impersonate target is available. If you encounter errors, then see  https://github.com/yt-dlp/yt-dlp#impersonation  for information on installing the required dependencies
WARNING: [youtube] YouTube said: ERROR - Precondition check failed.
WARNING: [youtube] HTTP Error 400: Bad Request. Retrying (1/3)...
WARNING: [youtube] YouTube said: ERROR - Precondition check failed.
WARNING: [youtube] HTTP Error 400: Bad Request. Retrying (2/3)...
WARNING: [youtube] YouTube said: ERROR - Precondition check failed.
WARNING: [youtube] HTTP Error 400: Bad Request. Retrying (3/3)...
WARNING: [youtube] YouTube said: ERROR - Precondition check failed.
WARNING: [youtube] Unable to download API page: HTTP Error 400: Bad Request (caused by <HTTPError 400: Bad Request>)
WARNING: [youtube] [jsc] Remote components challenge solver script (deno) and NPM package (deno) were skipped. These may be required to solve JS challenges. You can enable these downloads with  --remote-components ejs:github  (recommended) or  --remote-components ejs:npm , respectively. For more information and alternatives, refer to  https://github.com/yt-dlp/yt-dlp/wiki/EJS
WARNING: [youtube] UWFXWNm7mo0: n challenge solving failed: Some formats may be missing. Ensure you have a supported JavaScript runtime and challenge solver script distribution installed. Review any warnings presented before this message. For more details, refer to  https://github.com/yt-dlp/yt-dlp/wiki/EJS
WARNING: The extractor specified to use impersonation for this download, but no impersonate target is available. If you encounter errors, then see  https://github.com/yt-dlp/yt-dlp#impersonation  for information on installing the required dependencies
WARNING: [youtube] YouTube said: ERROR - Precondition check failed.
WARNING: [youtube] HTTP Error 400: Bad Request. Retrying (1/3)...
WARNING: [youtube] YouTube said: ERROR - Precondition check failed.
WARNING: [youtube] HTTP Error 400: Bad Request. Retrying (2/3)...
WARNING: [youtube] YouTube said: ERROR - Precondition check failed.
WARNING: [youtube] HTTP Error 400: Bad Request. Retrying (3/3)...
WARNING: [youtube] YouTube said: ERROR - Precondition check failed.
WARNING: [youtube] Unable to download API page: HTTP Error 400: Bad Request (caused by <HTTPError 400: Bad Request>)
WARNING: [youtube] [jsc] Remote components challenge solver script (deno) and NPM package (deno) were skipped. These may be required to solve JS challenges. You can enable these downloads with  --remote-components ejs:github  (recommended) or  --remote-components ejs:npm , respectively. For more information and alternatives, refer to  https://github.com/yt-dlp/yt-dlp/wiki/EJS
WARNING: [youtube] XgYIG_5rDKw: n challenge solving failed: Some formats may be missing. Ensure you have a supported JavaScript runtime and challenge solver script distribution installed. Review any warnings presented before this message. For more details, refer to  https://github.com/yt-dlp/yt-dlp/wiki/EJS
WARNING: The extractor specified to use impersonation for this download, but no impersonate target is available. If you encounter errors, then see  https://github.com/yt-dlp/yt-dlp#impersonation  for information on installing the required dependencies
[泛科學院] 完成

============================================================
爬蟲完成 2026-03-11 15:40:10
============================================================
============================================================
YouTube 專家知識庫爬蟲 2026-03-12 06:00:00
============================================================

[阿銘師x針還傳] 抓取中...
[阿銘師x針還傳] 完成

[胡乃文開示] 抓取中...
[胡乃文開示] 完成

[柏格醫生中文] 抓取中...
[柏格醫生中文] 完成

[周慕姿放心說] 抓取中...
[周慕姿放心說] 完成

[松明講心理] 抓取中...
[松明講心理] 完成

[Dr.Harvey不廢話] 抓取中...
[Dr.Harvey不廢話] 完成

[初日醫學] 抓取中...
[初日醫學] 完成

[泛科學] 抓取中...
[泛科學] 完成

[泛科學院] 抓取中...
[泛科學院] 完成

============================================================
爬蟲完成 2026-03-12 06:00:00
============================================================
============================================================
YouTube 專家知識庫爬蟲 2026-03-12 06:00:01
============================================================

[阿銘師x針還傳] 抓取中...
[阿銘師x針還傳] 完成

[胡乃文開示] 抓取中...
[胡乃文開示] 完成

[柏格醫生中文] 抓取中...
[柏格醫生中文] 完成

[周慕姿放心說] 抓取中...
[周慕姿放心說] 完成

[松明講心理] 抓取中...
[松明講心理] 完成

[Dr.Harvey不廢話] 抓取中...
[Dr.Harvey不廢話] 完成

[初日醫學] 抓取中...
[初日醫學] 完成

[泛科學] 抓取中...
[泛科學] 完成

[泛科學院] 抓取中...
[泛科學院] 完成

============================================================
爬蟲完成 2026-03-12 06:00:01
============================================================
============================================================
YouTube 專家知識庫爬蟲 2026-03-13 06:00:00
============================================================

[阿銘師x針還傳] 抓取中...
[阿銘師x針還傳] 完成

[胡乃文開示] 抓取中...
[胡乃文開示] 完成

[柏格醫生中文] 抓取中...
[柏格醫生中文] 完成

[周慕姿放心說] 抓取中...
[周慕姿放心說] 完成

[松明講心理] 抓取中...
[松明講心理] 完成

[Dr.Harvey不廢話] 抓取中...
[Dr.Harvey不廢話] 完成

[初日醫學] 抓取中...
[初日醫學] 完成

[泛科學] 抓取中...
[泛科學] 完成

[泛科學院] 抓取中...
[泛科學院] 完成

============================================================
爬蟲完成 2026-03-13 06:00:00
============================================================
============================================================
YouTube 專家知識庫爬蟲 2026-03-13 06:00:05
============================================================

[阿銘師x針還傳] 抓取中...
[阿銘師x針還傳] 完成

[胡乃文開示] 抓取中...
[胡乃文開示] 完成

[柏格醫生中文] 抓取中...
[柏格醫生中文] 完成

[周慕姿放心說] 抓取中...
[周慕姿放心說] 完成

[松明講心理] 抓取中...
[松明講心理] 完成

[Dr.Harvey不廢話] 抓取中...
[Dr.Harvey不廢話] 完成

[初日醫學] 抓取中...
[初日醫學] 完成

[泛科學] 抓取中...
[泛科學] 完成

[泛科學院] 抓取中...
[泛科學院] 完成

============================================================
爬蟲完成 2026-03-13 06:00:05
============================================================
============================================================
🚀 知識庫爬蟲（kd subtitles 專用）- 20:05:48
============================================================

📺 [5/9] 松明讲心理
  🔄 If you awaken, even fate will ... ❌
  🔄 Why do so many women, despite ... ✅ (3044字)
  🔄 Depression is a slow betrayal ... ❌
  🔄 愛操心的人，其實最孤單！#人生 #心理學 #煩惱 #認知 #... ❌
  🔄 Learn to make choices so your ... ❌
  📊 松明讲心理: 1✅ 4❌
  📊 總計: 成功:1 失敗:4

============================================================
✅ 完成! 時間: 20:07:30
============================================================
=== Loop started at Thu Mar 26 20:24:54 CST 2026 ===
============================================================
🚀 知識庫爬蟲（kd subtitles 專用）- 20:24:54
============================================================

📺 [9/9] 泛科學院
  🔄 公開Gemini 3.1 Pro 六大功能！不是工程師也能寫... ❌
  🔄 [2026 Best AI Subscription Gui... ❌
  🔄 Stop using AI to copy and past... ❌
  🔄 5 AI features specifically des... ✅ (3719字)
  🔄 Gemini's latest update unleash... ✅ (3394字)
  🔄 Gemini gets an epic update! Na... ✅ (5089字)
  🔄 Gemini's new feature is amazin... ✅ (3658字)
  🔄 [AI Teaching Notes | YouTube C... ❌
  📊 泛科學院: 4✅ 4❌
  📊 總計: 成功:4 失敗:4

============================================================
✅ 完成! 時間: 20:26:22
============================================================
>>> Round done at Thu Mar 26 20:26:22 CST 2026. last_channel_index=0
============================================================
🚀 知識庫爬蟲（kd subtitles 專用）- 20:26:25
============================================================

📺 [1/9] 胡乃文开播
  🔄 地瓜葉菊花茶讓濕疹好得快，但你吃對了嗎？她雙腿癢2個月竟是肝... ❌
  🔄 不讓醫師演戲真的太可惜！喝這1杯花茶，血壓穩下來，眼睛不花了... ❌
  🔄 血壓總是早上5點-8點高，吃降血壓藥也不管用怎麼辦？｜胡乃文... ❌
  🔄 有脂肪肝別恐慌！喝這1杯讓罹癌率暴跌40%，拍拍小腿這裡，疏... ✅ (9763字)
  🔄 💖粉絲問什麼？胡太太逗趣提問，胡醫師親解答！胡乃文開講會員專... ❌
  🔄 謝金燕也受困胃食道逆流！醫傳授2穴止酸水。避開5種口味，吃2... ✅ (11474字)
  🔄 {沒看到太可惜！醫師爆笑模仿蔣部長，全場笑翻｜胡乃文開講會員... ❌
  🔄 沒關係慢慢來，今年一起把健康顧回來！血壓飆高?1穴降血壓解胸... ✅ (10896字)
  🔄 它是最強蛋白質，比雞肉牛肉更好！但這2種別狂吃，會掉髮腹瀉。... ✅ (10155字)
  🔄 { 會員Q&A } 急救時先別亂按！極泉穴、人中穴，其實很多... ❌
  🔄 肉桂補命門之火！她這樣喝咖啡4個月血糖回到正常。天氣冷關節就... ✅ (10036字)
  🔄 濕冷＋強風吹增猝死率！這1種手腳冰冷恐是心肌梗塞前兆！3部位... ✅ (10500字)
  🔄 番茄這樣吃抗6種癌！3吃法穩血壓茄紅素翻倍，3種人不宜吃。這... ✅ (9315字)
  🔄 關於食用油對膽結石和便秘的問題｜胡乃文開講會員專屬7 ❌
  🔄 快戒！2習慣害血糖暴衝、脂肪肝。人體 2個降糖穴。1種無糖飲... ✅ (11285字)
  📊 胡乃文开播: 8✅ 7❌
  📊 總計: 成功:8 失敗:7

============================================================
✅ 完成! 時間: 20:28:57
============================================================
>>> Round done at Thu Mar 26 20:28:57 CST 2026. last_channel_index=1
============================================================
🚀 知識庫爬蟲（kd subtitles 專用）- 20:29:00
============================================================

📺 [2/9] 柏格醫生中文
  🔄 乳化劑正毀壞你的腸道！藏在冰淇淋、沙拉醬、植物奶中，柏格醫生... ❌
  🔄 【柏格醫生】27個最強飲食秘訣！這樣吃營養吸收翻倍，改善健康... ❌
  🔄 輕斷食瘦身,生酮會燃燒脂肪,抑制食欲,不挨餓減肥,低碳,少吃... ❌
  🔄 癌症根本不是基因突變！柏格醫生：只要做對這30件事，從「粒線... ❌
  🔄 鎂怎麼吃才有效？氧化鎂 vs. 甘胺酸鎂大對決！吸收率竟差 ... ❌
  🔄 頭前傾2.5公分加重4.5公斤！柏格醫生教你每晚幾分鐘快速矯... ❌
  🔄 肝臟出問題導致半夜醒來？夜間血糖劇烈波動的真正原因與5大改善... ❌
  🔄 戒不掉糖、菸、色情、社媒？柏格醫生教你：NAC + 鎂 + ... ❌
  🔄 麵包真正毒物不是麩質！血糖暴衝、胰島素阻抗元兇曝光，戒掉後該... ❌
  🔄 高劑量維生素D會中毒？柏格醫生揭真相：每天1萬單位其實超安全... ❌
  🔄 【柏格醫生】27個最強飲食秘訣！這樣吃營養吸收翻倍，改善健康... ❌
  🔄 老人斑怎麼自然淡化？柏格醫生揭秘穀胱甘肽不足才是根本原因，1... ❌
  🔄 老花、白內障、青光眼、飛蚊症全能治？柏格醫生揭露真相 ❌
  🔄 如何徹底戒除A片成癮？科學恢復多巴胺，拯救性生活與感情 ❌
  🔄 失眠毀掉我生活!! 助睡眠和保健肝功能的營養,柏格醫生 Dr... ❌
  📊 柏格醫生中文: 0✅ 15❌
  📊 總計: 成功:0 失敗:15

============================================================
✅ 完成! 時間: 20:31:57
============================================================
>>> Round done at Thu Mar 26 20:31:57 CST 2026. last_channel_index=2
============================================================
🚀 知識庫爬蟲（kd subtitles 專用）- 20:32:00
============================================================

📺 [3/9] Dr.HuangAmin
  🔄 睡覺打呼！5個致命打鼾原因！舌肌力這樣練 feat.黃斌洋院... ❌
  🔄 你靠吃「某些食物」才想大便，不正常！？必吃3種食物養腸道！｜... ❌
  🔄 手抬不起來，竟跟腸胃有關？內臟卡卡，手也會被扯住！｜功操大全 ❌
  🔄 轉頭就痛！頸因性頭痛，真正的原因在手部！？｜功操大全 ❌
  🔄 骨盆前傾一招練回正臀！檢測你有沒有假翹臀！｜功操大全 ❌
  🔄 你的身體會替情緒說話？什麼是身心學？feat.趙耕樂身心療癒... ❌
  🔄 別再硬按！淋巴塞，痠痛來！帶你一起疏通淋巴｜功操大全 ❌
  🔄 烏龜頸，脖子前傾的真相！搞錯原因復健還是凸！｜功操大全 ❌
  🔄 床墊、枕頭選錯你就痛！睡姿問題一次解！｜功操大全 ❌
  🔄 常常聳肩！你的腸胃、鎖骨卡住肩！｜迷思破解 ❌
  🔄 身體失調！月經亂、變胖竟是身體太冷！？feat.內科李琪醫師... ❌
  🔄 膝蓋痛，關鍵在骨盆、腳底的影響！｜迷思破解 ❌
  🔄 圓肩，全因你手指沒力氣？｜迷思破解 ❌
  🔄 消水腫！先清除體內垃圾｜迷思破解 ❌
  🔄 顳顎關節卡住的真正原因！｜功操大全 ❌
  📊 Dr.HuangAmin: 0✅ 15❌
  📊 總計: 成功:0 失敗:15

============================================================
✅ 完成! 時間: 20:34:22
============================================================
>>> Round done at Thu Mar 26 20:34:22 CST 2026. last_channel_index=3
============================================================
🚀 知識庫爬蟲（kd subtitles 專用）- 20:34:25
============================================================

📺 [4/9] 周慕姿放心說
  🔄 你不是廢，是太焦慮！撕下懶惰標籤，接住卡住的自己｜Ft.李東... ❌
  🔄 【十分鐘心理學】越被期待越想逃，成功為什麼變成壓力？ ✅ (5867字)
  🔄 【十分鐘心理學】為什麼長輩總愛多管閒事？看懂他們背後的焦慮與... ✅ (5209字)
  🔄 【十分鐘心裡學】抱怨是情緒出口，還是內耗循環？ ✅ (5612字)
  🔄 被遺忘的記憶是保護還是傷害？家庭秘密對孩子的長遠影響｜Ft.... ✅ (14615字)
  🔄 【放心來信】把生涯當成RPG遊戲，用小目標重建自我效能感 ✅ (6100字)
  🔄 別再問 MBTI 會不會變，真正會變的是你在誰面前｜Ft.雪... ✅ (23167字)
  🔄 【十分鐘心理學】表現≠價值，重建自信最重要的是相信自己 ✅ (7839字)
  🔄 冷靜期＋發言規則，把衝突變成可討論的議題。｜Ft.大象體操 ... ✅ (18053字)
  🔄 【十分鐘心理學】與恐懼共處，把可控性找回來的 3 個做法 ✅ (5070字)
  🔄 太獨立的人，為什麼更難走進關係？｜Ft.鍾瑶 ✅ (20640字)
  📊 周慕姿放心說: 10✅ 1❌
  📊 總計: 成功:10 失敗:1

============================================================
✅ 完成! 時間: 20:36:40
============================================================
>>> Round done at Thu Mar 26 20:36:40 CST 2026. last_channel_index=4
============================================================
🚀 知識庫爬蟲（kd subtitles 專用）- 20:36:43
============================================================

📺 [5/9] 松明讲心理
  🔄 Depression is a slow betrayal ... ❌
  🔄 愛操心的人，其實最孤單！#人生 #心理學 #煩惱 #認知 #... ❌
  🔄 Learn to make choices so your ... ❌
  🔄 看清選擇背後的三大陷阱，做出更清晰的人生決策！#朋友 #人際... ❌
  🔄 The power of choice: Living yo... ❌
  🔄 Long-distance relationships ar... ❌
  🔄 內心強大到可怕的10種心境！#人生 #心理學 #煩惱 #認知... ❌
  🔄 當恨佔滿了心，親密就進不來！#情感 #愛情 #戀愛 #離婚 ... ❌
  🔄 3句話學會放下執著、停止內耗，走向內在的力量！#人生 #心理... ❌
  🔄 原諒出軌，是救贖還是折磨？#情感 #愛情 #戀愛 #離婚  ... ❌
  🔄 女人最該守住的三重分寸感！#情感 #愛情 #戀愛 #離婚  ... ❌
  🔄 Whether your employees are wor... ❌
  🔄 苦難生智慧「物極必反」的哲學！#人生 #心理學 #煩惱 #認... ❌
  🔄 直播課『從痛苦到療愈的心理課』 ✅ (14342字)
  🔄 How can you prevent "emotional... ✅ (2544字)
  📊 松明讲心理: 2✅ 13❌
  📊 總計: 成功:2 失敗:13

============================================================
✅ 完成! 時間: 20:39:05
============================================================
>>> Round done at Thu Mar 26 20:39:05 CST 2026. last_channel_index=5
============================================================
🚀 知識庫爬蟲（kd subtitles 專用）- 20:39:08
============================================================

📺 [6/9] 超真實商談
  🔄 How to order drinks like a pro... ✅ (12325字)
  🔄 聰明人為何最終表現平庸？矽谷創投 Vinod Khosla ... ✅ (20488字)
  🔄 Early Ripple Investor: The Era... ✅ (22187字)
  🔄 Start Before You're Ready | [R... ✅ (23473字)
  🔄 Why High Valuations Can Kill Y... ✅ (4276字)
  🔄 麥肯錫待 8 年是什麼體驗？前資深專案經理分享改變職涯的關鍵... ✅ (49306字)
  🔄 These are the qualities that v... ✅ (6196字)
  🔄 You founded the company, so wh... ✅ (5369字)
  🔄 公開職缺只是冰山一角？高階獵頭帶你看隱藏市場｜【超真實商談】... ✅ (17491字)
  🔄 初次見客戶，怎麼好好聊天？ ✅ (12731字)
  📊 超真實商談: 10✅ 0❌
  📊 總計: 成功:10 失敗:0

============================================================
✅ 完成! 時間: 20:41:11
============================================================
>>> Round done at Thu Mar 26 20:41:11 CST 2026. last_channel_index=6
============================================================
🚀 知識庫爬蟲（kd subtitles 專用）- 20:41:14
============================================================

📺 [7/9] Cofit211
  🔄 【頻道會員專屬】腦科學權威：你擁有「重塑大腦」的能力，人生隨... ❌
  🔄 這動作能緩解腰痠背痛？科學實證：真的有用｜初日診所 魏士航醫... ❌
  🔄 [Channel Member Exclusive] Inv... ❌
  🔄 Stop obsessing over 10,000 ste... ✅ (3775字)
  🔄 Is eating less white rice real... ✅ (4825字)
  🔄 [Women's Healing Room] Why doe... ✅ (6902字)
  🔄 [Channel Member Exclusive] Sta... ❌
  🔄 Stanford alcohol expert: Thirt... ✅ (4153字)
  🔄 Can cold noodles beat chicken ... ✅ (3776字)
  🔄 "Eat Less and Move More" Won't... ✅ (7817字)
  📊 Cofit211: 6✅ 4❌
  📊 總計: 成功:6 失敗:4

============================================================
✅ 完成! 時間: 20:43:06
============================================================
>>> Round done at Thu Mar 26 20:43:06 CST 2026. last_channel_index=7
============================================================
🚀 知識庫爬蟲（kd subtitles 專用）- 20:43:09
============================================================

📺 [8/9] 泛科學
  🔄 半小時泛科學新聞｜宇宙巨蛇、小紅點黑洞、太陽系超速、月球生鏽... ✅ (374字)
  🔄 Half-hour general science news... ✅ (431字)
  🔄 Who will gain the upper hand i... ✅ (5413字)
  🔄 Half-hour general science news... ✅ (356字)
  🔄 Half-Hour Pan-Science News | B... ✅ (423字)
  🔄 【泛科學NEWS EP46】這樣好嗎？用吃藥代替運動！植物毒... ✅ (8549字)
  🔄 [Science News EP45] Global war... ✅ (6479字)
  🔄 Bottlenecks in the biotech ind... ✅ (4621字)
  🔄 Breaking News! The Violent Sav... ✅ (6871字)
  🔄 Disassembling Musk's 2-nanomet... ✅ (4766字)
  📊 泛科學: 10✅ 0❌
  📊 總計: 成功:10 失敗:0

============================================================
✅ 完成! 時間: 20:45:18
============================================================
>>> Round done at Thu Mar 26 20:45:18 CST 2026. last_channel_index=8
============================================================
🚀 知識庫爬蟲（kd subtitles 專用）- 20:45:21
============================================================

📺 [9/9] 泛科學院
  🔄 公開Gemini 3.1 Pro 六大功能！不是工程師也能寫... ❌
  🔄 [2026 Best AI Subscription Gui... ❌
  🔄 Stop using AI to copy and past... ❌
  🔄 [AI Teaching Notes | YouTube C... ❌
  📊 泛科學院: 0✅ 4❌
  📊 總計: 成功:0 失敗:4

============================================================
✅ 完成! 時間: 20:46:07
============================================================
>>> Round done at Thu Mar 26 20:46:07 CST 2026. last_channel_index=0
============================================================
🚀 知識庫爬蟲（kd subtitles 專用）- 20:46:10
============================================================

📺 [1/9] 胡乃文开播
  🔄 不讓醫師演戲真的太可惜！喝這1杯花茶，血壓穩下來，眼睛不花了... ❌
  🔄 血壓總是早上5點-8點高，吃降血壓藥也不管用怎麼辦？｜胡乃文... ❌
  🔄 💖粉絲問什麼？胡太太逗趣提問，胡醫師親解答！胡乃文開講會員專... ❌
  🔄 {沒看到太可惜！醫師爆笑模仿蔣部長，全場笑翻｜胡乃文開講會員... ❌
  🔄 { 會員Q&A } 急救時先別亂按！極泉穴、人中穴，其實很多... ❌
  🔄 關於食用油對膽結石和便秘的問題｜胡乃文開講會員專屬7 ❌
  🔄 全齡視力修復術！70歲看小字不吃力，5穴救老花近視！做1動作... ✅ (10420字)
  🔄 翻轉糖尿病迷思！為什麼糖尿病反而要吃米飯才會好！3個簡單運動... ❌
  🔄 你天天傷腎卻不自知？這5大傷腎習慣，正在拖垮你的腎。每天按腰... ✅ (11082字)
  🔄 皮膚好、氣色佳！掌握銀髮穿扮術，出門就被誇健康。醫學級「呵哈... ❌
  📊 胡乃文开播: 2✅ 8❌
  📊 總計: 成功:2 失敗:8

============================================================
✅ 完成! 時間: 20:47:47
============================================================
>>> Round done at Thu Mar 26 20:47:47 CST 2026. last_channel_index=1
============================================================
🚀 知識庫爬蟲（kd subtitles 專用）- 20:47:50
============================================================

📺 [2/9] 柏格醫生中文
  🔄 垃圾食品隱藏乳化劑像洗碗精！破壞腸道黏液層導致腸漏，柏格醫生... ❌
  🔄 【柏格醫生】27個最強飲食秘訣！這樣吃營養吸收翻倍，改善健康... ❌
  🔄 輕斷食瘦身,生酮會燃燒脂肪,抑制食欲,不挨餓減肥,低碳,少吃... ❌
  🔄 癌症根本不是基因突變！柏格醫生：只要做對這30件事，從「粒線... ❌
  🔄 莫名焦慮、半夜醒來？可能是缺鎂！揭曉 9 大缺鎂警訊：為什麼... ❌
  🔄 頭前傾2.5公分加重4.5公斤！柏格醫生教你每晚幾分鐘快速矯... ❌
  🔄 肝臟出問題導致半夜醒來？夜間血糖劇烈波動的真正原因與5大改善... ❌
  🔄 戒不掉糖、菸、色情、社媒？柏格醫生教你：NAC + 鎂 + ... ❌
  🔄 別再吃麵包了！就算0糖也比砂糖更害血糖飆升，無麩質、全麥全是... ❌
  🔄 高劑量維生素D會中毒？柏格醫生揭真相：每天1萬單位其實超安全... ❌
  🔄 不再白吃了！掌握柏格醫生27個健康飲食清單：提升代謝、拒絕發... ❌
  🔄 老人斑怎麼自然淡化？柏格醫生揭秘穀胱甘肽不足才是根本原因，1... ❌
  🔄 老花、白內障、青光眼、飛蚊症全能治？柏格醫生揭露真相 ❌
  🔄 如何徹底戒除A片成癮？科學恢復多巴胺，拯救性生活與感情 ❌
  🔄 失眠毀掉我生活!! 助睡眠和保健肝功能的營養,柏格醫生 Dr... ❌
  📊 柏格醫生中文: 0✅ 15❌
  📊 總計: 成功:0 失敗:15

============================================================
✅ 完成! 時間: 20:50:59
============================================================
>>> Round done at Thu Mar 26 20:50:59 CST 2026. last_channel_index=2
============================================================
🚀 知識庫爬蟲（kd subtitles 專用）- 20:51:02
============================================================

📺 [3/9] Dr.HuangAmin
  🔄 睡覺狂打呼，口腔肌少症找上門！教你練舌肌力！feat.黃斌洋... ❌
  🔄 你靠吃「某些食物」才想大便，不正常！？必吃3種食物養腸道！｜... ❌
  🔄 手抬不起來，竟跟腸胃有關？內臟卡卡，手也會被扯住！｜功操大全 ❌
  🔄 轉頭就痛！頸因性頭痛，真正的原因在手部！？｜功操大全 ❌
  🔄 骨盆前傾一招練回正臀！檢測你有沒有假翹臀！｜功操大全 ❌
  🔄 你的身體會替情緒說話？什麼是身心學？feat.趙耕樂身心療癒... ❌
  🔄 別再硬按！淋巴塞，痠痛來！帶你一起疏通淋巴｜功操大全 ❌
  🔄 烏龜頸，脖子前傾的真相！搞錯原因復健還是凸！｜功操大全 ❌
  🔄 床墊、枕頭選錯你就痛！睡姿問題一次解！｜功操大全 ❌
  🔄 常常聳肩！你的腸胃、鎖骨卡住肩！｜迷思破解 ❌
  🔄 身體失調！月經亂、變胖竟是身體太冷！？feat.內科李琪醫師... ❌
  🔄 膝蓋痛，關鍵在骨盆、腳底的影響！｜迷思破解 ❌
  🔄 圓肩，全因你手指沒力氣？｜迷思破解 ❌
  🔄 消水腫！先清除體內垃圾｜迷思破解 ❌
  🔄 顳顎關節卡住的真正原因！｜功操大全 ❌
  📊 Dr.HuangAmin: 0✅ 15❌
  📊 總計: 成功:0 失敗:15

============================================================
✅ 完成! 時間: 20:53:46
============================================================
>>> Round done at Thu Mar 26 20:53:46 CST 2026. last_channel_index=3
============================================================
🚀 知識庫爬蟲（kd subtitles 專用）- 20:53:49
============================================================

📺 [4/9] 周慕姿放心說
  🔄 你不是廢，是太焦慮！撕下懶惰標籤，接住卡住的自己｜Ft.李東... ❌
  📊 周慕姿放心說: 0✅ 1❌
  📊 總計: 成功:0 失敗:1

============================================================
✅ 完成! 時間: 20:54:13
============================================================
>>> Round done at Thu Mar 26 20:54:13 CST 2026. last_channel_index=4
============================================================
🚀 知識庫爬蟲（kd subtitles 專用）- 20:54:16
============================================================

📺 [5/9] 松明讲心理
  🔄 Depression is a slow betrayal ... ❌
  🔄 愛操心的人，其實最孤單！#人生 #心理學 #煩惱 #認知 #... ❌
  🔄 Learn to make choices so your ... ❌
  🔄 看清選擇背後的三大陷阱，做出更清晰的人生決策！#朋友 #人際... ❌
  🔄 The power of choice: Living yo... ❌
  🔄 Long-distance relationships ar... ❌
  🔄 內心強大到可怕的10種心境！#人生 #心理學 #煩惱 #認知... ❌
  🔄 當恨佔滿了心，親密就進不來！#情感 #愛情 #戀愛 #離婚 ... ❌
  🔄 3句話學會放下執著、停止內耗，走向內在的力量！#人生 #心理... ❌
  🔄 原諒出軌，是救贖還是折磨？#情感 #愛情 #戀愛 #離婚  ... ❌
  🔄 女人最該守住的三重分寸感！#情感 #愛情 #戀愛 #離婚  ... ❌
  🔄 Whether your employees are wor... ❌
  🔄 苦難生智慧「物極必反」的哲學！#人生 #心理學 #煩惱 #認... ❌
  🔄 Four ways to quickly improve y... ❌
  🔄 如何挽救孩子的躺平和厭學？#松明  #煩惱 #親子 #婚姻 ... ❌
  📊 松明讲心理: 0✅ 15❌
  📊 總計: 成功:0 失敗:15

============================================================
✅ 完成! 時間: 20:56:29
============================================================
>>> Round done at Thu Mar 26 20:56:29 CST 2026. last_channel_index=5
============================================================
🚀 知識庫爬蟲（kd subtitles 專用）- 20:56:32
============================================================

📺 [6/9] 超真實商談
  ✅ 無新影片

📺 [7/9] Cofit211
  🔄 【頻道會員專屬】腦科學權威：你擁有「重塑大腦」的能力，人生隨... ❌
  🔄 這動作能緩解腰痠背痛？科學實證：真的有用｜初日診所 魏士航醫... ❌
  🔄 [Channel Member Exclusive] Inv... ❌
  🔄 [Channel Member Exclusive] Sta... ❌
  📊 Cofit211: 0✅ 4❌
  📊 總計: 成功:0 失敗:4

============================================================
✅ 完成! 時間: 20:57:16
============================================================
>>> Round done at Thu Mar 26 20:57:16 CST 2026. last_channel_index=7
============================================================
🚀 知識庫爬蟲（kd subtitles 專用）- 20:57:19
============================================================

📺 [8/9] 泛科學
  ✅ 無新影片

📺 [9/9] 泛科學院
  🔄 公開Gemini 3.1 Pro 六大功能！不是工程師也能寫... ❌
  🔄 [2026 Best AI Subscription Gui... ❌
  🔄 Stop using AI to copy and past... ❌
  🔄 [AI Teaching Notes | YouTube C... ❌
  📊 泛科學院: 0✅ 4❌
  📊 總計: 成功:0 失敗:4

============================================================
✅ 完成! 時間: 20:58:07
============================================================
>>> Round done at Thu Mar 26 20:58:07 CST 2026. last_channel_index=0
============================================================
🚀 知識庫爬蟲（kd subtitles 專用）- 20:58:10
============================================================

📺 [1/9] 胡乃文开播
  🔄 不讓醫師演戲真的太可惜！喝這1杯花茶，血壓穩下來，眼睛不花了... ❌
  🔄 血壓總是早上5點-8點高，吃降血壓藥也不管用怎麼辦？｜胡乃文... ❌
  🔄 💖粉絲問什麼？胡太太逗趣提問，胡醫師親解答！胡乃文開講會員專... ❌
  🔄 {沒看到太可惜！醫師爆笑模仿蔣部長，全場笑翻｜胡乃文開講會員... ❌
  🔄 { 會員Q&A } 急救時先別亂按！極泉穴、人中穴，其實很多... ❌
  🔄 關於食用油對膽結石和便秘的問題｜胡乃文開講會員專屬7 ❌
  🔄 翻轉糖尿病迷思！為什麼糖尿病反而要吃米飯才會好！3個簡單運動... ❌
  🔄 皮膚好、氣色佳！掌握銀髮穿扮術，出門就被誇健康。醫學級「呵哈... ❌
  📊 胡乃文开播: 0✅ 8❌
  📊 總計: 成功:0 失敗:8

============================================================
✅ 完成! 時間: 20:59:20
============================================================
>>> Round done at Thu Mar 26 20:59:20 CST 2026. last_channel_index=1
============================================================
🚀 知識庫爬蟲（kd subtitles 專用）- 20:59:23
============================================================

📺 [2/9] 柏格醫生中文
  🔄 垃圾食品隱藏乳化劑像洗碗精！破壞腸道黏液層導致腸漏，柏格醫生... ❌
  🔄 【柏格醫生】27個最強飲食秘訣！這樣吃營養吸收翻倍，改善健康... ❌
  🔄 輕斷食瘦身,生酮會燃燒脂肪,抑制食欲,不挨餓減肥,低碳,少吃... ❌
  🔄 如何永久遠離癌症？柏格醫生破解「癌細胞」弱點，30招從根本打... ❌
  🔄 莫名焦慮、半夜醒來？可能是缺鎂！揭曉 9 大缺鎂警訊：為什麼... ❌
  🔄 頭前傾2.5公分加重4.5公斤！柏格醫生教你每晚幾分鐘快速矯... ❌
  🔄 肝臟出問題導致半夜醒來？夜間血糖劇烈波動的真正原因與5大改善... ❌
  🔄 戒不掉糖、菸、色情、社媒？柏格醫生教你：NAC + 鎂 + ... ❌
  🔄 別再吃麵包了！就算0糖也比砂糖更害血糖飆升，無麩質、全麥全是... ❌
  🔄 高劑量維生素D會中毒？柏格醫生揭真相：每天1萬單位其實超安全... ❌
  🔄 吃的對比吃的好更重要！柏格醫生親授：27個讓食物營養價值最大... ❌
  🔄 老人斑怎麼自然淡化？柏格醫生揭秘穀胱甘肽不足才是根本原因，1... ❌
  🔄 老花、白內障、青光眼、飛蚊症全能治？柏格醫生揭露真相 ❌
  🔄 如何徹底戒除A片成癮？科學恢復多巴胺，拯救性生活與感情 ❌
  🔄 失眠毀掉我生活!! 助睡眠和保健肝功能的營養,柏格醫生 Dr... ❌
  📊 柏格醫生中文: 0✅ 15❌
  📊 總計: 成功:0 失敗:15

============================================================
✅ 完成! 時間: 21:02:33
============================================================
>>> Round done at Thu Mar 26 21:02:33 CST 2026. last_channel_index=2
============================================================
🚀 知識庫爬蟲（kd subtitles 專用）- 21:02:37
============================================================

📺 [3/9] Dr.HuangAmin
  🔄 睡覺狂打呼，口腔肌少症找上門！教你練舌肌力！feat.黃斌洋... ❌
  🔄 你靠吃「某些食物」才想大便，不正常！？必吃3種食物養腸道！｜... ❌
  🔄 手抬不起來，竟跟腸胃有關？內臟卡卡，手也會被扯住！｜功操大全 ❌
  🔄 轉頭就痛！頸因性頭痛，真正的原因在手部！？｜功操大全 ❌
  🔄 骨盆前傾一招練回正臀！檢測你有沒有假翹臀！｜功操大全 ❌
  🔄 你的身體會替情緒說話？什麼是身心學？feat.趙耕樂身心療癒... ❌
  🔄 別再硬按！淋巴塞，痠痛來！帶你一起疏通淋巴｜功操大全 ❌
  🔄 烏龜頸，脖子前傾的真相！搞錯原因復健還是凸！｜功操大全 ❌
  🔄 床墊、枕頭選錯你就痛！睡姿問題一次解！｜功操大全 ❌
  🔄 常常聳肩！你的腸胃、鎖骨卡住肩！｜迷思破解 ❌
  🔄 身體失調！月經亂、變胖竟是身體太冷！？feat.內科李琪醫師... ❌
  🔄 膝蓋痛，關鍵在骨盆、腳底的影響！｜迷思破解 ❌
  🔄 圓肩，全因你手指沒力氣？｜迷思破解 ❌
  🔄 消水腫！先清除體內垃圾｜迷思破解 ❌
  🔄 顳顎關節卡住的真正原因！｜功操大全 ❌
  📊 Dr.HuangAmin: 0✅ 15❌
  📊 總計: 成功:0 失敗:15

============================================================
✅ 完成! 時間: 21:04:51
============================================================
>>> Round done at Thu Mar 26 21:04:51 CST 2026. last_channel_index=3
============================================================
🚀 知識庫爬蟲（kd subtitles 專用）- 21:04:54
============================================================

📺 [4/9] 周慕姿放心說
  🔄 你不是廢，是太焦慮！撕下懶惰標籤，接住卡住的自己｜Ft.李東... ❌
  📊 周慕姿放心說: 0✅ 1❌
  📊 總計: 成功:0 失敗:1

============================================================
✅ 完成! 時間: 21:05:19
============================================================
>>> Round done at Thu Mar 26 21:05:19 CST 2026. last_channel_index=4
============================================================
🚀 知識庫爬蟲（kd subtitles 專用）- 21:05:22
============================================================

📺 [5/9] 松明讲心理
  🔄 Depression is a slow betrayal ... ❌
  🔄 愛操心的人，其實最孤單！#人生 #心理學 #煩惱 #認知 #... ❌
  🔄 Learn to make choices so your ... ❌
  🔄 看清選擇背後的三大陷阱，做出更清晰的人生決策！#朋友 #人際... ❌
  🔄 The power of choice: Living yo... ❌
  🔄 Long-distance relationships ar... ❌
  🔄 內心強大到可怕的10種心境！#人生 #心理學 #煩惱 #認知... ❌
  🔄 當恨佔滿了心，親密就進不來！#情感 #愛情 #戀愛 #離婚 ... ❌
  🔄 3句話學會放下執著、停止內耗，走向內在的力量！#人生 #心理... ❌
  🔄 原諒出軌，是救贖還是折磨？#情感 #愛情 #戀愛 #離婚  ... ❌
  🔄 女人最該守住的三重分寸感！#情感 #愛情 #戀愛 #離婚  ... ❌
  🔄 Whether your employees are wor... ❌
  🔄 苦難生智慧「物極必反」的哲學！#人生 #心理學 #煩惱 #認... ❌
  🔄 Four ways to quickly improve y... ❌
  🔄 如何挽救孩子的躺平和厭學？#松明  #煩惱 #親子 #婚姻 ... ❌
  📊 松明讲心理: 0✅ 15❌
  📊 總計: 成功:0 失敗:15

============================================================
✅ 完成! 時間: 21:07:36
============================================================
>>> Round done at Thu Mar 26 21:07:36 CST 2026. last_channel_index=5
============================================================
🚀 知識庫爬蟲（kd subtitles 專用）- 21:07:40
============================================================

📺 [6/9] 超真實商談
  ✅ 無新影片

📺 [7/9] Cofit211
  🔄 【頻道會員專屬】腦科學權威：你擁有「重塑大腦」的能力，人生隨... ❌
  🔄 這動作能緩解腰痠背痛？科學實證：真的有用｜初日診所 魏士航醫... ❌
  🔄 [Channel Member Exclusive] Inv... ❌
  🔄 [Channel Member Exclusive] Sta... ❌
  📊 Cofit211: 0✅ 4❌
  📊 總計: 成功:0 失敗:4

============================================================
✅ 完成! 時間: 21:08:20
============================================================
>>> Round done at Thu Mar 26 21:08:21 CST 2026. last_channel_index=7
============================================================
🚀 知識庫爬蟲（kd subtitles 專用）- 21:08:24
============================================================

📺 [8/9] 泛科學
  ✅ 無新影片

📺 [9/9] 泛科學院
  🔄 公開Gemini 3.1 Pro 六大功能！不是工程師也能寫... ❌
  🔄 [2026 Best AI Subscription Gui... ❌
  🔄 Stop using AI to copy and past... ❌
  🔄 [AI Teaching Notes | YouTube C... ❌
  📊 泛科學院: 0✅ 4❌
  📊 總計: 成功:0 失敗:4

============================================================
✅ 完成! 時間: 21:09:11
============================================================
>>> Round done at Thu Mar 26 21:09:11 CST 2026. last_channel_index=0
============================================================
🚀 知識庫爬蟲（kd subtitles 專用）- 21:09:14
============================================================

📺 [1/9] 胡乃文开播
  🔄 地瓜葉菊花茶讓濕疹好得快，但你吃對了嗎？她雙腿癢2個月竟是肝... ❌
  🔄 不讓醫師演戲真的太可惜！喝這1杯花茶，血壓穩下來，眼睛不花了... ❌
  🔄 血壓總是早上5點-8點高，吃降血壓藥也不管用怎麼辦？｜胡乃文... ❌
  🔄 💖粉絲問什麼？胡太太逗趣提問，胡醫師親解答！胡乃文開講會員專... ❌
  🔄 {沒看到太可惜！醫師爆笑模仿蔣部長，全場笑翻｜胡乃文開講會員... ❌
  🔄 { 會員Q&A } 急救時先別亂按！極泉穴、人中穴，其實很多... ❌
  🔄 關於食用油對膽結石和便秘的問題｜胡乃文開講會員專屬7 ❌
  🔄 翻轉糖尿病迷思！為什麼糖尿病反而要吃米飯才會好！3個簡單運動... ❌
  📊 胡乃文开播: 0✅ 8❌
  📊 總計: 成功:0 失敗:8

============================================================
✅ 完成! 時間: 21:10:34
============================================================
>>> Round done at Thu Mar 26 21:10:34 CST 2026. last_channel_index=1
============================================================
🚀 知識庫爬蟲（kd subtitles 專用）- 21:10:37
============================================================

📺 [2/9] 柏格醫生中文
  🔄 乳化劑正毀壞你的腸道！藏在冰淇淋、沙拉醬、植物奶中，柏格醫生... ❌
  🔄 【柏格醫生】27個最強飲食秘訣！這樣吃營養吸收翻倍，改善健康... ❌
  🔄 輕斷食瘦身,生酮會燃燒脂肪,抑制食欲,不挨餓減肥,低碳,少吃... ❌
  🔄 癌症根本不是基因突變！柏格醫生：只要做對這30件事，從「粒線... ❌
  🔄 鎂怎麼吃才有效？氧化鎂 vs. 甘胺酸鎂大對決！吸收率竟差 ... ❌
  🔄 頭前傾2.5公分加重4.5公斤！柏格醫生教你每晚幾分鐘快速矯... ❌
  🔄 肝臟出問題導致半夜醒來？夜間血糖劇烈波動的真正原因與5大改善... ❌
  🔄 戒不掉糖、菸、色情、社媒？柏格醫生教你：NAC + 鎂 + ... ❌
  🔄 別再吃麵包了！就算0糖也比砂糖更害血糖飆升，無麩質、全麥全是... ❌
  🔄 高劑量維生素D會中毒？柏格醫生揭真相：每天1萬單位其實超安全... ❌
  🔄 【柏格醫生】27個最強飲食秘訣！這樣吃營養吸收翻倍，改善健康... ❌
  🔄 老人斑怎麼自然淡化？柏格醫生揭秘穀胱甘肽不足才是根本原因，1... ❌
  🔄 老花、白內障、青光眼、飛蚊症全能治？柏格醫生揭露真相 ❌
  🔄 如何徹底戒除A片成癮？科學恢復多巴胺，拯救性生活與感情 ❌
  🔄 失眠毀掉我生活!! 助睡眠和保健肝功能的營養,柏格醫生 Dr... ❌
  📊 柏格醫生中文: 0✅ 15❌
  📊 總計: 成功:0 失敗:15

============================================================
✅ 完成! 時間: 21:13:47
============================================================
>>> Round done at Thu Mar 26 21:13:47 CST 2026. last_channel_index=2
============================================================
🚀 知識庫爬蟲（kd subtitles 專用）- 21:13:50
============================================================

📺 [3/9] Dr.HuangAmin
  🔄 睡覺狂打呼，口腔肌少症找上門！教你練舌肌力！feat.黃斌洋... ❌
  🔄 你靠吃「某些食物」才想大便，不正常！？必吃3種食物養腸道！｜... ❌
  🔄 手抬不起來，竟跟腸胃有關？內臟卡卡，手也會被扯住！｜功操大全 ❌
  🔄 轉頭就痛！頸因性頭痛，真正的原因在手部！？｜功操大全 ❌
  🔄 骨盆前傾一招練回正臀！檢測你有沒有假翹臀！｜功操大全 ❌
  🔄 你的身體會替情緒說話？什麼是身心學？feat.趙耕樂身心療癒... ❌
  🔄 別再硬按！淋巴塞，痠痛來！帶你一起疏通淋巴｜功操大全 ❌
  🔄 烏龜頸，脖子前傾的真相！搞錯原因復健還是凸！｜功操大全 ❌
  🔄 床墊、枕頭選錯你就痛！睡姿問題一次解！｜功操大全 ❌
  🔄 常常聳肩！你的腸胃、鎖骨卡住肩！｜迷思破解 ❌
  🔄 身體失調！月經亂、變胖竟是身體太冷！？feat.內科李琪醫師... ❌
  🔄 膝蓋痛，關鍵在骨盆、腳底的影響！｜迷思破解 ❌
  🔄 圓肩，全因你手指沒力氣？｜迷思破解 ❌
  🔄 消水腫！先清除體內垃圾｜迷思破解 ❌
  🔄 顳顎關節卡住的真正原因！｜功操大全 ❌
  📊 Dr.HuangAmin: 0✅ 15❌
  📊 總計: 成功:0 失敗:15

============================================================
✅ 完成! 時間: 21:16:08
============================================================
>>> Round done at Thu Mar 26 21:16:08 CST 2026. last_channel_index=3
============================================================
🚀 知識庫爬蟲（kd subtitles 專用）- 21:16:11
============================================================

📺 [4/9] 周慕姿放心說
  🔄 你不是廢，是太焦慮！撕下懶惰標籤，接住卡住的自己｜Ft.李東... ❌
  📊 周慕姿放心說: 0✅ 1❌
  📊 總計: 成功:0 失敗:1

============================================================
✅ 完成! 時間: 21:16:35
============================================================
>>> Round done at Thu Mar 26 21:16:35 CST 2026. last_channel_index=4
============================================================
🚀 知識庫爬蟲（kd subtitles 專用）- 21:16:38
============================================================

📺 [5/9] 松明讲心理
  🔄 Depression is a slow betrayal ... ❌
  🔄 愛操心的人，其實最孤單！#人生 #心理學 #煩惱 #認知 #... ❌
  🔄 Learn to make choices so your ... ❌
  🔄 看清選擇背後的三大陷阱，做出更清晰的人生決策！#朋友 #人際... ❌
  🔄 The power of choice: Living yo... ❌
  🔄 Long-distance relationships ar... ❌
  🔄 內心強大到可怕的10種心境！#人生 #心理學 #煩惱 #認知... ❌
  🔄 當恨佔滿了心，親密就進不來！#情感 #愛情 #戀愛 #離婚 ... ❌
  🔄 3句話學會放下執著、停止內耗，走向內在的力量！#人生 #心理... ❌
  🔄 原諒出軌，是救贖還是折磨？#情感 #愛情 #戀愛 #離婚  ... ❌
  🔄 女人最該守住的三重分寸感！#情感 #愛情 #戀愛 #離婚  ... ❌
  🔄 Whether your employees are wor... ❌
  🔄 苦難生智慧「物極必反」的哲學！#人生 #心理學 #煩惱 #認... ❌
  🔄 Four ways to quickly improve y... ❌
  🔄 如何挽救孩子的躺平和厭學？#松明  #煩惱 #親子 #婚姻 ... ❌
  📊 松明讲心理: 0✅ 15❌
  📊 總計: 成功:0 失敗:15

============================================================
✅ 完成! 時間: 21:18:55
============================================================
>>> Round done at Thu Mar 26 21:18:55 CST 2026. last_channel_index=5
============================================================
🚀 知識庫爬蟲（kd subtitles 專用）- 21:18:58
============================================================

📺 [6/9] 超真實商談
  ✅ 無新影片

📺 [7/9] Cofit211
  🔄 【頻道會員專屬】腦科學權威：你擁有「重塑大腦」的能力，人生隨... ❌
  🔄 這動作能緩解腰痠背痛？科學實證：真的有用｜初日診所 魏士航醫... ❌
  🔄 [Channel Member Exclusive] Inv... ❌
  🔄 [Channel Member Exclusive] Sta... ❌
  📊 Cofit211: 0✅ 4❌
  📊 總計: 成功:0 失敗:4

============================================================
✅ 完成! 時間: 21:19:41
============================================================
>>> Round done at Thu Mar 26 21:19:42 CST 2026. last_channel_index=7
============================================================
🚀 知識庫爬蟲（kd subtitles 專用）- 21:19:45
============================================================

📺 [8/9] 泛科學
  ✅ 無新影片

📺 [9/9] 泛科學院
  🔄 公開Gemini 3.1 Pro 六大功能！不是工程師也能寫... ❌
  🔄 [2026 Best AI Subscription Gui... ❌
  🔄 Stop using AI to copy and past... ❌
  🔄 [AI Teaching Notes | YouTube C... ❌
  📊 泛科學院: 0✅ 4❌
  📊 總計: 成功:0 失敗:4

============================================================
✅ 完成! 時間: 21:20:35
============================================================
>>> Round done at Thu Mar 26 21:20:35 CST 2026. last_channel_index=0
============================================================
🚀 知識庫爬蟲（kd subtitles 專用）- 21:20:38
============================================================

📺 [1/9] 胡乃文开播
  🔄 地瓜葉菊花茶讓濕疹好得快，但你吃對了嗎？她雙腿癢2個月竟是肝... ❌
  🔄 不讓醫師演戲真的太可惜！喝這1杯花茶，血壓穩下來，眼睛不花了... ❌
  🔄 血壓總是早上5點-8點高，吃降血壓藥也不管用怎麼辦？｜胡乃文... ❌
  🔄 💖粉絲問什麼？胡太太逗趣提問，胡醫師親解答！胡乃文開講會員專... ❌
  🔄 {沒看到太可惜！醫師爆笑模仿蔣部長，全場笑翻｜胡乃文開講會員... ❌
  🔄 { 會員Q&A } 急救時先別亂按！極泉穴、人中穴，其實很多... ❌
  🔄 關於食用油對膽結石和便秘的問題｜胡乃文開講會員專屬7 ❌
  🔄 翻轉糖尿病迷思！為什麼糖尿病反而要吃米飯才會好！3個簡單運動... ❌
  📊 胡乃文开播: 0✅ 8❌
  📊 總計: 成功:0 失敗:8

============================================================
✅ 完成! 時間: 21:21:56
============================================================
>>> Round done at Thu Mar 26 21:21:56 CST 2026. last_channel_index=1
============================================================
🚀 知識庫爬蟲（kd subtitles 專用）- 21:21:59
============================================================

📺 [2/9] 柏格醫生中文
  🔄 超市60%包裝食品都含這隱藏成分！乳化劑悄悄損害腸道健康與大... ❌
  🔄 【柏格醫生】27個最強飲食秘訣！這樣吃營養吸收翻倍，改善健康... ❌
  🔄 輕斷食瘦身,生酮會燃燒脂肪,抑制食欲,不挨餓減肥,低碳,少吃... ❌
  🔄 如何永久遠離癌症？柏格醫生破解「癌細胞」弱點，30招從根本打... ❌
  🔄 眼皮跳、不寧腿竟是缺鎂？營養師揭密 8 大缺鎂原因！補鎂黃金... ❌
  🔄 頭前傾2.5公分加重4.5公斤！柏格醫生教你每晚幾分鐘快速矯... ❌
  🔄 肝臟出問題導致半夜醒來？夜間血糖劇烈波動的真正原因與5大改善... ❌
  🔄 戒不掉糖、菸、色情、社媒？柏格醫生教你：NAC + 鎂 + ... ❌
  🔄 麵包真正毒物不是麩質！血糖暴衝、胰島素阻抗元兇曝光，戒掉後該... ❌
  🔄 高劑量維生素D會中毒？柏格醫生揭真相：每天1萬單位其實超安全... ❌
  🔄 不再白吃了！掌握柏格醫生27個健康飲食清單：提升代謝、拒絕發... ❌
  🔄 老人斑怎麼自然淡化？柏格醫生揭秘穀胱甘肽不足才是根本原因，1... ❌
  🔄 老花、白內障、青光眼、飛蚊症全能治？柏格醫生揭露真相 ❌
  🔄 如何徹底戒除A片成癮？科學恢復多巴胺，拯救性生活與感情 ❌
  🔄 失眠毀掉我生活!! 助睡眠和保健肝功能的營養,柏格醫生 Dr... ❌
  📊 柏格醫生中文: 0✅ 15❌
  📊 總計: 成功:0 失敗:15

============================================================
✅ 完成! 時間: 21:25:27
============================================================
>>> Round done at Thu Mar 26 21:25:28 CST 2026. last_channel_index=2
============================================================
🚀 知識庫爬蟲（kd subtitles 專用）- 21:25:31
============================================================

📺 [3/9] Dr.HuangAmin
  🔄 睡覺狂打呼，口腔肌少症找上門！教你練舌肌力！feat.黃斌洋... ❌
  🔄 你靠吃「某些食物」才想大便，不正常！？必吃3種食物養腸道！｜... ❌
  🔄 手抬不起來，竟跟腸胃有關？內臟卡卡，手也會被扯住！｜功操大全 ❌
  🔄 轉頭就痛！頸因性頭痛，真正的原因在手部！？｜功操大全 ❌
  🔄 骨盆前傾一招練回正臀！檢測你有沒有假翹臀！｜功操大全 ❌
  🔄 你的身體會替情緒說話？什麼是身心學？feat.趙耕樂身心療癒... ❌
  🔄 別再硬按！淋巴塞，痠痛來！帶你一起疏通淋巴｜功操大全 ❌
  🔄 烏龜頸，脖子前傾的真相！搞錯原因復健還是凸！｜功操大全 ❌
  🔄 床墊、枕頭選錯你就痛！睡姿問題一次解！｜功操大全 ❌
  🔄 常常聳肩！你的腸胃、鎖骨卡住肩！｜迷思破解 ❌
  🔄 身體失調！月經亂、變胖竟是身體太冷！？feat.內科李琪醫師... ❌
  🔄 膝蓋痛，關鍵在骨盆、腳底的影響！｜迷思破解 ❌
  🔄 圓肩，全因你手指沒力氣？｜迷思破解 ❌
  🔄 消水腫！先清除體內垃圾｜迷思破解 ❌
  🔄 顳顎關節卡住的真正原因！｜功操大全 ❌
  📊 Dr.HuangAmin: 0✅ 15❌
  📊 總計: 成功:0 失敗:15

============================================================
✅ 完成! 時間: 21:28:03
============================================================
>>> Round done at Thu Mar 26 21:28:03 CST 2026. last_channel_index=3
============================================================
🚀 知識庫爬蟲（kd subtitles 專用）- 21:28:06
============================================================

📺 [4/9] 周慕姿放心說
  🔄 你不是廢，是太焦慮！撕下懶惰標籤，接住卡住的自己｜Ft.李東... ❌
  📊 周慕姿放心說: 0✅ 1❌
  📊 總計: 成功:0 失敗:1

============================================================
✅ 完成! 時間: 21:28:30
============================================================
>>> Round done at Thu Mar 26 21:28:30 CST 2026. last_channel_index=4
============================================================
🚀 知識庫爬蟲（kd subtitles 專用）- 21:28:33
============================================================

📺 [5/9] 松明讲心理
  🔄 Depression is a slow betrayal ... ❌
  🔄 愛操心的人，其實最孤單！#人生 #心理學 #煩惱 #認知 #... ❌
  🔄 Learn to make choices so your ... ❌
  🔄 看清選擇背後的三大陷阱，做出更清晰的人生決策！#朋友 #人際... ❌
  🔄 The power of choice: Living yo... ❌
  🔄 Long-distance relationships ar... ❌
  🔄 內心強大到可怕的10種心境！#人生 #心理學 #煩惱 #認知... ❌
  🔄 當恨佔滿了心，親密就進不來！#情感 #愛情 #戀愛 #離婚 ... ❌
  🔄 3句話學會放下執著、停止內耗，走向內在的力量！#人生 #心理... ❌
  🔄 原諒出軌，是救贖還是折磨？#情感 #愛情 #戀愛 #離婚  ... ❌
  🔄 女人最該守住的三重分寸感！#情感 #愛情 #戀愛 #離婚  ... ❌
  🔄 Whether your employees are wor... ❌
  🔄 苦難生智慧「物極必反」的哲學！#人生 #心理學 #煩惱 #認... ❌
  🔄 Four ways to quickly improve y... ❌
  🔄 如何挽救孩子的躺平和厭學？#松明  #煩惱 #親子 #婚姻 ... ❌
  📊 松明讲心理: 0✅ 15❌
  📊 總計: 成功:0 失敗:15

============================================================
✅ 完成! 時間: 21:30:52
============================================================
>>> Round done at Thu Mar 26 21:30:52 CST 2026. last_channel_index=5
============================================================
🚀 知識庫爬蟲（kd subtitles 專用）- 21:30:55
============================================================

📺 [6/9] 超真實商談
  ✅ 無新影片

📺 [7/9] Cofit211
  🔄 【頻道會員專屬】腦科學權威：你擁有「重塑大腦」的能力，人生隨... ❌
  🔄 這動作能緩解腰痠背痛？科學實證：真的有用｜初日診所 魏士航醫... ❌
  🔄 [Channel Member Exclusive] Inv... ❌
  🔄 [Channel Member Exclusive] Sta... ❌
  📊 Cofit211: 0✅ 4❌
  📊 總計: 成功:0 失敗:4

============================================================
✅ 完成! 時間: 21:31:41
============================================================
>>> Round done at Thu Mar 26 21:31:41 CST 2026. last_channel_index=7
============================================================
🚀 知識庫爬蟲（kd subtitles 專用）- 21:31:44
============================================================

📺 [8/9] 泛科學
  ✅ 無新影片

📺 [9/9] 泛科學院
  🔄 公開Gemini 3.1 Pro 六大功能！不是工程師也能寫... ❌
  🔄 [2026 Best AI Subscription Gui... ❌
  🔄 Stop using AI to copy and past... ❌
  🔄 [AI Teaching Notes | YouTube C... ❌
  📊 泛科學院: 0✅ 4❌
  📊 總計: 成功:0 失敗:4

============================================================
✅ 完成! 時間: 21:32:29
============================================================
>>> Round done at Thu Mar 26 21:32:29 CST 2026. last_channel_index=0
============================================================
🚀 知識庫爬蟲（kd subtitles 專用）- 21:32:32
============================================================

📺 [1/9] 胡乃文开播
  🔄 她雙腿癢2個月竟是肝出大問題！換季皮膚就癢癢，按2大穴止癢，... ❌
  🔄 不讓醫師演戲真的太可惜！喝這1杯花茶，血壓穩下來，眼睛不花了... ❌
  🔄 血壓總是早上5點-8點高，吃降血壓藥也不管用怎麼辦？｜胡乃文... ❌
  🔄 💖粉絲問什麼？胡太太逗趣提問，胡醫師親解答！胡乃文開講會員專... ❌
  🔄 {沒看到太可惜！醫師爆笑模仿蔣部長，全場笑翻｜胡乃文開講會員... ❌
  🔄 { 會員Q&A } 急救時先別亂按！極泉穴、人中穴，其實很多... ❌
  🔄 關於食用油對膽結石和便秘的問題｜胡乃文開講會員專屬7 ❌
  🔄 翻轉糖尿病迷思！為什麼糖尿病反而要吃米飯才會好！3個簡單運動... ❌
  📊 胡乃文开播: 0✅ 8❌
  📊 總計: 成功:0 失敗:8

============================================================
✅ 完成! 時間: 21:33:54
============================================================
>>> Round done at Thu Mar 26 21:33:54 CST 2026. last_channel_index=1
============================================================
🚀 知識庫爬蟲（kd subtitles 專用）- 21:33:57
============================================================

📺 [2/9] 柏格醫生中文
  🔄 垃圾食品隱藏乳化劑像洗碗精！破壞腸道黏液層導致腸漏，柏格醫生... ❌
  🔄 【柏格醫生】27個最強飲食秘訣！這樣吃營養吸收翻倍，改善健康... ❌
  🔄 輕斷食瘦身,生酮會燃燒脂肪,抑制食欲,不挨餓減肥,低碳,少吃... ❌
  🔄 【柏格醫生】癌症研究70年都錯了？揭開致癌真相與30個科學防... ❌
  🔄 鎂怎麼吃才有效？氧化鎂 vs. 甘胺酸鎂大對決！吸收率竟差 ... ✅ (24926字)
  🔄 頭前傾2.5公分加重4.5公斤！柏格醫生教你每晚幾分鐘快速矯... ❌
  🔄 肝臟出問題導致半夜醒來？夜間血糖劇烈波動的真正原因與5大改善... ❌
  🔄 戒不掉糖、菸、色情、社媒？柏格醫生教你：NAC + 鎂 + ... ❌
  🔄 別再吃麵包了！就算0糖也比砂糖更害血糖飆升，無麩質、全麥全是... ❌
  🔄 高劑量維生素D會中毒？柏格醫生揭真相：每天1萬單位其實超安全... ❌
  🔄 吃的對比吃的好更重要！柏格醫生親授：27個讓食物營養價值最大... ❌
  🔄 老人斑怎麼自然淡化？柏格醫生揭秘穀胱甘肽不足才是根本原因，1... ❌
  🔄 老花、白內障、青光眼、飛蚊症全能治？柏格醫生揭露真相 ✅ (49392字)
  🔄 如何徹底戒除A片成癮？科學恢復多巴胺，拯救性生活與感情 ❌
  🔄 失眠毀掉我生活!! 助睡眠和保健肝功能的營養,柏格醫生 Dr... ❌
  📊 柏格醫生中文: 2✅ 13❌
  📊 總計: 成功:2 失敗:13

============================================================
✅ 完成! 時間: 21:37:49
============================================================
>>> Round done at Thu Mar 26 21:37:49 CST 2026. last_channel_index=2
============================================================
🚀 知識庫爬蟲（kd subtitles 專用）- 21:37:52
============================================================

📺 [3/9] Dr.HuangAmin
  🔄 睡覺打呼！5個致命打鼾原因！舌肌力這樣練 feat.黃斌洋院... ❌
  🔄 你靠吃「某些食物」才想大便，不正常！？必吃3種食物養腸道！｜... ❌
  🔄 手抬不起來，竟跟腸胃有關？內臟卡卡，手也會被扯住！｜功操大全 ❌
  🔄 轉頭就痛！頸因性頭痛，真正的原因在手部！？｜功操大全 ❌
  🔄 骨盆前傾一招練回正臀！檢測你有沒有假翹臀！｜功操大全 ❌
  🔄 你的身體會替情緒說話？什麼是身心學？feat.趙耕樂身心療癒... ❌
  🔄 別再硬按！淋巴塞，痠痛來！帶你一起疏通淋巴｜功操大全 ❌
  🔄 烏龜頸，脖子前傾的真相！搞錯原因復健還是凸！｜功操大全 ❌
  🔄 床墊、枕頭選錯你就痛！睡姿問題一次解！｜功操大全 ❌
  🔄 常常聳肩！你的腸胃、鎖骨卡住肩！｜迷思破解 ❌
  🔄 身體失調！月經亂、變胖竟是身體太冷！？feat.內科李琪醫師... ❌
  🔄 膝蓋痛，關鍵在骨盆、腳底的影響！｜迷思破解 ❌
  🔄 圓肩，全因你手指沒力氣？｜迷思破解 ❌
  🔄 消水腫！先清除體內垃圾｜迷思破解 ❌
  🔄 顳顎關節卡住的真正原因！｜功操大全 ❌
  📊 Dr.HuangAmin: 0✅ 15❌
  📊 總計: 成功:0 失敗:15

============================================================
✅ 完成! 時間: 21:40:18
============================================================
>>> Round done at Thu Mar 26 21:40:18 CST 2026. last_channel_index=3
============================================================
🚀 知識庫爬蟲（kd subtitles 專用）- 21:40:21
============================================================

📺 [4/9] 周慕姿放心說
  🔄 你不是廢，是太焦慮！撕下懶惰標籤，接住卡住的自己｜Ft.李東... ❌
  📊 周慕姿放心說: 0✅ 1❌
  📊 總計: 成功:0 失敗:1

============================================================
✅ 完成! 時間: 21:40:44
============================================================
>>> Round done at Thu Mar 26 21:40:44 CST 2026. last_channel_index=4
============================================================
🚀 知識庫爬蟲（kd subtitles 專用）- 21:40:47
============================================================

📺 [5/9] 松明讲心理
  🔄 Depression is a slow betrayal ... ❌
  🔄 愛操心的人，其實最孤單！#人生 #心理學 #煩惱 #認知 #... ❌
  🔄 Learn to make choices so your ... ❌
  🔄 看清選擇背後的三大陷阱，做出更清晰的人生決策！#朋友 #人際... ❌
  🔄 The power of choice: Living yo... ❌
  🔄 Long-distance relationships ar... ❌
  🔄 內心強大到可怕的10種心境！#人生 #心理學 #煩惱 #認知... ❌
  🔄 當恨佔滿了心，親密就進不來！#情感 #愛情 #戀愛 #離婚 ... ❌
  🔄 3句話學會放下執著、停止內耗，走向內在的力量！#人生 #心理... ❌
  🔄 原諒出軌，是救贖還是折磨？#情感 #愛情 #戀愛 #離婚  ... ❌
  🔄 女人最該守住的三重分寸感！#情感 #愛情 #戀愛 #離婚  ... ❌
  🔄 Whether your employees are wor... ❌
  🔄 苦難生智慧「物極必反」的哲學！#人生 #心理學 #煩惱 #認... ❌
  🔄 Four ways to quickly improve y... ❌
  🔄 如何挽救孩子的躺平和厭學？#松明  #煩惱 #親子 #婚姻 ... ❌
  📊 松明讲心理: 0✅ 15❌
  📊 總計: 成功:0 失敗:15

============================================================
✅ 完成! 時間: 21:43:14
============================================================
>>> Round done at Thu Mar 26 21:43:14 CST 2026. last_channel_index=5
============================================================
🚀 知識庫爬蟲（kd subtitles 專用）- 21:43:17
============================================================

📺 [6/9] 超真實商談
  ✅ 無新影片

📺 [7/9] Cofit211
  🔄 【頻道會員專屬】腦科學權威：你擁有「重塑大腦」的能力，人生隨... ❌
  🔄 這動作能緩解腰痠背痛？科學實證：真的有用｜初日診所 魏士航醫... ❌
  🔄 [Channel Member Exclusive] Inv... ❌
  🔄 [Channel Member Exclusive] Sta... ❌
  📊 Cofit211: 0✅ 4❌
  📊 總計: 成功:0 失敗:4

============================================================
✅ 完成! 時間: 21:44:05
============================================================
>>> Round done at Thu Mar 26 21:44:05 CST 2026. last_channel_index=7
============================================================
🚀 知識庫爬蟲（kd subtitles 專用）- 21:44:08
============================================================

📺 [8/9] 泛科學
  ✅ 無新影片

📺 [9/9] 泛科學院
  🔄 公開Gemini 3.1 Pro 六大功能！不是工程師也能寫... ❌
  🔄 [2026 Best AI Subscription Gui... ❌
  🔄 Stop using AI to copy and past... ❌
  🔄 [AI Teaching Notes | YouTube C... ❌
  📊 泛科學院: 0✅ 4❌
  📊 總計: 成功:0 失敗:4

============================================================
✅ 完成! 時間: 21:45:01
============================================================
>>> Round done at Thu Mar 26 21:45:01 CST 2026. last_channel_index=0
============================================================
🚀 知識庫爬蟲（kd subtitles 專用）- 21:45:04
============================================================

📺 [1/9] 胡乃文开播
  🔄 地瓜葉菊花茶讓濕疹好得快，但你吃對了嗎？她雙腿癢2個月竟是肝... ❌
  🔄 不讓醫師演戲真的太可惜！喝這1杯花茶，血壓穩下來，眼睛不花了... ❌
  🔄 血壓總是早上5點-8點高，吃降血壓藥也不管用怎麼辦？｜胡乃文... ❌
  🔄 💖粉絲問什麼？胡太太逗趣提問，胡醫師親解答！胡乃文開講會員專... ❌
  🔄 {沒看到太可惜！醫師爆笑模仿蔣部長，全場笑翻｜胡乃文開講會員... ❌
  🔄 { 會員Q&A } 急救時先別亂按！極泉穴、人中穴，其實很多... ❌
  🔄 關於食用油對膽結石和便秘的問題｜胡乃文開講會員專屬7 ❌
  🔄 翻轉糖尿病迷思！為什麼糖尿病反而要吃米飯才會好！3個簡單運動... ❌
  📊 胡乃文开播: 0✅ 8❌
  📊 總計: 成功:0 失敗:8

============================================================
✅ 完成! 時間: 21:46:21
============================================================
>>> Round done at Thu Mar 26 21:46:21 CST 2026. last_channel_index=1
============================================================
🚀 知識庫爬蟲（kd subtitles 專用）- 21:46:24
============================================================

📺 [2/9] 柏格醫生中文
  🔄 超市60%包裝食品都含這隱藏成分！乳化劑悄悄損害腸道健康與大... ❌
  🔄 【柏格醫生】27個最強飲食秘訣！這樣吃營養吸收翻倍，改善健康... ❌
  🔄 輕斷食瘦身,生酮會燃燒脂肪,抑制食欲,不挨餓減肥,低碳,少吃... ❌
  🔄 癌症根本不是基因突變！柏格醫生：只要做對這30件事，從「粒線... ❌
  🔄 頭前傾2.5公分加重4.5公斤！柏格醫生教你每晚幾分鐘快速矯... ❌
  🔄 肝臟出問題導致半夜醒來？夜間血糖劇烈波動的真正原因與5大改善... ❌
  🔄 戒不掉糖、菸、色情、社媒？柏格醫生教你：NAC + 鎂 + ... ❌
  🔄 麵包真正毒物不是麩質！血糖暴衝、胰島素阻抗元兇曝光，戒掉後該... ❌
  🔄 高劑量維生素D會中毒？柏格醫生揭真相：每天1萬單位其實超安全... ❌
  🔄 【柏格醫生】27個最強飲食秘訣！這樣吃營養吸收翻倍，改善健康... ❌
  🔄 老人斑怎麼自然淡化？柏格醫生揭秘穀胱甘肽不足才是根本原因，1... ❌
  🔄 如何徹底戒除A片成癮？科學恢復多巴胺，拯救性生活與感情 ❌
  🔄 失眠毀掉我生活!! 助睡眠和保健肝功能的營養,柏格醫生 Dr... ❌
  🔄 渴了才喝、餓了才吃！戳破喝水迷思+過度運動壞處，10大養生成... ❌
  🔄 最佳伸展筋膜,能消炎、助眠、不僵硬! 減壓！自然療法,柏格醫... ❌
  📊 柏格醫生中文: 0✅ 15❌
  📊 總計: 成功:0 失敗:15

============================================================
✅ 完成! 時間: 21:50:00
============================================================
>>> Round done at Thu Mar 26 21:50:00 CST 2026. last_channel_index=2
============================================================
🚀 知識庫爬蟲（kd subtitles 專用）- 21:50:03
============================================================

📺 [3/9] Dr.HuangAmin
  🔄 睡覺狂打呼，口腔肌少症找上門！教你練舌肌力！feat.黃斌洋... ❌
  🔄 你靠吃「某些食物」才想大便，不正常！？必吃3種食物養腸道！｜... ❌
  🔄 手抬不起來，竟跟腸胃有關？內臟卡卡，手也會被扯住！｜功操大全 ❌
  🔄 轉頭就痛！頸因性頭痛，真正的原因在手部！？｜功操大全 ❌
  🔄 骨盆前傾一招練回正臀！檢測你有沒有假翹臀！｜功操大全 ❌
  🔄 你的身體會替情緒說話？什麼是身心學？feat.趙耕樂身心療癒... ❌
  🔄 別再硬按！淋巴塞，痠痛來！帶你一起疏通淋巴｜功操大全 ❌
  🔄 烏龜頸，脖子前傾的真相！搞錯原因復健還是凸！｜功操大全 ❌
  🔄 床墊、枕頭選錯你就痛！睡姿問題一次解！｜功操大全 ❌
  🔄 常常聳肩！你的腸胃、鎖骨卡住肩！｜迷思破解 ❌
  🔄 身體失調！月經亂、變胖竟是身體太冷！？feat.內科李琪醫師... ❌
  🔄 膝蓋痛，關鍵在骨盆、腳底的影響！｜迷思破解 ❌
  🔄 圓肩，全因你手指沒力氣？｜迷思破解 ❌
  🔄 消水腫！先清除體內垃圾｜迷思破解 ❌
  🔄 顳顎關節卡住的真正原因！｜功操大全 ❌
  📊 Dr.HuangAmin: 0✅ 15❌
  📊 總計: 成功:0 失敗:15

============================================================
✅ 完成! 時間: 21:52:30
============================================================
>>> Round done at Thu Mar 26 21:52:30 CST 2026. last_channel_index=3
============================================================
🚀 知識庫爬蟲（kd subtitles 專用）- 21:52:34
============================================================

📺 [4/9] 周慕姿放心說
  🔄 你不是廢，是太焦慮！撕下懶惰標籤，接住卡住的自己｜Ft.李東... ❌
  📊 周慕姿放心說: 0✅ 1❌
  📊 總計: 成功:0 失敗:1

============================================================
✅ 完成! 時間: 21:52:57
============================================================
>>> Round done at Thu Mar 26 21:52:57 CST 2026. last_channel_index=4
============================================================
🚀 知識庫爬蟲（kd subtitles 專用）- 21:53:00
============================================================

📺 [5/9] 松明讲心理
  🔄 Depression is a slow betrayal ... ❌
  🔄 愛操心的人，其實最孤單！#人生 #心理學 #煩惱 #認知 #... ❌
  🔄 Learn to make choices so your ... ❌
  🔄 看清選擇背後的三大陷阱，做出更清晰的人生決策！#朋友 #人際... ❌
  🔄 The power of choice: Living yo... ❌
  🔄 Long-distance relationships ar... ❌
  🔄 內心強大到可怕的10種心境！#人生 #心理學 #煩惱 #認知... ❌
  🔄 當恨佔滿了心，親密就進不來！#情感 #愛情 #戀愛 #離婚 ... ❌
  🔄 3句話學會放下執著、停止內耗，走向內在的力量！#人生 #心理... ❌
  🔄 原諒出軌，是救贖還是折磨？#情感 #愛情 #戀愛 #離婚  ... ❌
  🔄 女人最該守住的三重分寸感！#情感 #愛情 #戀愛 #離婚  ... ❌
  🔄 Whether your employees are wor... ❌
  🔄 苦難生智慧「物極必反」的哲學！#人生 #心理學 #煩惱 #認... ❌
  🔄 Four ways to quickly improve y... ❌
  🔄 如何挽救孩子的躺平和厭學？#松明  #煩惱 #親子 #婚姻 ... ❌
  📊 松明讲心理: 0✅ 15❌
  📊 總計: 成功:0 失敗:15

============================================================
✅ 完成! 時間: 21:55:33
============================================================
>>> Round done at Thu Mar 26 21:55:33 CST 2026. last_channel_index=5
============================================================
🚀 知識庫爬蟲（kd subtitles 專用）- 21:55:36
============================================================

📺 [6/9] 超真實商談
  ✅ 無新影片

📺 [7/9] Cofit211
  🔄 【頻道會員專屬】腦科學權威：你擁有「重塑大腦」的能力，人生隨... ❌
  🔄 這動作能緩解腰痠背痛？科學實證：真的有用｜初日診所 魏士航醫... ❌
  🔄 [Channel Member Exclusive] Inv... ❌
  🔄 [Channel Member Exclusive] Sta... ❌
  📊 Cofit211: 0✅ 4❌
  📊 總計: 成功:0 失敗:4

============================================================
✅ 完成! 時間: 21:56:34
============================================================
>>> Round done at Thu Mar 26 21:56:34 CST 2026. last_channel_index=7
============================================================
🚀 知識庫爬蟲（kd subtitles 專用）- 21:56:37
============================================================

📺 [8/9] 泛科學
  ✅ 無新影片

📺 [9/9] 泛科學院
  🔄 公開Gemini 3.1 Pro 六大功能！不是工程師也能寫... ❌
  🔄 [2026 Best AI Subscription Gui... ❌
  🔄 Stop using AI to copy and past... ❌
  🔄 [AI Teaching Notes | YouTube C... ❌
  📊 泛科學院: 0✅ 4❌
  📊 總計: 成功:0 失敗:4

============================================================
✅ 完成! 時間: 21:57:22
============================================================
>>> Round done at Thu Mar 26 21:57:22 CST 2026. last_channel_index=0
============================================================
🚀 知識庫爬蟲（kd subtitles 專用）- 21:57:25
============================================================

📺 [1/9] 胡乃文开播
  🔄 注意！她癢2個月查出是肝癌！春季濕疹大爆發，按2穴止癢，戒3... ❌
  🔄 不讓醫師演戲真的太可惜！喝這1杯花茶，血壓穩下來，眼睛不花了... ❌
  🔄 血壓總是早上5點-8點高，吃降血壓藥也不管用怎麼辦？｜胡乃文... ❌
  🔄 💖粉絲問什麼？胡太太逗趣提問，胡醫師親解答！胡乃文開講會員專... ❌
  🔄 {沒看到太可惜！醫師爆笑模仿蔣部長，全場笑翻｜胡乃文開講會員... ❌
  🔄 { 會員Q&A } 急救時先別亂按！極泉穴、人中穴，其實很多... ❌
  🔄 關於食用油對膽結石和便秘的問題｜胡乃文開講會員專屬7 ❌
  🔄 翻轉糖尿病迷思！為什麼糖尿病反而要吃米飯才會好！3個簡單運動... ❌
  📊 胡乃文开播: 0✅ 8❌
  📊 總計: 成功:0 失敗:8

============================================================
✅ 完成! 時間: 21:58:38
============================================================
>>> Round done at Thu Mar 26 21:58:38 CST 2026. last_channel_index=1
============================================================
🚀 知識庫爬蟲（kd subtitles 專用）- 21:58:41
============================================================

📺 [2/9] 柏格醫生中文
  🔄 超市60%包裝食品都含這隱藏成分！乳化劑悄悄損害腸道健康與大... ❌
  🔄 【柏格醫生】27個最強飲食秘訣！這樣吃營養吸收翻倍，改善健康... ❌
  🔄 輕斷食瘦身,生酮會燃燒脂肪,抑制食欲,不挨餓減肥,低碳,少吃... ❌
  🔄 癌症根本不是基因突變！柏格醫生：只要做對這30件事，從「粒線... ❌
  🔄 頭前傾2.5公分加重4.5公斤！柏格醫生教你每晚幾分鐘快速矯... ❌
  🔄 肝臟出問題導致半夜醒來？夜間血糖劇烈波動的真正原因與5大改善... ❌
  🔄 戒不掉糖、菸、色情、社媒？柏格醫生教你：NAC + 鎂 + ... ❌
  🔄 麵包真正毒物不是麩質！血糖暴衝、胰島素阻抗元兇曝光，戒掉後該... ❌
  🔄 高劑量維生素D會中毒？柏格醫生揭真相：每天1萬單位其實超安全... ❌
  🔄 不再白吃了！掌握柏格醫生27個健康飲食清單：提升代謝、拒絕發... ❌
  🔄 老人斑怎麼自然淡化？柏格醫生揭秘穀胱甘肽不足才是根本原因，1... ❌
  🔄 如何徹底戒除A片成癮？科學恢復多巴胺，拯救性生活與感情 ❌
  🔄 失眠毀掉我生活!! 助睡眠和保健肝功能的營養,柏格醫生 Dr... ❌
  🔄 養成這7個習慣，胰島素直降、脂肪狂燒！不餓不節食，輕鬆達到最... ❌
  🔄 最佳伸展筋膜,能消炎、助眠、不僵硬! 減壓！自然療法,柏格醫... ❌
  📊 柏格醫生中文: 0✅ 15❌
  📊 總計: 成功:0 失敗:15

============================================================
✅ 完成! 時間: 22:01:59
============================================================
>>> Round done at Thu Mar 26 22:01:59 CST 2026. last_channel_index=2
============================================================
🚀 知識庫爬蟲（kd subtitles 專用）- 22:02:02
============================================================

📺 [3/9] Dr.HuangAmin
  🔄 小臉、肥胖、駝背讓你打呼、睡不好！舌肌力這樣練！ feat.... ❌
  🔄 你靠吃「某些食物」才想大便，不正常！？必吃3種食物養腸道！｜... ❌
  🔄 手抬不起來，竟跟腸胃有關？內臟卡卡，手也會被扯住！｜功操大全 ❌
  🔄 轉頭就痛！頸因性頭痛，真正的原因在手部！？｜功操大全 ❌
  🔄 骨盆前傾一招練回正臀！檢測你有沒有假翹臀！｜功操大全 ❌
  🔄 你的身體會替情緒說話？什麼是身心學？feat.趙耕樂身心療癒... ❌
  🔄 別再硬按！淋巴塞，痠痛來！帶你一起疏通淋巴｜功操大全 ❌
  🔄 烏龜頸，脖子前傾的真相！搞錯原因復健還是凸！｜功操大全 ❌
  🔄 床墊、枕頭選錯你就痛！睡姿問題一次解！｜功操大全 ❌
  🔄 常常聳肩！你的腸胃、鎖骨卡住肩！｜迷思破解 ❌
  🔄 身體失調！月經亂、變胖竟是身體太冷！？feat.內科李琪醫師... ❌
  🔄 膝蓋痛，關鍵在骨盆、腳底的影響！｜迷思破解 ❌
  🔄 圓肩，全因你手指沒力氣？｜迷思破解 ❌
  🔄 消水腫！先清除體內垃圾｜迷思破解 ❌
  🔄 顳顎關節卡住的真正原因！｜功操大全 ❌
  📊 Dr.HuangAmin: 0✅ 15❌
  📊 總計: 成功:0 失敗:15

============================================================
✅ 完成! 時間: 22:04:35
============================================================
>>> Round done at Thu Mar 26 22:04:35 CST 2026. last_channel_index=3
============================================================
🚀 知識庫爬蟲（kd subtitles 專用）- 22:04:38
============================================================

📺 [4/9] 周慕姿放心說
  🔄 你不是廢，是太焦慮！撕下懶惰標籤，接住卡住的自己｜Ft.李東... ❌
  📊 周慕姿放心說: 0✅ 1❌
  📊 總計: 成功:0 失敗:1

============================================================
✅ 完成! 時間: 22:05:02
============================================================
>>> Round done at Thu Mar 26 22:05:02 CST 2026. last_channel_index=4
============================================================
🚀 知識庫爬蟲（kd subtitles 專用）- 22:05:05
============================================================

📺 [5/9] 松明讲心理
  🔄 Depression is a slow betrayal ... ❌
  🔄 愛操心的人，其實最孤單！#人生 #心理學 #煩惱 #認知 #... ❌
  🔄 Learn to make choices so your ... ❌
  🔄 看清選擇背後的三大陷阱，做出更清晰的人生決策！#朋友 #人際... ❌
  🔄 The power of choice: Living yo... ❌
  🔄 Long-distance relationships ar... ❌
  🔄 內心強大到可怕的10種心境！#人生 #心理學 #煩惱 #認知... ❌
  🔄 當恨佔滿了心，親密就進不來！#情感 #愛情 #戀愛 #離婚 ... ❌
  🔄 3句話學會放下執著、停止內耗，走向內在的力量！#人生 #心理... ❌
  🔄 原諒出軌，是救贖還是折磨？#情感 #愛情 #戀愛 #離婚  ... ❌
  🔄 女人最該守住的三重分寸感！#情感 #愛情 #戀愛 #離婚  ... ❌
  🔄 Whether your employees are wor... ❌
  🔄 苦難生智慧「物極必反」的哲學！#人生 #心理學 #煩惱 #認... ❌
  🔄 Four ways to quickly improve y... ❌
  🔄 如何挽救孩子的躺平和厭學？#松明  #煩惱 #親子 #婚姻 ... ❌
  📊 松明讲心理: 0✅ 15❌
  📊 總計: 成功:0 失敗:15

============================================================
✅ 完成! 時間: 22:07:19
============================================================
>>> Round done at Thu Mar 26 22:07:19 CST 2026. last_channel_index=5
============================================================
🚀 知識庫爬蟲（kd subtitles 專用）- 22:07:22
============================================================

📺 [6/9] 超真實商談
  ✅ 無新影片

📺 [7/9] Cofit211
  🔄 【頻道會員專屬】腦科學權威：你擁有「重塑大腦」的能力，人生隨... ❌
  🔄 這動作能緩解腰痠背痛？科學實證：真的有用｜初日診所 魏士航醫... ❌
  🔄 [Channel Member Exclusive] Inv... ❌
  🔄 [Channel Member Exclusive] Sta... ❌
  📊 Cofit211: 0✅ 4❌
  📊 總計: 成功:0 失敗:4

============================================================
✅ 完成! 時間: 22:08:07
============================================================
>>> Round done at Thu Mar 26 22:08:07 CST 2026. last_channel_index=7
============================================================
🚀 知識庫爬蟲（kd subtitles 專用）- 22:08:10
============================================================

📺 [8/9] 泛科學
  ✅ 無新影片

📺 [9/9] 泛科學院
  🔄 公開Gemini 3.1 Pro 六大功能！不是工程師也能寫... ❌
  🔄 [2026 Best AI Subscription Gui... ❌
  🔄 Stop using AI to copy and past... ❌
  🔄 [AI Teaching Notes | YouTube C... ❌
  📊 泛科學院: 0✅ 4❌
  📊 總計: 成功:0 失敗:4

============================================================
✅ 完成! 時間: 22:09:01
============================================================
>>> Round done at Thu Mar 26 22:09:01 CST 2026. last_channel_index=0
============================================================
🚀 知識庫爬蟲（kd subtitles 專用）- 22:09:04
============================================================

📺 [1/9] 胡乃文开播
  🔄 注意！她癢2個月查出是肝癌！春季濕疹大爆發，按2穴止癢，戒3... ❌
  🔄 不讓醫師演戲真的太可惜！喝這1杯花茶，血壓穩下來，眼睛不花了... ❌
  🔄 血壓總是早上5點-8點高，吃降血壓藥也不管用怎麼辦？｜胡乃文... ❌
  🔄 💖粉絲問什麼？胡太太逗趣提問，胡醫師親解答！胡乃文開講會員專... ❌
  🔄 {沒看到太可惜！醫師爆笑模仿蔣部長，全場笑翻｜胡乃文開講會員... ❌
  🔄 { 會員Q&A } 急救時先別亂按！極泉穴、人中穴，其實很多... ❌
  🔄 關於食用油對膽結石和便秘的問題｜胡乃文開講會員專屬7 ❌
  🔄 翻轉糖尿病迷思！為什麼糖尿病反而要吃米飯才會好！3個簡單運動... ❌
  📊 胡乃文开播: 0✅ 8❌
  📊 總計: 成功:0 失敗:8

============================================================
✅ 完成! 時間: 22:10:32
============================================================
>>> Round done at Thu Mar 26 22:10:32 CST 2026. last_channel_index=1
============================================================
🚀 知識庫爬蟲（kd subtitles 專用）- 22:10:35
============================================================

📺 [2/9] 柏格醫生中文
  🔄 乳化劑正毀壞你的腸道！藏在冰淇淋、沙拉醬、植物奶中，柏格醫生... ❌
  🔄 【柏格醫生】27個最強飲食秘訣！這樣吃營養吸收翻倍，改善健康... ❌
  🔄 輕斷食瘦身,生酮會燃燒脂肪,抑制食欲,不挨餓減肥,低碳,少吃... ❌
  🔄 癌症根本不是基因突變！柏格醫生：只要做對這30件事，從「粒線... ❌
  🔄 頭前傾2.5公分加重4.5公斤！柏格醫生教你每晚幾分鐘快速矯... ❌
  🔄 肝臟出問題導致半夜醒來？夜間血糖劇烈波動的真正原因與5大改善... ❌
  🔄 戒不掉糖、菸、色情、社媒？柏格醫生教你：NAC + 鎂 + ... ❌
  🔄 別再吃麵包了！就算0糖也比砂糖更害血糖飆升，無麩質、全麥全是... ❌
  🔄 高劑量維生素D會中毒？柏格醫生揭真相：每天1萬單位其實超安全... ❌
  🔄 【柏格醫生】27個最強飲食秘訣！這樣吃營養吸收翻倍，改善健康... ❌
  🔄 老人斑怎麼自然淡化？柏格醫生揭秘穀胱甘肽不足才是根本原因，1... ❌
  🔄 如何徹底戒除A片成癮？科學恢復多巴胺，拯救性生活與感情 ❌
  🔄 失眠毀掉我生活!! 助睡眠和保健肝功能的營養,柏格醫生 Dr... ❌
  🔄 養成這7個習慣，胰島素直降、脂肪狂燒！不餓不節食，輕鬆達到最... ❌
  🔄 最佳伸展筋膜,能消炎、助眠、不僵硬! 減壓！自然療法,柏格醫... ❌
  📊 柏格醫生中文: 0✅ 15❌
  📊 總計: 成功:0 失敗:15

============================================================
✅ 完成! 時間: 22:13:53
============================================================
>>> Round done at Thu Mar 26 22:13:53 CST 2026. last_channel_index=2
============================================================
🚀 知識庫爬蟲（kd subtitles 專用）- 22:13:56
============================================================

📺 [3/9] Dr.HuangAmin
  🔄 睡覺狂打呼，口腔肌少症找上門！教你練舌肌力！feat.黃斌洋... ❌
  🔄 你靠吃「某些食物」才想大便，不正常！？必吃3種食物養腸道！｜... ❌
  🔄 手抬不起來，竟跟腸胃有關？內臟卡卡，手也會被扯住！｜功操大全 ❌
  🔄 轉頭就痛！頸因性頭痛，真正的原因在手部！？｜功操大全 ❌
  🔄 骨盆前傾一招練回正臀！檢測你有沒有假翹臀！｜功操大全 ❌
  🔄 你的身體會替情緒說話？什麼是身心學？feat.趙耕樂身心療癒... ❌
  🔄 別再硬按！淋巴塞，痠痛來！帶你一起疏通淋巴｜功操大全 ❌
  🔄 烏龜頸，脖子前傾的真相！搞錯原因復健還是凸！｜功操大全 ❌
  🔄 床墊、枕頭選錯你就痛！睡姿問題一次解！｜功操大全 ❌
  🔄 常常聳肩！你的腸胃、鎖骨卡住肩！｜迷思破解 ❌
  🔄 身體失調！月經亂、變胖竟是身體太冷！？feat.內科李琪醫師... ❌
  🔄 膝蓋痛，關鍵在骨盆、腳底的影響！｜迷思破解 ❌
  🔄 圓肩，全因你手指沒力氣？｜迷思破解 ❌
  🔄 消水腫！先清除體內垃圾｜迷思破解 ❌
  🔄 顳顎關節卡住的真正原因！｜功操大全 ❌
  📊 Dr.HuangAmin: 0✅ 15❌
  📊 總計: 成功:0 失敗:15

============================================================
✅ 完成! 時間: 22:16:23
============================================================
>>> Round done at Thu Mar 26 22:16:23 CST 2026. last_channel_index=3
============================================================
🚀 知識庫爬蟲（kd subtitles 專用）- 22:16:26
============================================================

📺 [4/9] 周慕姿放心說
  🔄 你不是廢，是太焦慮！撕下懶惰標籤，接住卡住的自己｜Ft.李東... ❌
  📊 周慕姿放心說: 0✅ 1❌
  📊 總計: 成功:0 失敗:1

============================================================
✅ 完成! 時間: 22:16:49
============================================================
>>> Round done at Thu Mar 26 22:16:49 CST 2026. last_channel_index=4
============================================================
🚀 知識庫爬蟲（kd subtitles 專用）- 22:16:52
============================================================

📺 [5/9] 松明讲心理
  🔄 Depression is a slow betrayal ... ❌
  🔄 愛操心的人，其實最孤單！#人生 #心理學 #煩惱 #認知 #... ❌
  🔄 Learn to make choices so your ... ❌
  🔄 看清選擇背後的三大陷阱，做出更清晰的人生決策！#朋友 #人際... ❌
  🔄 The power of choice: Living yo... ❌
  🔄 Long-distance relationships ar... ❌
  🔄 內心強大到可怕的10種心境！#人生 #心理學 #煩惱 #認知... ❌
  🔄 當恨佔滿了心，親密就進不來！#情感 #愛情 #戀愛 #離婚 ... ❌
  🔄 3句話學會放下執著、停止內耗，走向內在的力量！#人生 #心理... ❌
  🔄 原諒出軌，是救贖還是折磨？#情感 #愛情 #戀愛 #離婚  ... ❌
  🔄 女人最該守住的三重分寸感！#情感 #愛情 #戀愛 #離婚  ... ❌
  🔄 Whether your employees are wor... ❌
  🔄 苦難生智慧「物極必反」的哲學！#人生 #心理學 #煩惱 #認... ❌
  🔄 Four ways to quickly improve y... ❌
  🔄 如何挽救孩子的躺平和厭學？#松明  #煩惱 #親子 #婚姻 ... ❌
  📊 松明讲心理: 0✅ 15❌
  📊 總計: 成功:0 失敗:15

============================================================
✅ 完成! 時間: 22:19:14
============================================================
>>> Round done at Thu Mar 26 22:19:14 CST 2026. last_channel_index=5
============================================================
🚀 知識庫爬蟲（kd subtitles 專用）- 22:19:17
============================================================

📺 [6/9] 超真實商談
  ✅ 無新影片

📺 [7/9] Cofit211
  🔄 【頻道會員專屬】腦科學權威：你擁有「重塑大腦」的能力，人生隨... ❌
  🔄 這動作能緩解腰痠背痛？科學實證：真的有用｜初日診所 魏士航醫... ❌
  🔄 [Channel Member Exclusive] Inv... ❌
  🔄 [Channel Member Exclusive] Sta... ❌
  📊 Cofit211: 0✅ 4❌
  📊 總計: 成功:0 失敗:4

============================================================
✅ 完成! 時間: 22:20:05
============================================================
>>> Round done at Thu Mar 26 22:20:05 CST 2026. last_channel_index=7
============================================================
🚀 知識庫爬蟲（kd subtitles 專用）- 22:20:08
============================================================

📺 [8/9] 泛科學
  ✅ 無新影片

📺 [9/9] 泛科學院
  🔄 公開Gemini 3.1 Pro 六大功能！不是工程師也能寫... ❌
  🔄 [2026 Best AI Subscription Gui... ❌
  🔄 Stop using AI to copy and past... ❌
  🔄 [AI Teaching Notes | YouTube C... ❌
  📊 泛科學院: 0✅ 4❌
  📊 總計: 成功:0 失敗:4

============================================================
✅ 完成! 時間: 22:20:52
============================================================
>>> Round done at Thu Mar 26 22:20:52 CST 2026. last_channel_index=0
============================================================
🚀 知識庫爬蟲（kd subtitles 專用）- 22:20:55
============================================================

📺 [1/9] 胡乃文开播
  🔄 地瓜葉菊花茶讓濕疹好得快，但你吃對了嗎？她雙腿癢2個月竟是肝... ❌
  🔄 不讓醫師演戲真的太可惜！喝這1杯花茶，血壓穩下來，眼睛不花了... ❌
  🔄 血壓總是早上5點-8點高，吃降血壓藥也不管用怎麼辦？｜胡乃文... ❌
  🔄 💖粉絲問什麼？胡太太逗趣提問，胡醫師親解答！胡乃文開講會員專... ❌
  🔄 {沒看到太可惜！醫師爆笑模仿蔣部長，全場笑翻｜胡乃文開講會員... ❌
  🔄 { 會員Q&A } 急救時先別亂按！極泉穴、人中穴，其實很多... ❌
  🔄 關於食用油對膽結石和便秘的問題｜胡乃文開講會員專屬7 ❌
  🔄 翻轉糖尿病迷思！為什麼糖尿病反而要吃米飯才會好！3個簡單運動... ❌
  📊 胡乃文开播: 0✅ 8❌
  📊 總計: 成功:0 失敗:8

============================================================
✅ 完成! 時間: 22:22:14
============================================================
>>> Round done at Thu Mar 26 22:22:14 CST 2026. last_channel_index=1
============================================================
🚀 知識庫爬蟲（kd subtitles 專用）- 22:22:17
============================================================

📺 [2/9] 柏格醫生中文
  🔄 乳化劑正毀壞你的腸道！藏在冰淇淋、沙拉醬、植物奶中，柏格醫生... ❌
  🔄 【柏格醫生】27個最強飲食秘訣！這樣吃營養吸收翻倍，改善健康... ❌
  🔄 輕斷食瘦身,生酮會燃燒脂肪,抑制食欲,不挨餓減肥,低碳,少吃... ❌
  🔄 【柏格醫生】癌症研究70年都錯了？揭開致癌真相與30個科學防... ❌
  🔄 頭前傾2.5公分加重4.5公斤！柏格醫生教你每晚幾分鐘快速矯... ❌
  🔄 肝臟出問題導致半夜醒來？夜間血糖劇烈波動的真正原因與5大改善... ❌
  🔄 戒不掉糖、菸、色情、社媒？柏格醫生教你：NAC + 鎂 + ... ❌
  🔄 別再吃麵包了！就算0糖也比砂糖更害血糖飆升，無麩質、全麥全是... ❌
  🔄 高劑量維生素D會中毒？柏格醫生揭真相：每天1萬單位其實超安全... ❌
  🔄 【柏格醫生】27個最強飲食秘訣！這樣吃營養吸收翻倍，改善健康... ❌
  🔄 老人斑怎麼自然淡化？柏格醫生揭秘穀胱甘肽不足才是根本原因，1... ❌
  🔄 如何徹底戒除A片成癮？科學恢復多巴胺，拯救性生活與感情 ❌
  🔄 失眠毀掉我生活!! 助睡眠和保健肝功能的營養,柏格醫生 Dr... ❌
  🔄 養成這7個習慣，胰島素直降、脂肪狂燒！不餓不節食，輕鬆達到最... ❌
  🔄 最佳伸展筋膜,能消炎、助眠、不僵硬! 減壓！自然療法,柏格醫... ❌
  📊 柏格醫生中文: 0✅ 15❌
  📊 總計: 成功:0 失敗:15

============================================================
✅ 完成! 時間: 22:25:19
============================================================
>>> Round done at Thu Mar 26 22:25:19 CST 2026. last_channel_index=2
============================================================
🚀 知識庫爬蟲（kd subtitles 專用）- 22:25:22
============================================================

📺 [3/9] Dr.HuangAmin
  🔄 睡覺狂打呼，口腔肌少症找上門！教你練舌肌力！feat.黃斌洋... ❌
  🔄 你靠吃「某些食物」才想大便，不正常！？必吃3種食物養腸道！｜... ❌
  🔄 手抬不起來，竟跟腸胃有關？內臟卡卡，手也會被扯住！｜功操大全 ❌
  🔄 轉頭就痛！頸因性頭痛，真正的原因在手部！？｜功操大全 ❌
  🔄 骨盆前傾一招練回正臀！檢測你有沒有假翹臀！｜功操大全 ❌
  🔄 你的身體會替情緒說話？什麼是身心學？feat.趙耕樂身心療癒... ❌
  🔄 別再硬按！淋巴塞，痠痛來！帶你一起疏通淋巴｜功操大全 ❌
  🔄 烏龜頸，脖子前傾的真相！搞錯原因復健還是凸！｜功操大全 ❌
  🔄 床墊、枕頭選錯你就痛！睡姿問題一次解！｜功操大全 ❌
  🔄 常常聳肩！你的腸胃、鎖骨卡住肩！｜迷思破解 ❌
  🔄 身體失調！月經亂、變胖竟是身體太冷！？feat.內科李琪醫師... ❌
  🔄 膝蓋痛，關鍵在骨盆、腳底的影響！｜迷思破解 ❌
  🔄 圓肩，全因你手指沒力氣？｜迷思破解 ❌
  🔄 消水腫！先清除體內垃圾｜迷思破解 ❌
  🔄 顳顎關節卡住的真正原因！｜功操大全 ❌
  📊 Dr.HuangAmin: 0✅ 15❌
  📊 總計: 成功:0 失敗:15

============================================================
✅ 完成! 時間: 22:27:46
============================================================
>>> Round done at Thu Mar 26 22:27:46 CST 2026. last_channel_index=3
============================================================
🚀 知識庫爬蟲（kd subtitles 專用）- 22:27:49
============================================================

📺 [4/9] 周慕姿放心說
  🔄 你不是廢，是太焦慮！撕下懶惰標籤，接住卡住的自己｜Ft.李東... ❌
  📊 周慕姿放心說: 0✅ 1❌
  📊 總計: 成功:0 失敗:1

============================================================
✅ 完成! 時間: 22:28:12
============================================================
>>> Round done at Thu Mar 26 22:28:12 CST 2026. last_channel_index=4
============================================================
🚀 知識庫爬蟲（kd subtitles 專用）- 22:28:15
============================================================

📺 [5/9] 松明讲心理
  🔄 Depression is a slow betrayal ... ❌
  🔄 愛操心的人，其實最孤單！#人生 #心理學 #煩惱 #認知 #... ❌
  🔄 Learn to make choices so your ... ❌
  🔄 看清選擇背後的三大陷阱，做出更清晰的人生決策！#朋友 #人際... ❌
  🔄 The power of choice: Living yo... ❌
  🔄 Long-distance relationships ar... ❌
  🔄 內心強大到可怕的10種心境！#人生 #心理學 #煩惱 #認知... ❌
  🔄 當恨佔滿了心，親密就進不來！#情感 #愛情 #戀愛 #離婚 ... ❌
  🔄 3句話學會放下執著、停止內耗，走向內在的力量！#人生 #心理... ❌
  🔄 原諒出軌，是救贖還是折磨？#情感 #愛情 #戀愛 #離婚  ... ❌
  🔄 女人最該守住的三重分寸感！#情感 #愛情 #戀愛 #離婚  ... ❌
  🔄 Whether your employees are wor... ❌
  🔄 苦難生智慧「物極必反」的哲學！#人生 #心理學 #煩惱 #認... ❌
  🔄 Four ways to quickly improve y... ❌
  🔄 如何挽救孩子的躺平和厭學？#松明  #煩惱 #親子 #婚姻 ... ❌
  📊 松明讲心理: 0✅ 15❌
  📊 總計: 成功:0 失敗:15

============================================================
✅ 完成! 時間: 22:30:35
============================================================
>>> Round done at Thu Mar 26 22:30:35 CST 2026. last_channel_index=5
============================================================
🚀 知識庫爬蟲（kd subtitles 專用）- 22:30:38
============================================================

📺 [6/9] 超真實商談
  ✅ 無新影片

📺 [7/9] Cofit211
  🔄 【頻道會員專屬】腦科學權威：你擁有「重塑大腦」的能力，人生隨... ❌
  🔄 這動作能緩解腰痠背痛？科學實證：真的有用｜初日診所 魏士航醫... ❌
  🔄 [Channel Member Exclusive] Inv... ❌
  🔄 [Channel Member Exclusive] Sta... ❌
  📊 Cofit211: 0✅ 4❌
  📊 總計: 成功:0 失敗:4

============================================================
✅ 完成! 時間: 22:31:21
============================================================
>>> Round done at Thu Mar 26 22:31:21 CST 2026. last_channel_index=7
============================================================
🚀 知識庫爬蟲（kd subtitles 專用）- 22:31:24
============================================================

📺 [8/9] 泛科學
  ✅ 無新影片

📺 [9/9] 泛科學院
  🔄 公開Gemini 3.1 Pro 六大功能！不是工程師也能寫... ❌
  🔄 [2026 Best AI Subscription Gui... ❌
  🔄 Stop using AI to copy and past... ❌
  🔄 [AI Teaching Notes | YouTube C... ❌
  📊 泛科學院: 0✅ 4❌
  📊 總計: 成功:0 失敗:4

============================================================
✅ 完成! 時間: 22:32:12
============================================================
>>> Round done at Thu Mar 26 22:32:12 CST 2026. last_channel_index=0
============================================================
🚀 知識庫爬蟲（kd subtitles 專用）- 22:32:15
============================================================

📺 [1/9] 胡乃文开播
  🔄 地瓜葉菊花茶讓濕疹好得快，但你吃對了嗎？她雙腿癢2個月竟是肝... ❌
  🔄 不讓醫師演戲真的太可惜！喝這1杯花茶，血壓穩下來，眼睛不花了... ❌
  🔄 血壓總是早上5點-8點高，吃降血壓藥也不管用怎麼辦？｜胡乃文... ❌
  🔄 💖粉絲問什麼？胡太太逗趣提問，胡醫師親解答！胡乃文開講會員專... ❌
  🔄 {沒看到太可惜！醫師爆笑模仿蔣部長，全場笑翻｜胡乃文開講會員... ❌
  🔄 { 會員Q&A } 急救時先別亂按！極泉穴、人中穴，其實很多... ❌
  🔄 關於食用油對膽結石和便秘的問題｜胡乃文開講會員專屬7 ❌
  🔄 翻轉糖尿病迷思！為什麼糖尿病反而要吃米飯才會好！3個簡單運動... ❌
  📊 胡乃文开播: 0✅ 8❌
  📊 總計: 成功:0 失敗:8

============================================================
✅ 完成! 時間: 22:33:30
============================================================
>>> Round done at Thu Mar 26 22:33:30 CST 2026. last_channel_index=1
============================================================
🚀 知識庫爬蟲（kd subtitles 專用）- 22:33:33
============================================================

📺 [2/9] 柏格醫生中文
  🔄 超市60%包裝食品都含這隱藏成分！乳化劑悄悄損害腸道健康與大... ❌
  🔄 【柏格醫生】27個最強飲食秘訣！這樣吃營養吸收翻倍，改善健康... ❌
  🔄 輕斷食瘦身,生酮會燃燒脂肪,抑制食欲,不挨餓減肥,低碳,少吃... ❌
  🔄 癌症根本不是基因突變！柏格醫生：只要做對這30件事，從「粒線... ❌
  🔄 頭前傾2.5公分加重4.5公斤！柏格醫生教你每晚幾分鐘快速矯... ❌
  🔄 肝臟出問題導致半夜醒來？夜間血糖劇烈波動的真正原因與5大改善... ❌
  🔄 戒不掉糖、菸、色情、社媒？柏格醫生教你：NAC + 鎂 + ... ❌
  🔄 別再吃麵包了！就算0糖也比砂糖更害血糖飆升，無麩質、全麥全是... ❌
  🔄 高劑量維生素D會中毒？柏格醫生揭真相：每天1萬單位其實超安全... ❌
  🔄 【柏格醫生】27個最強飲食秘訣！這樣吃營養吸收翻倍，改善健康... ❌
  🔄 老人斑怎麼自然淡化？柏格醫生揭秘穀胱甘肽不足才是根本原因，1... ❌
  🔄 如何徹底戒除A片成癮？科學恢復多巴胺，拯救性生活與感情 ❌
  🔄 失眠毀掉我生活!! 助睡眠和保健肝功能的營養,柏格醫生 Dr... ❌
  🔄 養成這7個習慣，胰島素直降、脂肪狂燒！不餓不節食，輕鬆達到最... ❌
  🔄 最佳伸展筋膜,能消炎、助眠、不僵硬! 減壓！自然療法,柏格醫... ❌
  📊 柏格醫生中文: 0✅ 15❌
  📊 總計: 成功:0 失敗:15

============================================================
✅ 完成! 時間: 22:36:50
============================================================
>>> Round done at Thu Mar 26 22:36:51 CST 2026. last_channel_index=2
============================================================
🚀 知識庫爬蟲（kd subtitles 專用）- 22:36:54
============================================================

📺 [3/9] Dr.HuangAmin
  🔄 睡覺狂打呼，口腔肌少症找上門！教你練舌肌力！feat.黃斌洋... ❌
  🔄 你靠吃「某些食物」才想大便，不正常！？必吃3種食物養腸道！｜... ❌
  🔄 手抬不起來，竟跟腸胃有關？內臟卡卡，手也會被扯住！｜功操大全 ❌
  🔄 轉頭就痛！頸因性頭痛，真正的原因在手部！？｜功操大全 ❌
  🔄 骨盆前傾一招練回正臀！檢測你有沒有假翹臀！｜功操大全 ❌
  🔄 你的身體會替情緒說話？什麼是身心學？feat.趙耕樂身心療癒... ❌
  🔄 別再硬按！淋巴塞，痠痛來！帶你一起疏通淋巴｜功操大全 ❌
  🔄 烏龜頸，脖子前傾的真相！搞錯原因復健還是凸！｜功操大全 ❌
  🔄 床墊、枕頭選錯你就痛！睡姿問題一次解！｜功操大全 ❌
  🔄 常常聳肩！你的腸胃、鎖骨卡住肩！｜迷思破解 ❌
  🔄 身體失調！月經亂、變胖竟是身體太冷！？feat.內科李琪醫師... ❌
  🔄 膝蓋痛，關鍵在骨盆、腳底的影響！｜迷思破解 ❌
  🔄 圓肩，全因你手指沒力氣？｜迷思破解 ❌
  🔄 消水腫！先清除體內垃圾｜迷思破解 ❌
  🔄 顳顎關節卡住的真正原因！｜功操大全 ❌
  📊 Dr.HuangAmin: 0✅ 15❌
  📊 總計: 成功:0 失敗:15

============================================================
✅ 完成! 時間: 22:39:15
============================================================
>>> Round done at Thu Mar 26 22:39:15 CST 2026. last_channel_index=3
============================================================
🚀 知識庫爬蟲（kd subtitles 專用）- 22:39:18
============================================================

📺 [4/9] 周慕姿放心說
  🔄 你不是廢，是太焦慮！撕下懶惰標籤，接住卡住的自己｜Ft.李東... ❌
  📊 周慕姿放心說: 0✅ 1❌
  📊 總計: 成功:0 失敗:1

============================================================
✅ 完成! 時間: 22:39:44
============================================================
>>> Round done at Thu Mar 26 22:39:44 CST 2026. last_channel_index=4
============================================================
🚀 知識庫爬蟲（kd subtitles 專用）- 22:39:47
============================================================

📺 [5/9] 松明讲心理
  🔄 Depression is a slow betrayal ... ❌
  🔄 愛操心的人，其實最孤單！#人生 #心理學 #煩惱 #認知 #... ❌
  🔄 Learn to make choices so your ... ❌
  🔄 看清選擇背後的三大陷阱，做出更清晰的人生決策！#朋友 #人際... ❌
  🔄 The power of choice: Living yo... ❌
  🔄 Long-distance relationships ar... ❌
  🔄 內心強大到可怕的10種心境！#人生 #心理學 #煩惱 #認知... ❌
  🔄 當恨佔滿了心，親密就進不來！#情感 #愛情 #戀愛 #離婚 ... ❌
  🔄 3句話學會放下執著、停止內耗，走向內在的力量！#人生 #心理... ❌
  🔄 原諒出軌，是救贖還是折磨？#情感 #愛情 #戀愛 #離婚  ... ❌
  🔄 女人最該守住的三重分寸感！#情感 #愛情 #戀愛 #離婚  ... ❌
  🔄 Whether your employees are wor... ❌
  🔄 苦難生智慧「物極必反」的哲學！#人生 #心理學 #煩惱 #認... ❌
  🔄 Four ways to quickly improve y... ❌
  🔄 如何挽救孩子的躺平和厭學？#松明  #煩惱 #親子 #婚姻 ... ❌
  📊 松明讲心理: 0✅ 15❌
  📊 總計: 成功:0 失敗:15

============================================================
✅ 完成! 時間: 22:42:13
============================================================
>>> Round done at Thu Mar 26 22:42:13 CST 2026. last_channel_index=5
============================================================
🚀 知識庫爬蟲（kd subtitles 專用）- 22:42:17
============================================================

📺 [6/9] 超真實商談
  ✅ 無新影片

📺 [7/9] Cofit211
  🔄 【頻道會員專屬】腦科學權威：你擁有「重塑大腦」的能力，人生隨... ❌
  🔄 這動作能緩解腰痠背痛？科學實證：真的有用｜初日診所 魏士航醫... ❌
  🔄 [Channel Member Exclusive] Inv... ❌
  🔄 [Channel Member Exclusive] Sta... ❌
  📊 Cofit211: 0✅ 4❌
  📊 總計: 成功:0 失敗:4

============================================================
✅ 完成! 時間: 22:43:06
============================================================
>>> Round done at Thu Mar 26 22:43:06 CST 2026. last_channel_index=7
============================================================
🚀 知識庫爬蟲（kd subtitles 專用）- 22:43:09
============================================================

📺 [8/9] 泛科學
  ✅ 無新影片

📺 [9/9] 泛科學院
  🔄 公開Gemini 3.1 Pro 六大功能！不是工程師也能寫... ❌
  🔄 [2026 Best AI Subscription Gui... ❌
  🔄 Stop using AI to copy and past... ❌
  🔄 [AI Teaching Notes | YouTube C... ❌
  📊 泛科學院: 0✅ 4❌
  📊 總計: 成功:0 失敗:4

============================================================
✅ 完成! 時間: 22:43:52
============================================================
>>> Round done at Thu Mar 26 22:43:53 CST 2026. last_channel_index=0
============================================================
🚀 知識庫爬蟲（kd subtitles 專用）- 22:43:56
============================================================

📺 [1/9] 胡乃文开播
  🔄 她雙腿癢2個月竟是肝出大問題！換季皮膚就癢癢，按2大穴止癢，... ❌
  🔄 不讓醫師演戲真的太可惜！喝這1杯花茶，血壓穩下來，眼睛不花了... ❌
  🔄 血壓總是早上5點-8點高，吃降血壓藥也不管用怎麼辦？｜胡乃文... ❌
  🔄 💖粉絲問什麼？胡太太逗趣提問，胡醫師親解答！胡乃文開講會員專... ❌
  🔄 {沒看到太可惜！醫師爆笑模仿蔣部長，全場笑翻｜胡乃文開講會員... ❌
  🔄 { 會員Q&A } 急救時先別亂按！極泉穴、人中穴，其實很多... ❌
  🔄 關於食用油對膽結石和便秘的問題｜胡乃文開講會員專屬7 ❌
  🔄 翻轉糖尿病迷思！為什麼糖尿病反而要吃米飯才會好！3個簡單運動... ❌
  📊 胡乃文开播: 0✅ 8❌
  📊 總計: 成功:0 失敗:8

============================================================
✅ 完成! 時間: 22:45:08
============================================================
>>> Round done at Thu Mar 26 22:45:08 CST 2026. last_channel_index=1
============================================================
🚀 知識庫爬蟲（kd subtitles 專用）- 22:45:11
============================================================

📺 [2/9] 柏格醫生中文
  🔄 乳化劑正毀壞你的腸道！藏在冰淇淋、沙拉醬、植物奶中，柏格醫生... ❌
  🔄 【柏格醫生】27個最強飲食秘訣！這樣吃營養吸收翻倍，改善健康... ❌
  🔄 輕斷食瘦身,生酮會燃燒脂肪,抑制食欲,不挨餓減肥,低碳,少吃... ❌
  🔄 癌症根本不是基因突變！柏格醫生：只要做對這30件事，從「粒線... ❌
  🔄 頭前傾2.5公分加重4.5公斤！柏格醫生教你每晚幾分鐘快速矯... ❌
  🔄 肝臟出問題導致半夜醒來？夜間血糖劇烈波動的真正原因與5大改善... ❌
  🔄 戒不掉糖、菸、色情、社媒？柏格醫生教你：NAC + 鎂 + ... ❌
  🔄 麵包真正毒物不是麩質！血糖暴衝、胰島素阻抗元兇曝光，戒掉後該... ❌
  🔄 高劑量維生素D會中毒？柏格醫生揭真相：每天1萬單位其實超安全... ❌
  🔄 【柏格醫生】27個最強飲食秘訣！這樣吃營養吸收翻倍，改善健康... ❌
  🔄 老人斑怎麼自然淡化？柏格醫生揭秘穀胱甘肽不足才是根本原因，1... ❌
  🔄 如何徹底戒除A片成癮？科學恢復多巴胺，拯救性生活與感情 ❌
  🔄 失眠毀掉我生活!! 助睡眠和保健肝功能的營養,柏格醫生 Dr... ❌
  🔄 養成這7個習慣，胰島素直降、脂肪狂燒！不餓不節食，輕鬆達到最... ❌
  🔄 最佳伸展筋膜,能消炎、助眠、不僵硬! 減壓！自然療法,柏格醫... ❌
  📊 柏格醫生中文: 0✅ 15❌
  📊 總計: 成功:0 失敗:15

============================================================
✅ 完成! 時間: 22:48:30
============================================================
>>> Round done at Thu Mar 26 22:48:30 CST 2026. last_channel_index=2
============================================================
🚀 知識庫爬蟲（kd subtitles 專用）- 22:48:33
============================================================

📺 [3/9] Dr.HuangAmin
  🔄 睡覺狂打呼，口腔肌少症找上門！教你練舌肌力！feat.黃斌洋... ❌
  🔄 你靠吃「某些食物」才想大便，不正常！？必吃3種食物養腸道！｜... ❌
  🔄 手抬不起來，竟跟腸胃有關？內臟卡卡，手也會被扯住！｜功操大全 ❌
  🔄 轉頭就痛！頸因性頭痛，真正的原因在手部！？｜功操大全 ❌
  🔄 骨盆前傾一招練回正臀！檢測你有沒有假翹臀！｜功操大全 ❌
  🔄 你的身體會替情緒說話？什麼是身心學？feat.趙耕樂身心療癒... ❌
  🔄 別再硬按！淋巴塞，痠痛來！帶你一起疏通淋巴｜功操大全 ❌
  🔄 烏龜頸，脖子前傾的真相！搞錯原因復健還是凸！｜功操大全 ❌
  🔄 床墊、枕頭選錯你就痛！睡姿問題一次解！｜功操大全 ❌
  🔄 常常聳肩！你的腸胃、鎖骨卡住肩！｜迷思破解 ❌
  🔄 身體失調！月經亂、變胖竟是身體太冷！？feat.內科李琪醫師... ❌
  🔄 膝蓋痛，關鍵在骨盆、腳底的影響！｜迷思破解 ❌
  🔄 圓肩，全因你手指沒力氣？｜迷思破解 ❌
  🔄 消水腫！先清除體內垃圾｜迷思破解 ❌
  🔄 顳顎關節卡住的真正原因！｜功操大全 ❌
  📊 Dr.HuangAmin: 0✅ 15❌
  📊 總計: 成功:0 失敗:15

============================================================
✅ 完成! 時間: 22:51:03
============================================================
>>> Round done at Thu Mar 26 22:51:03 CST 2026. last_channel_index=3
============================================================
🚀 知識庫爬蟲（kd subtitles 專用）- 22:51:06
============================================================

📺 [4/9] 周慕姿放心說
  🔄 你不是廢，是太焦慮！撕下懶惰標籤，接住卡住的自己｜Ft.李東... ❌
  📊 周慕姿放心說: 0✅ 1❌
  📊 總計: 成功:0 失敗:1

============================================================
✅ 完成! 時間: 22:51:28
============================================================
>>> Round done at Thu Mar 26 22:51:28 CST 2026. last_channel_index=4
============================================================
🚀 知識庫爬蟲（kd subtitles 專用）- 22:51:31
============================================================

📺 [5/9] 松明讲心理
  🔄 Depression is a slow betrayal ... ❌
  🔄 愛操心的人，其實最孤單！#人生 #心理學 #煩惱 #認知 #... ❌
  🔄 Learn to make choices so your ... ❌
  🔄 看清選擇背後的三大陷阱，做出更清晰的人生決策！#朋友 #人際... ❌
  🔄 The power of choice: Living yo... ❌
  🔄 Long-distance relationships ar... ❌
  🔄 內心強大到可怕的10種心境！#人生 #心理學 #煩惱 #認知... ❌
  🔄 當恨佔滿了心，親密就進不來！#情感 #愛情 #戀愛 #離婚 ... ❌
  🔄 3句話學會放下執著、停止內耗，走向內在的力量！#人生 #心理... ❌
  🔄 原諒出軌，是救贖還是折磨？#情感 #愛情 #戀愛 #離婚  ... ❌
  🔄 女人最該守住的三重分寸感！#情感 #愛情 #戀愛 #離婚  ... ❌
  🔄 Whether your employees are wor... ❌
  🔄 苦難生智慧「物極必反」的哲學！#人生 #心理學 #煩惱 #認... ❌
  🔄 Four ways to quickly improve y... ❌
  🔄 如何挽救孩子的躺平和厭學？#松明  #煩惱 #親子 #婚姻 ... ❌
  📊 松明讲心理: 0✅ 15❌
  📊 總計: 成功:0 失敗:15

============================================================
✅ 完成! 時間: 22:53:49
============================================================
>>> Round done at Thu Mar 26 22:53:49 CST 2026. last_channel_index=5
============================================================
🚀 知識庫爬蟲（kd subtitles 專用）- 22:53:52
============================================================

📺 [6/9] 超真實商談
  ✅ 無新影片

📺 [7/9] Cofit211
  🔄 【頻道會員專屬】腦科學權威：你擁有「重塑大腦」的能力，人生隨... ❌
  🔄 這動作能緩解腰痠背痛？科學實證：真的有用｜初日診所 魏士航醫... ❌
  🔄 [Channel Member Exclusive] Inv... ❌
  🔄 [Channel Member Exclusive] Sta... ❌
  📊 Cofit211: 0✅ 4❌
  📊 總計: 成功:0 失敗:4

============================================================
✅ 完成! 時間: 22:54:39
============================================================
>>> Round done at Thu Mar 26 22:54:39 CST 2026. last_channel_index=7
============================================================
🚀 知識庫爬蟲（kd subtitles 專用）- 22:54:42
============================================================

📺 [8/9] 泛科學
  ✅ 無新影片

📺 [9/9] 泛科學院
  🔄 公開Gemini 3.1 Pro 六大功能！不是工程師也能寫... ❌
  🔄 [2026 Best AI Subscription Gui... ❌
  🔄 Stop using AI to copy and past... ❌
  🔄 [AI Teaching Notes | YouTube C... ❌
  📊 泛科學院: 0✅ 4❌
  📊 總計: 成功:0 失敗:4

============================================================
✅ 完成! 時間: 22:55:31
============================================================
>>> Round done at Thu Mar 26 22:55:31 CST 2026. last_channel_index=0
============================================================
🚀 知識庫爬蟲（kd subtitles 專用）- 22:55:34
============================================================

📺 [1/9] 胡乃文开播
  🔄 地瓜葉菊花茶讓濕疹好得快，但你吃對了嗎？她雙腿癢2個月竟是肝... ❌
  🔄 不讓醫師演戲真的太可惜！喝這1杯花茶，血壓穩下來，眼睛不花了... ❌
  🔄 血壓總是早上5點-8點高，吃降血壓藥也不管用怎麼辦？｜胡乃文... ❌
  🔄 💖粉絲問什麼？胡太太逗趣提問，胡醫師親解答！胡乃文開講會員專... ❌
  🔄 {沒看到太可惜！醫師爆笑模仿蔣部長，全場笑翻｜胡乃文開講會員... ❌
  🔄 { 會員Q&A } 急救時先別亂按！極泉穴、人中穴，其實很多... ❌
  🔄 關於食用油對膽結石和便秘的問題｜胡乃文開講會員專屬7 ❌
  🔄 翻轉糖尿病迷思！為什麼糖尿病反而要吃米飯才會好！3個簡單運動... ❌
  📊 胡乃文开播: 0✅ 8❌
  📊 總計: 成功:0 失敗:8

============================================================
✅ 完成! 時間: 22:56:47
============================================================
>>> Round done at Thu Mar 26 22:56:47 CST 2026. last_channel_index=1
============================================================
🚀 知識庫爬蟲（kd subtitles 專用）- 22:56:50
============================================================

📺 [2/9] 柏格醫生中文
  🔄 垃圾食品隱藏乳化劑像洗碗精！破壞腸道黏液層導致腸漏，柏格醫生... ❌
  🔄 【柏格醫生】27個最強飲食秘訣！這樣吃營養吸收翻倍，改善健康... ❌
  🔄 輕斷食瘦身,生酮會燃燒脂肪,抑制食欲,不挨餓減肥,低碳,少吃... ❌
  🔄 癌症根本不是基因突變！柏格醫生：只要做對這30件事，從「粒線... ❌
  🔄 頭前傾2.5公分加重4.5公斤！柏格醫生教你每晚幾分鐘快速矯... ❌
  🔄 肝臟出問題導致半夜醒來？夜間血糖劇烈波動的真正原因與5大改善... ❌
  🔄 戒不掉糖、菸、色情、社媒？柏格醫生教你：NAC + 鎂 + ... ❌
  🔄 麵包真正毒物不是麩質！血糖暴衝、胰島素阻抗元兇曝光，戒掉後該... ❌
  🔄 高劑量維生素D會中毒？柏格醫生揭真相：每天1萬單位其實超安全... ❌
  🔄 【柏格醫生】27個最強飲食秘訣！這樣吃營養吸收翻倍，改善健康... ❌
  🔄 老人斑怎麼自然淡化？柏格醫生揭秘穀胱甘肽不足才是根本原因，1... ❌
  🔄 如何徹底戒除A片成癮？科學恢復多巴胺，拯救性生活與感情 ❌
  🔄 失眠毀掉我生活!! 助睡眠和保健肝功能的營養,柏格醫生 Dr... ❌
  🔄 養成這7個習慣，胰島素直降、脂肪狂燒！不餓不節食，輕鬆達到最... ❌
  🔄 最佳伸展筋膜,能消炎、助眠、不僵硬! 減壓！自然療法,柏格醫... ❌
  📊 柏格醫生中文: 0✅ 15❌
  📊 總計: 成功:0 失敗:15

============================================================
✅ 完成! 時間: 23:00:08
============================================================
>>> Round done at Thu Mar 26 23:00:08 CST 2026. last_channel_index=2
============================================================
🚀 知識庫爬蟲（kd subtitles 專用）- 23:00:11
============================================================

📺 [3/9] Dr.HuangAmin
  🔄 睡覺狂打呼，口腔肌少症找上門！教你練舌肌力！feat.黃斌洋... ❌
  🔄 你靠吃「某些食物」才想大便，不正常！？必吃3種食物養腸道！｜... ❌
  🔄 手抬不起來，竟跟腸胃有關？內臟卡卡，手也會被扯住！｜功操大全 ❌
  🔄 轉頭就痛！頸因性頭痛，真正的原因在手部！？｜功操大全 ❌
  🔄 骨盆前傾一招練回正臀！檢測你有沒有假翹臀！｜功操大全 ❌
  🔄 你的身體會替情緒說話？什麼是身心學？feat.趙耕樂身心療癒... ❌
  🔄 別再硬按！淋巴塞，痠痛來！帶你一起疏通淋巴｜功操大全 ❌
  🔄 烏龜頸，脖子前傾的真相！搞錯原因復健還是凸！｜功操大全 ❌
  🔄 床墊、枕頭選錯你就痛！睡姿問題一次解！｜功操大全 ❌
  🔄 常常聳肩！你的腸胃、鎖骨卡住肩！｜迷思破解 ❌
  🔄 身體失調！月經亂、變胖竟是身體太冷！？feat.內科李琪醫師... ❌
  🔄 膝蓋痛，關鍵在骨盆、腳底的影響！｜迷思破解 ❌
  🔄 圓肩，全因你手指沒力氣？｜迷思破解 ❌
  🔄 消水腫！先清除體內垃圾｜迷思破解 ❌
  🔄 顳顎關節卡住的真正原因！｜功操大全 ❌
  📊 Dr.HuangAmin: 0✅ 15❌
  📊 總計: 成功:0 失敗:15

============================================================
✅ 完成! 時間: 23:02:29
============================================================
>>> Round done at Thu Mar 26 23:02:29 CST 2026. last_channel_index=3
============================================================
🚀 知識庫爬蟲（kd subtitles 專用）- 23:02:32
============================================================

📺 [4/9] 周慕姿放心說
  🔄 你不是廢，是太焦慮！撕下懶惰標籤，接住卡住的自己｜Ft.李東... ❌
  📊 周慕姿放心說: 0✅ 1❌
  📊 總計: 成功:0 失敗:1

============================================================
✅ 完成! 時間: 23:02:56
============================================================
>>> Round done at Thu Mar 26 23:02:56 CST 2026. last_channel_index=4
============================================================
🚀 知識庫爬蟲（kd subtitles 專用）- 23:02:59
============================================================

📺 [5/9] 松明讲心理
  🔄 Depression is a slow betrayal ... ❌
  🔄 愛操心的人，其實最孤單！#人生 #心理學 #煩惱 #認知 #... ❌
  🔄 Learn to make choices so your ... ❌
  🔄 看清選擇背後的三大陷阱，做出更清晰的人生決策！#朋友 #人際... ❌
  🔄 The power of choice: Living yo... ❌
  🔄 Long-distance relationships ar... ❌
  🔄 內心強大到可怕的10種心境！#人生 #心理學 #煩惱 #認知... ❌
  🔄 當恨佔滿了心，親密就進不來！#情感 #愛情 #戀愛 #離婚 ... ❌
  🔄 3句話學會放下執著、停止內耗，走向內在的力量！#人生 #心理... ❌
  🔄 原諒出軌，是救贖還是折磨？#情感 #愛情 #戀愛 #離婚  ... ❌
  🔄 女人最該守住的三重分寸感！#情感 #愛情 #戀愛 #離婚  ... ❌
  🔄 Whether your employees are wor... ❌
  🔄 苦難生智慧「物極必反」的哲學！#人生 #心理學 #煩惱 #認... ❌
  🔄 Four ways to quickly improve y... ❌
  🔄 如何挽救孩子的躺平和厭學？#松明  #煩惱 #親子 #婚姻 ... ❌
  📊 松明讲心理: 0✅ 15❌
  📊 總計: 成功:0 失敗:15

============================================================
✅ 完成! 時間: 23:05:15
============================================================
>>> Round done at Thu Mar 26 23:05:15 CST 2026. last_channel_index=5
============================================================
🚀 知識庫爬蟲（kd subtitles 專用）- 23:05:18
============================================================

📺 [6/9] 超真實商談
  ✅ 無新影片

📺 [7/9] Cofit211
  🔄 【頻道會員專屬】腦科學權威：你擁有「重塑大腦」的能力，人生隨... ❌
  🔄 這動作能緩解腰痠背痛？科學實證：真的有用｜初日診所 魏士航醫... ❌
  🔄 [Channel Member Exclusive] Inv... ❌
  🔄 [Channel Member Exclusive] Sta... ❌
  📊 Cofit211: 0✅ 4❌
  📊 總計: 成功:0 失敗:4

============================================================
✅ 完成! 時間: 23:06:05
============================================================
>>> Round done at Thu Mar 26 23:06:05 CST 2026. last_channel_index=7
============================================================
🚀 知識庫爬蟲（kd subtitles 專用）- 23:06:08
============================================================

📺 [8/9] 泛科學
  ✅ 無新影片

📺 [9/9] 泛科學院
  🔄 公開Gemini 3.1 Pro 六大功能！不是工程師也能寫... ❌
  🔄 [2026 Best AI Subscription Gui... ❌
  🔄 Stop using AI to copy and past... ❌
  🔄 [AI Teaching Notes | YouTube C... ❌
  📊 泛科學院: 0✅ 4❌
  📊 總計: 成功:0 失敗:4

============================================================
✅ 完成! 時間: 23:06:56
============================================================
>>> Round done at Thu Mar 26 23:06:56 CST 2026. last_channel_index=0
============================================================
🚀 知識庫爬蟲（kd subtitles 專用）- 23:06:59
============================================================

📺 [1/9] 胡乃文开播
  🔄 她雙腿癢2個月竟是肝出大問題！換季皮膚就癢癢，按2大穴止癢，... ❌
  🔄 不讓醫師演戲真的太可惜！喝這1杯花茶，血壓穩下來，眼睛不花了... ❌
  🔄 血壓總是早上5點-8點高，吃降血壓藥也不管用怎麼辦？｜胡乃文... ❌
  🔄 💖粉絲問什麼？胡太太逗趣提問，胡醫師親解答！胡乃文開講會員專... ❌
  🔄 {沒看到太可惜！醫師爆笑模仿蔣部長，全場笑翻｜胡乃文開講會員... ❌
  🔄 { 會員Q&A } 急救時先別亂按！極泉穴、人中穴，其實很多... ❌
  🔄 關於食用油對膽結石和便秘的問題｜胡乃文開講會員專屬7 ❌
  🔄 翻轉糖尿病迷思！為什麼糖尿病反而要吃米飯才會好！3個簡單運動... ❌
  📊 胡乃文开播: 0✅ 8❌
  📊 總計: 成功:0 失敗:8

============================================================
✅ 完成! 時間: 23:08:15
============================================================
>>> Round done at Thu Mar 26 23:08:15 CST 2026. last_channel_index=1
============================================================
🚀 知識庫爬蟲（kd subtitles 專用）- 23:08:18
============================================================

📺 [2/9] 柏格醫生中文
  🔄 垃圾食品隱藏乳化劑像洗碗精！破壞腸道黏液層導致腸漏，柏格醫生... ❌
  🔄 【柏格醫生】27個最強飲食秘訣！這樣吃營養吸收翻倍，改善健康... ❌
  🔄 輕斷食瘦身,生酮會燃燒脂肪,抑制食欲,不挨餓減肥,低碳,少吃... ❌
  🔄 【柏格醫生】癌症研究70年都錯了？揭開致癌真相與30個科學防... ❌
  🔄 頭前傾2.5公分加重4.5公斤！柏格醫生教你每晚幾分鐘快速矯... ❌
  🔄 肝臟出問題導致半夜醒來？夜間血糖劇烈波動的真正原因與5大改善... ❌
  🔄 戒不掉糖、菸、色情、社媒？柏格醫生教你：NAC + 鎂 + ... ❌
  🔄 別再吃麵包了！就算0糖也比砂糖更害血糖飆升，無麩質、全麥全是... ❌
  🔄 高劑量維生素D會中毒？柏格醫生揭真相：每天1萬單位其實超安全... ❌
  🔄 吃的對比吃的好更重要！柏格醫生親授：27個讓食物營養價值最大... ❌
  🔄 老人斑怎麼自然淡化？柏格醫生揭秘穀胱甘肽不足才是根本原因，1... ❌
  🔄 如何徹底戒除A片成癮？科學恢復多巴胺，拯救性生活與感情 ❌
  🔄 失眠毀掉我生活!! 助睡眠和保健肝功能的營養,柏格醫生 Dr... ❌
  🔄 養成這7個習慣，胰島素直降、脂肪狂燒！不餓不節食，輕鬆達到最... ❌
  🔄 最佳伸展筋膜,能消炎、助眠、不僵硬! 減壓！自然療法,柏格醫... ❌
  📊 柏格醫生中文: 0✅ 15❌
  📊 總計: 成功:0 失敗:15

============================================================
✅ 完成! 時間: 23:11:24
============================================================
>>> Round done at Thu Mar 26 23:11:24 CST 2026. last_channel_index=2
============================================================
🚀 知識庫爬蟲（kd subtitles 專用）- 23:11:27
============================================================

📺 [3/9] Dr.HuangAmin
  🔄 睡覺狂打呼，口腔肌少症找上門！教你練舌肌力！feat.黃斌洋... ❌
  🔄 你靠吃「某些食物」才想大便，不正常！？必吃3種食物養腸道！｜... ❌
  🔄 手抬不起來，竟跟腸胃有關？內臟卡卡，手也會被扯住！｜功操大全 ❌
  🔄 轉頭就痛！頸因性頭痛，真正的原因在手部！？｜功操大全 ❌
  🔄 骨盆前傾一招練回正臀！檢測你有沒有假翹臀！｜功操大全 ❌
  🔄 你的身體會替情緒說話？什麼是身心學？feat.趙耕樂身心療癒... ❌
  🔄 別再硬按！淋巴塞，痠痛來！帶你一起疏通淋巴｜功操大全 ❌
  🔄 烏龜頸，脖子前傾的真相！搞錯原因復健還是凸！｜功操大全 ❌
  🔄 床墊、枕頭選錯你就痛！睡姿問題一次解！｜功操大全 ❌
  🔄 常常聳肩！你的腸胃、鎖骨卡住肩！｜迷思破解 ❌
  🔄 身體失調！月經亂、變胖竟是身體太冷！？feat.內科李琪醫師... ❌
  🔄 膝蓋痛，關鍵在骨盆、腳底的影響！｜迷思破解 ❌
  🔄 圓肩，全因你手指沒力氣？｜迷思破解 ❌
  🔄 消水腫！先清除體內垃圾｜迷思破解 ❌
  🔄 顳顎關節卡住的真正原因！｜功操大全 ❌
  📊 Dr.HuangAmin: 0✅ 15❌
  📊 總計: 成功:0 失敗:15

============================================================
✅ 完成! 時間: 23:13:44
============================================================
>>> Round done at Thu Mar 26 23:13:44 CST 2026. last_channel_index=3
============================================================
🚀 知識庫爬蟲（kd subtitles 專用）- 23:13:47
============================================================

📺 [4/9] 周慕姿放心說
  🔄 你不是廢，是太焦慮！撕下懶惰標籤，接住卡住的自己｜Ft.李東... ❌
  📊 周慕姿放心說: 0✅ 1❌
  📊 總計: 成功:0 失敗:1

============================================================
✅ 完成! 時間: 23:14:09
============================================================
>>> Round done at Thu Mar 26 23:14:09 CST 2026. last_channel_index=4
============================================================
🚀 知識庫爬蟲（kd subtitles 專用）- 23:14:12
============================================================

📺 [5/9] 松明讲心理
  🔄 Depression is a slow betrayal ... ❌
  🔄 愛操心的人，其實最孤單！#人生 #心理學 #煩惱 #認知 #... ❌
  🔄 Learn to make choices so your ... ❌
  🔄 看清選擇背後的三大陷阱，做出更清晰的人生決策！#朋友 #人際... ❌
  🔄 The power of choice: Living yo... ❌
  🔄 Long-distance relationships ar... ❌
  🔄 內心強大到可怕的10種心境！#人生 #心理學 #煩惱 #認知... ❌
  🔄 當恨佔滿了心，親密就進不來！#情感 #愛情 #戀愛 #離婚 ... ❌
  🔄 3句話學會放下執著、停止內耗，走向內在的力量！#人生 #心理... ❌
  🔄 原諒出軌，是救贖還是折磨？#情感 #愛情 #戀愛 #離婚  ... ❌
  🔄 女人最該守住的三重分寸感！#情感 #愛情 #戀愛 #離婚  ... ❌
  🔄 Whether your employees are wor... ❌
  🔄 苦難生智慧「物極必反」的哲學！#人生 #心理學 #煩惱 #認... ❌
  🔄 Four ways to quickly improve y... ❌
  🔄 如何挽救孩子的躺平和厭學？#松明  #煩惱 #親子 #婚姻 ... ❌
  📊 松明讲心理: 0✅ 15❌
  📊 總計: 成功:0 失敗:15

============================================================
✅ 完成! 時間: 23:16:15
============================================================
>>> Round done at Thu Mar 26 23:16:15 CST 2026. last_channel_index=5
============================================================
🚀 知識庫爬蟲（kd subtitles 專用）- 23:16:18
============================================================

📺 [6/9] 超真實商談
  ✅ 無新影片

📺 [7/9] Cofit211
  🔄 【頻道會員專屬】腦科學權威：你擁有「重塑大腦」的能力，人生隨... ❌
  🔄 這動作能緩解腰痠背痛？科學實證：真的有用｜初日診所 魏士航醫... ❌
  🔄 [Channel Member Exclusive] Inv... ❌
  🔄 [Channel Member Exclusive] Sta... ❌
  📊 Cofit211: 0✅ 4❌
  📊 總計: 成功:0 失敗:4

============================================================
✅ 完成! 時間: 23:17:01
============================================================
>>> Round done at Thu Mar 26 23:17:01 CST 2026. last_channel_index=7
============================================================
🚀 知識庫爬蟲（kd subtitles 專用）- 23:17:04
============================================================

📺 [8/9] 泛科學
  ✅ 無新影片

📺 [9/9] 泛科學院
  🔄 公開Gemini 3.1 Pro 六大功能！不是工程師也能寫... ❌
  🔄 [2026 Best AI Subscription Gui... ❌
  🔄 Stop using AI to copy and past... ❌
  🔄 [AI Teaching Notes | YouTube C... ❌
  📊 泛科學院: 0✅ 4❌
  📊 總計: 成功:0 失敗:4

============================================================
✅ 完成! 時間: 23:17:49
============================================================
>>> Round done at Thu Mar 26 23:17:49 CST 2026. last_channel_index=0
============================================================
🚀 知識庫爬蟲（kd subtitles 專用）- 23:17:52
============================================================

📺 [1/9] 胡乃文开播
  🔄 注意！她癢2個月查出是肝癌！春季濕疹大爆發，按2穴止癢，戒3... ❌
  🔄 不讓醫師演戲真的太可惜！喝這1杯花茶，血壓穩下來，眼睛不花了... ❌
  🔄 血壓總是早上5點-8點高，吃降血壓藥也不管用怎麼辦？｜胡乃文... ❌
  🔄 💖粉絲問什麼？胡太太逗趣提問，胡醫師親解答！胡乃文開講會員專... ❌
  🔄 {沒看到太可惜！醫師爆笑模仿蔣部長，全場笑翻｜胡乃文開講會員... ❌
  🔄 { 會員Q&A } 急救時先別亂按！極泉穴、人中穴，其實很多... ❌
  🔄 關於食用油對膽結石和便秘的問題｜胡乃文開講會員專屬7 ❌
  🔄 翻轉糖尿病迷思！為什麼糖尿病反而要吃米飯才會好！3個簡單運動... ❌
  📊 胡乃文开播: 0✅ 8❌
  📊 總計: 成功:0 失敗:8

============================================================
✅ 完成! 時間: 23:19:05
============================================================
>>> Round done at Thu Mar 26 23:19:05 CST 2026. last_channel_index=1
============================================================
🚀 知識庫爬蟲（kd subtitles 專用）- 23:19:08
============================================================

📺 [2/9] 柏格醫生中文
  🔄 乳化劑正毀壞你的腸道！藏在冰淇淋、沙拉醬、植物奶中，柏格醫生... ❌
  🔄 【柏格醫生】27個最強飲食秘訣！這樣吃營養吸收翻倍，改善健康... ❌
  🔄 輕斷食瘦身,生酮會燃燒脂肪,抑制食欲,不挨餓減肥,低碳,少吃... ❌
  🔄 【柏格醫生】癌症研究70年都錯了？揭開致癌真相與30個科學防... ❌
  🔄 頭前傾2.5公分加重4.5公斤！柏格醫生教你每晚幾分鐘快速矯... ❌
  🔄 肝臟出問題導致半夜醒來？夜間血糖劇烈波動的真正原因與5大改善... ❌
  🔄 戒不掉糖、菸、色情、社媒？柏格醫生教你：NAC + 鎂 + ... ❌
  🔄 別再吃麵包了！就算0糖也比砂糖更害血糖飆升，無麩質、全麥全是... ❌
  🔄 高劑量維生素D會中毒？柏格醫生揭真相：每天1萬單位其實超安全... ❌
  🔄 【柏格醫生】27個最強飲食秘訣！這樣吃營養吸收翻倍，改善健康... ❌
  🔄 老人斑怎麼自然淡化？柏格醫生揭秘穀胱甘肽不足才是根本原因，1... ❌
  🔄 如何徹底戒除A片成癮？科學恢復多巴胺，拯救性生活與感情 ❌
  🔄 失眠毀掉我生活!! 助睡眠和保健肝功能的營養,柏格醫生 Dr... ❌
  🔄 養成這7個習慣，胰島素直降、脂肪狂燒！不餓不節食，輕鬆達到最... ❌
  🔄 最佳伸展筋膜,能消炎、助眠、不僵硬! 減壓！自然療法,柏格醫... ❌
  📊 柏格醫生中文: 0✅ 15❌
  📊 總計: 成功:0 失敗:15

============================================================
✅ 完成! 時間: 23:22:11
============================================================
>>> Round done at Thu Mar 26 23:22:11 CST 2026. last_channel_index=2
============================================================
🚀 知識庫爬蟲（kd subtitles 專用）- 23:22:14
============================================================

📺 [3/9] Dr.HuangAmin
  🔄 睡覺狂打呼，口腔肌少症找上門！教你練舌肌力！feat.黃斌洋... ❌
  🔄 你靠吃「某些食物」才想大便，不正常！？必吃3種食物養腸道！｜... ❌
  🔄 手抬不起來，竟跟腸胃有關？內臟卡卡，手也會被扯住！｜功操大全 ❌
  🔄 轉頭就痛！頸因性頭痛，真正的原因在手部！？｜功操大全 ❌
  🔄 骨盆前傾一招練回正臀！檢測你有沒有假翹臀！｜功操大全 ❌
  🔄 你的身體會替情緒說話？什麼是身心學？feat.趙耕樂身心療癒... ❌
  🔄 別再硬按！淋巴塞，痠痛來！帶你一起疏通淋巴｜功操大全 ❌
  🔄 烏龜頸，脖子前傾的真相！搞錯原因復健還是凸！｜功操大全 ❌
  🔄 床墊、枕頭選錯你就痛！睡姿問題一次解！｜功操大全 ❌
  🔄 常常聳肩！你的腸胃、鎖骨卡住肩！｜迷思破解 ❌
  🔄 身體失調！月經亂、變胖竟是身體太冷！？feat.內科李琪醫師... ❌
  🔄 膝蓋痛，關鍵在骨盆、腳底的影響！｜迷思破解 ❌
  🔄 圓肩，全因你手指沒力氣？｜迷思破解 ❌
  🔄 消水腫！先清除體內垃圾｜迷思破解 ❌
  🔄 顳顎關節卡住的真正原因！｜功操大全 ❌
  📊 Dr.HuangAmin: 0✅ 15❌
  📊 總計: 成功:0 失敗:15

============================================================
✅ 完成! 時間: 23:24:32
============================================================
>>> Round done at Thu Mar 26 23:24:32 CST 2026. last_channel_index=3
============================================================
🚀 知識庫爬蟲（kd subtitles 專用）- 23:24:35
============================================================

📺 [4/9] 周慕姿放心說
  🔄 你不是廢，是太焦慮！撕下懶惰標籤，接住卡住的自己｜Ft.李東... ❌
  📊 周慕姿放心說: 0✅ 1❌
  📊 總計: 成功:0 失敗:1

============================================================
✅ 完成! 時間: 23:24:58
============================================================
>>> Round done at Thu Mar 26 23:24:58 CST 2026. last_channel_index=4
============================================================
🚀 知識庫爬蟲（kd subtitles 專用）- 23:25:01
============================================================

📺 [5/9] 松明讲心理
  🔄 Depression is a slow betrayal ... ❌
  🔄 愛操心的人，其實最孤單！#人生 #心理學 #煩惱 #認知 #... ❌
  🔄 Learn to make choices so your ... ❌
  🔄 看清選擇背後的三大陷阱，做出更清晰的人生決策！#朋友 #人際... ❌
  🔄 The power of choice: Living yo... ❌
  🔄 Long-distance relationships ar... ❌
  🔄 內心強大到可怕的10種心境！#人生 #心理學 #煩惱 #認知... ❌
  🔄 當恨佔滿了心，親密就進不來！#情感 #愛情 #戀愛 #離婚 ... ❌
  🔄 3句話學會放下執著、停止內耗，走向內在的力量！#人生 #心理... ❌
  🔄 原諒出軌，是救贖還是折磨？#情感 #愛情 #戀愛 #離婚  ... ❌
  🔄 女人最該守住的三重分寸感！#情感 #愛情 #戀愛 #離婚  ... ❌
  🔄 Whether your employees are wor... ❌
  🔄 苦難生智慧「物極必反」的哲學！#人生 #心理學 #煩惱 #認... ❌
  🔄 Four ways to quickly improve y... ❌
  🔄 如何挽救孩子的躺平和厭學？#松明  #煩惱 #親子 #婚姻 ... ❌
  📊 松明讲心理: 0✅ 15❌
  📊 總計: 成功:0 失敗:15

============================================================
✅ 完成! 時間: 23:27:20
============================================================
>>> Round done at Thu Mar 26 23:27:20 CST 2026. last_channel_index=5
============================================================
🚀 知識庫爬蟲（kd subtitles 專用）- 23:27:23
============================================================

📺 [6/9] 超真實商談
  ✅ 無新影片

📺 [7/9] Cofit211
  🔄 【頻道會員專屬】腦科學權威：你擁有「重塑大腦」的能力，人生隨... ❌
  🔄 這動作能緩解腰痠背痛？科學實證：真的有用｜初日診所 魏士航醫... ❌
  🔄 [Channel Member Exclusive] Inv... ❌
  🔄 [Channel Member Exclusive] Sta... ❌
  📊 Cofit211: 0✅ 4❌
  📊 總計: 成功:0 失敗:4

============================================================
✅ 完成! 時間: 23:28:03
============================================================
>>> Round done at Thu Mar 26 23:28:03 CST 2026. last_channel_index=7
============================================================
🚀 知識庫爬蟲（kd subtitles 專用）- 23:28:06
============================================================

📺 [8/9] 泛科學
  ✅ 無新影片

📺 [9/9] 泛科學院
  🔄 公開Gemini 3.1 Pro 六大功能！不是工程師也能寫... ❌
  🔄 [2026 Best AI Subscription Gui... ❌
  🔄 Stop using AI to copy and past... ❌
  🔄 [AI Teaching Notes | YouTube C... ❌
  📊 泛科學院: 0✅ 4❌
  📊 總計: 成功:0 失敗:4

============================================================
✅ 完成! 時間: 23:28:49
============================================================
>>> Round done at Thu Mar 26 23:28:49 CST 2026. last_channel_index=0
============================================================
🚀 知識庫爬蟲（kd subtitles 專用）- 23:28:52
============================================================

📺 [1/9] 胡乃文开播
  🔄 注意！她癢2個月查出是肝癌！春季濕疹大爆發，按2穴止癢，戒3... ❌
  🔄 不讓醫師演戲真的太可惜！喝這1杯花茶，血壓穩下來，眼睛不花了... ❌
  🔄 血壓總是早上5點-8點高，吃降血壓藥也不管用怎麼辦？｜胡乃文... ❌
  🔄 💖粉絲問什麼？胡太太逗趣提問，胡醫師親解答！胡乃文開講會員專... ❌
  🔄 {沒看到太可惜！醫師爆笑模仿蔣部長，全場笑翻｜胡乃文開講會員... ❌
  🔄 { 會員Q&A } 急救時先別亂按！極泉穴、人中穴，其實很多... ❌
  🔄 關於食用油對膽結石和便秘的問題｜胡乃文開講會員專屬7 ❌
  🔄 翻轉糖尿病迷思！為什麼糖尿病反而要吃米飯才會好！3個簡單運動... ❌
  📊 胡乃文开播: 0✅ 8❌
  📊 總計: 成功:0 失敗:8

============================================================
✅ 完成! 時間: 23:30:07
============================================================
>>> Round done at Thu Mar 26 23:30:07 CST 2026. last_channel_index=1
============================================================
🚀 知識庫爬蟲（kd subtitles 專用）- 23:30:10
============================================================

📺 [2/9] 柏格醫生中文
  🔄 乳化劑正毀壞你的腸道！藏在冰淇淋、沙拉醬、植物奶中，柏格醫生... ❌
  🔄 【柏格醫生】27個最強飲食秘訣！這樣吃營養吸收翻倍，改善健康... ❌
  🔄 輕斷食瘦身,生酮會燃燒脂肪,抑制食欲,不挨餓減肥,低碳,少吃... ❌
  🔄 癌症根本不是基因突變！柏格醫生：只要做對這30件事，從「粒線... ❌
  🔄 頭前傾2.5公分加重4.5公斤！柏格醫生教你每晚幾分鐘快速矯... ❌
  🔄 肝臟出問題導致半夜醒來？夜間血糖劇烈波動的真正原因與5大改善... ❌
  🔄 戒不掉糖、菸、色情、社媒？柏格醫生教你：NAC + 鎂 + ... ❌
  🔄 別再吃麵包了！就算0糖也比砂糖更害血糖飆升，無麩質、全麥全是... ❌
  🔄 高劑量維生素D會中毒？柏格醫生揭真相：每天1萬單位其實超安全... ❌
  🔄 【柏格醫生】27個最強飲食秘訣！這樣吃營養吸收翻倍，改善健康... ❌
  🔄 老人斑怎麼自然淡化？柏格醫生揭秘穀胱甘肽不足才是根本原因，1... ❌
  🔄 如何徹底戒除A片成癮？科學恢復多巴胺，拯救性生活與感情 ❌
  🔄 失眠毀掉我生活!! 助睡眠和保健肝功能的營養,柏格醫生 Dr... ❌
  🔄 養成這7個習慣，胰島素直降、脂肪狂燒！不餓不節食，輕鬆達到最... ❌
  🔄 最佳伸展筋膜,能消炎、助眠、不僵硬! 減壓！自然療法,柏格醫... ❌
  📊 柏格醫生中文: 0✅ 15❌
  📊 總計: 成功:0 失敗:15

============================================================
✅ 完成! 時間: 23:33:13
============================================================
>>> Round done at Thu Mar 26 23:33:13 CST 2026. last_channel_index=2
============================================================
🚀 知識庫爬蟲（kd subtitles 專用）- 23:33:16
============================================================

📺 [3/9] Dr.HuangAmin
  🔄 睡覺狂打呼，口腔肌少症找上門！教你練舌肌力！feat.黃斌洋... ❌
  🔄 你靠吃「某些食物」才想大便，不正常！？必吃3種食物養腸道！｜... ❌
  🔄 手抬不起來，竟跟腸胃有關？內臟卡卡，手也會被扯住！｜功操大全 ❌
  🔄 轉頭就痛！頸因性頭痛，真正的原因在手部！？｜功操大全 ❌
  🔄 骨盆前傾一招練回正臀！檢測你有沒有假翹臀！｜功操大全 ❌
  🔄 你的身體會替情緒說話？什麼是身心學？feat.趙耕樂身心療癒... ❌
  🔄 別再硬按！淋巴塞，痠痛來！帶你一起疏通淋巴｜功操大全 ❌
  🔄 烏龜頸，脖子前傾的真相！搞錯原因復健還是凸！｜功操大全 ❌
  🔄 床墊、枕頭選錯你就痛！睡姿問題一次解！｜功操大全 ❌
  🔄 常常聳肩！你的腸胃、鎖骨卡住肩！｜迷思破解 ❌
  🔄 身體失調！月經亂、變胖竟是身體太冷！？feat.內科李琪醫師... ❌
  🔄 膝蓋痛，關鍵在骨盆、腳底的影響！｜迷思破解 ❌
  🔄 圓肩，全因你手指沒力氣？｜迷思破解 ❌
  🔄 消水腫！先清除體內垃圾｜迷思破解 ❌
  🔄 顳顎關節卡住的真正原因！｜功操大全 ❌
  📊 Dr.HuangAmin: 0✅ 15❌
  📊 總計: 成功:0 失敗:15

============================================================
✅ 完成! 時間: 23:35:38
============================================================
>>> Round done at Thu Mar 26 23:35:38 CST 2026. last_channel_index=3
============================================================
🚀 知識庫爬蟲（kd subtitles 專用）- 23:35:41
============================================================

📺 [4/9] 周慕姿放心說
  🔄 你不是廢，是太焦慮！撕下懶惰標籤，接住卡住的自己｜Ft.李東... ❌
  📊 周慕姿放心說: 0✅ 1❌
  📊 總計: 成功:0 失敗:1

============================================================
✅ 完成! 時間: 23:36:05
============================================================
>>> Round done at Thu Mar 26 23:36:06 CST 2026. last_channel_index=4
============================================================
🚀 知識庫爬蟲（kd subtitles 專用）- 23:36:09
============================================================

📺 [5/9] 松明讲心理
  🔄 Depression is a slow betrayal ... ❌
  🔄 愛操心的人，其實最孤單！#人生 #心理學 #煩惱 #認知 #... ❌
  🔄 Learn to make choices so your ... ❌
  🔄 看清選擇背後的三大陷阱，做出更清晰的人生決策！#朋友 #人際... ❌
  🔄 The power of choice: Living yo... ❌
  🔄 Long-distance relationships ar... ❌
  🔄 內心強大到可怕的10種心境！#人生 #心理學 #煩惱 #認知... ❌
  🔄 當恨佔滿了心，親密就進不來！#情感 #愛情 #戀愛 #離婚 ... ❌
  🔄 3句話學會放下執著、停止內耗，走向內在的力量！#人生 #心理... ❌
  🔄 原諒出軌，是救贖還是折磨？#情感 #愛情 #戀愛 #離婚  ... ❌
  🔄 女人最該守住的三重分寸感！#情感 #愛情 #戀愛 #離婚  ... ❌
  🔄 Whether your employees are wor... ❌
  🔄 苦難生智慧「物極必反」的哲學！#人生 #心理學 #煩惱 #認... ❌
  🔄 Four ways to quickly improve y... ❌
  🔄 如何挽救孩子的躺平和厭學？#松明  #煩惱 #親子 #婚姻 ... ❌
  📊 松明讲心理: 0✅ 15❌
  📊 總計: 成功:0 失敗:15

============================================================
✅ 完成! 時間: 23:38:15
============================================================
>>> Round done at Thu Mar 26 23:38:15 CST 2026. last_channel_index=5
============================================================
🚀 知識庫爬蟲（kd subtitles 專用）- 23:38:18
============================================================

📺 [6/9] 超真實商談
  ✅ 無新影片

📺 [7/9] Cofit211
  🔄 【頻道會員專屬】腦科學權威：你擁有「重塑大腦」的能力，人生隨... ❌
  🔄 這動作能緩解腰痠背痛？科學實證：真的有用｜初日診所 魏士航醫... ❌
  🔄 [Channel Member Exclusive] Inv... ❌
  🔄 [Channel Member Exclusive] Sta... ❌
  📊 Cofit211: 0✅ 4❌
  📊 總計: 成功:0 失敗:4

============================================================
✅ 完成! 時間: 23:39:01
============================================================
>>> Round done at Thu Mar 26 23:39:01 CST 2026. last_channel_index=7
============================================================
🚀 知識庫爬蟲（kd subtitles 專用）- 23:39:04
============================================================

📺 [8/9] 泛科學
  ✅ 無新影片

📺 [9/9] 泛科學院
  🔄 公開Gemini 3.1 Pro 六大功能！不是工程師也能寫... ❌
  🔄 [2026 Best AI Subscription Gui... ❌
  🔄 Stop using AI to copy and past... ❌
  🔄 [AI Teaching Notes | YouTube C... ❌
  📊 泛科學院: 0✅ 4❌
  📊 總計: 成功:0 失敗:4

============================================================
✅ 完成! 時間: 23:39:49
============================================================
>>> Round done at Thu Mar 26 23:39:49 CST 2026. last_channel_index=0
============================================================
🚀 知識庫爬蟲（kd subtitles 專用）- 23:39:52
============================================================

📺 [1/9] 胡乃文开播
  🔄 地瓜葉菊花茶讓濕疹好得快，但你吃對了嗎？她雙腿癢2個月竟是肝... ❌
  🔄 不讓醫師演戲真的太可惜！喝這1杯花茶，血壓穩下來，眼睛不花了... ❌
  🔄 血壓總是早上5點-8點高，吃降血壓藥也不管用怎麼辦？｜胡乃文... ❌
  🔄 💖粉絲問什麼？胡太太逗趣提問，胡醫師親解答！胡乃文開講會員專... ❌
  🔄 {沒看到太可惜！醫師爆笑模仿蔣部長，全場笑翻｜胡乃文開講會員... ❌
  🔄 { 會員Q&A } 急救時先別亂按！極泉穴、人中穴，其實很多... ❌
  🔄 關於食用油對膽結石和便秘的問題｜胡乃文開講會員專屬7 ❌
  🔄 翻轉糖尿病迷思！為什麼糖尿病反而要吃米飯才會好！3個簡單運動... ❌
  📊 胡乃文开播: 0✅ 8❌
  📊 總計: 成功:0 失敗:8

============================================================
✅ 完成! 時間: 23:41:04
============================================================
>>> Round done at Thu Mar 26 23:41:04 CST 2026. last_channel_index=1
============================================================
🚀 知識庫爬蟲（kd subtitles 專用）- 23:41:07
============================================================

📺 [2/9] 柏格醫生中文
  🔄 垃圾食品隱藏乳化劑像洗碗精！破壞腸道黏液層導致腸漏，柏格醫生... ❌
  🔄 【柏格醫生】27個最強飲食秘訣！這樣吃營養吸收翻倍，改善健康... ❌
  🔄 輕斷食瘦身,生酮會燃燒脂肪,抑制食欲,不挨餓減肥,低碳,少吃... ❌
  🔄 【柏格醫生】癌症研究70年都錯了？揭開致癌真相與30個科學防... ❌
  🔄 頭前傾2.5公分加重4.5公斤！柏格醫生教你每晚幾分鐘快速矯... ❌
  🔄 肝臟出問題導致半夜醒來？夜間血糖劇烈波動的真正原因與5大改善... ❌
  🔄 戒不掉糖、菸、色情、社媒？柏格醫生教你：NAC + 鎂 + ... ❌
  🔄 麵包真正毒物不是麩質！血糖暴衝、胰島素阻抗元兇曝光，戒掉後該... ❌
  🔄 高劑量維生素D會中毒？柏格醫生揭真相：每天1萬單位其實超安全... ❌
  🔄 吃的對比吃的好更重要！柏格醫生親授：27個讓食物營養價值最大... ❌
  🔄 老人斑怎麼自然淡化？柏格醫生揭秘穀胱甘肽不足才是根本原因，1... ❌
  🔄 如何徹底戒除A片成癮？科學恢復多巴胺，拯救性生活與感情 ❌
  🔄 失眠毀掉我生活!! 助睡眠和保健肝功能的營養,柏格醫生 Dr... ❌
  🔄 養成這7個習慣，胰島素直降、脂肪狂燒！不餓不節食，輕鬆達到最... ❌
  🔄 最佳伸展筋膜,能消炎、助眠、不僵硬! 減壓！自然療法,柏格醫... ❌
  📊 柏格醫生中文: 0✅ 15❌
  📊 總計: 成功:0 失敗:15

============================================================
✅ 完成! 時間: 23:44:10
============================================================
>>> Round done at Thu Mar 26 23:44:10 CST 2026. last_channel_index=2
============================================================
🚀 知識庫爬蟲（kd subtitles 專用）- 23:44:13
============================================================

📺 [3/9] Dr.HuangAmin
  🔄 睡覺狂打呼，口腔肌少症找上門！教你練舌肌力！feat.黃斌洋... ❌
  🔄 你靠吃「某些食物」才想大便，不正常！？必吃3種食物養腸道！｜... ❌
  🔄 手抬不起來，竟跟腸胃有關？內臟卡卡，手也會被扯住！｜功操大全 ❌
  🔄 轉頭就痛！頸因性頭痛，真正的原因在手部！？｜功操大全 ❌
  🔄 骨盆前傾一招練回正臀！檢測你有沒有假翹臀！｜功操大全 ❌
  🔄 你的身體會替情緒說話？什麼是身心學？feat.趙耕樂身心療癒... ❌
  🔄 別再硬按！淋巴塞，痠痛來！帶你一起疏通淋巴｜功操大全 ❌
  🔄 烏龜頸，脖子前傾的真相！搞錯原因復健還是凸！｜功操大全 ❌
  🔄 床墊、枕頭選錯你就痛！睡姿問題一次解！｜功操大全 ❌
  🔄 常常聳肩！你的腸胃、鎖骨卡住肩！｜迷思破解 ❌
  🔄 身體失調！月經亂、變胖竟是身體太冷！？feat.內科李琪醫師... ❌
  🔄 膝蓋痛，關鍵在骨盆、腳底的影響！｜迷思破解 ❌
  🔄 圓肩，全因你手指沒力氣？｜迷思破解 ❌
  🔄 消水腫！先清除體內垃圾｜迷思破解 ❌
  🔄 顳顎關節卡住的真正原因！｜功操大全 ❌
  📊 Dr.HuangAmin: 0✅ 15❌
  📊 總計: 成功:0 失敗:15

============================================================
✅ 完成! 時間: 23:46:36
============================================================
>>> Round done at Thu Mar 26 23:46:36 CST 2026. last_channel_index=3
============================================================
🚀 知識庫爬蟲（kd subtitles 專用）- 23:46:39
============================================================

📺 [4/9] 周慕姿放心說
  🔄 你不是廢，是太焦慮！撕下懶惰標籤，接住卡住的自己｜Ft.李東... ❌
  📊 周慕姿放心說: 0✅ 1❌
  📊 總計: 成功:0 失敗:1

============================================================
✅ 完成! 時間: 23:47:01
============================================================
>>> Round done at Thu Mar 26 23:47:01 CST 2026. last_channel_index=4
============================================================
🚀 知識庫爬蟲（kd subtitles 專用）- 23:47:04
============================================================

📺 [5/9] 松明讲心理
  🔄 Depression is a slow betrayal ... ❌
  🔄 愛操心的人，其實最孤單！#人生 #心理學 #煩惱 #認知 #... ❌
  🔄 Learn to make choices so your ... ❌
  🔄 看清選擇背後的三大陷阱，做出更清晰的人生決策！#朋友 #人際... ❌
  🔄 The power of choice: Living yo... ❌
  🔄 Long-distance relationships ar... ❌
  🔄 內心強大到可怕的10種心境！#人生 #心理學 #煩惱 #認知... ❌
  🔄 當恨佔滿了心，親密就進不來！#情感 #愛情 #戀愛 #離婚 ... ❌
  🔄 3句話學會放下執著、停止內耗，走向內在的力量！#人生 #心理... ❌
  🔄 原諒出軌，是救贖還是折磨？#情感 #愛情 #戀愛 #離婚  ... ❌
  🔄 女人最該守住的三重分寸感！#情感 #愛情 #戀愛 #離婚  ... ❌
  🔄 Whether your employees are wor... ❌
  🔄 苦難生智慧「物極必反」的哲學！#人生 #心理學 #煩惱 #認... ❌
  🔄 Four ways to quickly improve y... ❌
  🔄 如何挽救孩子的躺平和厭學？#松明  #煩惱 #親子 #婚姻 ... ❌
  📊 松明讲心理: 0✅ 15❌
  📊 總計: 成功:0 失敗:15

============================================================
✅ 完成! 時間: 23:49:20
============================================================
>>> Round done at Thu Mar 26 23:49:21 CST 2026. last_channel_index=5
============================================================
🚀 知識庫爬蟲（kd subtitles 專用）- 23:49:24
============================================================

📺 [6/9] 超真實商談
  ✅ 無新影片

📺 [7/9] Cofit211
  🔄 【頻道會員專屬】腦科學權威：你擁有「重塑大腦」的能力，人生隨... ❌
  🔄 這動作能緩解腰痠背痛？科學實證：真的有用｜初日診所 魏士航醫... ❌
  🔄 [Channel Member Exclusive] Inv... ❌
  🔄 [Channel Member Exclusive] Sta... ❌
  📊 Cofit211: 0✅ 4❌
  📊 總計: 成功:0 失敗:4

============================================================
✅ 完成! 時間: 23:50:10
============================================================
>>> Round done at Thu Mar 26 23:50:10 CST 2026. last_channel_index=7
============================================================
🚀 知識庫爬蟲（kd subtitles 專用）- 23:50:14
============================================================

📺 [8/9] 泛科學
  ✅ 無新影片

📺 [9/9] 泛科學院
  🔄 公開Gemini 3.1 Pro 六大功能！不是工程師也能寫... ❌
  🔄 [2026 Best AI Subscription Gui... ❌
  🔄 Stop using AI to copy and past... ❌
  🔄 [AI Teaching Notes | YouTube C... ❌
  📊 泛科學院: 0✅ 4❌
  📊 總計: 成功:0 失敗:4

============================================================
✅ 完成! 時間: 23:51:00
============================================================
>>> Round done at Thu Mar 26 23:51:00 CST 2026. last_channel_index=0
============================================================
🚀 知識庫爬蟲（kd subtitles 專用）- 23:51:03
============================================================

📺 [1/9] 胡乃文开播
  🔄 她雙腿癢2個月竟是肝出大問題！換季皮膚就癢癢，按2大穴止癢，... ❌
  🔄 不讓醫師演戲真的太可惜！喝這1杯花茶，血壓穩下來，眼睛不花了... ❌
  🔄 血壓總是早上5點-8點高，吃降血壓藥也不管用怎麼辦？｜胡乃文... ❌
  🔄 💖粉絲問什麼？胡太太逗趣提問，胡醫師親解答！胡乃文開講會員專... ❌
  🔄 {沒看到太可惜！醫師爆笑模仿蔣部長，全場笑翻｜胡乃文開講會員... ❌
  🔄 { 會員Q&A } 急救時先別亂按！極泉穴、人中穴，其實很多... ❌
  🔄 關於食用油對膽結石和便秘的問題｜胡乃文開講會員專屬7 ❌
  🔄 翻轉糖尿病迷思！為什麼糖尿病反而要吃米飯才會好！3個簡單運動... ❌
  📊 胡乃文开播: 0✅ 8❌
  📊 總計: 成功:0 失敗:8

============================================================
✅ 完成! 時間: 23:52:10
============================================================
>>> Round done at Thu Mar 26 23:52:10 CST 2026. last_channel_index=1
============================================================
🚀 知識庫爬蟲（kd subtitles 專用）- 23:52:13
============================================================

📺 [2/9] 柏格醫生中文
  🔄 垃圾食品隱藏乳化劑像洗碗精！破壞腸道黏液層導致腸漏，柏格醫生... ❌
  🔄 【柏格醫生】27個最強飲食秘訣！這樣吃營養吸收翻倍，改善健康... ❌
  🔄 輕斷食瘦身,生酮會燃燒脂肪,抑制食欲,不挨餓減肥,低碳,少吃... ❌
  🔄 如何永久遠離癌症？柏格醫生破解「癌細胞」弱點，30招從根本打... ❌
  🔄 頭前傾2.5公分加重4.5公斤！柏格醫生教你每晚幾分鐘快速矯... ❌
  🔄 肝臟出問題導致半夜醒來？夜間血糖劇烈波動的真正原因與5大改善... ❌
  🔄 戒不掉糖、菸、色情、社媒？柏格醫生教你：NAC + 鎂 + ... ❌
  🔄 麵包真正毒物不是麩質！血糖暴衝、胰島素阻抗元兇曝光，戒掉後該... ❌
  🔄 高劑量維生素D會中毒？柏格醫生揭真相：每天1萬單位其實超安全... ❌
  🔄 不再白吃了！掌握柏格醫生27個健康飲食清單：提升代謝、拒絕發... ❌
  🔄 老人斑怎麼自然淡化？柏格醫生揭秘穀胱甘肽不足才是根本原因，1... ❌
  🔄 如何徹底戒除A片成癮？科學恢復多巴胺，拯救性生活與感情 ❌
  🔄 失眠毀掉我生活!! 助睡眠和保健肝功能的營養,柏格醫生 Dr... ❌
  🔄 間歇性斷食+每天低碳30g！醫師級健康習慣大公開：維生素D、... ❌
  🔄 最佳伸展筋膜,能消炎、助眠、不僵硬! 減壓！自然療法,柏格醫... ❌
  📊 柏格醫生中文: 0✅ 15❌
  📊 總計: 成功:0 失敗:15

============================================================
✅ 完成! 時間: 23:55:14
============================================================
>>> Round done at Thu Mar 26 23:55:15 CST 2026. last_channel_index=2
============================================================
🚀 知識庫爬蟲（kd subtitles 專用）- 23:55:18
============================================================

📺 [3/9] Dr.HuangAmin
  🔄 睡覺狂打呼，口腔肌少症找上門！教你練舌肌力！feat.黃斌洋... ❌
  🔄 你靠吃「某些食物」才想大便，不正常！？必吃3種食物養腸道！｜... ❌
  🔄 手抬不起來，竟跟腸胃有關？內臟卡卡，手也會被扯住！｜功操大全 ❌
  🔄 轉頭就痛！頸因性頭痛，真正的原因在手部！？｜功操大全 ❌
  🔄 骨盆前傾一招練回正臀！檢測你有沒有假翹臀！｜功操大全 ❌
  🔄 你的身體會替情緒說話？什麼是身心學？feat.趙耕樂身心療癒... ❌
  🔄 別再硬按！淋巴塞，痠痛來！帶你一起疏通淋巴｜功操大全 ❌
  🔄 烏龜頸，脖子前傾的真相！搞錯原因復健還是凸！｜功操大全 ❌
  🔄 床墊、枕頭選錯你就痛！睡姿問題一次解！｜功操大全 ❌
  🔄 常常聳肩！你的腸胃、鎖骨卡住肩！｜迷思破解 ❌
  🔄 身體失調！月經亂、變胖竟是身體太冷！？feat.內科李琪醫師... ❌
  🔄 膝蓋痛，關鍵在骨盆、腳底的影響！｜迷思破解 ❌
  🔄 圓肩，全因你手指沒力氣？｜迷思破解 ❌
  🔄 消水腫！先清除體內垃圾｜迷思破解 ❌
  🔄 顳顎關節卡住的真正原因！｜功操大全 ❌
  📊 Dr.HuangAmin: 0✅ 15❌
  📊 總計: 成功:0 失敗:15

============================================================
✅ 完成! 時間: 23:57:33
============================================================
>>> Round done at Thu Mar 26 23:57:33 CST 2026. last_channel_index=3
============================================================
🚀 知識庫爬蟲（kd subtitles 專用）- 23:57:36
============================================================

📺 [4/9] 周慕姿放心說
  🔄 你不是廢，是太焦慮！撕下懶惰標籤，接住卡住的自己｜Ft.李東... ❌
  📊 周慕姿放心說: 0✅ 1❌
  📊 總計: 成功:0 失敗:1

============================================================
✅ 完成! 時間: 23:57:58
============================================================
>>> Round done at Thu Mar 26 23:57:58 CST 2026. last_channel_index=4
============================================================
🚀 知識庫爬蟲（kd subtitles 專用）- 23:58:01
============================================================

📺 [5/9] 松明讲心理
  🔄 Depression is a slow betrayal ... ❌
  🔄 愛操心的人，其實最孤單！#人生 #心理學 #煩惱 #認知 #... ❌
  🔄 Learn to make choices so your ... ❌
  🔄 看清選擇背後的三大陷阱，做出更清晰的人生決策！#朋友 #人際... ❌
  🔄 The power of choice: Living yo... ❌
  🔄 Long-distance relationships ar... ❌
  🔄 內心強大到可怕的10種心境！#人生 #心理學 #煩惱 #認知... ❌
  🔄 當恨佔滿了心，親密就進不來！#情感 #愛情 #戀愛 #離婚 ... ❌
  🔄 3句話學會放下執著、停止內耗，走向內在的力量！#人生 #心理... ❌
  🔄 原諒出軌，是救贖還是折磨？#情感 #愛情 #戀愛 #離婚  ... ❌
  🔄 女人最該守住的三重分寸感！#情感 #愛情 #戀愛 #離婚  ... ❌
  🔄 Whether your employees are wor... ❌
  🔄 苦難生智慧「物極必反」的哲學！#人生 #心理學 #煩惱 #認... ❌
  🔄 Four ways to quickly improve y... ❌
  🔄 如何挽救孩子的躺平和厭學？#松明  #煩惱 #親子 #婚姻 ... ❌
  📊 松明讲心理: 0✅ 15❌
  📊 總計: 成功:0 失敗:15

============================================================
✅ 完成! 時間: 00:00:14
============================================================
>>> Round done at Fri Mar 27 00:00:14 CST 2026. last_channel_index=5
============================================================
🚀 知識庫爬蟲（kd subtitles 專用）- 00:00:17
============================================================

📺 [6/9] 超真實商談
  ✅ 無新影片

📺 [7/9] Cofit211
  🔄 【頻道會員專屬】腦科學權威：你擁有「重塑大腦」的能力，人生隨... ❌
  🔄 這動作能緩解腰痠背痛？科學實證：真的有用｜初日診所 魏士航醫... ❌
  🔄 [Channel Member Exclusive] Inv... ❌
  🔄 [Channel Member Exclusive] Sta... ❌
  📊 Cofit211: 0✅ 4❌
  📊 總計: 成功:0 失敗:4

============================================================
✅ 完成! 時間: 00:00:56
============================================================
>>> Round done at Fri Mar 27 00:00:56 CST 2026. last_channel_index=7
============================================================
🚀 知識庫爬蟲（kd subtitles 專用）- 00:00:59
============================================================

📺 [8/9] 泛科學
  ✅ 無新影片

📺 [9/9] 泛科學院
  🔄 公開Gemini 3.1 Pro 六大功能！不是工程師也能寫... ❌
  🔄 [2026 Best AI Subscription Gui... ❌
  🔄 Stop using AI to copy and past... ❌
  🔄 [AI Teaching Notes | YouTube C... ❌
  📊 泛科學院: 0✅ 4❌
  📊 總計: 成功:0 失敗:4

============================================================
✅ 完成! 時間: 00:01:45
============================================================
>>> Round done at Fri Mar 27 00:01:45 CST 2026. last_channel_index=0
============================================================
🚀 知識庫爬蟲（kd subtitles 專用）- 00:01:48
============================================================

📺 [1/9] 胡乃文开播
  🔄 注意！她癢2個月查出是肝癌！春季濕疹大爆發，按2穴止癢，戒3... ❌
  🔄 不讓醫師演戲真的太可惜！喝這1杯花茶，血壓穩下來，眼睛不花了... ❌
  🔄 血壓總是早上5點-8點高，吃降血壓藥也不管用怎麼辦？｜胡乃文... ❌
  🔄 💖粉絲問什麼？胡太太逗趣提問，胡醫師親解答！胡乃文開講會員專... ❌
  🔄 {沒看到太可惜！醫師爆笑模仿蔣部長，全場笑翻｜胡乃文開講會員... ❌
  🔄 { 會員Q&A } 急救時先別亂按！極泉穴、人中穴，其實很多... ❌
  🔄 關於食用油對膽結石和便秘的問題｜胡乃文開講會員專屬7 ❌
  🔄 翻轉糖尿病迷思！為什麼糖尿病反而要吃米飯才會好！3個簡單運動... ❌
  📊 胡乃文开播: 0✅ 8❌
  📊 總計: 成功:0 失敗:8

============================================================
✅ 完成! 時間: 00:02:58
============================================================
>>> Round done at Fri Mar 27 00:02:58 CST 2026. last_channel_index=1
============================================================
🚀 知識庫爬蟲（kd subtitles 專用）- 00:03:01
============================================================

📺 [2/9] 柏格醫生中文
  🔄 乳化劑正毀壞你的腸道！藏在冰淇淋、沙拉醬、植物奶中，柏格醫生... ❌
  🔄 【柏格醫生】27個最強飲食秘訣！這樣吃營養吸收翻倍，改善健康... ❌
  🔄 輕斷食瘦身,生酮會燃燒脂肪,抑制食欲,不挨餓減肥,低碳,少吃... ❌
  🔄 癌症根本不是基因突變！柏格醫生：只要做對這30件事，從「粒線... ❌
  🔄 頭前傾2.5公分加重4.5公斤！柏格醫生教你每晚幾分鐘快速矯... ❌
  🔄 肝臟出問題導致半夜醒來？夜間血糖劇烈波動的真正原因與5大改善... ❌
  🔄 戒不掉糖、菸、色情、社媒？柏格醫生教你：NAC + 鎂 + ... ❌
  🔄 麵包真正毒物不是麩質！血糖暴衝、胰島素阻抗元兇曝光，戒掉後該... ❌
  🔄 高劑量維生素D會中毒？柏格醫生揭真相：每天1萬單位其實超安全... ❌
  🔄 【柏格醫生】27個最強飲食秘訣！這樣吃營養吸收翻倍，改善健康... ❌
  🔄 老人斑怎麼自然淡化？柏格醫生揭秘穀胱甘肽不足才是根本原因，1... ❌
  🔄 如何徹底戒除A片成癮？科學恢復多巴胺，拯救性生活與感情 ❌
  🔄 失眠毀掉我生活!! 助睡眠和保健肝功能的營養,柏格醫生 Dr... ❌
  🔄 養成這7個習慣，胰島素直降、脂肪狂燒！不餓不節食，輕鬆達到最... ❌
  🔄 最佳伸展筋膜,能消炎、助眠、不僵硬! 減壓！自然療法,柏格醫... ❌
  📊 柏格醫生中文: 0✅ 15❌
  📊 總計: 成功:0 失敗:15

============================================================
✅ 完成! 時間: 00:05:56
============================================================
>>> Round done at Fri Mar 27 00:05:56 CST 2026. last_channel_index=2
============================================================
🚀 知識庫爬蟲（kd subtitles 專用）- 00:05:59
============================================================

📺 [3/9] Dr.HuangAmin
  🔄 睡覺狂打呼，口腔肌少症找上門！教你練舌肌力！feat.黃斌洋... ❌
  🔄 你靠吃「某些食物」才想大便，不正常！？必吃3種食物養腸道！｜... ❌
  🔄 手抬不起來，竟跟腸胃有關？內臟卡卡，手也會被扯住！｜功操大全 ❌
  🔄 轉頭就痛！頸因性頭痛，真正的原因在手部！？｜功操大全 ❌
  🔄 骨盆前傾一招練回正臀！檢測你有沒有假翹臀！｜功操大全 ❌
  🔄 你的身體會替情緒說話？什麼是身心學？feat.趙耕樂身心療癒... ❌
  🔄 別再硬按！淋巴塞，痠痛來！帶你一起疏通淋巴｜功操大全 ❌
  🔄 烏龜頸，脖子前傾的真相！搞錯原因復健還是凸！｜功操大全 ❌
  🔄 床墊、枕頭選錯你就痛！睡姿問題一次解！｜功操大全 ❌
  🔄 常常聳肩！你的腸胃、鎖骨卡住肩！｜迷思破解 ❌
  🔄 身體失調！月經亂、變胖竟是身體太冷！？feat.內科李琪醫師... ❌
  🔄 膝蓋痛，關鍵在骨盆、腳底的影響！｜迷思破解 ❌
  🔄 圓肩，全因你手指沒力氣？｜迷思破解 ❌
  🔄 消水腫！先清除體內垃圾｜迷思破解 ❌
  🔄 顳顎關節卡住的真正原因！｜功操大全 ❌
  📊 Dr.HuangAmin: 0✅ 15❌
  📊 總計: 成功:0 失敗:15

============================================================
✅ 完成! 時間: 00:08:19
============================================================
>>> Round done at Fri Mar 27 00:08:19 CST 2026. last_channel_index=3
============================================================
🚀 知識庫爬蟲（kd subtitles 專用）- 00:08:22
============================================================

📺 [4/9] 周慕姿放心說
  🔄 你不是廢，是太焦慮！撕下懶惰標籤，接住卡住的自己｜Ft.李東... ❌
  📊 周慕姿放心說: 0✅ 1❌
  📊 總計: 成功:0 失敗:1

============================================================
✅ 完成! 時間: 00:08:46
============================================================
>>> Round done at Fri Mar 27 00:08:46 CST 2026. last_channel_index=4
============================================================
🚀 知識庫爬蟲（kd subtitles 專用）- 00:08:49
============================================================

📺 [5/9] 松明讲心理
  🔄 Depression is a slow betrayal ... ❌
  🔄 愛操心的人，其實最孤單！#人生 #心理學 #煩惱 #認知 #... ❌
  🔄 Learn to make choices so your ... ❌
  🔄 看清選擇背後的三大陷阱，做出更清晰的人生決策！#朋友 #人際... ❌
  🔄 The power of choice: Living yo... ❌
  🔄 Long-distance relationships ar... ❌
  🔄 內心強大到可怕的10種心境！#人生 #心理學 #煩惱 #認知... ❌
  🔄 當恨佔滿了心，親密就進不來！#情感 #愛情 #戀愛 #離婚 ... ❌
  🔄 3句話學會放下執著、停止內耗，走向內在的力量！#人生 #心理... ❌
  🔄 原諒出軌，是救贖還是折磨？#情感 #愛情 #戀愛 #離婚  ... ❌
  🔄 女人最該守住的三重分寸感！#情感 #愛情 #戀愛 #離婚  ... ❌
  🔄 Whether your employees are wor... ❌
  🔄 苦難生智慧「物極必反」的哲學！#人生 #心理學 #煩惱 #認... ❌
  🔄 Four ways to quickly improve y... ❌
  🔄 如何挽救孩子的躺平和厭學？#松明  #煩惱 #親子 #婚姻 ... ❌
  📊 松明讲心理: 0✅ 15❌
  📊 總計: 成功:0 失敗:15

============================================================
✅ 完成! 時間: 00:11:03
============================================================
>>> Round done at Fri Mar 27 00:11:03 CST 2026. last_channel_index=5
============================================================
🚀 知識庫爬蟲（kd subtitles 專用）- 00:11:06
============================================================

📺 [6/9] 超真實商談
  ✅ 無新影片

📺 [7/9] Cofit211
  🔄 【頻道會員專屬】腦科學權威：你擁有「重塑大腦」的能力，人生隨... ❌
  🔄 這動作能緩解腰痠背痛？科學實證：真的有用｜初日診所 魏士航醫... ❌
  🔄 [Channel Member Exclusive] Inv... ❌
  🔄 [Channel Member Exclusive] Sta... ❌
  📊 Cofit211: 0✅ 4❌
  📊 總計: 成功:0 失敗:4

============================================================
✅ 完成! 時間: 00:11:54
============================================================
>>> Round done at Fri Mar 27 00:11:54 CST 2026. last_channel_index=7
============================================================
🚀 知識庫爬蟲（kd subtitles 專用）- 00:11:57
============================================================

📺 [8/9] 泛科學
  ✅ 無新影片

📺 [9/9] 泛科學院
  🔄 公開Gemini 3.1 Pro 六大功能！不是工程師也能寫... ❌
  🔄 [2026 Best AI Subscription Gui... ❌
  🔄 Stop using AI to copy and past... ❌
  🔄 [AI Teaching Notes | YouTube C... ❌
  📊 泛科學院: 0✅ 4❌
  📊 總計: 成功:0 失敗:4

============================================================
✅ 完成! 時間: 00:12:43
============================================================
>>> Round done at Fri Mar 27 00:12:43 CST 2026. last_channel_index=0
============================================================
🚀 知識庫爬蟲（kd subtitles 專用）- 00:12:46
============================================================

📺 [1/9] 胡乃文开播
  🔄 地瓜葉菊花茶讓濕疹好得快，但你吃對了嗎？她雙腿癢2個月竟是肝... ❌
  🔄 不讓醫師演戲真的太可惜！喝這1杯花茶，血壓穩下來，眼睛不花了... ❌
  🔄 血壓總是早上5點-8點高，吃降血壓藥也不管用怎麼辦？｜胡乃文... ❌
  🔄 💖粉絲問什麼？胡太太逗趣提問，胡醫師親解答！胡乃文開講會員專... ❌
  🔄 {沒看到太可惜！醫師爆笑模仿蔣部長，全場笑翻｜胡乃文開講會員... ❌
  🔄 { 會員Q&A } 急救時先別亂按！極泉穴、人中穴，其實很多... ❌
  🔄 關於食用油對膽結石和便秘的問題｜胡乃文開講會員專屬7 ❌
  🔄 翻轉糖尿病迷思！為什麼糖尿病反而要吃米飯才會好！3個簡單運動... ❌
  📊 胡乃文开播: 0✅ 8❌
  📊 總計: 成功:0 失敗:8

============================================================
✅ 完成! 時間: 00:13:57
============================================================
>>> Round done at Fri Mar 27 00:13:57 CST 2026. last_channel_index=1
============================================================
🚀 知識庫爬蟲（kd subtitles 專用）- 00:14:00
============================================================

📺 [2/9] 柏格醫生中文
  🔄 超市60%包裝食品都含這隱藏成分！乳化劑悄悄損害腸道健康與大... ❌
  🔄 【柏格醫生】27個最強飲食秘訣！這樣吃營養吸收翻倍，改善健康... ❌
  🔄 輕斷食瘦身,生酮會燃燒脂肪,抑制食欲,不挨餓減肥,低碳,少吃... ❌
  🔄 癌症根本不是基因突變！柏格醫生：只要做對這30件事，從「粒線... ❌
  🔄 頭前傾2.5公分加重4.5公斤！柏格醫生教你每晚幾分鐘快速矯... ❌
  🔄 肝臟出問題導致半夜醒來？夜間血糖劇烈波動的真正原因與5大改善... ❌
  🔄 戒不掉糖、菸、色情、社媒？柏格醫生教你：NAC + 鎂 + ... ❌
  🔄 麵包真正毒物不是麩質！血糖暴衝、胰島素阻抗元兇曝光，戒掉後該... ❌
  🔄 高劑量維生素D會中毒？柏格醫生揭真相：每天1萬單位其實超安全... ❌
  🔄 【柏格醫生】27個最強飲食秘訣！這樣吃營養吸收翻倍，改善健康... ❌
  🔄 老人斑怎麼自然淡化？柏格醫生揭秘穀胱甘肽不足才是根本原因，1... ❌
  🔄 如何徹底戒除A片成癮？科學恢復多巴胺，拯救性生活與感情 ❌
  🔄 失眠毀掉我生活!! 助睡眠和保健肝功能的營養,柏格醫生 Dr... ❌
  🔄 養成這7個習慣，胰島素直降、脂肪狂燒！不餓不節食，輕鬆達到最... ❌
  🔄 最佳伸展筋膜,能消炎、助眠、不僵硬! 減壓！自然療法,柏格醫... ❌
  📊 柏格醫生中文: 0✅ 15❌
  📊 總計: 成功:0 失敗:15

============================================================
✅ 完成! 時間: 00:17:00
============================================================
>>> Round done at Fri Mar 27 00:17:00 CST 2026. last_channel_index=2
============================================================
🚀 知識庫爬蟲（kd subtitles 專用）- 00:17:03
============================================================

📺 [3/9] Dr.HuangAmin
  🔄 睡覺狂打呼，口腔肌少症找上門！教你練舌肌力！feat.黃斌洋... ❌
  🔄 你靠吃「某些食物」才想大便，不正常！？必吃3種食物養腸道！｜... ❌
  🔄 手抬不起來，竟跟腸胃有關？內臟卡卡，手也會被扯住！｜功操大全 ❌
  🔄 轉頭就痛！頸因性頭痛，真正的原因在手部！？｜功操大全 ❌
  🔄 骨盆前傾一招練回正臀！檢測你有沒有假翹臀！｜功操大全 ❌
  🔄 你的身體會替情緒說話？什麼是身心學？feat.趙耕樂身心療癒... ❌
  🔄 別再硬按！淋巴塞，痠痛來！帶你一起疏通淋巴｜功操大全 ❌
  🔄 烏龜頸，脖子前傾的真相！搞錯原因復健還是凸！｜功操大全 ❌
  🔄 床墊、枕頭選錯你就痛！睡姿問題一次解！｜功操大全 ❌
  🔄 常常聳肩！你的腸胃、鎖骨卡住肩！｜迷思破解 ❌
  🔄 身體失調！月經亂、變胖竟是身體太冷！？feat.內科李琪醫師... ❌
  🔄 膝蓋痛，關鍵在骨盆、腳底的影響！｜迷思破解 ❌
  🔄 圓肩，全因你手指沒力氣？｜迷思破解 ❌
  🔄 消水腫！先清除體內垃圾｜迷思破解 ❌
  🔄 顳顎關節卡住的真正原因！｜功操大全 ❌
  📊 Dr.HuangAmin: 0✅ 15❌
  📊 總計: 成功:0 失敗:15

============================================================
✅ 完成! 時間: 00:19:23
============================================================
>>> Round done at Fri Mar 27 00:19:23 CST 2026. last_channel_index=3
============================================================
🚀 知識庫爬蟲（kd subtitles 專用）- 00:19:26
============================================================

📺 [4/9] 周慕姿放心說
  🔄 你不是廢，是太焦慮！撕下懶惰標籤，接住卡住的自己｜Ft.李東... ❌
  📊 周慕姿放心說: 0✅ 1❌
  📊 總計: 成功:0 失敗:1

============================================================
✅ 完成! 時間: 00:19:48
============================================================
>>> Round done at Fri Mar 27 00:19:48 CST 2026. last_channel_index=4
============================================================
🚀 知識庫爬蟲（kd subtitles 專用）- 00:19:51
============================================================

📺 [5/9] 松明讲心理
  🔄 Depression is a slow betrayal ... ❌
  🔄 愛操心的人，其實最孤單！#人生 #心理學 #煩惱 #認知 #... ❌
  🔄 Learn to make choices so your ... ❌
  🔄 看清選擇背後的三大陷阱，做出更清晰的人生決策！#朋友 #人際... ❌
  🔄 The power of choice: Living yo... ❌
  🔄 Long-distance relationships ar... ❌
  🔄 內心強大到可怕的10種心境！#人生 #心理學 #煩惱 #認知... ❌
  🔄 當恨佔滿了心，親密就進不來！#情感 #愛情 #戀愛 #離婚 ... ❌
  🔄 3句話學會放下執著、停止內耗，走向內在的力量！#人生 #心理... ❌
  🔄 原諒出軌，是救贖還是折磨？#情感 #愛情 #戀愛 #離婚  ... ❌
  🔄 女人最該守住的三重分寸感！#情感 #愛情 #戀愛 #離婚  ... ❌
  🔄 Whether your employees are wor... ❌
  🔄 苦難生智慧「物極必反」的哲學！#人生 #心理學 #煩惱 #認... ❌
  🔄 Four ways to quickly improve y... ❌
  🔄 如何挽救孩子的躺平和厭學？#松明  #煩惱 #親子 #婚姻 ... ❌
  📊 松明讲心理: 0✅ 15❌
  📊 總計: 成功:0 失敗:15

============================================================
✅ 完成! 時間: 00:21:56
============================================================
>>> Round done at Fri Mar 27 00:21:57 CST 2026. last_channel_index=5
============================================================
🚀 知識庫爬蟲（kd subtitles 專用）- 00:22:00
============================================================

📺 [6/9] 超真實商談
  ✅ 無新影片

📺 [7/9] Cofit211
  🔄 【頻道會員專屬】腦科學權威：你擁有「重塑大腦」的能力，人生隨... ❌
  🔄 這動作能緩解腰痠背痛？科學實證：真的有用｜初日診所 魏士航醫... ❌
  🔄 [Channel Member Exclusive] Inv... ❌
  🔄 [Channel Member Exclusive] Sta... ❌
  📊 Cofit211: 0✅ 4❌
  📊 總計: 成功:0 失敗:4

============================================================
✅ 完成! 時間: 00:22:41
============================================================
>>> Round done at Fri Mar 27 00:22:41 CST 2026. last_channel_index=7
============================================================
🚀 知識庫爬蟲（kd subtitles 專用）- 00:22:44
============================================================

📺 [8/9] 泛科學
  ✅ 無新影片

📺 [9/9] 泛科學院
  🔄 公開Gemini 3.1 Pro 六大功能！不是工程師也能寫... ❌
  🔄 [2026 Best AI Subscription Gui... ❌
  🔄 Stop using AI to copy and past... ❌
  🔄 [AI Teaching Notes | YouTube C... ❌
  📊 泛科學院: 0✅ 4❌
  📊 總計: 成功:0 失敗:4

============================================================
✅ 完成! 時間: 00:23:35
============================================================
>>> Round done at Fri Mar 27 00:23:35 CST 2026. last_channel_index=0
============================================================
🚀 知識庫爬蟲（kd subtitles 專用）- 00:23:38
============================================================

📺 [1/9] 胡乃文开播
  🔄 注意！她癢2個月查出是肝癌！春季濕疹大爆發，按2穴止癢，戒3... ❌
  🔄 不讓醫師演戲真的太可惜！喝這1杯花茶，血壓穩下來，眼睛不花了... ❌
  🔄 血壓總是早上5點-8點高，吃降血壓藥也不管用怎麼辦？｜胡乃文... ❌
  🔄 💖粉絲問什麼？胡太太逗趣提問，胡醫師親解答！胡乃文開講會員專... ❌
  🔄 {沒看到太可惜！醫師爆笑模仿蔣部長，全場笑翻｜胡乃文開講會員... ❌
  🔄 { 會員Q&A } 急救時先別亂按！極泉穴、人中穴，其實很多... ❌
  🔄 關於食用油對膽結石和便秘的問題｜胡乃文開講會員專屬7 ❌
  🔄 翻轉糖尿病迷思！為什麼糖尿病反而要吃米飯才會好！3個簡單運動... ❌
  📊 胡乃文开播: 0✅ 8❌
  📊 總計: 成功:0 失敗:8

============================================================
✅ 完成! 時間: 00:24:49
============================================================
>>> Round done at Fri Mar 27 00:24:49 CST 2026. last_channel_index=1
============================================================
🚀 知識庫爬蟲（kd subtitles 專用）- 00:24:52
============================================================

📺 [2/9] 柏格醫生中文
  🔄 垃圾食品隱藏乳化劑像洗碗精！破壞腸道黏液層導致腸漏，柏格醫生... ❌
  🔄 【柏格醫生】27個最強飲食秘訣！這樣吃營養吸收翻倍，改善健康... ❌
  🔄 輕斷食瘦身,生酮會燃燒脂肪,抑制食欲,不挨餓減肥,低碳,少吃... ❌
  🔄 【柏格醫生】癌症研究70年都錯了？揭開致癌真相與30個科學防... ❌
  🔄 頭前傾2.5公分加重4.5公斤！柏格醫生教你每晚幾分鐘快速矯... ❌
  🔄 肝臟出問題導致半夜醒來？夜間血糖劇烈波動的真正原因與5大改善... ❌
  🔄 戒不掉糖、菸、色情、社媒？柏格醫生教你：NAC + 鎂 + ... ❌
  🔄 麵包真正毒物不是麩質！血糖暴衝、胰島素阻抗元兇曝光，戒掉後該... ❌
  🔄 高劑量維生素D會中毒？柏格醫生揭真相：每天1萬單位其實超安全... ❌
  🔄 【柏格醫生】27個最強飲食秘訣！這樣吃營養吸收翻倍，改善健康... ❌
  🔄 老人斑怎麼自然淡化？柏格醫生揭秘穀胱甘肽不足才是根本原因，1... ❌
  🔄 如何徹底戒除A片成癮？科學恢復多巴胺，拯救性生活與感情 ❌
  🔄 失眠毀掉我生活!! 助睡眠和保健肝功能的營養,柏格醫生 Dr... ❌
  🔄 養成這7個習慣，胰島素直降、脂肪狂燒！不餓不節食，輕鬆達到最... ❌
  🔄 最佳伸展筋膜,能消炎、助眠、不僵硬! 減壓！自然療法,柏格醫... ❌
  📊 柏格醫生中文: 0✅ 15❌
  📊 總計: 成功:0 失敗:15

============================================================
✅ 完成! 時間: 00:27:44
============================================================
>>> Round done at Fri Mar 27 00:27:45 CST 2026. last_channel_index=2
============================================================
🚀 知識庫爬蟲（kd subtitles 專用）- 00:27:48
============================================================

📺 [3/9] Dr.HuangAmin
  🔄 睡覺狂打呼，口腔肌少症找上門！教你練舌肌力！feat.黃斌洋... ❌
  🔄 你靠吃「某些食物」才想大便，不正常！？必吃3種食物養腸道！｜... ❌
  🔄 手抬不起來，竟跟腸胃有關？內臟卡卡，手也會被扯住！｜功操大全 ❌
  🔄 轉頭就痛！頸因性頭痛，真正的原因在手部！？｜功操大全 ❌
  🔄 骨盆前傾一招練回正臀！檢測你有沒有假翹臀！｜功操大全 ❌
  🔄 你的身體會替情緒說話？什麼是身心學？feat.趙耕樂身心療癒... ❌
  🔄 別再硬按！淋巴塞，痠痛來！帶你一起疏通淋巴｜功操大全 ❌
  🔄 烏龜頸，脖子前傾的真相！搞錯原因復健還是凸！｜功操大全 ❌
  🔄 床墊、枕頭選錯你就痛！睡姿問題一次解！｜功操大全 ❌
  🔄 常常聳肩！你的腸胃、鎖骨卡住肩！｜迷思破解 ❌
  🔄 身體失調！月經亂、變胖竟是身體太冷！？feat.內科李琪醫師... ❌
  🔄 膝蓋痛，關鍵在骨盆、腳底的影響！｜迷思破解 ❌
  🔄 圓肩，全因你手指沒力氣？｜迷思破解 ❌
  🔄 消水腫！先清除體內垃圾｜迷思破解 ❌
  🔄 顳顎關節卡住的真正原因！｜功操大全 ❌
  📊 Dr.HuangAmin: 0✅ 15❌
  📊 總計: 成功:0 失敗:15

============================================================
✅ 完成! 時間: 00:29:56
============================================================
>>> Round done at Fri Mar 27 00:29:56 CST 2026. last_channel_index=3
============================================================
🚀 知識庫爬蟲（kd subtitles 專用）- 00:29:59
============================================================

📺 [4/9] 周慕姿放心說
  🔄 你不是廢，是太焦慮！撕下懶惰標籤，接住卡住的自己｜Ft.李東... ❌
  📊 周慕姿放心說: 0✅ 1❌
  📊 總計: 成功:0 失敗:1

============================================================
✅ 完成! 時間: 00:30:20
============================================================
>>> Round done at Fri Mar 27 00:30:20 CST 2026. last_channel_index=4
============================================================
🚀 知識庫爬蟲（kd subtitles 專用）- 00:30:23
============================================================

📺 [5/9] 松明讲心理
  🔄 Depression is a slow betrayal ... ❌
  🔄 愛操心的人，其實最孤單！#人生 #心理學 #煩惱 #認知 #... ❌
  🔄 Learn to make choices so your ... ❌
  🔄 看清選擇背後的三大陷阱，做出更清晰的人生決策！#朋友 #人際... ❌
  🔄 The power of choice: Living yo... ❌
  🔄 Long-distance relationships ar... ❌
  🔄 內心強大到可怕的10種心境！#人生 #心理學 #煩惱 #認知... ❌
  🔄 當恨佔滿了心，親密就進不來！#情感 #愛情 #戀愛 #離婚 ... ❌
  🔄 3句話學會放下執著、停止內耗，走向內在的力量！#人生 #心理... ❌
  🔄 原諒出軌，是救贖還是折磨？#情感 #愛情 #戀愛 #離婚  ... ❌
  🔄 女人最該守住的三重分寸感！#情感 #愛情 #戀愛 #離婚  ... ❌
  🔄 Whether your employees are wor... ❌
  🔄 苦難生智慧「物極必反」的哲學！#人生 #心理學 #煩惱 #認... ❌
  🔄 Four ways to quickly improve y... ❌
  🔄 如何挽救孩子的躺平和厭學？#松明  #煩惱 #親子 #婚姻 ... ❌
  📊 松明讲心理: 0✅ 15❌
  📊 總計: 成功:0 失敗:15

============================================================
✅ 完成! 時間: 00:32:34
============================================================
>>> Round done at Fri Mar 27 00:32:34 CST 2026. last_channel_index=5
============================================================
🚀 知識庫爬蟲（kd subtitles 專用）- 00:32:37
============================================================

📺 [6/9] 超真實商談
  ✅ 無新影片

📺 [7/9] Cofit211
  🔄 【頻道會員專屬】腦科學權威：你擁有「重塑大腦」的能力，人生隨... ❌
  🔄 這動作能緩解腰痠背痛？科學實證：真的有用｜初日診所 魏士航醫... ❌
  🔄 [Channel Member Exclusive] Inv... ❌
  🔄 [Channel Member Exclusive] Sta... ❌
  📊 Cofit211: 0✅ 4❌
  📊 總計: 成功:0 失敗:4

============================================================
✅ 完成! 時間: 00:33:17
============================================================
>>> Round done at Fri Mar 27 00:33:17 CST 2026. last_channel_index=7
============================================================
🚀 知識庫爬蟲（kd subtitles 專用）- 00:33:20
============================================================

📺 [8/9] 泛科學
  ✅ 無新影片

📺 [9/9] 泛科學院
  🔄 公開Gemini 3.1 Pro 六大功能！不是工程師也能寫... ❌
  🔄 [2026 Best AI Subscription Gui... ❌
  🔄 Stop using AI to copy and past... ❌
  🔄 [AI Teaching Notes | YouTube C... ❌
  📊 泛科學院: 0✅ 4❌
  📊 總計: 成功:0 失敗:4

============================================================
✅ 完成! 時間: 00:34:08
============================================================
>>> Round done at Fri Mar 27 00:34:08 CST 2026. last_channel_index=0
============================================================
🚀 知識庫爬蟲（kd subtitles 專用）- 00:34:11
============================================================

📺 [1/9] 胡乃文开播
  🔄 她雙腿癢2個月竟是肝出大問題！換季皮膚就癢癢，按2大穴止癢，... ❌
  🔄 不讓醫師演戲真的太可惜！喝這1杯花茶，血壓穩下來，眼睛不花了... ❌
  🔄 血壓總是早上5點-8點高，吃降血壓藥也不管用怎麼辦？｜胡乃文... ❌
  🔄 💖粉絲問什麼？胡太太逗趣提問，胡醫師親解答！胡乃文開講會員專... ❌
  🔄 {沒看到太可惜！醫師爆笑模仿蔣部長，全場笑翻｜胡乃文開講會員... ❌
  🔄 { 會員Q&A } 急救時先別亂按！極泉穴、人中穴，其實很多... ❌
  🔄 關於食用油對膽結石和便秘的問題｜胡乃文開講會員專屬7 ❌
  🔄 翻轉糖尿病迷思！為什麼糖尿病反而要吃米飯才會好！3個簡單運動... ❌
  📊 胡乃文开播: 0✅ 8❌
  📊 總計: 成功:0 失敗:8

============================================================
✅ 完成! 時間: 00:35:20
============================================================
>>> Round done at Fri Mar 27 00:35:20 CST 2026. last_channel_index=1
============================================================
🚀 知識庫爬蟲（kd subtitles 專用）- 00:35:23
============================================================

📺 [2/9] 柏格醫生中文
  🔄 超市60%包裝食品都含這隱藏成分！乳化劑悄悄損害腸道健康與大... ❌
  🔄 【柏格醫生】27個最強飲食秘訣！這樣吃營養吸收翻倍，改善健康... ❌
  🔄 輕斷食瘦身,生酮會燃燒脂肪,抑制食欲,不挨餓減肥,低碳,少吃... ❌
  🔄 癌症根本不是基因突變！柏格醫生：只要做對這30件事，從「粒線... ❌
  🔄 頭前傾2.5公分加重4.5公斤！柏格醫生教你每晚幾分鐘快速矯... ❌
  🔄 肝臟出問題導致半夜醒來？夜間血糖劇烈波動的真正原因與5大改善... ❌
  🔄 戒不掉糖、菸、色情、社媒？柏格醫生教你：NAC + 鎂 + ... ❌
  🔄 別再吃麵包了！就算0糖也比砂糖更害血糖飆升，無麩質、全麥全是... ❌
  🔄 高劑量維生素D會中毒？柏格醫生揭真相：每天1萬單位其實超安全... ❌
  🔄 【柏格醫生】27個最強飲食秘訣！這樣吃營養吸收翻倍，改善健康... ❌
  🔄 老人斑怎麼自然淡化？柏格醫生揭秘穀胱甘肽不足才是根本原因，1... ❌
  🔄 如何徹底戒除A片成癮？科學恢復多巴胺，拯救性生活與感情 ❌
  🔄 失眠毀掉我生活!! 助睡眠和保健肝功能的營養,柏格醫生 Dr... ❌
  🔄 養成這7個習慣，胰島素直降、脂肪狂燒！不餓不節食，輕鬆達到最... ❌
  🔄 最佳伸展筋膜,能消炎、助眠、不僵硬! 減壓！自然療法,柏格醫... ❌
  📊 柏格醫生中文: 0✅ 15❌
  📊 總計: 成功:0 失敗:15

============================================================
✅ 完成! 時間: 00:38:24
============================================================
>>> Round done at Fri Mar 27 00:38:24 CST 2026. last_channel_index=2
============================================================
🚀 知識庫爬蟲（kd subtitles 專用）- 00:38:27
============================================================

📺 [3/9] Dr.HuangAmin
  🔄 睡覺狂打呼，口腔肌少症找上門！教你練舌肌力！feat.黃斌洋... ❌
  🔄 你靠吃「某些食物」才想大便，不正常！？必吃3種食物養腸道！｜... ❌
  🔄 手抬不起來，竟跟腸胃有關？內臟卡卡，手也會被扯住！｜功操大全 ❌
  🔄 轉頭就痛！頸因性頭痛，真正的原因在手部！？｜功操大全 ❌
  🔄 骨盆前傾一招練回正臀！檢測你有沒有假翹臀！｜功操大全 ❌
  🔄 你的身體會替情緒說話？什麼是身心學？feat.趙耕樂身心療癒... ❌
  🔄 別再硬按！淋巴塞，痠痛來！帶你一起疏通淋巴｜功操大全 ❌
  🔄 烏龜頸，脖子前傾的真相！搞錯原因復健還是凸！｜功操大全 ❌
  🔄 床墊、枕頭選錯你就痛！睡姿問題一次解！｜功操大全 ❌
  🔄 常常聳肩！你的腸胃、鎖骨卡住肩！｜迷思破解 ❌
  🔄 身體失調！月經亂、變胖竟是身體太冷！？feat.內科李琪醫師... ❌
  🔄 膝蓋痛，關鍵在骨盆、腳底的影響！｜迷思破解 ❌
  🔄 圓肩，全因你手指沒力氣？｜迷思破解 ❌
  🔄 消水腫！先清除體內垃圾｜迷思破解 ❌
  🔄 顳顎關節卡住的真正原因！｜功操大全 ❌
  📊 Dr.HuangAmin: 0✅ 15❌
  📊 總計: 成功:0 失敗:15

============================================================
✅ 完成! 時間: 00:40:47
============================================================
>>> Round done at Fri Mar 27 00:40:47 CST 2026. last_channel_index=3
============================================================
🚀 知識庫爬蟲（kd subtitles 專用）- 00:40:50
============================================================

📺 [4/9] 周慕姿放心說
  🔄 你不是廢，是太焦慮！撕下懶惰標籤，接住卡住的自己｜Ft.李東... ❌
  📊 周慕姿放心說: 0✅ 1❌
  📊 總計: 成功:0 失敗:1

============================================================
✅ 完成! 時間: 00:41:13
============================================================
>>> Round done at Fri Mar 27 00:41:13 CST 2026. last_channel_index=4
============================================================
🚀 知識庫爬蟲（kd subtitles 專用）- 00:41:16
============================================================

📺 [5/9] 松明讲心理
  🔄 Depression is a slow betrayal ... ❌
  🔄 愛操心的人，其實最孤單！#人生 #心理學 #煩惱 #認知 #... ❌
  🔄 Learn to make choices so your ... ❌
  🔄 看清選擇背後的三大陷阱，做出更清晰的人生決策！#朋友 #人際... ❌
  🔄 The power of choice: Living yo... ❌
  🔄 Long-distance relationships ar... ❌
  🔄 內心強大到可怕的10種心境！#人生 #心理學 #煩惱 #認知... ❌
  🔄 當恨佔滿了心，親密就進不來！#情感 #愛情 #戀愛 #離婚 ... ❌
  🔄 3句話學會放下執著、停止內耗，走向內在的力量！#人生 #心理... ❌
  🔄 原諒出軌，是救贖還是折磨？#情感 #愛情 #戀愛 #離婚  ... ❌
  🔄 女人最該守住的三重分寸感！#情感 #愛情 #戀愛 #離婚  ... ❌
  🔄 Whether your employees are wor... ❌
  🔄 苦難生智慧「物極必反」的哲學！#人生 #心理學 #煩惱 #認... ❌
  🔄 Four ways to quickly improve y... ❌
  🔄 如何挽救孩子的躺平和厭學？#松明  #煩惱 #親子 #婚姻 ... ❌
  📊 松明讲心理: 0✅ 15❌
  📊 總計: 成功:0 失敗:15

============================================================
✅ 完成! 時間: 00:43:27
============================================================
>>> Round done at Fri Mar 27 00:43:27 CST 2026. last_channel_index=5
============================================================
🚀 知識庫爬蟲（kd subtitles 專用）- 00:43:30
============================================================

📺 [6/9] 超真實商談
  ✅ 無新影片

📺 [7/9] Cofit211
  🔄 【頻道會員專屬】腦科學權威：你擁有「重塑大腦」的能力，人生隨... ❌
  🔄 這動作能緩解腰痠背痛？科學實證：真的有用｜初日診所 魏士航醫... ❌
  🔄 [Channel Member Exclusive] Inv... ❌
  🔄 [Channel Member Exclusive] Sta... ❌
  📊 Cofit211: 0✅ 4❌
  📊 總計: 成功:0 失敗:4

============================================================
✅ 完成! 時間: 00:44:12
============================================================
>>> Round done at Fri Mar 27 00:44:12 CST 2026. last_channel_index=7
============================================================
🚀 知識庫爬蟲（kd subtitles 專用）- 00:44:15
============================================================

📺 [8/9] 泛科學
  ✅ 無新影片

📺 [9/9] 泛科學院
  🔄 公開Gemini 3.1 Pro 六大功能！不是工程師也能寫... ❌
  🔄 [2026 Best AI Subscription Gui... ❌
  🔄 Stop using AI to copy and past... ❌
  🔄 [AI Teaching Notes | YouTube C... ❌
  📊 泛科學院: 0✅ 4❌
  📊 總計: 成功:0 失敗:4

============================================================
✅ 完成! 時間: 00:44:57
============================================================
>>> Round done at Fri Mar 27 00:44:57 CST 2026. last_channel_index=0
============================================================
🚀 知識庫爬蟲（kd subtitles 專用）- 00:45:01
============================================================

📺 [1/9] 胡乃文开播
  🔄 注意！她癢2個月查出是肝癌！春季濕疹大爆發，按2穴止癢，戒3... ❌
  🔄 不讓醫師演戲真的太可惜！喝這1杯花茶，血壓穩下來，眼睛不花了... ❌
  🔄 血壓總是早上5點-8點高，吃降血壓藥也不管用怎麼辦？｜胡乃文... ❌
  🔄 💖粉絲問什麼？胡太太逗趣提問，胡醫師親解答！胡乃文開講會員專... ❌
  🔄 {沒看到太可惜！醫師爆笑模仿蔣部長，全場笑翻｜胡乃文開講會員... ❌
  🔄 { 會員Q&A } 急救時先別亂按！極泉穴、人中穴，其實很多... ❌
  🔄 關於食用油對膽結石和便秘的問題｜胡乃文開講會員專屬7 ❌
  🔄 翻轉糖尿病迷思！為什麼糖尿病反而要吃米飯才會好！3個簡單運動... ❌
  📊 胡乃文开播: 0✅ 8❌
  📊 總計: 成功:0 失敗:8

============================================================
✅ 完成! 時間: 00:46:13
============================================================
>>> Round done at Fri Mar 27 00:46:13 CST 2026. last_channel_index=1
============================================================
🚀 知識庫爬蟲（kd subtitles 專用）- 00:46:16
============================================================

📺 [2/9] 柏格醫生中文
  🔄 垃圾食品隱藏乳化劑像洗碗精！破壞腸道黏液層導致腸漏，柏格醫生... ❌
  🔄 【柏格醫生】27個最強飲食秘訣！這樣吃營養吸收翻倍，改善健康... ✅ (24229字)
  🔄 輕斷食瘦身,生酮會燃燒脂肪,抑制食欲,不挨餓減肥,低碳,少吃... ❌
  🔄 【柏格醫生】癌症研究70年都錯了？揭開致癌真相與30個科學防... ❌
  🔄 頭前傾2.5公分加重4.5公斤！柏格醫生教你每晚幾分鐘快速矯... ❌
  🔄 肝臟出問題導致半夜醒來？夜間血糖劇烈波動的真正原因與5大改善... ❌
  🔄 戒不掉糖、菸、色情、社媒？柏格醫生教你：NAC + 鎂 + ... ❌
  🔄 麵包真正毒物不是麩質！血糖暴衝、胰島素阻抗元兇曝光，戒掉後該... ❌
  🔄 高劑量維生素D會中毒？柏格醫生揭真相：每天1萬單位其實超安全... ❌
  🔄 【柏格醫生】27個最強飲食秘訣！這樣吃營養吸收翻倍，改善健康... ❌
  🔄 老人斑怎麼自然淡化？柏格醫生揭秘穀胱甘肽不足才是根本原因，1... ❌
  🔄 如何徹底戒除A片成癮？科學恢復多巴胺，拯救性生活與感情 ✅ (26542字)
  🔄 失眠毀掉我生活!! 助睡眠和保健肝功能的營養,柏格醫生 Dr... ❌
  🔄 養成這7個習慣，胰島素直降、脂肪狂燒！不餓不節食，輕鬆達到最... ❌
  🔄 最佳伸展筋膜,能消炎、助眠、不僵硬! 減壓！自然療法,柏格醫... ❌
  📊 柏格醫生中文: 2✅ 13❌
  📊 總計: 成功:2 失敗:13

============================================================
✅ 完成! 時間: 00:49:12
============================================================
>>> Round done at Fri Mar 27 00:49:12 CST 2026. last_channel_index=2
============================================================
🚀 知識庫爬蟲（kd subtitles 專用）- 00:49:15
============================================================

📺 [3/9] Dr.HuangAmin
  🔄 睡覺狂打呼，口腔肌少症找上門！教你練舌肌力！feat.黃斌洋... ❌
  🔄 你靠吃「某些食物」才想大便，不正常！？必吃3種食物養腸道！｜... ❌
  🔄 手抬不起來，竟跟腸胃有關？內臟卡卡，手也會被扯住！｜功操大全 ❌
  🔄 轉頭就痛！頸因性頭痛，真正的原因在手部！？｜功操大全 ❌
  🔄 骨盆前傾一招練回正臀！檢測你有沒有假翹臀！｜功操大全 ❌
  🔄 你的身體會替情緒說話？什麼是身心學？feat.趙耕樂身心療癒... ❌
  🔄 別再硬按！淋巴塞，痠痛來！帶你一起疏通淋巴｜功操大全 ❌
  🔄 烏龜頸，脖子前傾的真相！搞錯原因復健還是凸！｜功操大全 ❌
  🔄 床墊、枕頭選錯你就痛！睡姿問題一次解！｜功操大全 ❌
  🔄 常常聳肩！你的腸胃、鎖骨卡住肩！｜迷思破解 ❌
  🔄 身體失調！月經亂、變胖竟是身體太冷！？feat.內科李琪醫師... ❌
  🔄 膝蓋痛，關鍵在骨盆、腳底的影響！｜迷思破解 ❌
  🔄 圓肩，全因你手指沒力氣？｜迷思破解 ❌
  🔄 消水腫！先清除體內垃圾｜迷思破解 ❌
  🔄 顳顎關節卡住的真正原因！｜功操大全 ❌
  📊 Dr.HuangAmin: 0✅ 15❌
  📊 總計: 成功:0 失敗:15

============================================================
✅ 完成! 時間: 00:51:27
============================================================
>>> Round done at Fri Mar 27 00:51:27 CST 2026. last_channel_index=3
============================================================
🚀 知識庫爬蟲（kd subtitles 專用）- 00:51:30
============================================================

📺 [4/9] 周慕姿放心說
  🔄 你不是廢，是太焦慮！撕下懶惰標籤，接住卡住的自己｜Ft.李東... ❌
  📊 周慕姿放心說: 0✅ 1❌
  📊 總計: 成功:0 失敗:1

============================================================
✅ 完成! 時間: 00:51:54
============================================================
>>> Round done at Fri Mar 27 00:51:54 CST 2026. last_channel_index=4
============================================================
🚀 知識庫爬蟲（kd subtitles 專用）- 00:51:57
============================================================

📺 [5/9] 松明讲心理
  🔄 Depression is a slow betrayal ... ❌
  🔄 愛操心的人，其實最孤單！#人生 #心理學 #煩惱 #認知 #... ❌
  🔄 Learn to make choices so your ... ❌
  🔄 看清選擇背後的三大陷阱，做出更清晰的人生決策！#朋友 #人際... ❌
  🔄 The power of choice: Living yo... ❌
  🔄 Long-distance relationships ar... ❌
  🔄 內心強大到可怕的10種心境！#人生 #心理學 #煩惱 #認知... ❌
  🔄 當恨佔滿了心，親密就進不來！#情感 #愛情 #戀愛 #離婚 ... ❌
  🔄 3句話學會放下執著、停止內耗，走向內在的力量！#人生 #心理... ❌
  🔄 原諒出軌，是救贖還是折磨？#情感 #愛情 #戀愛 #離婚  ... ❌
  🔄 女人最該守住的三重分寸感！#情感 #愛情 #戀愛 #離婚  ... ❌
  🔄 Whether your employees are wor... ❌
  🔄 苦難生智慧「物極必反」的哲學！#人生 #心理學 #煩惱 #認... ❌
  🔄 Four ways to quickly improve y... ❌
  🔄 如何挽救孩子的躺平和厭學？#松明  #煩惱 #親子 #婚姻 ... ❌
  📊 松明讲心理: 0✅ 15❌
  📊 總計: 成功:0 失敗:15

============================================================
✅ 完成! 時間: 00:54:08
============================================================
>>> Round done at Fri Mar 27 00:54:08 CST 2026. last_channel_index=5
============================================================
🚀 知識庫爬蟲（kd subtitles 專用）- 00:54:11
============================================================

📺 [6/9] 超真實商談
  ✅ 無新影片

📺 [7/9] Cofit211
  🔄 【頻道會員專屬】腦科學權威：你擁有「重塑大腦」的能力，人生隨... ❌
  🔄 這動作能緩解腰痠背痛？科學實證：真的有用｜初日診所 魏士航醫... ❌
  🔄 [Channel Member Exclusive] Inv... ❌
  🔄 [Channel Member Exclusive] Sta... ❌
  📊 Cofit211: 0✅ 4❌
  📊 總計: 成功:0 失敗:4

============================================================
✅ 完成! 時間: 00:54:53
============================================================
>>> Round done at Fri Mar 27 00:54:53 CST 2026. last_channel_index=7
============================================================
🚀 知識庫爬蟲（kd subtitles 專用）- 00:54:56
============================================================

📺 [8/9] 泛科學
  ✅ 無新影片

📺 [9/9] 泛科學院
  🔄 公開Gemini 3.1 Pro 六大功能！不是工程師也能寫... ❌
  🔄 [2026 Best AI Subscription Gui... ❌
  🔄 Stop using AI to copy and past... ❌
  🔄 [AI Teaching Notes | YouTube C... ❌
  📊 泛科學院: 0✅ 4❌
  📊 總計: 成功:0 失敗:4

============================================================
✅ 完成! 時間: 00:55:41
============================================================
>>> Round done at Fri Mar 27 00:55:41 CST 2026. last_channel_index=0
============================================================
🚀 知識庫爬蟲（kd subtitles 專用）- 00:55:44
============================================================

📺 [1/9] 胡乃文开播
  🔄 注意！她癢2個月查出是肝癌！春季濕疹大爆發，按2穴止癢，戒3... ❌
  🔄 不讓醫師演戲真的太可惜！喝這1杯花茶，血壓穩下來，眼睛不花了... ❌
  🔄 血壓總是早上5點-8點高，吃降血壓藥也不管用怎麼辦？｜胡乃文... ❌
  🔄 💖粉絲問什麼？胡太太逗趣提問，胡醫師親解答！胡乃文開講會員專... ❌
  🔄 {沒看到太可惜！醫師爆笑模仿蔣部長，全場笑翻｜胡乃文開講會員... ❌
  🔄 { 會員Q&A } 急救時先別亂按！極泉穴、人中穴，其實很多... ❌
  🔄 關於食用油對膽結石和便秘的問題｜胡乃文開講會員專屬7 ❌
  🔄 翻轉糖尿病迷思！為什麼糖尿病反而要吃米飯才會好！3個簡單運動... ❌
  📊 胡乃文开播: 0✅ 8❌
  📊 總計: 成功:0 失敗:8

============================================================
✅ 完成! 時間: 00:56:58
============================================================
>>> Round done at Fri Mar 27 00:56:59 CST 2026. last_channel_index=1
============================================================
🚀 知識庫爬蟲（kd subtitles 專用）- 00:57:02
============================================================

📺 [2/9] 柏格醫生中文
  🔄 乳化劑正毀壞你的腸道！藏在冰淇淋、沙拉醬、植物奶中，柏格醫生... ❌
  🔄 輕斷食瘦身,生酮會燃燒脂肪,抑制食欲,不挨餓減肥,低碳,少吃... ❌
  🔄 癌症根本不是基因突變！柏格醫生：只要做對這30件事，從「粒線... ❌
  🔄 頭前傾2.5公分加重4.5公斤！柏格醫生教你每晚幾分鐘快速矯... ❌
  🔄 肝臟出問題導致半夜醒來？夜間血糖劇烈波動的真正原因與5大改善... ❌
  🔄 戒不掉糖、菸、色情、社媒？柏格醫生教你：NAC + 鎂 + ... ❌
  🔄 別再吃麵包了！就算0糖也比砂糖更害血糖飆升，無麩質、全麥全是... ❌
  🔄 高劑量維生素D會中毒？柏格醫生揭真相：每天1萬單位其實超安全... ❌
  🔄 【柏格醫生】27個最強飲食秘訣！這樣吃營養吸收翻倍，改善健康... ❌
  🔄 老人斑怎麼自然淡化？柏格醫生揭秘穀胱甘肽不足才是根本原因，1... ❌
  🔄 失眠毀掉我生活!! 助睡眠和保健肝功能的營養,柏格醫生 Dr... ❌
  🔄 養成這7個習慣，胰島素直降、脂肪狂燒！不餓不節食，輕鬆達到最... ❌
  🔄 最佳伸展筋膜,能消炎、助眠、不僵硬! 減壓！自然療法,柏格醫... ❌
  🔄 生酮飲食會傷腎？柏格醫生揭真相：高糖高胰島素才是腎臟殺手！（... ❌
  🔄 戒不掉糖、菸、色情、社媒？柏格醫生教你：NAC + 鎂 + ... ❌
  📊 柏格醫生中文: 0✅ 15❌
  📊 總計: 成功:0 失敗:15

============================================================
✅ 完成! 時間: 00:59:51
============================================================
>>> Round done at Fri Mar 27 00:59:51 CST 2026. last_channel_index=2
============================================================
🚀 知識庫爬蟲（kd subtitles 專用）- 00:59:54
============================================================

📺 [3/9] Dr.HuangAmin
  🔄 睡覺狂打呼，口腔肌少症找上門！教你練舌肌力！feat.黃斌洋... ❌
  🔄 你靠吃「某些食物」才想大便，不正常！？必吃3種食物養腸道！｜... ❌
  🔄 手抬不起來，竟跟腸胃有關？內臟卡卡，手也會被扯住！｜功操大全 ❌
  🔄 轉頭就痛！頸因性頭痛，真正的原因在手部！？｜功操大全 ❌
  🔄 骨盆前傾一招練回正臀！檢測你有沒有假翹臀！｜功操大全 ❌
  🔄 你的身體會替情緒說話？什麼是身心學？feat.趙耕樂身心療癒... ❌
  🔄 別再硬按！淋巴塞，痠痛來！帶你一起疏通淋巴｜功操大全 ❌
  🔄 烏龜頸，脖子前傾的真相！搞錯原因復健還是凸！｜功操大全 ❌
  🔄 床墊、枕頭選錯你就痛！睡姿問題一次解！｜功操大全 ❌
  🔄 常常聳肩！你的腸胃、鎖骨卡住肩！｜迷思破解 ❌
  🔄 身體失調！月經亂、變胖竟是身體太冷！？feat.內科李琪醫師... ❌
  🔄 膝蓋痛，關鍵在骨盆、腳底的影響！｜迷思破解 ❌
  🔄 圓肩，全因你手指沒力氣？｜迷思破解 ❌
  🔄 消水腫！先清除體內垃圾｜迷思破解 ❌
  🔄 顳顎關節卡住的真正原因！｜功操大全 ❌
  📊 Dr.HuangAmin: 0✅ 15❌
  📊 總計: 成功:0 失敗:15

============================================================
✅ 完成! 時間: 01:02:00
============================================================
>>> Round done at Fri Mar 27 01:02:00 CST 2026. last_channel_index=3
============================================================
🚀 知識庫爬蟲（kd subtitles 專用）- 01:02:03
============================================================

📺 [4/9] 周慕姿放心說
  🔄 你不是廢，是太焦慮！撕下懶惰標籤，接住卡住的自己｜Ft.李東... ❌
  📊 周慕姿放心說: 0✅ 1❌
  📊 總計: 成功:0 失敗:1

============================================================
✅ 完成! 時間: 01:02:27
============================================================
>>> Round done at Fri Mar 27 01:02:27 CST 2026. last_channel_index=4
============================================================
🚀 知識庫爬蟲（kd subtitles 專用）- 01:02:30
============================================================

📺 [5/9] 松明讲心理
  🔄 Depression is a slow betrayal ... ❌
  🔄 愛操心的人，其實最孤單！#人生 #心理學 #煩惱 #認知 #... ❌
  🔄 Learn to make choices so your ... ❌
  🔄 看清選擇背後的三大陷阱，做出更清晰的人生決策！#朋友 #人際... ❌
  🔄 The power of choice: Living yo... ❌
  🔄 Long-distance relationships ar... ❌
  🔄 內心強大到可怕的10種心境！#人生 #心理學 #煩惱 #認知... ❌
  🔄 當恨佔滿了心，親密就進不來！#情感 #愛情 #戀愛 #離婚 ... ❌
  🔄 3句話學會放下執著、停止內耗，走向內在的力量！#人生 #心理... ❌
  🔄 原諒出軌，是救贖還是折磨？#情感 #愛情 #戀愛 #離婚  ... ❌
  🔄 女人最該守住的三重分寸感！#情感 #愛情 #戀愛 #離婚  ... ❌
  🔄 Whether your employees are wor... ❌
  🔄 苦難生智慧「物極必反」的哲學！#人生 #心理學 #煩惱 #認... ❌
  🔄 Four ways to quickly improve y... ❌
  🔄 如何挽救孩子的躺平和厭學？#松明  #煩惱 #親子 #婚姻 ... ❌
  📊 松明讲心理: 0✅ 15❌
  📊 總計: 成功:0 失敗:15

============================================================
✅ 完成! 時間: 01:04:37
============================================================
>>> Round done at Fri Mar 27 01:04:37 CST 2026. last_channel_index=5
============================================================
🚀 知識庫爬蟲（kd subtitles 專用）- 01:04:40
============================================================

📺 [6/9] 超真實商談
  ✅ 無新影片

📺 [7/9] Cofit211
  🔄 【頻道會員專屬】腦科學權威：你擁有「重塑大腦」的能力，人生隨... ❌
  🔄 這動作能緩解腰痠背痛？科學實證：真的有用｜初日診所 魏士航醫... ❌
  🔄 [Channel Member Exclusive] Inv... ❌
  🔄 [Channel Member Exclusive] Sta... ❌
  📊 Cofit211: 0✅ 4❌
  📊 總計: 成功:0 失敗:4

============================================================
✅ 完成! 時間: 01:05:19
============================================================
>>> Round done at Fri Mar 27 01:05:19 CST 2026. last_channel_index=7
============================================================
🚀 知識庫爬蟲（kd subtitles 專用）- 01:05:22
============================================================

📺 [8/9] 泛科學
  ✅ 無新影片

📺 [9/9] 泛科學院
  🔄 公開Gemini 3.1 Pro 六大功能！不是工程師也能寫... ❌
  🔄 [2026 Best AI Subscription Gui... ❌
  🔄 Stop using AI to copy and past... ❌
  🔄 [AI Teaching Notes | YouTube C... ❌
  📊 泛科學院: 0✅ 4❌
  📊 總計: 成功:0 失敗:4

============================================================
✅ 完成! 時間: 01:06:05
============================================================
>>> Round done at Fri Mar 27 01:06:05 CST 2026. last_channel_index=0
============================================================
🚀 知識庫爬蟲（kd subtitles 專用）- 01:06:08
============================================================

📺 [1/9] 胡乃文开播
  🔄 地瓜葉菊花茶讓濕疹好得快，但你吃對了嗎？她雙腿癢2個月竟是肝... ❌
  🔄 不讓醫師演戲真的太可惜！喝這1杯花茶，血壓穩下來，眼睛不花了... ❌
  🔄 血壓總是早上5點-8點高，吃降血壓藥也不管用怎麼辦？｜胡乃文... ❌
  🔄 💖粉絲問什麼？胡太太逗趣提問，胡醫師親解答！胡乃文開講會員專... ❌
  🔄 {沒看到太可惜！醫師爆笑模仿蔣部長，全場笑翻｜胡乃文開講會員... ❌
  🔄 { 會員Q&A } 急救時先別亂按！極泉穴、人中穴，其實很多... ❌
  🔄 關於食用油對膽結石和便秘的問題｜胡乃文開講會員專屬7 ❌
  🔄 翻轉糖尿病迷思！為什麼糖尿病反而要吃米飯才會好！3個簡單運動... ❌
  📊 胡乃文开播: 0✅ 8❌
  📊 總計: 成功:0 失敗:8

============================================================
✅ 完成! 時間: 01:07:16
============================================================
>>> Round done at Fri Mar 27 01:07:16 CST 2026. last_channel_index=1
============================================================
🚀 知識庫爬蟲（kd subtitles 專用）- 01:07:19
============================================================

📺 [2/9] 柏格醫生中文
  🔄 乳化劑正毀壞你的腸道！藏在冰淇淋、沙拉醬、植物奶中，柏格醫生... ❌
  🔄 輕斷食瘦身,生酮會燃燒脂肪,抑制食欲,不挨餓減肥,低碳,少吃... ❌
  🔄 癌症根本不是基因突變！柏格醫生：只要做對這30件事，從「粒線... ❌
  🔄 頭前傾2.5公分加重4.5公斤！柏格醫生教你每晚幾分鐘快速矯... ❌
  🔄 肝臟出問題導致半夜醒來？夜間血糖劇烈波動的真正原因與5大改善... ❌
  🔄 戒不掉糖、菸、色情、社媒？柏格醫生教你：NAC + 鎂 + ... ❌
  🔄 麵包真正毒物不是麩質！血糖暴衝、胰島素阻抗元兇曝光，戒掉後該... ❌
  🔄 高劑量維生素D會中毒？柏格醫生揭真相：每天1萬單位其實超安全... ❌
  🔄 【柏格醫生】27個最強飲食秘訣！這樣吃營養吸收翻倍，改善健康... ❌
  🔄 老人斑怎麼自然淡化？柏格醫生揭秘穀胱甘肽不足才是根本原因，1... ❌
  🔄 失眠毀掉我生活!! 助睡眠和保健肝功能的營養,柏格醫生 Dr... ❌
  🔄 養成這7個習慣，胰島素直降、脂肪狂燒！不餓不節食，輕鬆達到最... ❌
  🔄 最佳伸展筋膜,能消炎、助眠、不僵硬! 減壓！自然療法,柏格醫... ❌
  🔄 生酮飲食會傷腎？柏格醫生揭真相：高糖高胰島素才是腎臟殺手！（... ❌
  🔄 戒不掉糖、菸、色情、社媒？柏格醫生教你：NAC + 鎂 + ... ❌
  📊 柏格醫生中文: 0✅ 15❌
  📊 總計: 成功:0 失敗:15

============================================================
✅ 完成! 時間: 01:10:13
============================================================
>>> Round done at Fri Mar 27 01:10:13 CST 2026. last_channel_index=2
============================================================
🚀 知識庫爬蟲（kd subtitles 專用）- 01:10:16
============================================================

📺 [3/9] Dr.HuangAmin
  🔄 睡覺狂打呼，口腔肌少症找上門！教你練舌肌力！feat.黃斌洋... ❌
  🔄 你靠吃「某些食物」才想大便，不正常！？必吃3種食物養腸道！｜... ❌
  🔄 手抬不起來，竟跟腸胃有關？內臟卡卡，手也會被扯住！｜功操大全 ❌
  🔄 轉頭就痛！頸因性頭痛，真正的原因在手部！？｜功操大全 ❌
  🔄 骨盆前傾一招練回正臀！檢測你有沒有假翹臀！｜功操大全 ❌
  🔄 你的身體會替情緒說話？什麼是身心學？feat.趙耕樂身心療癒... ❌
  🔄 別再硬按！淋巴塞，痠痛來！帶你一起疏通淋巴｜功操大全 ❌
  🔄 烏龜頸，脖子前傾的真相！搞錯原因復健還是凸！｜功操大全 ❌
  🔄 床墊、枕頭選錯你就痛！睡姿問題一次解！｜功操大全 ❌
  🔄 常常聳肩！你的腸胃、鎖骨卡住肩！｜迷思破解 ❌
  🔄 身體失調！月經亂、變胖竟是身體太冷！？feat.內科李琪醫師... ❌
  🔄 膝蓋痛，關鍵在骨盆、腳底的影響！｜迷思破解 ❌
  🔄 圓肩，全因你手指沒力氣？｜迷思破解 ❌
  🔄 消水腫！先清除體內垃圾｜迷思破解 ❌
  🔄 顳顎關節卡住的真正原因！｜功操大全 ❌
  📊 Dr.HuangAmin: 0✅ 15❌
  📊 總計: 成功:0 失敗:15

============================================================
✅ 完成! 時間: 01:12:22
============================================================
>>> Round done at Fri Mar 27 01:12:22 CST 2026. last_channel_index=3
============================================================
🚀 知識庫爬蟲（kd subtitles 專用）- 01:12:25
============================================================

📺 [4/9] 周慕姿放心說
  🔄 你不是廢，是太焦慮！撕下懶惰標籤，接住卡住的自己｜Ft.李東... ❌
  📊 周慕姿放心說: 0✅ 1❌
  📊 總計: 成功:0 失敗:1

============================================================
✅ 完成! 時間: 01:12:48
============================================================
>>> Round done at Fri Mar 27 01:12:48 CST 2026. last_channel_index=4
============================================================
🚀 知識庫爬蟲（kd subtitles 專用）- 01:12:51
============================================================

📺 [5/9] 松明讲心理
  🔄 Depression is a slow betrayal ... ❌
  🔄 愛操心的人，其實最孤單！#人生 #心理學 #煩惱 #認知 #... ❌
  🔄 Learn to make choices so your ... ❌
  🔄 看清選擇背後的三大陷阱，做出更清晰的人生決策！#朋友 #人際... ❌
  🔄 The power of choice: Living yo... ❌
  🔄 Long-distance relationships ar... ❌
  🔄 內心強大到可怕的10種心境！#人生 #心理學 #煩惱 #認知... ❌
  🔄 當恨佔滿了心，親密就進不來！#情感 #愛情 #戀愛 #離婚 ... ❌
  🔄 3句話學會放下執著、停止內耗，走向內在的力量！#人生 #心理... ❌
  🔄 原諒出軌，是救贖還是折磨？#情感 #愛情 #戀愛 #離婚  ... ❌
  🔄 女人最該守住的三重分寸感！#情感 #愛情 #戀愛 #離婚  ... ❌
  🔄 Whether your employees are wor... ❌
  🔄 苦難生智慧「物極必反」的哲學！#人生 #心理學 #煩惱 #認... ❌
  🔄 Four ways to quickly improve y... ❌
  🔄 如何挽救孩子的躺平和厭學？#松明  #煩惱 #親子 #婚姻 ... ❌
  📊 松明讲心理: 0✅ 15❌
  📊 總計: 成功:0 失敗:15

============================================================
✅ 完成! 時間: 01:14:58
============================================================
>>> Round done at Fri Mar 27 01:14:58 CST 2026. last_channel_index=5
============================================================
🚀 知識庫爬蟲（kd subtitles 專用）- 01:15:01
============================================================

📺 [6/9] 超真實商談
  ✅ 無新影片

📺 [7/9] Cofit211
  🔄 【頻道會員專屬】腦科學權威：你擁有「重塑大腦」的能力，人生隨... ❌
  🔄 這動作能緩解腰痠背痛？科學實證：真的有用｜初日診所 魏士航醫... ❌
  🔄 [Channel Member Exclusive] Inv... ❌
  🔄 [Channel Member Exclusive] Sta... ❌
  📊 Cofit211: 0✅ 4❌
  📊 總計: 成功:0 失敗:4

============================================================
✅ 完成! 時間: 01:15:45
============================================================
>>> Round done at Fri Mar 27 01:15:45 CST 2026. last_channel_index=7
============================================================
🚀 知識庫爬蟲（kd subtitles 專用）- 01:15:48
============================================================

📺 [8/9] 泛科學
  ✅ 無新影片

📺 [9/9] 泛科學院
  🔄 公開Gemini 3.1 Pro 六大功能！不是工程師也能寫... ❌
  🔄 [2026 Best AI Subscription Gui... ❌
  🔄 Stop using AI to copy and past... ❌
  🔄 [AI Teaching Notes | YouTube C... ❌
  📊 泛科學院: 0✅ 4❌
  📊 總計: 成功:0 失敗:4

============================================================
✅ 完成! 時間: 01:16:31
============================================================
>>> Round done at Fri Mar 27 01:16:31 CST 2026. last_channel_index=0
============================================================
🚀 知識庫爬蟲（kd subtitles 專用）- 01:16:34
============================================================

📺 [1/9] 胡乃文开播
  🔄 地瓜葉菊花茶讓濕疹好得快，但你吃對了嗎？她雙腿癢2個月竟是肝... ❌
  🔄 不讓醫師演戲真的太可惜！喝這1杯花茶，血壓穩下來，眼睛不花了... ❌
  🔄 血壓總是早上5點-8點高，吃降血壓藥也不管用怎麼辦？｜胡乃文... ❌
  🔄 💖粉絲問什麼？胡太太逗趣提問，胡醫師親解答！胡乃文開講會員專... ❌
  🔄 {沒看到太可惜！醫師爆笑模仿蔣部長，全場笑翻｜胡乃文開講會員... ❌
  🔄 { 會員Q&A } 急救時先別亂按！極泉穴、人中穴，其實很多... ❌
  🔄 關於食用油對膽結石和便秘的問題｜胡乃文開講會員專屬7 ❌
  🔄 翻轉糖尿病迷思！為什麼糖尿病反而要吃米飯才會好！3個簡單運動... ❌
  📊 胡乃文开播: 0✅ 8❌
  📊 總計: 成功:0 失敗:8

============================================================
✅ 完成! 時間: 01:17:47
============================================================
>>> Round done at Fri Mar 27 01:17:47 CST 2026. last_channel_index=1
============================================================
🚀 知識庫爬蟲（kd subtitles 專用）- 01:17:50
============================================================

📺 [2/9] 柏格醫生中文
  🔄 超市60%包裝食品都含這隱藏成分！乳化劑悄悄損害腸道健康與大... ❌
  🔄 輕斷食瘦身,生酮會燃燒脂肪,抑制食欲,不挨餓減肥,低碳,少吃... ❌
  🔄 如何永久遠離癌症？柏格醫生破解「癌細胞」弱點，30招從根本打... ❌
  🔄 頭前傾2.5公分加重4.5公斤！柏格醫生教你每晚幾分鐘快速矯... ❌
  🔄 肝臟出問題導致半夜醒來？夜間血糖劇烈波動的真正原因與5大改善... ❌
  🔄 戒不掉糖、菸、色情、社媒？柏格醫生教你：NAC + 鎂 + ... ❌
  🔄 麵包真正毒物不是麩質！血糖暴衝、胰島素阻抗元兇曝光，戒掉後該... ❌
  🔄 高劑量維生素D會中毒？柏格醫生揭真相：每天1萬單位其實超安全... ❌
  🔄 【柏格醫生】27個最強飲食秘訣！這樣吃營養吸收翻倍，改善健康... ❌
  🔄 老人斑怎麼自然淡化？柏格醫生揭秘穀胱甘肽不足才是根本原因，1... ❌
  🔄 失眠毀掉我生活!! 助睡眠和保健肝功能的營養,柏格醫生 Dr... ❌
  🔄 養成這7個習慣，胰島素直降、脂肪狂燒！不餓不節食，輕鬆達到最... ❌
  🔄 最佳伸展筋膜,能消炎、助眠、不僵硬! 減壓！自然療法,柏格醫... ❌
  🔄 柏格醫生：生酮飲食保護腎臟的4大秘訣！多囊腎病、糖尿病腎損傷... ❌
  🔄 戒不掉糖、菸、色情、社媒？柏格醫生教你：NAC + 鎂 + ... ❌
  📊 柏格醫生中文: 0✅ 15❌
  📊 總計: 成功:0 失敗:15

============================================================
✅ 完成! 時間: 01:20:38
============================================================
>>> Round done at Fri Mar 27 01:20:38 CST 2026. last_channel_index=2
============================================================
🚀 知識庫爬蟲（kd subtitles 專用）- 01:20:41
============================================================

📺 [3/9] Dr.HuangAmin
  🔄 睡覺狂打呼，口腔肌少症找上門！教你練舌肌力！feat.黃斌洋... ❌
  🔄 你靠吃「某些食物」才想大便，不正常！？必吃3種食物養腸道！｜... ❌
  🔄 手抬不起來，竟跟腸胃有關？內臟卡卡，手也會被扯住！｜功操大全 ❌
  🔄 轉頭就痛！頸因性頭痛，真正的原因在手部！？｜功操大全 ❌
  🔄 骨盆前傾一招練回正臀！檢測你有沒有假翹臀！｜功操大全 ❌
  🔄 你的身體會替情緒說話？什麼是身心學？feat.趙耕樂身心療癒... ❌
  🔄 別再硬按！淋巴塞，痠痛來！帶你一起疏通淋巴｜功操大全 ❌
  🔄 烏龜頸，脖子前傾的真相！搞錯原因復健還是凸！｜功操大全 ❌
  🔄 床墊、枕頭選錯你就痛！睡姿問題一次解！｜功操大全 ❌
  🔄 常常聳肩！你的腸胃、鎖骨卡住肩！｜迷思破解 ❌
  🔄 身體失調！月經亂、變胖竟是身體太冷！？feat.內科李琪醫師... ❌
  🔄 膝蓋痛，關鍵在骨盆、腳底的影響！｜迷思破解 ❌
  🔄 圓肩，全因你手指沒力氣？｜迷思破解 ❌
  🔄 消水腫！先清除體內垃圾｜迷思破解 ❌
  🔄 顳顎關節卡住的真正原因！｜功操大全 ❌
  📊 Dr.HuangAmin: 0✅ 15❌
  📊 總計: 成功:0 失敗:15

============================================================
✅ 完成! 時間: 01:22:52
============================================================
>>> Round done at Fri Mar 27 01:22:52 CST 2026. last_channel_index=3
============================================================
🚀 知識庫爬蟲（kd subtitles 專用）- 01:22:55
============================================================

📺 [4/9] 周慕姿放心說
  🔄 你不是廢，是太焦慮！撕下懶惰標籤，接住卡住的自己｜Ft.李東... ❌
  📊 周慕姿放心說: 0✅ 1❌
  📊 總計: 成功:0 失敗:1

============================================================
✅ 完成! 時間: 01:23:13
============================================================
>>> Round done at Fri Mar 27 01:23:13 CST 2026. last_channel_index=4
============================================================
🚀 知識庫爬蟲（kd subtitles 專用）- 01:23:16
============================================================

📺 [5/9] 松明讲心理
  🔄 Depression is a slow betrayal ... ❌
  🔄 愛操心的人，其實最孤單！#人生 #心理學 #煩惱 #認知 #... ❌
  🔄 Learn to make choices so your ... ❌
  🔄 看清選擇背後的三大陷阱，做出更清晰的人生決策！#朋友 #人際... ❌
  🔄 The power of choice: Living yo... ❌
  🔄 Long-distance relationships ar... ❌
  🔄 內心強大到可怕的10種心境！#人生 #心理學 #煩惱 #認知... ❌
  🔄 當恨佔滿了心，親密就進不來！#情感 #愛情 #戀愛 #離婚 ... ❌
  🔄 3句話學會放下執著、停止內耗，走向內在的力量！#人生 #心理... ❌
  🔄 原諒出軌，是救贖還是折磨？#情感 #愛情 #戀愛 #離婚  ... ❌
  🔄 女人最該守住的三重分寸感！#情感 #愛情 #戀愛 #離婚  ... ❌
  🔄 Whether your employees are wor... ❌
  🔄 苦難生智慧「物極必反」的哲學！#人生 #心理學 #煩惱 #認... ❌
  🔄 Four ways to quickly improve y... ❌
  🔄 如何挽救孩子的躺平和厭學？#松明  #煩惱 #親子 #婚姻 ... ❌
  📊 松明讲心理: 0✅ 15❌
  📊 總計: 成功:0 失敗:15

============================================================
✅ 完成! 時間: 01:25:25
============================================================
>>> Round done at Fri Mar 27 01:25:25 CST 2026. last_channel_index=5
============================================================
🚀 知識庫爬蟲（kd subtitles 專用）- 01:25:29
============================================================

📺 [6/9] 超真實商談
  ✅ 無新影片

📺 [7/9] Cofit211
  🔄 【頻道會員專屬】腦科學權威：你擁有「重塑大腦」的能力，人生隨... ❌
  🔄 這動作能緩解腰痠背痛？科學實證：真的有用｜初日診所 魏士航醫... ❌
  🔄 [Channel Member Exclusive] Inv... ❌
  🔄 [Channel Member Exclusive] Sta... ❌
  📊 Cofit211: 0✅ 4❌
  📊 總計: 成功:0 失敗:4

============================================================
✅ 完成! 時間: 01:26:11
============================================================
>>> Round done at Fri Mar 27 01:26:11 CST 2026. last_channel_index=7
============================================================
🚀 知識庫爬蟲（kd subtitles 專用）- 01:26:14
============================================================

📺 [8/9] 泛科學
  ✅ 無新影片

📺 [9/9] 泛科學院
  🔄 公開Gemini 3.1 Pro 六大功能！不是工程師也能寫... ❌
  🔄 [2026 Best AI Subscription Gui... ❌
  🔄 Stop using AI to copy and past... ❌
  🔄 [AI Teaching Notes | YouTube C... ❌
  📊 泛科學院: 0✅ 4❌
  📊 總計: 成功:0 失敗:4

============================================================
✅ 完成! 時間: 01:26:59
============================================================
>>> Round done at Fri Mar 27 01:26:59 CST 2026. last_channel_index=0
============================================================
🚀 知識庫爬蟲（kd subtitles 專用）- 01:27:02
============================================================

📺 [1/9] 胡乃文开播
  🔄 地瓜葉菊花茶讓濕疹好得快，但你吃對了嗎？她雙腿癢2個月竟是肝... ❌
  🔄 不讓醫師演戲真的太可惜！喝這1杯花茶，血壓穩下來，眼睛不花了... ❌
  🔄 血壓總是早上5點-8點高，吃降血壓藥也不管用怎麼辦？｜胡乃文... ❌
  🔄 💖粉絲問什麼？胡太太逗趣提問，胡醫師親解答！胡乃文開講會員專... ❌
  🔄 {沒看到太可惜！醫師爆笑模仿蔣部長，全場笑翻｜胡乃文開講會員... ❌
  🔄 { 會員Q&A } 急救時先別亂按！極泉穴、人中穴，其實很多... ❌
  🔄 關於食用油對膽結石和便秘的問題｜胡乃文開講會員專屬7 ❌
  🔄 翻轉糖尿病迷思！為什麼糖尿病反而要吃米飯才會好！3個簡單運動... ❌
  📊 胡乃文开播: 0✅ 8❌
  📊 總計: 成功:0 失敗:8

============================================================
✅ 完成! 時間: 01:28:14
============================================================
>>> Round done at Fri Mar 27 01:28:14 CST 2026. last_channel_index=1
============================================================
🚀 知識庫爬蟲（kd subtitles 專用）- 01:28:17
============================================================

📺 [2/9] 柏格醫生中文
  🔄 垃圾食品隱藏乳化劑像洗碗精！破壞腸道黏液層導致腸漏，柏格醫生... ❌
  🔄 輕斷食瘦身,生酮會燃燒脂肪,抑制食欲,不挨餓減肥,低碳,少吃... ❌
  🔄 【柏格醫生】癌症研究70年都錯了？揭開致癌真相與30個科學防... ❌
  🔄 頭前傾2.5公分加重4.5公斤！柏格醫生教你每晚幾分鐘快速矯... ❌
  🔄 肝臟出問題導致半夜醒來？夜間血糖劇烈波動的真正原因與5大改善... ❌
  🔄 戒不掉糖、菸、色情、社媒？柏格醫生教你：NAC + 鎂 + ... ❌
  🔄 別再吃麵包了！就算0糖也比砂糖更害血糖飆升，無麩質、全麥全是... ❌
  🔄 高劑量維生素D會中毒？柏格醫生揭真相：每天1萬單位其實超安全... ✅ (20860字)
  🔄 【柏格醫生】27個最強飲食秘訣！這樣吃營養吸收翻倍，改善健康... ❌
  🔄 老人斑怎麼自然淡化？柏格醫生揭秘穀胱甘肽不足才是根本原因，1... ❌
  🔄 失眠毀掉我生活!! 助睡眠和保健肝功能的營養,柏格醫生 Dr... ❌
  🔄 養成這7個習慣，胰島素直降、脂肪狂燒！不餓不節食，輕鬆達到最... ❌
  🔄 最佳伸展筋膜,能消炎、助眠、不僵硬! 減壓！自然療法,柏格醫... ❌
  🔄 柏格醫生談：生酮不是高蛋白！為什麼生酮+斷食+有機蔬菜能救腎... ❌
  🔄 戒不掉糖、菸、色情、社媒？柏格醫生教你：NAC + 鎂 + ... ❌
  📊 柏格醫生中文: 1✅ 14❌
  📊 總計: 成功:1 失敗:14

============================================================
✅ 完成! 時間: 01:31:10
============================================================
>>> Round done at Fri Mar 27 01:31:10 CST 2026. last_channel_index=2
============================================================
🚀 知識庫爬蟲（kd subtitles 專用）- 01:31:13
============================================================

📺 [3/9] Dr.HuangAmin
  🔄 睡覺狂打呼，口腔肌少症找上門！教你練舌肌力！feat.黃斌洋... ❌
  🔄 你靠吃「某些食物」才想大便，不正常！？必吃3種食物養腸道！｜... ❌
  🔄 手抬不起來，竟跟腸胃有關？內臟卡卡，手也會被扯住！｜功操大全 ❌
  🔄 轉頭就痛！頸因性頭痛，真正的原因在手部！？｜功操大全 ❌
  🔄 骨盆前傾一招練回正臀！檢測你有沒有假翹臀！｜功操大全 ❌
  🔄 你的身體會替情緒說話？什麼是身心學？feat.趙耕樂身心療癒... ❌
  🔄 別再硬按！淋巴塞，痠痛來！帶你一起疏通淋巴｜功操大全 ❌
  🔄 烏龜頸，脖子前傾的真相！搞錯原因復健還是凸！｜功操大全 ❌
  🔄 床墊、枕頭選錯你就痛！睡姿問題一次解！｜功操大全 ❌
  🔄 常常聳肩！你的腸胃、鎖骨卡住肩！｜迷思破解 ❌
  🔄 身體失調！月經亂、變胖竟是身體太冷！？feat.內科李琪醫師... ❌
  🔄 膝蓋痛，關鍵在骨盆、腳底的影響！｜迷思破解 ❌
  🔄 圓肩，全因你手指沒力氣？｜迷思破解 ❌
  🔄 消水腫！先清除體內垃圾｜迷思破解 ❌
  🔄 顳顎關節卡住的真正原因！｜功操大全 ❌
  📊 Dr.HuangAmin: 0✅ 15❌
  📊 總計: 成功:0 失敗:15

============================================================
✅ 完成! 時間: 01:33:23
============================================================
>>> Round done at Fri Mar 27 01:33:23 CST 2026. last_channel_index=3
============================================================
🚀 知識庫爬蟲（kd subtitles 專用）- 01:33:26
============================================================

📺 [4/9] 周慕姿放心說
  🔄 你不是廢，是太焦慮！撕下懶惰標籤，接住卡住的自己｜Ft.李東... ❌
  📊 周慕姿放心說: 0✅ 1❌
  📊 總計: 成功:0 失敗:1

============================================================
✅ 完成! 時間: 01:33:47
============================================================
>>> Round done at Fri Mar 27 01:33:47 CST 2026. last_channel_index=4
============================================================
🚀 知識庫爬蟲（kd subtitles 專用）- 01:33:50
============================================================

📺 [5/9] 松明讲心理
  🔄 Depression is a slow betrayal ... ❌
  🔄 愛操心的人，其實最孤單！#人生 #心理學 #煩惱 #認知 #... ❌
  🔄 Learn to make choices so your ... ❌
  🔄 看清選擇背後的三大陷阱，做出更清晰的人生決策！#朋友 #人際... ❌
  🔄 The power of choice: Living yo... ❌
  🔄 Long-distance relationships ar... ❌
  🔄 內心強大到可怕的10種心境！#人生 #心理學 #煩惱 #認知... ❌
  🔄 當恨佔滿了心，親密就進不來！#情感 #愛情 #戀愛 #離婚 ... ❌
  🔄 3句話學會放下執著、停止內耗，走向內在的力量！#人生 #心理... ❌
  🔄 原諒出軌，是救贖還是折磨？#情感 #愛情 #戀愛 #離婚  ... ❌
  🔄 女人最該守住的三重分寸感！#情感 #愛情 #戀愛 #離婚  ... ❌
  🔄 Whether your employees are wor... ❌
  🔄 苦難生智慧「物極必反」的哲學！#人生 #心理學 #煩惱 #認... ❌
  🔄 Four ways to quickly improve y... ❌
  🔄 如何挽救孩子的躺平和厭學？#松明  #煩惱 #親子 #婚姻 ... ❌
  📊 松明讲心理: 0✅ 15❌
  📊 總計: 成功:0 失敗:15

============================================================
✅ 完成! 時間: 01:35:58
============================================================
>>> Round done at Fri Mar 27 01:35:58 CST 2026. last_channel_index=5
============================================================
🚀 知識庫爬蟲（kd subtitles 專用）- 01:36:01
============================================================

📺 [6/9] 超真實商談
  ✅ 無新影片

📺 [7/9] Cofit211
  🔄 【頻道會員專屬】腦科學權威：你擁有「重塑大腦」的能力，人生隨... ❌
  🔄 這動作能緩解腰痠背痛？科學實證：真的有用｜初日診所 魏士航醫... ❌
  🔄 [Channel Member Exclusive] Inv... ❌
  🔄 [Channel Member Exclusive] Sta... ❌
  📊 Cofit211: 0✅ 4❌
  📊 總計: 成功:0 失敗:4

============================================================
✅ 完成! 時間: 01:36:44
============================================================
>>> Round done at Fri Mar 27 01:36:44 CST 2026. last_channel_index=7
============================================================
🚀 知識庫爬蟲（kd subtitles 專用）- 01:36:47
============================================================

📺 [8/9] 泛科學
  ✅ 無新影片

📺 [9/9] 泛科學院
  🔄 公開Gemini 3.1 Pro 六大功能！不是工程師也能寫... ❌
  🔄 [2026 Best AI Subscription Gui... ❌
  🔄 Stop using AI to copy and past... ❌
  🔄 [AI Teaching Notes | YouTube C... ❌
  📊 泛科學院: 0✅ 4❌
  📊 總計: 成功:0 失敗:4

============================================================
✅ 完成! 時間: 01:37:32
============================================================
>>> Round done at Fri Mar 27 01:37:32 CST 2026. last_channel_index=0
============================================================
🚀 知識庫爬蟲（kd subtitles 專用）- 01:37:35
============================================================

📺 [1/9] 胡乃文开播
  🔄 注意！她癢2個月查出是肝癌！春季濕疹大爆發，按2穴止癢，戒3... ❌
  🔄 不讓醫師演戲真的太可惜！喝這1杯花茶，血壓穩下來，眼睛不花了... ❌
  🔄 血壓總是早上5點-8點高，吃降血壓藥也不管用怎麼辦？｜胡乃文... ❌
  🔄 💖粉絲問什麼？胡太太逗趣提問，胡醫師親解答！胡乃文開講會員專... ❌
  🔄 {沒看到太可惜！醫師爆笑模仿蔣部長，全場笑翻｜胡乃文開講會員... ❌
  🔄 { 會員Q&A } 急救時先別亂按！極泉穴、人中穴，其實很多... ❌
  🔄 關於食用油對膽結石和便秘的問題｜胡乃文開講會員專屬7 ❌
  🔄 翻轉糖尿病迷思！為什麼糖尿病反而要吃米飯才會好！3個簡單運動... ❌
  📊 胡乃文开播: 0✅ 8❌
  📊 總計: 成功:0 失敗:8

============================================================
✅ 完成! 時間: 01:38:45
============================================================
>>> Round done at Fri Mar 27 01:38:45 CST 2026. last_channel_index=1
============================================================
🚀 知識庫爬蟲（kd subtitles 專用）- 01:38:48
============================================================

📺 [2/9] 柏格醫生中文
  🔄 垃圾食品隱藏乳化劑像洗碗精！破壞腸道黏液層導致腸漏，柏格醫生... ❌
  🔄 輕斷食瘦身,生酮會燃燒脂肪,抑制食欲,不挨餓減肥,低碳,少吃... ❌
  🔄 如何永久遠離癌症？柏格醫生破解「癌細胞」弱點，30招從根本打... ❌
  🔄 頭前傾2.5公分加重4.5公斤！柏格醫生教你每晚幾分鐘快速矯... ❌
  🔄 肝臟出問題導致半夜醒來？夜間血糖劇烈波動的真正原因與5大改善... ❌
  🔄 戒不掉糖、菸、色情、社媒？柏格醫生教你：NAC + 鎂 + ... ❌
  🔄 別再吃麵包了！就算0糖也比砂糖更害血糖飆升，無麩質、全麥全是... ❌
  🔄 【柏格醫生】27個最強飲食秘訣！這樣吃營養吸收翻倍，改善健康... ❌
  🔄 老人斑怎麼自然淡化？柏格醫生揭秘穀胱甘肽不足才是根本原因，1... ❌
  🔄 失眠毀掉我生活!! 助睡眠和保健肝功能的營養,柏格醫生 Dr... ❌
  🔄 養成這7個習慣，胰島素直降、脂肪狂燒！不餓不節食，輕鬆達到最... ❌
  🔄 最佳伸展筋膜,能消炎、助眠、不僵硬! 減壓！自然療法,柏格醫... ❌
  🔄 柏格醫生談：生酮不是高蛋白！為什麼生酮+斷食+有機蔬菜能救腎... ❌
  🔄 戒不掉糖、菸、色情、社媒？柏格醫生教你：NAC + 鎂 + ... ❌
  🔄 心悸、胸悶、頭暈竟是缺鎂惹的禍？5大原因＋高鎂食物一次看 ❌
  📊 柏格醫生中文: 0✅ 15❌
  📊 總計: 成功:0 失敗:15

============================================================
✅ 完成! 時間: 01:41:37
============================================================
>>> Round done at Fri Mar 27 01:41:37 CST 2026. last_channel_index=2
============================================================
🚀 知識庫爬蟲（kd subtitles 專用）- 01:41:41
============================================================

📺 [3/9] Dr.HuangAmin
  🔄 睡覺狂打呼，口腔肌少症找上門！教你練舌肌力！feat.黃斌洋... ❌
  🔄 你靠吃「某些食物」才想大便，不正常！？必吃3種食物養腸道！｜... ❌
  🔄 手抬不起來，竟跟腸胃有關？內臟卡卡，手也會被扯住！｜功操大全 ❌
  🔄 轉頭就痛！頸因性頭痛，真正的原因在手部！？｜功操大全 ❌
  🔄 骨盆前傾一招練回正臀！檢測你有沒有假翹臀！｜功操大全 ❌
  🔄 你的身體會替情緒說話？什麼是身心學？feat.趙耕樂身心療癒... ❌
  🔄 別再硬按！淋巴塞，痠痛來！帶你一起疏通淋巴｜功操大全 ❌
  🔄 烏龜頸，脖子前傾的真相！搞錯原因復健還是凸！｜功操大全 ❌
  🔄 床墊、枕頭選錯你就痛！睡姿問題一次解！｜功操大全 ❌
  🔄 常常聳肩！你的腸胃、鎖骨卡住肩！｜迷思破解 ❌
  🔄 身體失調！月經亂、變胖竟是身體太冷！？feat.內科李琪醫師... ❌
  🔄 膝蓋痛，關鍵在骨盆、腳底的影響！｜迷思破解 ❌
  🔄 圓肩，全因你手指沒力氣？｜迷思破解 ❌
  🔄 消水腫！先清除體內垃圾｜迷思破解 ❌
  🔄 顳顎關節卡住的真正原因！｜功操大全 ❌
  📊 Dr.HuangAmin: 0✅ 15❌
  📊 總計: 成功:0 失敗:15

============================================================
✅ 完成! 時間: 01:43:54
============================================================
>>> Round done at Fri Mar 27 01:43:54 CST 2026. last_channel_index=3
============================================================
🚀 知識庫爬蟲（kd subtitles 專用）- 01:43:57
============================================================

📺 [4/9] 周慕姿放心說
  🔄 你不是廢，是太焦慮！撕下懶惰標籤，接住卡住的自己｜Ft.李東... ❌
  📊 周慕姿放心說: 0✅ 1❌
  📊 總計: 成功:0 失敗:1

============================================================
✅ 完成! 時間: 01:44:18
============================================================
>>> Round done at Fri Mar 27 01:44:18 CST 2026. last_channel_index=4
============================================================
🚀 知識庫爬蟲（kd subtitles 專用）- 01:44:21
============================================================

📺 [5/9] 松明讲心理
  🔄 Depression is a slow betrayal ... ❌
  🔄 愛操心的人，其實最孤單！#人生 #心理學 #煩惱 #認知 #... ❌
  🔄 Learn to make choices so your ... ❌
  🔄 看清選擇背後的三大陷阱，做出更清晰的人生決策！#朋友 #人際... ❌
  🔄 The power of choice: Living yo... ❌
  🔄 Long-distance relationships ar... ❌
  🔄 內心強大到可怕的10種心境！#人生 #心理學 #煩惱 #認知... ❌
  🔄 當恨佔滿了心，親密就進不來！#情感 #愛情 #戀愛 #離婚 ... ❌
  🔄 3句話學會放下執著、停止內耗，走向內在的力量！#人生 #心理... ❌
  🔄 原諒出軌，是救贖還是折磨？#情感 #愛情 #戀愛 #離婚  ... ❌
  🔄 女人最該守住的三重分寸感！#情感 #愛情 #戀愛 #離婚  ... ❌
  🔄 Whether your employees are wor... ❌
  🔄 苦難生智慧「物極必反」的哲學！#人生 #心理學 #煩惱 #認... ❌
  🔄 Four ways to quickly improve y... ❌
  🔄 如何挽救孩子的躺平和厭學？#松明  #煩惱 #親子 #婚姻 ... ❌
  📊 松明讲心理: 0✅ 15❌
  📊 總計: 成功:0 失敗:15

============================================================
✅ 完成! 時間: 01:46:24
============================================================
>>> Round done at Fri Mar 27 01:46:24 CST 2026. last_channel_index=5
============================================================
🚀 知識庫爬蟲（kd subtitles 專用）- 01:46:27
============================================================

📺 [6/9] 超真實商談
  ✅ 無新影片

📺 [7/9] Cofit211
  🔄 【頻道會員專屬】腦科學權威：你擁有「重塑大腦」的能力，人生隨... ❌
  🔄 這動作能緩解腰痠背痛？科學實證：真的有用｜初日診所 魏士航醫... ❌
  🔄 [Channel Member Exclusive] Inv... ❌
  🔄 [Channel Member Exclusive] Sta... ❌
  📊 Cofit211: 0✅ 4❌
  📊 總計: 成功:0 失敗:4

============================================================
✅ 完成! 時間: 01:47:10
============================================================
>>> Round done at Fri Mar 27 01:47:10 CST 2026. last_channel_index=7
============================================================
🚀 知識庫爬蟲（kd subtitles 專用）- 01:47:13
============================================================

📺 [8/9] 泛科學
  ✅ 無新影片

📺 [9/9] 泛科學院
  🔄 公開Gemini 3.1 Pro 六大功能！不是工程師也能寫... ❌
  🔄 [2026 Best AI Subscription Gui... ❌
  🔄 Stop using AI to copy and past... ❌
  🔄 [AI Teaching Notes | YouTube C... ❌
  📊 泛科學院: 0✅ 4❌
  📊 總計: 成功:0 失敗:4

============================================================
✅ 完成! 時間: 01:47:56
============================================================
>>> Round done at Fri Mar 27 01:47:56 CST 2026. last_channel_index=0
============================================================
🚀 知識庫爬蟲（kd subtitles 專用）- 01:47:59
============================================================

📺 [1/9] 胡乃文开播
  🔄 注意！她癢2個月查出是肝癌！春季濕疹大爆發，按2穴止癢，戒3... ❌
  🔄 不讓醫師演戲真的太可惜！喝這1杯花茶，血壓穩下來，眼睛不花了... ❌
  🔄 血壓總是早上5點-8點高，吃降血壓藥也不管用怎麼辦？｜胡乃文... ❌
  🔄 💖粉絲問什麼？胡太太逗趣提問，胡醫師親解答！胡乃文開講會員專... ❌
  🔄 {沒看到太可惜！醫師爆笑模仿蔣部長，全場笑翻｜胡乃文開講會員... ❌
  🔄 { 會員Q&A } 急救時先別亂按！極泉穴、人中穴，其實很多... ❌
  🔄 關於食用油對膽結石和便秘的問題｜胡乃文開講會員專屬7 ❌
  🔄 翻轉糖尿病迷思！為什麼糖尿病反而要吃米飯才會好！3個簡單運動... ❌
  📊 胡乃文开播: 0✅ 8❌
  📊 總計: 成功:0 失敗:8

============================================================
✅ 完成! 時間: 01:49:05
============================================================
>>> Round done at Fri Mar 27 01:49:05 CST 2026. last_channel_index=1
============================================================
🚀 知識庫爬蟲（kd subtitles 專用）- 01:49:08
============================================================

📺 [2/9] 柏格醫生中文
  🔄 乳化劑正毀壞你的腸道！藏在冰淇淋、沙拉醬、植物奶中，柏格醫生... ❌
  🔄 輕斷食瘦身,生酮會燃燒脂肪,抑制食欲,不挨餓減肥,低碳,少吃... ❌
  🔄 【柏格醫生】癌症研究70年都錯了？揭開致癌真相與30個科學防... ❌
  🔄 頭前傾2.5公分加重4.5公斤！柏格醫生教你每晚幾分鐘快速矯... ❌
  🔄 肝臟出問題導致半夜醒來？夜間血糖劇烈波動的真正原因與5大改善... ❌
  🔄 戒不掉糖、菸、色情、社媒？柏格醫生教你：NAC + 鎂 + ... ❌
  🔄 麵包真正毒物不是麩質！血糖暴衝、胰島素阻抗元兇曝光，戒掉後該... ❌
  🔄 【柏格醫生】27個最強飲食秘訣！這樣吃營養吸收翻倍，改善健康... ❌
  🔄 老人斑怎麼自然淡化？柏格醫生揭秘穀胱甘肽不足才是根本原因，1... ❌
  🔄 失眠毀掉我生活!! 助睡眠和保健肝功能的營養,柏格醫生 Dr... ❌
  🔄 養成這7個習慣，胰島素直降、脂肪狂燒！不餓不節食，輕鬆達到最... ❌
  🔄 最佳伸展筋膜,能消炎、助眠、不僵硬! 減壓！自然療法,柏格醫... ❌
  🔄 柏格醫生談：生酮不是高蛋白！為什麼生酮+斷食+有機蔬菜能救腎... ❌
  🔄 戒不掉糖、菸、色情、社媒？柏格醫生教你：NAC + 鎂 + ... ❌
  🔄 心悸、胸悶、頭暈竟是缺鎂惹的禍？5大原因＋高鎂食物一次看 ❌
  📊 柏格醫生中文: 0✅ 15❌
  📊 總計: 成功:0 失敗:15

============================================================
✅ 完成! 時間: 01:52:01
============================================================
>>> Round done at Fri Mar 27 01:52:01 CST 2026. last_channel_index=2
============================================================
🚀 知識庫爬蟲（kd subtitles 專用）- 01:52:04
============================================================

📺 [3/9] Dr.HuangAmin
  🔄 睡覺狂打呼，口腔肌少症找上門！教你練舌肌力！feat.黃斌洋... ❌
  🔄 你靠吃「某些食物」才想大便，不正常！？必吃3種食物養腸道！｜... ❌
  🔄 手抬不起來，竟跟腸胃有關？內臟卡卡，手也會被扯住！｜功操大全 ❌
  🔄 轉頭就痛！頸因性頭痛，真正的原因在手部！？｜功操大全 ❌
  🔄 骨盆前傾一招練回正臀！檢測你有沒有假翹臀！｜功操大全 ❌
  🔄 你的身體會替情緒說話？什麼是身心學？feat.趙耕樂身心療癒... ❌
  🔄 別再硬按！淋巴塞，痠痛來！帶你一起疏通淋巴｜功操大全 ❌
  🔄 烏龜頸，脖子前傾的真相！搞錯原因復健還是凸！｜功操大全 ❌
  🔄 床墊、枕頭選錯你就痛！睡姿問題一次解！｜功操大全 ❌
  🔄 常常聳肩！你的腸胃、鎖骨卡住肩！｜迷思破解 ❌
  🔄 身體失調！月經亂、變胖竟是身體太冷！？feat.內科李琪醫師... ❌
  🔄 膝蓋痛，關鍵在骨盆、腳底的影響！｜迷思破解 ❌
  🔄 圓肩，全因你手指沒力氣？｜迷思破解 ❌
  🔄 消水腫！先清除體內垃圾｜迷思破解 ❌
  🔄 顳顎關節卡住的真正原因！｜功操大全 ❌
  📊 Dr.HuangAmin: 0✅ 15❌
  📊 總計: 成功:0 失敗:15

============================================================
✅ 完成! 時間: 01:54:13
============================================================
>>> Round done at Fri Mar 27 01:54:13 CST 2026. last_channel_index=3
============================================================
🚀 知識庫爬蟲（kd subtitles 專用）- 01:54:16
============================================================

📺 [4/9] 周慕姿放心說
  🔄 你不是廢，是太焦慮！撕下懶惰標籤，接住卡住的自己｜Ft.李東... ❌
  📊 周慕姿放心說: 0✅ 1❌
  📊 總計: 成功:0 失敗:1

============================================================
✅ 完成! 時間: 01:54:36
============================================================
>>> Round done at Fri Mar 27 01:54:36 CST 2026. last_channel_index=4
============================================================
🚀 知識庫爬蟲（kd subtitles 專用）- 01:54:39
============================================================

📺 [5/9] 松明讲心理
  🔄 Depression is a slow betrayal ... ❌
  🔄 愛操心的人，其實最孤單！#人生 #心理學 #煩惱 #認知 #... ❌
  🔄 Learn to make choices so your ... ❌
  🔄 看清選擇背後的三大陷阱，做出更清晰的人生決策！#朋友 #人際... ❌
  🔄 The power of choice: Living yo... ❌
  🔄 Long-distance relationships ar... ❌
  🔄 內心強大到可怕的10種心境！#人生 #心理學 #煩惱 #認知... ❌
  🔄 當恨佔滿了心，親密就進不來！#情感 #愛情 #戀愛 #離婚 ... ❌
  🔄 3句話學會放下執著、停止內耗，走向內在的力量！#人生 #心理... ❌
  🔄 原諒出軌，是救贖還是折磨？#情感 #愛情 #戀愛 #離婚  ... ❌
  🔄 女人最該守住的三重分寸感！#情感 #愛情 #戀愛 #離婚  ... ❌
  🔄 Whether your employees are wor... ❌
  🔄 苦難生智慧「物極必反」的哲學！#人生 #心理學 #煩惱 #認... ❌
  🔄 Four ways to quickly improve y... ❌
  🔄 如何挽救孩子的躺平和厭學？#松明  #煩惱 #親子 #婚姻 ... ❌
  📊 松明讲心理: 0✅ 15❌
  📊 總計: 成功:0 失敗:15

============================================================
✅ 完成! 時間: 01:56:46
============================================================
>>> Round done at Fri Mar 27 01:56:46 CST 2026. last_channel_index=5
============================================================
🚀 知識庫爬蟲（kd subtitles 專用）- 01:56:49
============================================================

📺 [6/9] 超真實商談
  ✅ 無新影片

📺 [7/9] Cofit211
  🔄 【頻道會員專屬】腦科學權威：你擁有「重塑大腦」的能力，人生隨... ❌
  🔄 這動作能緩解腰痠背痛？科學實證：真的有用｜初日診所 魏士航醫... ❌
  🔄 [Channel Member Exclusive] Inv... ❌
  🔄 [Channel Member Exclusive] Sta... ❌
  📊 Cofit211: 0✅ 4❌
  📊 總計: 成功:0 失敗:4

============================================================
✅ 完成! 時間: 01:57:31
============================================================
>>> Round done at Fri Mar 27 01:57:31 CST 2026. last_channel_index=7
============================================================
🚀 知識庫爬蟲（kd subtitles 專用）- 01:57:34
============================================================

📺 [8/9] 泛科學
  ✅ 無新影片

📺 [9/9] 泛科學院
  🔄 公開Gemini 3.1 Pro 六大功能！不是工程師也能寫... ❌
  🔄 [2026 Best AI Subscription Gui... ❌
  🔄 Stop using AI to copy and past... ❌
  🔄 [AI Teaching Notes | YouTube C... ❌
  📊 泛科學院: 0✅ 4❌
  📊 總計: 成功:0 失敗:4

============================================================
✅ 完成! 時間: 01:58:17
============================================================
>>> Round done at Fri Mar 27 01:58:17 CST 2026. last_channel_index=0
============================================================
🚀 知識庫爬蟲（kd subtitles 專用）- 01:58:20
============================================================

📺 [1/9] 胡乃文开播
  🔄 地瓜葉菊花茶讓濕疹好得快，但你吃對了嗎？她雙腿癢2個月竟是肝... ❌
  🔄 不讓醫師演戲真的太可惜！喝這1杯花茶，血壓穩下來，眼睛不花了... ❌
  🔄 血壓總是早上5點-8點高，吃降血壓藥也不管用怎麼辦？｜胡乃文... ❌
  🔄 💖粉絲問什麼？胡太太逗趣提問，胡醫師親解答！胡乃文開講會員專... ❌
  🔄 {沒看到太可惜！醫師爆笑模仿蔣部長，全場笑翻｜胡乃文開講會員... ❌
  🔄 { 會員Q&A } 急救時先別亂按！極泉穴、人中穴，其實很多... ❌
  🔄 關於食用油對膽結石和便秘的問題｜胡乃文開講會員專屬7 ❌
  🔄 翻轉糖尿病迷思！為什麼糖尿病反而要吃米飯才會好！3個簡單運動... ❌
  📊 胡乃文开播: 0✅ 8❌
  📊 總計: 成功:0 失敗:8

============================================================
✅ 完成! 時間: 01:59:29
============================================================
>>> Round done at Fri Mar 27 01:59:29 CST 2026. last_channel_index=1
============================================================
🚀 知識庫爬蟲（kd subtitles 專用）- 01:59:32
============================================================

📺 [2/9] 柏格醫生中文
  🔄 乳化劑正毀壞你的腸道！藏在冰淇淋、沙拉醬、植物奶中，柏格醫生... ❌
  🔄 輕斷食瘦身,生酮會燃燒脂肪,抑制食欲,不挨餓減肥,低碳,少吃... ❌
  🔄 癌症根本不是基因突變！柏格醫生：只要做對這30件事，從「粒線... ❌
  🔄 頭前傾2.5公分加重4.5公斤！柏格醫生教你每晚幾分鐘快速矯... ❌
  🔄 肝臟出問題導致半夜醒來？夜間血糖劇烈波動的真正原因與5大改善... ❌
  🔄 戒不掉糖、菸、色情、社媒？柏格醫生教你：NAC + 鎂 + ... ❌
  🔄 別再吃麵包了！就算0糖也比砂糖更害血糖飆升，無麩質、全麥全是... ❌
  🔄 【柏格醫生】27個最強飲食秘訣！這樣吃營養吸收翻倍，改善健康... ❌
  🔄 老人斑怎麼自然淡化？柏格醫生揭秘穀胱甘肽不足才是根本原因，1... ❌
  🔄 失眠毀掉我生活!! 助睡眠和保健肝功能的營養,柏格醫生 Dr... ❌
  🔄 養成這7個習慣，胰島素直降、脂肪狂燒！不餓不節食，輕鬆達到最... ❌
  🔄 最佳伸展筋膜,能消炎、助眠、不僵硬! 減壓！自然療法,柏格醫... ❌
  🔄 生酮飲食會傷腎？柏格醫生揭真相：高糖高胰島素才是腎臟殺手！（... ❌
  🔄 戒不掉糖、菸、色情、社媒？柏格醫生教你：NAC + 鎂 + ... ❌
  🔄 心悸、胸悶、頭暈竟是缺鎂惹的禍？5大原因＋高鎂食物一次看 ❌
  📊 柏格醫生中文: 0✅ 15❌
  📊 總計: 成功:0 失敗:15

============================================================
✅ 完成! 時間: 02:02:19
============================================================
>>> Round done at Fri Mar 27 02:02:19 CST 2026. last_channel_index=2
============================================================
🚀 知識庫爬蟲（kd subtitles 專用）- 02:02:22
============================================================

📺 [3/9] Dr.HuangAmin
  🔄 睡覺狂打呼，口腔肌少症找上門！教你練舌肌力！feat.黃斌洋... ❌
  🔄 你靠吃「某些食物」才想大便，不正常！？必吃3種食物養腸道！｜... ❌
  🔄 手抬不起來，竟跟腸胃有關？內臟卡卡，手也會被扯住！｜功操大全 ❌
  🔄 轉頭就痛！頸因性頭痛，真正的原因在手部！？｜功操大全 ❌
  🔄 骨盆前傾一招練回正臀！檢測你有沒有假翹臀！｜功操大全 ❌
  🔄 你的身體會替情緒說話？什麼是身心學？feat.趙耕樂身心療癒... ❌
  🔄 別再硬按！淋巴塞，痠痛來！帶你一起疏通淋巴｜功操大全 ❌
  🔄 烏龜頸，脖子前傾的真相！搞錯原因復健還是凸！｜功操大全 ❌
  🔄 床墊、枕頭選錯你就痛！睡姿問題一次解！｜功操大全 ❌
  🔄 常常聳肩！你的腸胃、鎖骨卡住肩！｜迷思破解 ❌
  🔄 身體失調！月經亂、變胖竟是身體太冷！？feat.內科李琪醫師... ❌
  🔄 膝蓋痛，關鍵在骨盆、腳底的影響！｜迷思破解 ❌
  🔄 圓肩，全因你手指沒力氣？｜迷思破解 ❌
  🔄 消水腫！先清除體內垃圾｜迷思破解 ❌
  🔄 顳顎關節卡住的真正原因！｜功操大全 ❌
  📊 Dr.HuangAmin: 0✅ 15❌
  📊 總計: 成功:0 失敗:15

============================================================
✅ 完成! 時間: 02:04:35
============================================================
>>> Round done at Fri Mar 27 02:04:35 CST 2026. last_channel_index=3
============================================================
🚀 知識庫爬蟲（kd subtitles 專用）- 02:04:38
============================================================

📺 [4/9] 周慕姿放心說
  🔄 你不是廢，是太焦慮！撕下懶惰標籤，接住卡住的自己｜Ft.李東... ❌
  📊 周慕姿放心說: 0✅ 1❌
  📊 總計: 成功:0 失敗:1

============================================================
✅ 完成! 時間: 02:05:00
============================================================
>>> Round done at Fri Mar 27 02:05:01 CST 2026. last_channel_index=4
============================================================
🚀 知識庫爬蟲（kd subtitles 專用）- 02:05:04
============================================================

📺 [5/9] 松明讲心理
  🔄 Depression is a slow betrayal ... ❌
  🔄 愛操心的人，其實最孤單！#人生 #心理學 #煩惱 #認知 #... ❌
  🔄 Learn to make choices so your ... ❌
  🔄 看清選擇背後的三大陷阱，做出更清晰的人生決策！#朋友 #人際... ❌
  🔄 The power of choice: Living yo... ❌
  🔄 Long-distance relationships ar... ❌
  🔄 內心強大到可怕的10種心境！#人生 #心理學 #煩惱 #認知... ❌
  🔄 當恨佔滿了心，親密就進不來！#情感 #愛情 #戀愛 #離婚 ... ❌
  🔄 3句話學會放下執著、停止內耗，走向內在的力量！#人生 #心理... ❌
  🔄 原諒出軌，是救贖還是折磨？#情感 #愛情 #戀愛 #離婚  ... ❌
  🔄 女人最該守住的三重分寸感！#情感 #愛情 #戀愛 #離婚  ... ❌
  🔄 Whether your employees are wor... ❌
  🔄 苦難生智慧「物極必反」的哲學！#人生 #心理學 #煩惱 #認... ❌
  🔄 Four ways to quickly improve y... ❌
  🔄 如何挽救孩子的躺平和厭學？#松明  #煩惱 #親子 #婚姻 ... ❌
  📊 松明讲心理: 0✅ 15❌
  📊 總計: 成功:0 失敗:15

============================================================
✅ 完成! 時間: 02:07:07
============================================================
>>> Round done at Fri Mar 27 02:07:07 CST 2026. last_channel_index=5
============================================================
🚀 知識庫爬蟲（kd subtitles 專用）- 02:07:10
============================================================

📺 [6/9] 超真實商談
  ✅ 無新影片

📺 [7/9] Cofit211
  🔄 【頻道會員專屬】腦科學權威：你擁有「重塑大腦」的能力，人生隨... ❌
  🔄 這動作能緩解腰痠背痛？科學實證：真的有用｜初日診所 魏士航醫... ❌
  🔄 [Channel Member Exclusive] Inv... ❌
  🔄 [Channel Member Exclusive] Sta... ❌
  📊 Cofit211: 0✅ 4❌
  📊 總計: 成功:0 失敗:4

============================================================
✅ 完成! 時間: 02:07:51
============================================================
>>> Round done at Fri Mar 27 02:07:51 CST 2026. last_channel_index=7
============================================================
🚀 知識庫爬蟲（kd subtitles 專用）- 02:07:54
============================================================

📺 [8/9] 泛科學
  ✅ 無新影片

📺 [9/9] 泛科學院
  🔄 公開Gemini 3.1 Pro 六大功能！不是工程師也能寫... ❌
  🔄 [2026 Best AI Subscription Gui... ❌
  🔄 Stop using AI to copy and past... ❌
  🔄 [AI Teaching Notes | YouTube C... ❌
  📊 泛科學院: 0✅ 4❌
  📊 總計: 成功:0 失敗:4

============================================================
✅ 完成! 時間: 02:08:34
============================================================
>>> Round done at Fri Mar 27 02:08:34 CST 2026. last_channel_index=0
============================================================
🚀 知識庫爬蟲（kd subtitles 專用）- 02:08:37
============================================================

📺 [1/9] 胡乃文开播
  🔄 地瓜葉菊花茶讓濕疹好得快，但你吃對了嗎？她雙腿癢2個月竟是肝... ❌
  🔄 不讓醫師演戲真的太可惜！喝這1杯花茶，血壓穩下來，眼睛不花了... ❌
  🔄 血壓總是早上5點-8點高，吃降血壓藥也不管用怎麼辦？｜胡乃文... ❌
  🔄 💖粉絲問什麼？胡太太逗趣提問，胡醫師親解答！胡乃文開講會員專... ❌
  🔄 {沒看到太可惜！醫師爆笑模仿蔣部長，全場笑翻｜胡乃文開講會員... ❌
  🔄 { 會員Q&A } 急救時先別亂按！極泉穴、人中穴，其實很多... ❌
  🔄 關於食用油對膽結石和便秘的問題｜胡乃文開講會員專屬7 ❌
  🔄 翻轉糖尿病迷思！為什麼糖尿病反而要吃米飯才會好！3個簡單運動... ❌
  📊 胡乃文开播: 0✅ 8❌
  📊 總計: 成功:0 失敗:8

============================================================
✅ 完成! 時間: 02:09:47
============================================================
>>> Round done at Fri Mar 27 02:09:47 CST 2026. last_channel_index=1
============================================================
🚀 知識庫爬蟲（kd subtitles 專用）- 02:09:50
============================================================

📺 [2/9] 柏格醫生中文
  🔄 超市60%包裝食品都含這隱藏成分！乳化劑悄悄損害腸道健康與大... ❌
  🔄 輕斷食瘦身,生酮會燃燒脂肪,抑制食欲,不挨餓減肥,低碳,少吃... ❌
  🔄 【柏格醫生】癌症研究70年都錯了？揭開致癌真相與30個科學防... ❌
  🔄 頭前傾2.5公分加重4.5公斤！柏格醫生教你每晚幾分鐘快速矯... ❌
  🔄 肝臟出問題導致半夜醒來？夜間血糖劇烈波動的真正原因與5大改善... ❌
  🔄 戒不掉糖、菸、色情、社媒？柏格醫生教你：NAC + 鎂 + ... ❌
  🔄 麵包真正毒物不是麩質！血糖暴衝、胰島素阻抗元兇曝光，戒掉後該... ❌
  🔄 【柏格醫生】27個最強飲食秘訣！這樣吃營養吸收翻倍，改善健康... ❌
  🔄 老人斑怎麼自然淡化？柏格醫生揭秘穀胱甘肽不足才是根本原因，1... ❌
  🔄 失眠毀掉我生活!! 助睡眠和保健肝功能的營養,柏格醫生 Dr... ❌
  🔄 養成這7個習慣，胰島素直降、脂肪狂燒！不餓不節食，輕鬆達到最... ❌
  🔄 最佳伸展筋膜,能消炎、助眠、不僵硬! 減壓！自然療法,柏格醫... ❌
  🔄 生酮飲食會傷腎？柏格醫生揭真相：高糖高胰島素才是腎臟殺手！（... ❌
  🔄 戒不掉糖、菸、色情、社媒？柏格醫生教你：NAC + 鎂 + ... ❌
  🔄 心悸、胸悶、頭暈竟是缺鎂惹的禍？5大原因＋高鎂食物一次看 ❌
  📊 柏格醫生中文: 0✅ 15❌
  📊 總計: 成功:0 失敗:15

============================================================
✅ 完成! 時間: 02:12:47
============================================================
>>> Round done at Fri Mar 27 02:12:47 CST 2026. last_channel_index=2
============================================================
🚀 知識庫爬蟲（kd subtitles 專用）- 02:12:50
============================================================

📺 [3/9] Dr.HuangAmin
  🔄 睡覺狂打呼，口腔肌少症找上門！教你練舌肌力！feat.黃斌洋... ❌
  🔄 你靠吃「某些食物」才想大便，不正常！？必吃3種食物養腸道！｜... ❌
  🔄 手抬不起來，竟跟腸胃有關？內臟卡卡，手也會被扯住！｜功操大全 ❌
  🔄 轉頭就痛！頸因性頭痛，真正的原因在手部！？｜功操大全 ❌
  🔄 骨盆前傾一招練回正臀！檢測你有沒有假翹臀！｜功操大全 ❌
  🔄 你的身體會替情緒說話？什麼是身心學？feat.趙耕樂身心療癒... ❌
  🔄 別再硬按！淋巴塞，痠痛來！帶你一起疏通淋巴｜功操大全 ❌
  🔄 烏龜頸，脖子前傾的真相！搞錯原因復健還是凸！｜功操大全 ❌
  🔄 床墊、枕頭選錯你就痛！睡姿問題一次解！｜功操大全 ❌
  🔄 常常聳肩！你的腸胃、鎖骨卡住肩！｜迷思破解 ❌
  🔄 身體失調！月經亂、變胖竟是身體太冷！？feat.內科李琪醫師... ❌
  🔄 膝蓋痛，關鍵在骨盆、腳底的影響！｜迷思破解 ❌
  🔄 圓肩，全因你手指沒力氣？｜迷思破解 ❌
  🔄 消水腫！先清除體內垃圾｜迷思破解 ❌
  🔄 顳顎關節卡住的真正原因！｜功操大全 ❌
  📊 Dr.HuangAmin: 0✅ 15❌
  📊 總計: 成功:0 失敗:15

============================================================
✅ 完成! 時間: 02:15:00
============================================================
>>> Round done at Fri Mar 27 02:15:00 CST 2026. last_channel_index=3
============================================================
🚀 知識庫爬蟲（kd subtitles 專用）- 02:15:03
============================================================

📺 [4/9] 周慕姿放心說
  🔄 你不是廢，是太焦慮！撕下懶惰標籤，接住卡住的自己｜Ft.李東... ❌
  📊 周慕姿放心說: 0✅ 1❌
  📊 總計: 成功:0 失敗:1

============================================================
✅ 完成! 時間: 02:15:27
============================================================
>>> Round done at Fri Mar 27 02:15:27 CST 2026. last_channel_index=4
============================================================
🚀 知識庫爬蟲（kd subtitles 專用）- 02:15:30
============================================================

📺 [5/9] 松明讲心理
  🔄 Depression is a slow betrayal ... ❌
  🔄 愛操心的人，其實最孤單！#人生 #心理學 #煩惱 #認知 #... ❌
  🔄 Learn to make choices so your ... ❌
  🔄 看清選擇背後的三大陷阱，做出更清晰的人生決策！#朋友 #人際... ❌
  🔄 The power of choice: Living yo... ❌
  🔄 Long-distance relationships ar... ❌
  🔄 內心強大到可怕的10種心境！#人生 #心理學 #煩惱 #認知... ❌
  🔄 當恨佔滿了心，親密就進不來！#情感 #愛情 #戀愛 #離婚 ... ❌
  🔄 3句話學會放下執著、停止內耗，走向內在的力量！#人生 #心理... ❌
  🔄 原諒出軌，是救贖還是折磨？#情感 #愛情 #戀愛 #離婚  ... ❌
  🔄 女人最該守住的三重分寸感！#情感 #愛情 #戀愛 #離婚  ... ❌
  🔄 Whether your employees are wor... ❌
  🔄 苦難生智慧「物極必反」的哲學！#人生 #心理學 #煩惱 #認... ❌
  🔄 Four ways to quickly improve y... ❌
  🔄 如何挽救孩子的躺平和厭學？#松明  #煩惱 #親子 #婚姻 ... ❌
  📊 松明讲心理: 0✅ 15❌
  📊 總計: 成功:0 失敗:15

============================================================
✅ 完成! 時間: 02:17:41
============================================================
>>> Round done at Fri Mar 27 02:17:41 CST 2026. last_channel_index=5
============================================================
🚀 知識庫爬蟲（kd subtitles 專用）- 02:17:44
============================================================

📺 [6/9] 超真實商談
  ✅ 無新影片

📺 [7/9] Cofit211
  🔄 【頻道會員專屬】腦科學權威：你擁有「重塑大腦」的能力，人生隨... ❌
  🔄 這動作能緩解腰痠背痛？科學實證：真的有用｜初日診所 魏士航醫... ❌
  🔄 [Channel Member Exclusive] Inv... ❌
  🔄 [Channel Member Exclusive] Sta... ❌
  📊 Cofit211: 0✅ 4❌
  📊 總計: 成功:0 失敗:4

============================================================
✅ 完成! 時間: 02:18:21
============================================================
>>> Round done at Fri Mar 27 02:18:21 CST 2026. last_channel_index=7
============================================================
🚀 知識庫爬蟲（kd subtitles 專用）- 02:18:24
============================================================

📺 [8/9] 泛科學
  ✅ 無新影片

📺 [9/9] 泛科學院
  🔄 公開Gemini 3.1 Pro 六大功能！不是工程師也能寫... ❌
  🔄 [2026 Best AI Subscription Gui... ❌
  🔄 Stop using AI to copy and past... ❌
  🔄 [AI Teaching Notes | YouTube C... ❌
  📊 泛科學院: 0✅ 4❌
  📊 總計: 成功:0 失敗:4

============================================================
✅ 完成! 時間: 02:19:07
============================================================
>>> Round done at Fri Mar 27 02:19:07 CST 2026. last_channel_index=0
============================================================
🚀 知識庫爬蟲（kd subtitles 專用）- 02:19:10
============================================================

📺 [1/9] 胡乃文开播
  🔄 地瓜葉菊花茶讓濕疹好得快，但你吃對了嗎？她雙腿癢2個月竟是肝... ❌
  🔄 不讓醫師演戲真的太可惜！喝這1杯花茶，血壓穩下來，眼睛不花了... ❌
  🔄 血壓總是早上5點-8點高，吃降血壓藥也不管用怎麼辦？｜胡乃文... ❌
  🔄 💖粉絲問什麼？胡太太逗趣提問，胡醫師親解答！胡乃文開講會員專... ❌
  🔄 {沒看到太可惜！醫師爆笑模仿蔣部長，全場笑翻｜胡乃文開講會員... ❌
  🔄 { 會員Q&A } 急救時先別亂按！極泉穴、人中穴，其實很多... ❌
  🔄 關於食用油對膽結石和便秘的問題｜胡乃文開講會員專屬7 ❌
  🔄 翻轉糖尿病迷思！為什麼糖尿病反而要吃米飯才會好！3個簡單運動... ❌
  📊 胡乃文开播: 0✅ 8❌
  📊 總計: 成功:0 失敗:8

============================================================
✅ 完成! 時間: 02:20:22
============================================================
>>> Round done at Fri Mar 27 02:20:22 CST 2026. last_channel_index=1
============================================================
🚀 知識庫爬蟲（kd subtitles 專用）- 02:20:25
============================================================

📺 [2/9] 柏格醫生中文
  🔄 乳化劑正毀壞你的腸道！藏在冰淇淋、沙拉醬、植物奶中，柏格醫生... ❌
  🔄 輕斷食瘦身,生酮會燃燒脂肪,抑制食欲,不挨餓減肥,低碳,少吃... ❌
  🔄 【柏格醫生】癌症研究70年都錯了？揭開致癌真相與30個科學防... ❌
  🔄 頭前傾2.5公分加重4.5公斤！柏格醫生教你每晚幾分鐘快速矯... ❌
  🔄 肝臟出問題導致半夜醒來？夜間血糖劇烈波動的真正原因與5大改善... ❌
  🔄 戒不掉糖、菸、色情、社媒？柏格醫生教你：NAC + 鎂 + ... ❌
  🔄 麵包真正毒物不是麩質！血糖暴衝、胰島素阻抗元兇曝光，戒掉後該... ❌
  🔄 【柏格醫生】27個最強飲食秘訣！這樣吃營養吸收翻倍，改善健康... ❌
  🔄 老人斑怎麼自然淡化？柏格醫生揭秘穀胱甘肽不足才是根本原因，1... ❌
  🔄 失眠毀掉我生活!! 助睡眠和保健肝功能的營養,柏格醫生 Dr... ❌
  🔄 養成這7個習慣，胰島素直降、脂肪狂燒！不餓不節食，輕鬆達到最... ❌
  🔄 最佳伸展筋膜,能消炎、助眠、不僵硬! 減壓！自然療法,柏格醫... ❌
  🔄 柏格醫生談：生酮不是高蛋白！為什麼生酮+斷食+有機蔬菜能救腎... ❌
  🔄 戒不掉糖、菸、色情、社媒？柏格醫生教你：NAC + 鎂 + ... ❌
  🔄 心悸、胸悶、頭暈竟是缺鎂惹的禍？5大原因＋高鎂食物一次看 ❌
  📊 柏格醫生中文: 0✅ 15❌
  📊 總計: 成功:0 失敗:15

============================================================
✅ 完成! 時間: 02:24:48
============================================================
>>> Round done at Fri Mar 27 02:24:48 CST 2026. last_channel_index=2
============================================================
🚀 知識庫爬蟲（kd subtitles 專用）- 02:24:51
============================================================

📺 [3/9] Dr.HuangAmin
  🔄 睡覺狂打呼，口腔肌少症找上門！教你練舌肌力！feat.黃斌洋... ❌
  🔄 你靠吃「某些食物」才想大便，不正常！？必吃3種食物養腸道！｜... ❌
  🔄 手抬不起來，竟跟腸胃有關？內臟卡卡，手也會被扯住！｜功操大全 ❌
  🔄 轉頭就痛！頸因性頭痛，真正的原因在手部！？｜功操大全 ❌
  🔄 骨盆前傾一招練回正臀！檢測你有沒有假翹臀！｜功操大全 ❌
  🔄 你的身體會替情緒說話？什麼是身心學？feat.趙耕樂身心療癒... ❌
  🔄 別再硬按！淋巴塞，痠痛來！帶你一起疏通淋巴｜功操大全 ❌
  🔄 烏龜頸，脖子前傾的真相！搞錯原因復健還是凸！｜功操大全 ❌
  🔄 床墊、枕頭選錯你就痛！睡姿問題一次解！｜功操大全 ❌
  🔄 常常聳肩！你的腸胃、鎖骨卡住肩！｜迷思破解 ❌
  🔄 身體失調！月經亂、變胖竟是身體太冷！？feat.內科李琪醫師... ❌
  🔄 膝蓋痛，關鍵在骨盆、腳底的影響！｜迷思破解 ❌
  🔄 圓肩，全因你手指沒力氣？｜迷思破解 ❌
  🔄 消水腫！先清除體內垃圾｜迷思破解 ❌
  🔄 顳顎關節卡住的真正原因！｜功操大全 ❌
  📊 Dr.HuangAmin: 0✅ 15❌
  📊 總計: 成功:0 失敗:15

============================================================
✅ 完成! 時間: 02:28:06
============================================================
>>> Round done at Fri Mar 27 02:28:06 CST 2026. last_channel_index=3
============================================================
🚀 知識庫爬蟲（kd subtitles 專用）- 02:28:09
============================================================

📺 [4/9] 周慕姿放心說
  🔄 你不是廢，是太焦慮！撕下懶惰標籤，接住卡住的自己｜Ft.李東... ❌
  📊 周慕姿放心說: 0✅ 1❌
  📊 總計: 成功:0 失敗:1

============================================================
✅ 完成! 時間: 02:28:40
============================================================
>>> Round done at Fri Mar 27 02:28:40 CST 2026. last_channel_index=4
============================================================
🚀 知識庫爬蟲（kd subtitles 專用）- 02:28:43
============================================================

📺 [5/9] 松明讲心理
  🔄 Depression is a slow betrayal ... ❌
  🔄 愛操心的人，其實最孤單！#人生 #心理學 #煩惱 #認知 #... ❌
  🔄 Learn to make choices so your ... ❌
  🔄 看清選擇背後的三大陷阱，做出更清晰的人生決策！#朋友 #人際... ❌
  🔄 The power of choice: Living yo... ❌
  🔄 Long-distance relationships ar... ❌
  🔄 內心強大到可怕的10種心境！#人生 #心理學 #煩惱 #認知... ❌
  🔄 當恨佔滿了心，親密就進不來！#情感 #愛情 #戀愛 #離婚 ... ❌
  🔄 3句話學會放下執著、停止內耗，走向內在的力量！#人生 #心理... ❌
  🔄 原諒出軌，是救贖還是折磨？#情感 #愛情 #戀愛 #離婚  ... ❌
  🔄 女人最該守住的三重分寸感！#情感 #愛情 #戀愛 #離婚  ... ❌
  🔄 Whether your employees are wor... ❌
  🔄 苦難生智慧「物極必反」的哲學！#人生 #心理學 #煩惱 #認... ❌
  🔄 Four ways to quickly improve y... ❌
  🔄 如何挽救孩子的躺平和厭學？#松明  #煩惱 #親子 #婚姻 ... ❌
  📊 松明讲心理: 0✅ 15❌
  📊 總計: 成功:0 失敗:15

============================================================
✅ 完成! 時間: 02:30:56
============================================================
>>> Round done at Fri Mar 27 02:30:56 CST 2026. last_channel_index=5
============================================================
🚀 知識庫爬蟲（kd subtitles 專用）- 02:30:59
============================================================

📺 [6/9] 超真實商談
  ✅ 無新影片

📺 [7/9] Cofit211
  🔄 【頻道會員專屬】腦科學權威：你擁有「重塑大腦」的能力，人生隨... ❌
  🔄 這動作能緩解腰痠背痛？科學實證：真的有用｜初日診所 魏士航醫... ❌
  🔄 [Channel Member Exclusive] Inv... ❌
  🔄 [Channel Member Exclusive] Sta... ❌
  📊 Cofit211: 0✅ 4❌
  📊 總計: 成功:0 失敗:4

============================================================
✅ 完成! 時間: 02:31:39
============================================================
>>> Round done at Fri Mar 27 02:31:39 CST 2026. last_channel_index=7
============================================================
🚀 知識庫爬蟲（kd subtitles 專用）- 02:31:42
============================================================

📺 [8/9] 泛科學
  ✅ 無新影片

📺 [9/9] 泛科學院
  🔄 公開Gemini 3.1 Pro 六大功能！不是工程師也能寫... ❌
  🔄 [2026 Best AI Subscription Gui... ❌
  🔄 Stop using AI to copy and past... ❌
  🔄 [AI Teaching Notes | YouTube C... ❌
  📊 泛科學院: 0✅ 4❌
  📊 總計: 成功:0 失敗:4

============================================================
✅ 完成! 時間: 02:32:24
============================================================
>>> Round done at Fri Mar 27 02:32:24 CST 2026. last_channel_index=0
============================================================
🚀 知識庫爬蟲（kd subtitles 專用）- 02:32:27
============================================================

📺 [1/9] 胡乃文开播
  🔄 地瓜葉菊花茶讓濕疹好得快，但你吃對了嗎？她雙腿癢2個月竟是肝... ❌
  🔄 不讓醫師演戲真的太可惜！喝這1杯花茶，血壓穩下來，眼睛不花了... ❌
  🔄 血壓總是早上5點-8點高，吃降血壓藥也不管用怎麼辦？｜胡乃文... ❌
  🔄 💖粉絲問什麼？胡太太逗趣提問，胡醫師親解答！胡乃文開講會員專... ❌
  🔄 {沒看到太可惜！醫師爆笑模仿蔣部長，全場笑翻｜胡乃文開講會員... ❌
  🔄 { 會員Q&A } 急救時先別亂按！極泉穴、人中穴，其實很多... ❌
  🔄 關於食用油對膽結石和便秘的問題｜胡乃文開講會員專屬7 ❌
  🔄 翻轉糖尿病迷思！為什麼糖尿病反而要吃米飯才會好！3個簡單運動... ❌
  📊 胡乃文开播: 0✅ 8❌
  📊 總計: 成功:0 失敗:8

============================================================
✅ 完成! 時間: 02:33:35
============================================================
>>> Round done at Fri Mar 27 02:33:36 CST 2026. last_channel_index=1
============================================================
🚀 知識庫爬蟲（kd subtitles 專用）- 02:33:39
============================================================

📺 [2/9] 柏格醫生中文
  🔄 垃圾食品隱藏乳化劑像洗碗精！破壞腸道黏液層導致腸漏，柏格醫生... ❌
  🔄 輕斷食瘦身,生酮會燃燒脂肪,抑制食欲,不挨餓減肥,低碳,少吃... ✅ (27110字)
  🔄 如何永久遠離癌症？柏格醫生破解「癌細胞」弱點，30招從根本打... ❌
  🔄 頭前傾2.5公分加重4.5公斤！柏格醫生教你每晚幾分鐘快速矯... ❌
  🔄 肝臟出問題導致半夜醒來？夜間血糖劇烈波動的真正原因與5大改善... ❌
  🔄 戒不掉糖、菸、色情、社媒？柏格醫生教你：NAC + 鎂 + ... ❌
  🔄 麵包真正毒物不是麩質！血糖暴衝、胰島素阻抗元兇曝光，戒掉後該... ❌
  🔄 【柏格醫生】27個最強飲食秘訣！這樣吃營養吸收翻倍，改善健康... ❌
  🔄 老人斑怎麼自然淡化？柏格醫生揭秘穀胱甘肽不足才是根本原因，1... ❌
  🔄 失眠毀掉我生活!! 助睡眠和保健肝功能的營養,柏格醫生 Dr... ❌
  🔄 養成這7個習慣，胰島素直降、脂肪狂燒！不餓不節食，輕鬆達到最... ❌
  🔄 最佳伸展筋膜,能消炎、助眠、不僵硬! 減壓！自然療法,柏格醫... ❌
  🔄 柏格醫生：生酮飲食保護腎臟的4大秘訣！多囊腎病、糖尿病腎損傷... ❌
  🔄 戒不掉糖、菸、色情、社媒？柏格醫生教你：NAC + 鎂 + ... ❌
  🔄 心悸、胸悶、頭暈竟是缺鎂惹的禍？5大原因＋高鎂食物一次看 ❌
  📊 柏格醫生中文: 1✅ 14❌
  📊 總計: 成功:1 失敗:14

============================================================
✅ 完成! 時間: 02:36:26
============================================================
>>> Round done at Fri Mar 27 02:36:26 CST 2026. last_channel_index=2
============================================================
🚀 知識庫爬蟲（kd subtitles 專用）- 02:36:29
============================================================

📺 [3/9] Dr.HuangAmin
  🔄 睡覺狂打呼，口腔肌少症找上門！教你練舌肌力！feat.黃斌洋... ❌
  🔄 你靠吃「某些食物」才想大便，不正常！？必吃3種食物養腸道！｜... ❌
  🔄 手抬不起來，竟跟腸胃有關？內臟卡卡，手也會被扯住！｜功操大全 ❌
  🔄 轉頭就痛！頸因性頭痛，真正的原因在手部！？｜功操大全 ❌
  🔄 骨盆前傾一招練回正臀！檢測你有沒有假翹臀！｜功操大全 ❌
  🔄 你的身體會替情緒說話？什麼是身心學？feat.趙耕樂身心療癒... ❌
  🔄 別再硬按！淋巴塞，痠痛來！帶你一起疏通淋巴｜功操大全 ❌
  🔄 烏龜頸，脖子前傾的真相！搞錯原因復健還是凸！｜功操大全 ❌
  🔄 床墊、枕頭選錯你就痛！睡姿問題一次解！｜功操大全 ❌
  🔄 常常聳肩！你的腸胃、鎖骨卡住肩！｜迷思破解 ❌
  🔄 身體失調！月經亂、變胖竟是身體太冷！？feat.內科李琪醫師... ❌
  🔄 膝蓋痛，關鍵在骨盆、腳底的影響！｜迷思破解 ❌
  🔄 圓肩，全因你手指沒力氣？｜迷思破解 ❌
  🔄 消水腫！先清除體內垃圾｜迷思破解 ❌
  🔄 顳顎關節卡住的真正原因！｜功操大全 ❌
  📊 Dr.HuangAmin: 0✅ 15❌
  📊 總計: 成功:0 失敗:15

============================================================
✅ 完成! 時間: 02:38:44
============================================================
>>> Round done at Fri Mar 27 02:38:44 CST 2026. last_channel_index=3
============================================================
🚀 知識庫爬蟲（kd subtitles 專用）- 02:38:47
============================================================

📺 [4/9] 周慕姿放心說
  🔄 你不是廢，是太焦慮！撕下懶惰標籤，接住卡住的自己｜Ft.李東... ❌
  📊 周慕姿放心說: 0✅ 1❌
  📊 總計: 成功:0 失敗:1

============================================================
✅ 完成! 時間: 02:39:06
============================================================
>>> Round done at Fri Mar 27 02:39:06 CST 2026. last_channel_index=4
============================================================
🚀 知識庫爬蟲（kd subtitles 專用）- 02:39:09
============================================================

📺 [5/9] 松明讲心理
  🔄 Depression is a slow betrayal ... ❌
  🔄 愛操心的人，其實最孤單！#人生 #心理學 #煩惱 #認知 #... ❌
  🔄 Learn to make choices so your ... ❌
  🔄 看清選擇背後的三大陷阱，做出更清晰的人生決策！#朋友 #人際... ❌
  🔄 The power of choice: Living yo... ❌
  🔄 Long-distance relationships ar... ❌
  🔄 內心強大到可怕的10種心境！#人生 #心理學 #煩惱 #認知... ❌
  🔄 當恨佔滿了心，親密就進不來！#情感 #愛情 #戀愛 #離婚 ... ❌
  🔄 3句話學會放下執著、停止內耗，走向內在的力量！#人生 #心理... ❌
  🔄 原諒出軌，是救贖還是折磨？#情感 #愛情 #戀愛 #離婚  ... ❌
  🔄 女人最該守住的三重分寸感！#情感 #愛情 #戀愛 #離婚  ... ❌
  🔄 Whether your employees are wor... ❌
  🔄 苦難生智慧「物極必反」的哲學！#人生 #心理學 #煩惱 #認... ❌
  🔄 Four ways to quickly improve y... ❌
  🔄 如何挽救孩子的躺平和厭學？#松明  #煩惱 #親子 #婚姻 ... ❌
  📊 松明讲心理: 0✅ 15❌
  📊 總計: 成功:0 失敗:15

============================================================
✅ 完成! 時間: 02:41:17
============================================================
>>> Round done at Fri Mar 27 02:41:17 CST 2026. last_channel_index=5
============================================================
🚀 知識庫爬蟲（kd subtitles 專用）- 02:41:20
============================================================

📺 [6/9] 超真實商談
  ✅ 無新影片

📺 [7/9] Cofit211
  🔄 【頻道會員專屬】腦科學權威：你擁有「重塑大腦」的能力，人生隨... ❌
  🔄 這動作能緩解腰痠背痛？科學實證：真的有用｜初日診所 魏士航醫... ❌
  🔄 [Channel Member Exclusive] Inv... ❌
  🔄 [Channel Member Exclusive] Sta... ❌
  📊 Cofit211: 0✅ 4❌
  📊 總計: 成功:0 失敗:4

============================================================
✅ 完成! 時間: 02:42:04
============================================================
>>> Round done at Fri Mar 27 02:42:04 CST 2026. last_channel_index=7
============================================================
🚀 知識庫爬蟲（kd subtitles 專用）- 02:42:07
============================================================

📺 [8/9] 泛科學
  ✅ 無新影片

📺 [9/9] 泛科學院
  🔄 公開Gemini 3.1 Pro 六大功能！不是工程師也能寫... ❌
  🔄 [2026 Best AI Subscription Gui... ❌
  🔄 Stop using AI to copy and past... ❌
  🔄 [AI Teaching Notes | YouTube C... ❌
  📊 泛科學院: 0✅ 4❌
  📊 總計: 成功:0 失敗:4

============================================================
✅ 完成! 時間: 02:42:45
============================================================
>>> Round done at Fri Mar 27 02:42:45 CST 2026. last_channel_index=0
============================================================
🚀 知識庫爬蟲（kd subtitles 專用）- 02:42:48
============================================================

📺 [1/9] 胡乃文开播
  🔄 注意！她癢2個月查出是肝癌！春季濕疹大爆發，按2穴止癢，戒3... ❌
  🔄 不讓醫師演戲真的太可惜！喝這1杯花茶，血壓穩下來，眼睛不花了... ❌
  🔄 血壓總是早上5點-8點高，吃降血壓藥也不管用怎麼辦？｜胡乃文... ❌
  🔄 💖粉絲問什麼？胡太太逗趣提問，胡醫師親解答！胡乃文開講會員專... ❌
  🔄 {沒看到太可惜！醫師爆笑模仿蔣部長，全場笑翻｜胡乃文開講會員... ❌
  🔄 { 會員Q&A } 急救時先別亂按！極泉穴、人中穴，其實很多... ❌
  🔄 關於食用油對膽結石和便秘的問題｜胡乃文開講會員專屬7 ❌
  🔄 翻轉糖尿病迷思！為什麼糖尿病反而要吃米飯才會好！3個簡單運動... ❌
  📊 胡乃文开播: 0✅ 8❌
  📊 總計: 成功:0 失敗:8

============================================================
✅ 完成! 時間: 02:43:56
============================================================
>>> Round done at Fri Mar 27 02:43:56 CST 2026. last_channel_index=1
============================================================
🚀 知識庫爬蟲（kd subtitles 專用）- 02:43:59
============================================================

📺 [2/9] 柏格醫生中文
  🔄 超市60%包裝食品都含這隱藏成分！乳化劑悄悄損害腸道健康與大... ❌
  🔄 【柏格醫生】癌症研究70年都錯了？揭開致癌真相與30個科學防... ❌
  🔄 頭前傾2.5公分加重4.5公斤！柏格醫生教你每晚幾分鐘快速矯... ❌
  🔄 肝臟出問題導致半夜醒來？夜間血糖劇烈波動的真正原因與5大改善... ❌
  🔄 戒不掉糖、菸、色情、社媒？柏格醫生教你：NAC + 鎂 + ... ❌
  🔄 別再吃麵包了！就算0糖也比砂糖更害血糖飆升，無麩質、全麥全是... ❌
  🔄 【柏格醫生】27個最強飲食秘訣！這樣吃營養吸收翻倍，改善健康... ❌
  🔄 老人斑怎麼自然淡化？柏格醫生揭秘穀胱甘肽不足才是根本原因，1... ❌
  🔄 失眠毀掉我生活!! 助睡眠和保健肝功能的營養,柏格醫生 Dr... ❌
  🔄 養成這7個習慣，胰島素直降、脂肪狂燒！不餓不節食，輕鬆達到最... ❌
  🔄 最佳伸展筋膜,能消炎、助眠、不僵硬! 減壓！自然療法,柏格醫... ❌
  🔄 柏格醫生談：生酮不是高蛋白！為什麼生酮+斷食+有機蔬菜能救腎... ❌
  🔄 戒不掉糖、菸、色情、社媒？柏格醫生教你：NAC + 鎂 + ... ❌
  🔄 心悸、胸悶、頭暈竟是缺鎂惹的禍？5大原因＋高鎂食物一次看 ❌
  📊 柏格醫生中文: 0✅ 14❌
  📊 總計: 成功:0 失敗:14

============================================================
✅ 完成! 時間: 02:46:41
============================================================
>>> Round done at Fri Mar 27 02:46:41 CST 2026. last_channel_index=2
============================================================
🚀 知識庫爬蟲（kd subtitles 專用）- 02:46:44
============================================================

📺 [3/9] Dr.HuangAmin
  🔄 睡覺狂打呼，口腔肌少症找上門！教你練舌肌力！feat.黃斌洋... ❌
  🔄 你靠吃「某些食物」才想大便，不正常！？必吃3種食物養腸道！｜... ❌
  🔄 手抬不起來，竟跟腸胃有關？內臟卡卡，手也會被扯住！｜功操大全 ❌
  🔄 轉頭就痛！頸因性頭痛，真正的原因在手部！？｜功操大全 ❌
  🔄 骨盆前傾一招練回正臀！檢測你有沒有假翹臀！｜功操大全 ❌
  🔄 你的身體會替情緒說話？什麼是身心學？feat.趙耕樂身心療癒... ❌
  🔄 別再硬按！淋巴塞，痠痛來！帶你一起疏通淋巴｜功操大全 ❌
  🔄 烏龜頸，脖子前傾的真相！搞錯原因復健還是凸！｜功操大全 ❌
  🔄 床墊、枕頭選錯你就痛！睡姿問題一次解！｜功操大全 ❌
  🔄 常常聳肩！你的腸胃、鎖骨卡住肩！｜迷思破解 ❌
  🔄 身體失調！月經亂、變胖竟是身體太冷！？feat.內科李琪醫師... ❌
  🔄 膝蓋痛，關鍵在骨盆、腳底的影響！｜迷思破解 ❌
  🔄 圓肩，全因你手指沒力氣？｜迷思破解 ❌
  🔄 消水腫！先清除體內垃圾｜迷思破解 ❌
  🔄 顳顎關節卡住的真正原因！｜功操大全 ❌
  📊 Dr.HuangAmin: 0✅ 15❌
  📊 總計: 成功:0 失敗:15

============================================================
✅ 完成! 時間: 02:48:52
============================================================
>>> Round done at Fri Mar 27 02:48:52 CST 2026. last_channel_index=3
============================================================
🚀 知識庫爬蟲（kd subtitles 專用）- 02:48:56
============================================================

📺 [4/9] 周慕姿放心說
  🔄 你不是廢，是太焦慮！撕下懶惰標籤，接住卡住的自己｜Ft.李東... ❌
  📊 周慕姿放心說: 0✅ 1❌
  📊 總計: 成功:0 失敗:1

============================================================
✅ 完成! 時間: 02:49:19
============================================================
>>> Round done at Fri Mar 27 02:49:19 CST 2026. last_channel_index=4
============================================================
🚀 知識庫爬蟲（kd subtitles 專用）- 02:49:22
============================================================

📺 [5/9] 松明讲心理
  🔄 Depression is a slow betrayal ... ❌
  🔄 愛操心的人，其實最孤單！#人生 #心理學 #煩惱 #認知 #... ❌
  🔄 Learn to make choices so your ... ❌
  🔄 看清選擇背後的三大陷阱，做出更清晰的人生決策！#朋友 #人際... ❌
  🔄 The power of choice: Living yo... ❌
  🔄 Long-distance relationships ar... ❌
  🔄 內心強大到可怕的10種心境！#人生 #心理學 #煩惱 #認知... ❌
  🔄 當恨佔滿了心，親密就進不來！#情感 #愛情 #戀愛 #離婚 ... ❌
  🔄 3句話學會放下執著、停止內耗，走向內在的力量！#人生 #心理... ❌
  🔄 原諒出軌，是救贖還是折磨？#情感 #愛情 #戀愛 #離婚  ... ❌
  🔄 女人最該守住的三重分寸感！#情感 #愛情 #戀愛 #離婚  ... ❌
  🔄 Whether your employees are wor... ❌
  🔄 苦難生智慧「物極必反」的哲學！#人生 #心理學 #煩惱 #認... ❌
  🔄 Four ways to quickly improve y... ❌
  🔄 如何挽救孩子的躺平和厭學？#松明  #煩惱 #親子 #婚姻 ... ❌
  📊 松明讲心理: 0✅ 15❌
  📊 總計: 成功:0 失敗:15

============================================================
✅ 完成! 時間: 02:51:30
============================================================
>>> Round done at Fri Mar 27 02:51:30 CST 2026. last_channel_index=5
============================================================
🚀 知識庫爬蟲（kd subtitles 專用）- 02:51:34
============================================================

📺 [6/9] 超真實商談
  ✅ 無新影片

📺 [7/9] Cofit211
  🔄 【頻道會員專屬】腦科學權威：你擁有「重塑大腦」的能力，人生隨... ❌
  🔄 這動作能緩解腰痠背痛？科學實證：真的有用｜初日診所 魏士航醫... ❌
  🔄 [Channel Member Exclusive] Inv... ❌
  🔄 [Channel Member Exclusive] Sta... ❌
  📊 Cofit211: 0✅ 4❌
  📊 總計: 成功:0 失敗:4

============================================================
✅ 完成! 時間: 02:52:15
============================================================
>>> Round done at Fri Mar 27 02:52:15 CST 2026. last_channel_index=7
============================================================
🚀 知識庫爬蟲（kd subtitles 專用）- 02:52:18
============================================================

📺 [8/9] 泛科學
  ✅ 無新影片

📺 [9/9] 泛科學院
  🔄 公開Gemini 3.1 Pro 六大功能！不是工程師也能寫... ❌
  🔄 [2026 Best AI Subscription Gui... ❌
  🔄 Stop using AI to copy and past... ❌
  🔄 [AI Teaching Notes | YouTube C... ❌
  📊 泛科學院: 0✅ 4❌
  📊 總計: 成功:0 失敗:4

============================================================
✅ 完成! 時間: 02:53:02
============================================================
>>> Round done at Fri Mar 27 02:53:02 CST 2026. last_channel_index=0
============================================================
🚀 知識庫爬蟲（kd subtitles 專用）- 02:53:05
============================================================

📺 [1/9] 胡乃文开播
  🔄 她雙腿癢2個月竟是肝出大問題！換季皮膚就癢癢，按2大穴止癢，... ❌
  🔄 不讓醫師演戲真的太可惜！喝這1杯花茶，血壓穩下來，眼睛不花了... ❌
  🔄 血壓總是早上5點-8點高，吃降血壓藥也不管用怎麼辦？｜胡乃文... ❌
  🔄 💖粉絲問什麼？胡太太逗趣提問，胡醫師親解答！胡乃文開講會員專... ❌
  🔄 {沒看到太可惜！醫師爆笑模仿蔣部長，全場笑翻｜胡乃文開講會員... ❌
  🔄 { 會員Q&A } 急救時先別亂按！極泉穴、人中穴，其實很多... ❌
  🔄 關於食用油對膽結石和便秘的問題｜胡乃文開講會員專屬7 ❌
  🔄 翻轉糖尿病迷思！為什麼糖尿病反而要吃米飯才會好！3個簡單運動... ❌
  📊 胡乃文开播: 0✅ 8❌
  📊 總計: 成功:0 失敗:8

============================================================
✅ 完成! 時間: 02:54:14
============================================================
>>> Round done at Fri Mar 27 02:54:14 CST 2026. last_channel_index=1
============================================================
🚀 知識庫爬蟲（kd subtitles 專用）- 02:54:17
============================================================

📺 [2/9] 柏格醫生中文
  🔄 垃圾食品隱藏乳化劑像洗碗精！破壞腸道黏液層導致腸漏，柏格醫生... ❌
  🔄 如何永久遠離癌症？柏格醫生破解「癌細胞」弱點，30招從根本打... ❌
  🔄 頭前傾2.5公分加重4.5公斤！柏格醫生教你每晚幾分鐘快速矯... ❌
  🔄 肝臟出問題導致半夜醒來？夜間血糖劇烈波動的真正原因與5大改善... ❌
  🔄 戒不掉糖、菸、色情、社媒？柏格醫生教你：NAC + 鎂 + ... ❌
  🔄 麵包真正毒物不是麩質！血糖暴衝、胰島素阻抗元兇曝光，戒掉後該... ❌
  🔄 【柏格醫生】27個最強飲食秘訣！這樣吃營養吸收翻倍，改善健康... ❌
  🔄 老人斑怎麼自然淡化？柏格醫生揭秘穀胱甘肽不足才是根本原因，1... ❌
  🔄 失眠毀掉我生活!! 助睡眠和保健肝功能的營養,柏格醫生 Dr... ❌
  🔄 養成這7個習慣，胰島素直降、脂肪狂燒！不餓不節食，輕鬆達到最... ❌
  🔄 最佳伸展筋膜,能消炎、助眠、不僵硬! 減壓！自然療法,柏格醫... ❌
  🔄 柏格醫生：生酮飲食保護腎臟的4大秘訣！多囊腎病、糖尿病腎損傷... ❌
  🔄 戒不掉糖、菸、色情、社媒？柏格醫生教你：NAC + 鎂 + ... ❌
  🔄 心悸、胸悶、頭暈竟是缺鎂惹的禍？5大原因＋高鎂食物一次看 ❌
  📊 柏格醫生中文: 0✅ 14❌
  📊 總計: 成功:0 失敗:14

============================================================
✅ 完成! 時間: 02:56:58
============================================================
>>> Round done at Fri Mar 27 02:56:58 CST 2026. last_channel_index=2
============================================================
🚀 知識庫爬蟲（kd subtitles 專用）- 02:57:01
============================================================

📺 [3/9] Dr.HuangAmin
  🔄 睡覺狂打呼，口腔肌少症找上門！教你練舌肌力！feat.黃斌洋... ❌
  🔄 你靠吃「某些食物」才想大便，不正常！？必吃3種食物養腸道！｜... ❌
  🔄 手抬不起來，竟跟腸胃有關？內臟卡卡，手也會被扯住！｜功操大全 ❌
  🔄 轉頭就痛！頸因性頭痛，真正的原因在手部！？｜功操大全 ❌
  🔄 骨盆前傾一招練回正臀！檢測你有沒有假翹臀！｜功操大全 ❌
  🔄 你的身體會替情緒說話？什麼是身心學？feat.趙耕樂身心療癒... ❌
  🔄 別再硬按！淋巴塞，痠痛來！帶你一起疏通淋巴｜功操大全 ❌
  🔄 烏龜頸，脖子前傾的真相！搞錯原因復健還是凸！｜功操大全 ❌
  🔄 床墊、枕頭選錯你就痛！睡姿問題一次解！｜功操大全 ❌
  🔄 常常聳肩！你的腸胃、鎖骨卡住肩！｜迷思破解 ❌
  🔄 身體失調！月經亂、變胖竟是身體太冷！？feat.內科李琪醫師... ❌
  🔄 膝蓋痛，關鍵在骨盆、腳底的影響！｜迷思破解 ❌
  🔄 圓肩，全因你手指沒力氣？｜迷思破解 ❌
  🔄 消水腫！先清除體內垃圾｜迷思破解 ❌
  🔄 顳顎關節卡住的真正原因！｜功操大全 ❌
  📊 Dr.HuangAmin: 0✅ 15❌
  📊 總計: 成功:0 失敗:15

============================================================
✅ 完成! 時間: 02:59:13
============================================================
>>> Round done at Fri Mar 27 02:59:13 CST 2026. last_channel_index=3
============================================================
🚀 知識庫爬蟲（kd subtitles 專用）- 02:59:16
============================================================

📺 [4/9] 周慕姿放心說
  🔄 你不是廢，是太焦慮！撕下懶惰標籤，接住卡住的自己｜Ft.李東... ❌
  📊 周慕姿放心說: 0✅ 1❌
  📊 總計: 成功:0 失敗:1

============================================================
✅ 完成! 時間: 02:59:41
============================================================
>>> Round done at Fri Mar 27 02:59:41 CST 2026. last_channel_index=4
============================================================
🚀 知識庫爬蟲（kd subtitles 專用）- 02:59:44
============================================================

📺 [5/9] 松明讲心理
  🔄 Depression is a slow betrayal ... ❌
  🔄 愛操心的人，其實最孤單！#人生 #心理學 #煩惱 #認知 #... ❌
  🔄 Learn to make choices so your ... ❌
  🔄 看清選擇背後的三大陷阱，做出更清晰的人生決策！#朋友 #人際... ❌
  🔄 The power of choice: Living yo... ❌
  🔄 Long-distance relationships ar... ❌
  🔄 內心強大到可怕的10種心境！#人生 #心理學 #煩惱 #認知... ❌
  🔄 當恨佔滿了心，親密就進不來！#情感 #愛情 #戀愛 #離婚 ... ❌
  🔄 3句話學會放下執著、停止內耗，走向內在的力量！#人生 #心理... ❌
  🔄 原諒出軌，是救贖還是折磨？#情感 #愛情 #戀愛 #離婚  ... ❌
  🔄 女人最該守住的三重分寸感！#情感 #愛情 #戀愛 #離婚  ... ❌
  🔄 Whether your employees are wor... ❌
  🔄 苦難生智慧「物極必反」的哲學！#人生 #心理學 #煩惱 #認... ❌
  🔄 Four ways to quickly improve y... ❌
  🔄 如何挽救孩子的躺平和厭學？#松明  #煩惱 #親子 #婚姻 ... ❌
  📊 松明讲心理: 0✅ 15❌
  📊 總計: 成功:0 失敗:15

============================================================
✅ 完成! 時間: 03:01:45
============================================================
>>> Round done at Fri Mar 27 03:01:45 CST 2026. last_channel_index=5
============================================================
🚀 知識庫爬蟲（kd subtitles 專用）- 03:01:48
============================================================

📺 [6/9] 超真實商談
  ✅ 無新影片

📺 [7/9] Cofit211
  🔄 【頻道會員專屬】腦科學權威：你擁有「重塑大腦」的能力，人生隨... ❌
  🔄 這動作能緩解腰痠背痛？科學實證：真的有用｜初日診所 魏士航醫... ❌
  🔄 [Channel Member Exclusive] Inv... ❌
  🔄 [Channel Member Exclusive] Sta... ❌
  📊 Cofit211: 0✅ 4❌
  📊 總計: 成功:0 失敗:4

============================================================
✅ 完成! 時間: 03:02:30
============================================================
>>> Round done at Fri Mar 27 03:02:31 CST 2026. last_channel_index=7
============================================================
🚀 知識庫爬蟲（kd subtitles 專用）- 03:02:34
============================================================

📺 [8/9] 泛科學
  ✅ 無新影片

📺 [9/9] 泛科學院
  🔄 公開Gemini 3.1 Pro 六大功能！不是工程師也能寫... ❌
  🔄 [2026 Best AI Subscription Gui... ❌
  🔄 Stop using AI to copy and past... ❌
  🔄 [AI Teaching Notes | YouTube C... ❌
  📊 泛科學院: 0✅ 4❌
  📊 總計: 成功:0 失敗:4

============================================================
✅ 完成! 時間: 03:03:15
============================================================
>>> Round done at Fri Mar 27 03:03:15 CST 2026. last_channel_index=0
============================================================
🚀 知識庫爬蟲（kd subtitles 專用）- 03:03:18
============================================================

📺 [1/9] 胡乃文开播
  🔄 注意！她癢2個月查出是肝癌！春季濕疹大爆發，按2穴止癢，戒3... ❌
  🔄 不讓醫師演戲真的太可惜！喝這1杯花茶，血壓穩下來，眼睛不花了... ❌
  🔄 血壓總是早上5點-8點高，吃降血壓藥也不管用怎麼辦？｜胡乃文... ❌
  🔄 💖粉絲問什麼？胡太太逗趣提問，胡醫師親解答！胡乃文開講會員專... ❌
  🔄 {沒看到太可惜！醫師爆笑模仿蔣部長，全場笑翻｜胡乃文開講會員... ❌
  🔄 { 會員Q&A } 急救時先別亂按！極泉穴、人中穴，其實很多... ❌
  🔄 關於食用油對膽結石和便秘的問題｜胡乃文開講會員專屬7 ❌
  🔄 翻轉糖尿病迷思！為什麼糖尿病反而要吃米飯才會好！3個簡單運動... ❌
  📊 胡乃文开播: 0✅ 8❌
  📊 總計: 成功:0 失敗:8

============================================================
✅ 完成! 時間: 03:04:30
============================================================
>>> Round done at Fri Mar 27 03:04:30 CST 2026. last_channel_index=1
============================================================
🚀 知識庫爬蟲（kd subtitles 專用）- 03:04:33
============================================================

📺 [2/9] 柏格醫生中文
  🔄 乳化劑正毀壞你的腸道！藏在冰淇淋、沙拉醬、植物奶中，柏格醫生... ❌
  🔄 【柏格醫生】癌症研究70年都錯了？揭開致癌真相與30個科學防... ❌
  🔄 頭前傾2.5公分加重4.5公斤！柏格醫生教你每晚幾分鐘快速矯... ❌
  🔄 肝臟出問題導致半夜醒來？夜間血糖劇烈波動的真正原因與5大改善... ❌
  🔄 戒不掉糖、菸、色情、社媒？柏格醫生教你：NAC + 鎂 + ... ❌
  🔄 別再吃麵包了！就算0糖也比砂糖更害血糖飆升，無麩質、全麥全是... ❌
  🔄 【柏格醫生】27個最強飲食秘訣！這樣吃營養吸收翻倍，改善健康... ❌
  🔄 老人斑怎麼自然淡化？柏格醫生揭秘穀胱甘肽不足才是根本原因，1... ❌
  🔄 失眠毀掉我生活!! 助睡眠和保健肝功能的營養,柏格醫生 Dr... ❌
  🔄 養成這7個習慣，胰島素直降、脂肪狂燒！不餓不節食，輕鬆達到最... ❌
  🔄 最佳伸展筋膜,能消炎、助眠、不僵硬! 減壓！自然療法,柏格醫... ❌
  🔄 柏格醫生談：生酮不是高蛋白！為什麼生酮+斷食+有機蔬菜能救腎... ❌
  🔄 戒不掉糖、菸、色情、社媒？柏格醫生教你：NAC + 鎂 + ... ❌
  🔄 心悸、胸悶、頭暈竟是缺鎂惹的禍？5大原因＋高鎂食物一次看 ❌
  📊 柏格醫生中文: 0✅ 14❌
  📊 總計: 成功:0 失敗:14

============================================================
✅ 完成! 時間: 03:07:11
============================================================
>>> Round done at Fri Mar 27 03:07:11 CST 2026. last_channel_index=2
============================================================
🚀 知識庫爬蟲（kd subtitles 專用）- 03:07:14
============================================================

📺 [3/9] Dr.HuangAmin
  🔄 睡覺狂打呼，口腔肌少症找上門！教你練舌肌力！feat.黃斌洋... ❌
  🔄 你靠吃「某些食物」才想大便，不正常！？必吃3種食物養腸道！｜... ❌
  🔄 手抬不起來，竟跟腸胃有關？內臟卡卡，手也會被扯住！｜功操大全 ❌
  🔄 轉頭就痛！頸因性頭痛，真正的原因在手部！？｜功操大全 ❌
  🔄 骨盆前傾一招練回正臀！檢測你有沒有假翹臀！｜功操大全 ❌
  🔄 你的身體會替情緒說話？什麼是身心學？feat.趙耕樂身心療癒... ❌
  🔄 別再硬按！淋巴塞，痠痛來！帶你一起疏通淋巴｜功操大全 ❌
  🔄 烏龜頸，脖子前傾的真相！搞錯原因復健還是凸！｜功操大全 ❌
  🔄 床墊、枕頭選錯你就痛！睡姿問題一次解！｜功操大全 ❌
  🔄 常常聳肩！你的腸胃、鎖骨卡住肩！｜迷思破解 ❌
  🔄 身體失調！月經亂、變胖竟是身體太冷！？feat.內科李琪醫師... ❌
  🔄 膝蓋痛，關鍵在骨盆、腳底的影響！｜迷思破解 ❌
  🔄 圓肩，全因你手指沒力氣？｜迷思破解 ❌
  🔄 消水腫！先清除體內垃圾｜迷思破解 ❌
  🔄 顳顎關節卡住的真正原因！｜功操大全 ❌
  📊 Dr.HuangAmin: 0✅ 15❌
  📊 總計: 成功:0 失敗:15

============================================================
✅ 完成! 時間: 03:09:18
============================================================
>>> Round done at Fri Mar 27 03:09:18 CST 2026. last_channel_index=3
============================================================
🚀 知識庫爬蟲（kd subtitles 專用）- 03:09:21
============================================================

📺 [4/9] 周慕姿放心說
  🔄 你不是廢，是太焦慮！撕下懶惰標籤，接住卡住的自己｜Ft.李東... ❌
  📊 周慕姿放心說: 0✅ 1❌
  📊 總計: 成功:0 失敗:1

============================================================
✅ 完成! 時間: 03:09:46
============================================================
>>> Round done at Fri Mar 27 03:09:46 CST 2026. last_channel_index=4
============================================================
🚀 知識庫爬蟲（kd subtitles 專用）- 03:09:49
============================================================

📺 [5/9] 松明讲心理
  🔄 Depression is a slow betrayal ... ❌
  🔄 愛操心的人，其實最孤單！#人生 #心理學 #煩惱 #認知 #... ❌
  🔄 Learn to make choices so your ... ❌
  🔄 看清選擇背後的三大陷阱，做出更清晰的人生決策！#朋友 #人際... ❌
  🔄 The power of choice: Living yo... ❌
  🔄 Long-distance relationships ar... ❌
  🔄 內心強大到可怕的10種心境！#人生 #心理學 #煩惱 #認知... ❌
  🔄 當恨佔滿了心，親密就進不來！#情感 #愛情 #戀愛 #離婚 ... ❌
  🔄 3句話學會放下執著、停止內耗，走向內在的力量！#人生 #心理... ❌
  🔄 原諒出軌，是救贖還是折磨？#情感 #愛情 #戀愛 #離婚  ... ❌
  🔄 女人最該守住的三重分寸感！#情感 #愛情 #戀愛 #離婚  ... ❌
  🔄 Whether your employees are wor... ❌
  🔄 苦難生智慧「物極必反」的哲學！#人生 #心理學 #煩惱 #認... ❌
  🔄 Four ways to quickly improve y... ❌
  🔄 如何挽救孩子的躺平和厭學？#松明  #煩惱 #親子 #婚姻 ... ❌
  📊 松明讲心理: 0✅ 15❌
  📊 總計: 成功:0 失敗:15

============================================================
✅ 完成! 時間: 03:11:55
============================================================
>>> Round done at Fri Mar 27 03:11:55 CST 2026. last_channel_index=5
============================================================
🚀 知識庫爬蟲（kd subtitles 專用）- 03:11:58
============================================================

📺 [6/9] 超真實商談
  ✅ 無新影片

📺 [7/9] Cofit211
  🔄 【頻道會員專屬】腦科學權威：你擁有「重塑大腦」的能力，人生隨... ❌
  🔄 這動作能緩解腰痠背痛？科學實證：真的有用｜初日診所 魏士航醫... ❌
  🔄 [Channel Member Exclusive] Inv... ❌
  🔄 [Channel Member Exclusive] Sta... ❌
  📊 Cofit211: 0✅ 4❌
  📊 總計: 成功:0 失敗:4

============================================================
✅ 完成! 時間: 03:12:38
============================================================
>>> Round done at Fri Mar 27 03:12:38 CST 2026. last_channel_index=7
============================================================
🚀 知識庫爬蟲（kd subtitles 專用）- 03:12:41
============================================================

📺 [8/9] 泛科學
  ✅ 無新影片

📺 [9/9] 泛科學院
  🔄 公開Gemini 3.1 Pro 六大功能！不是工程師也能寫... ❌
  🔄 [2026 Best AI Subscription Gui... ❌
  🔄 Stop using AI to copy and past... ❌
  🔄 [AI Teaching Notes | YouTube C... ❌
  📊 泛科學院: 0✅ 4❌
  📊 總計: 成功:0 失敗:4

============================================================
✅ 完成! 時間: 03:13:26
============================================================
>>> Round done at Fri Mar 27 03:13:26 CST 2026. last_channel_index=0
============================================================
🚀 知識庫爬蟲（kd subtitles 專用）- 03:13:29
============================================================

📺 [1/9] 胡乃文开播
  🔄 注意！她癢2個月查出是肝癌！春季濕疹大爆發，按2穴止癢，戒3... ❌
  🔄 不讓醫師演戲真的太可惜！喝這1杯花茶，血壓穩下來，眼睛不花了... ❌
  🔄 血壓總是早上5點-8點高，吃降血壓藥也不管用怎麼辦？｜胡乃文... ❌
  🔄 💖粉絲問什麼？胡太太逗趣提問，胡醫師親解答！胡乃文開講會員專... ❌
  🔄 {沒看到太可惜！醫師爆笑模仿蔣部長，全場笑翻｜胡乃文開講會員... ❌
  🔄 { 會員Q&A } 急救時先別亂按！極泉穴、人中穴，其實很多... ❌
  🔄 關於食用油對膽結石和便秘的問題｜胡乃文開講會員專屬7 ❌
  🔄 翻轉糖尿病迷思！為什麼糖尿病反而要吃米飯才會好！3個簡單運動... ❌
  📊 胡乃文开播: 0✅ 8❌
  📊 總計: 成功:0 失敗:8

============================================================
✅ 完成! 時間: 03:14:36
============================================================
>>> Round done at Fri Mar 27 03:14:36 CST 2026. last_channel_index=1
============================================================
🚀 知識庫爬蟲（kd subtitles 專用）- 03:14:39
============================================================

📺 [2/9] 柏格醫生中文
  🔄 乳化劑正毀壞你的腸道！藏在冰淇淋、沙拉醬、植物奶中，柏格醫生... ❌
  🔄 【柏格醫生】癌症研究70年都錯了？揭開致癌真相與30個科學防... ❌
  🔄 頭前傾2.5公分加重4.5公斤！柏格醫生教你每晚幾分鐘快速矯... ❌
  🔄 肝臟出問題導致半夜醒來？夜間血糖劇烈波動的真正原因與5大改善... ❌
  🔄 戒不掉糖、菸、色情、社媒？柏格醫生教你：NAC + 鎂 + ... ❌
  🔄 別再吃麵包了！就算0糖也比砂糖更害血糖飆升，無麩質、全麥全是... ❌
  🔄 【柏格醫生】27個最強飲食秘訣！這樣吃營養吸收翻倍，改善健康... ❌
  🔄 老人斑怎麼自然淡化？柏格醫生揭秘穀胱甘肽不足才是根本原因，1... ❌
  🔄 失眠毀掉我生活!! 助睡眠和保健肝功能的營養,柏格醫生 Dr... ❌
  🔄 養成這7個習慣，胰島素直降、脂肪狂燒！不餓不節食，輕鬆達到最... ❌
  🔄 最佳伸展筋膜,能消炎、助眠、不僵硬! 減壓！自然療法,柏格醫... ❌
  🔄 生酮飲食會傷腎？柏格醫生揭真相：高糖高胰島素才是腎臟殺手！（... ❌
  🔄 戒不掉糖、菸、色情、社媒？柏格醫生教你：NAC + 鎂 + ... ❌
  🔄 心悸、胸悶、頭暈竟是缺鎂惹的禍？5大原因＋高鎂食物一次看 ❌
  📊 柏格醫生中文: 0✅ 14❌
  📊 總計: 成功:0 失敗:14

============================================================
✅ 完成! 時間: 03:17:10
============================================================
>>> Round done at Fri Mar 27 03:17:10 CST 2026. last_channel_index=2
============================================================
🚀 知識庫爬蟲（kd subtitles 專用）- 03:17:13
============================================================

📺 [3/9] Dr.HuangAmin
  🔄 睡覺狂打呼，口腔肌少症找上門！教你練舌肌力！feat.黃斌洋... ❌
  🔄 你靠吃「某些食物」才想大便，不正常！？必吃3種食物養腸道！｜... ❌
  🔄 手抬不起來，竟跟腸胃有關？內臟卡卡，手也會被扯住！｜功操大全 ❌
  🔄 轉頭就痛！頸因性頭痛，真正的原因在手部！？｜功操大全 ❌
  🔄 骨盆前傾一招練回正臀！檢測你有沒有假翹臀！｜功操大全 ❌
  🔄 你的身體會替情緒說話？什麼是身心學？feat.趙耕樂身心療癒... ❌
  🔄 別再硬按！淋巴塞，痠痛來！帶你一起疏通淋巴｜功操大全 ❌
  🔄 烏龜頸，脖子前傾的真相！搞錯原因復健還是凸！｜功操大全 ❌
  🔄 床墊、枕頭選錯你就痛！睡姿問題一次解！｜功操大全 ❌
  🔄 常常聳肩！你的腸胃、鎖骨卡住肩！｜迷思破解 ❌
  🔄 身體失調！月經亂、變胖竟是身體太冷！？feat.內科李琪醫師... ❌
  🔄 膝蓋痛，關鍵在骨盆、腳底的影響！｜迷思破解 ❌
  🔄 圓肩，全因你手指沒力氣？｜迷思破解 ❌
  🔄 消水腫！先清除體內垃圾｜迷思破解 ❌
  🔄 顳顎關節卡住的真正原因！｜功操大全 ❌
  📊 Dr.HuangAmin: 0✅ 15❌
  📊 總計: 成功:0 失敗:15

============================================================
✅ 完成! 時間: 03:19:22
============================================================
>>> Round done at Fri Mar 27 03:19:23 CST 2026. last_channel_index=3
============================================================
🚀 知識庫爬蟲（kd subtitles 專用）- 03:19:26
============================================================

📺 [4/9] 周慕姿放心說
  🔄 你不是廢，是太焦慮！撕下懶惰標籤，接住卡住的自己｜Ft.李東... ❌
  📊 周慕姿放心說: 0✅ 1❌
  📊 總計: 成功:0 失敗:1

============================================================
✅ 完成! 時間: 03:19:46
============================================================
>>> Round done at Fri Mar 27 03:19:46 CST 2026. last_channel_index=4
============================================================
🚀 知識庫爬蟲（kd subtitles 專用）- 03:19:49
============================================================

📺 [5/9] 松明讲心理
  🔄 Depression is a slow betrayal ... ❌
  🔄 愛操心的人，其實最孤單！#人生 #心理學 #煩惱 #認知 #... ❌
  🔄 Learn to make choices so your ... ❌
  🔄 看清選擇背後的三大陷阱，做出更清晰的人生決策！#朋友 #人際... ❌
  🔄 The power of choice: Living yo... ❌
  🔄 Long-distance relationships ar... ❌
  🔄 內心強大到可怕的10種心境！#人生 #心理學 #煩惱 #認知... ❌
  🔄 當恨佔滿了心，親密就進不來！#情感 #愛情 #戀愛 #離婚 ... ❌
  🔄 3句話學會放下執著、停止內耗，走向內在的力量！#人生 #心理... ❌
  🔄 原諒出軌，是救贖還是折磨？#情感 #愛情 #戀愛 #離婚  ... ❌
  🔄 女人最該守住的三重分寸感！#情感 #愛情 #戀愛 #離婚  ... ❌
  🔄 Whether your employees are wor... ❌
  🔄 苦難生智慧「物極必反」的哲學！#人生 #心理學 #煩惱 #認... ❌
  🔄 Four ways to quickly improve y... ❌
  🔄 如何挽救孩子的躺平和厭學？#松明  #煩惱 #親子 #婚姻 ... ❌
  📊 松明讲心理: 0✅ 15❌
  📊 總計: 成功:0 失敗:15

============================================================
✅ 完成! 時間: 03:21:51
============================================================
>>> Round done at Fri Mar 27 03:21:51 CST 2026. last_channel_index=5
============================================================
🚀 知識庫爬蟲（kd subtitles 專用）- 03:21:54
============================================================

📺 [6/9] 超真實商談
  ✅ 無新影片

📺 [7/9] Cofit211
  🔄 【頻道會員專屬】腦科學權威：你擁有「重塑大腦」的能力，人生隨... ❌
  🔄 這動作能緩解腰痠背痛？科學實證：真的有用｜初日診所 魏士航醫... ❌
  🔄 [Channel Member Exclusive] Inv... ❌
  🔄 [Channel Member Exclusive] Sta... ❌
  📊 Cofit211: 0✅ 4❌
  📊 總計: 成功:0 失敗:4

============================================================
✅ 完成! 時間: 03:22:36
============================================================
>>> Round done at Fri Mar 27 03:22:36 CST 2026. last_channel_index=7
============================================================
🚀 知識庫爬蟲（kd subtitles 專用）- 03:22:39
============================================================

📺 [8/9] 泛科學
  ✅ 無新影片

📺 [9/9] 泛科學院
  🔄 公開Gemini 3.1 Pro 六大功能！不是工程師也能寫... ❌
  🔄 [2026 Best AI Subscription Gui... ❌
  🔄 Stop using AI to copy and past... ❌
  🔄 [AI Teaching Notes | YouTube C... ❌
  📊 泛科學院: 0✅ 4❌
  📊 總計: 成功:0 失敗:4

============================================================
✅ 完成! 時間: 03:23:24
============================================================
>>> Round done at Fri Mar 27 03:23:25 CST 2026. last_channel_index=0
============================================================
🚀 知識庫爬蟲（kd subtitles 專用）- 03:23:28
============================================================

📺 [1/9] 胡乃文开播
  🔄 注意！她癢2個月查出是肝癌！春季濕疹大爆發，按2穴止癢，戒3... ❌
  🔄 不讓醫師演戲真的太可惜！喝這1杯花茶，血壓穩下來，眼睛不花了... ❌
  🔄 血壓總是早上5點-8點高，吃降血壓藥也不管用怎麼辦？｜胡乃文... ❌
  🔄 💖粉絲問什麼？胡太太逗趣提問，胡醫師親解答！胡乃文開講會員專... ❌
  🔄 {沒看到太可惜！醫師爆笑模仿蔣部長，全場笑翻｜胡乃文開講會員... ❌
  🔄 { 會員Q&A } 急救時先別亂按！極泉穴、人中穴，其實很多... ❌
  🔄 關於食用油對膽結石和便秘的問題｜胡乃文開講會員專屬7 ❌
  🔄 翻轉糖尿病迷思！為什麼糖尿病反而要吃米飯才會好！3個簡單運動... ❌
  📊 胡乃文开播: 0✅ 8❌
  📊 總計: 成功:0 失敗:8

============================================================
✅ 完成! 時間: 03:24:36
============================================================
>>> Round done at Fri Mar 27 03:24:36 CST 2026. last_channel_index=1
============================================================
🚀 知識庫爬蟲（kd subtitles 專用）- 03:24:39
============================================================

📺 [2/9] 柏格醫生中文
  🔄 乳化劑正毀壞你的腸道！藏在冰淇淋、沙拉醬、植物奶中，柏格醫生... ❌
  🔄 【柏格醫生】癌症研究70年都錯了？揭開致癌真相與30個科學防... ❌
  🔄 頭前傾2.5公分加重4.5公斤！柏格醫生教你每晚幾分鐘快速矯... ❌
  🔄 肝臟出問題導致半夜醒來？夜間血糖劇烈波動的真正原因與5大改善... ❌
  🔄 戒不掉糖、菸、色情、社媒？柏格醫生教你：NAC + 鎂 + ... ❌
  🔄 別再吃麵包了！就算0糖也比砂糖更害血糖飆升，無麩質、全麥全是... ❌
  🔄 【柏格醫生】27個最強飲食秘訣！這樣吃營養吸收翻倍，改善健康... ❌
  🔄 老人斑怎麼自然淡化？柏格醫生揭秘穀胱甘肽不足才是根本原因，1... ❌
  🔄 失眠毀掉我生活!! 助睡眠和保健肝功能的營養,柏格醫生 Dr... ❌
  🔄 養成這7個習慣，胰島素直降、脂肪狂燒！不餓不節食，輕鬆達到最... ❌
  🔄 最佳伸展筋膜,能消炎、助眠、不僵硬! 減壓！自然療法,柏格醫... ❌
  🔄 生酮飲食會傷腎？柏格醫生揭真相：高糖高胰島素才是腎臟殺手！（... ❌
  🔄 戒不掉糖、菸、色情、社媒？柏格醫生教你：NAC + 鎂 + ... ❌
  🔄 心悸、胸悶、頭暈竟是缺鎂惹的禍？5大原因＋高鎂食物一次看 ❌
  📊 柏格醫生中文: 0✅ 14❌
  📊 總計: 成功:0 失敗:14

============================================================
✅ 完成! 時間: 03:27:15
============================================================
>>> Round done at Fri Mar 27 03:27:15 CST 2026. last_channel_index=2
============================================================
🚀 知識庫爬蟲（kd subtitles 專用）- 03:27:18
============================================================

📺 [3/9] Dr.HuangAmin
  🔄 睡覺狂打呼，口腔肌少症找上門！教你練舌肌力！feat.黃斌洋... ❌
  🔄 你靠吃「某些食物」才想大便，不正常！？必吃3種食物養腸道！｜... ❌
  🔄 手抬不起來，竟跟腸胃有關？內臟卡卡，手也會被扯住！｜功操大全 ❌
  🔄 轉頭就痛！頸因性頭痛，真正的原因在手部！？｜功操大全 ❌
  🔄 骨盆前傾一招練回正臀！檢測你有沒有假翹臀！｜功操大全 ❌
  🔄 你的身體會替情緒說話？什麼是身心學？feat.趙耕樂身心療癒... ❌
  🔄 別再硬按！淋巴塞，痠痛來！帶你一起疏通淋巴｜功操大全 ❌
  🔄 烏龜頸，脖子前傾的真相！搞錯原因復健還是凸！｜功操大全 ❌
  🔄 床墊、枕頭選錯你就痛！睡姿問題一次解！｜功操大全 ❌
  🔄 常常聳肩！你的腸胃、鎖骨卡住肩！｜迷思破解 ❌
  🔄 身體失調！月經亂、變胖竟是身體太冷！？feat.內科李琪醫師... ❌
  🔄 膝蓋痛，關鍵在骨盆、腳底的影響！｜迷思破解 ❌
  🔄 圓肩，全因你手指沒力氣？｜迷思破解 ❌
  🔄 消水腫！先清除體內垃圾｜迷思破解 ❌
  🔄 顳顎關節卡住的真正原因！｜功操大全 ❌
  📊 Dr.HuangAmin: 0✅ 15❌
  📊 總計: 成功:0 失敗:15

============================================================
✅ 完成! 時間: 03:29:29
============================================================
>>> Round done at Fri Mar 27 03:29:29 CST 2026. last_channel_index=3
============================================================
🚀 知識庫爬蟲（kd subtitles 專用）- 03:29:32
============================================================

📺 [4/9] 周慕姿放心說
  🔄 你不是廢，是太焦慮！撕下懶惰標籤，接住卡住的自己｜Ft.李東... ❌
  📊 周慕姿放心說: 0✅ 1❌
  📊 總計: 成功:0 失敗:1

============================================================
✅ 完成! 時間: 03:29:53
============================================================
>>> Round done at Fri Mar 27 03:29:53 CST 2026. last_channel_index=4
============================================================
🚀 知識庫爬蟲（kd subtitles 專用）- 03:29:56
============================================================

📺 [5/9] 松明讲心理
  🔄 Depression is a slow betrayal ... ❌
  🔄 愛操心的人，其實最孤單！#人生 #心理學 #煩惱 #認知 #... ❌
  🔄 Learn to make choices so your ... ❌
  🔄 看清選擇背後的三大陷阱，做出更清晰的人生決策！#朋友 #人際... ❌
  🔄 The power of choice: Living yo... ❌
  🔄 Long-distance relationships ar... ❌
  🔄 內心強大到可怕的10種心境！#人生 #心理學 #煩惱 #認知... ❌
  🔄 當恨佔滿了心，親密就進不來！#情感 #愛情 #戀愛 #離婚 ... ❌
  🔄 3句話學會放下執著、停止內耗，走向內在的力量！#人生 #心理... ❌
  🔄 原諒出軌，是救贖還是折磨？#情感 #愛情 #戀愛 #離婚  ... ❌
  🔄 女人最該守住的三重分寸感！#情感 #愛情 #戀愛 #離婚  ... ❌
  🔄 Whether your employees are wor... ❌
  🔄 苦難生智慧「物極必反」的哲學！#人生 #心理學 #煩惱 #認... ❌
  🔄 Four ways to quickly improve y... ❌
  🔄 如何挽救孩子的躺平和厭學？#松明  #煩惱 #親子 #婚姻 ... ❌
  📊 松明讲心理: 0✅ 15❌
  📊 總計: 成功:0 失敗:15

============================================================
✅ 完成! 時間: 03:32:05
============================================================
>>> Round done at Fri Mar 27 03:32:05 CST 2026. last_channel_index=5
============================================================
🚀 知識庫爬蟲（kd subtitles 專用）- 03:32:08
============================================================

📺 [6/9] 超真實商談
  ✅ 無新影片

📺 [7/9] Cofit211
  🔄 【頻道會員專屬】腦科學權威：你擁有「重塑大腦」的能力，人生隨... ❌
  🔄 這動作能緩解腰痠背痛？科學實證：真的有用｜初日診所 魏士航醫... ❌
  🔄 [Channel Member Exclusive] Inv... ❌
  🔄 [Channel Member Exclusive] Sta... ❌
  📊 Cofit211: 0✅ 4❌
  📊 總計: 成功:0 失敗:4

============================================================
✅ 完成! 時間: 03:32:49
============================================================
>>> Round done at Fri Mar 27 03:32:49 CST 2026. last_channel_index=7
============================================================
🚀 知識庫爬蟲（kd subtitles 專用）- 03:32:52
============================================================

📺 [8/9] 泛科學
  ✅ 無新影片

📺 [9/9] 泛科學院
  🔄 公開Gemini 3.1 Pro 六大功能！不是工程師也能寫... ❌
  🔄 [2026 Best AI Subscription Gui... ❌
  🔄 Stop using AI to copy and past... ❌
  🔄 [AI Teaching Notes | YouTube C... ❌
  📊 泛科學院: 0✅ 4❌
  📊 總計: 成功:0 失敗:4

============================================================
✅ 完成! 時間: 03:33:35
============================================================
>>> Round done at Fri Mar 27 03:33:35 CST 2026. last_channel_index=0
============================================================
🚀 知識庫爬蟲（kd subtitles 專用）- 03:33:38
============================================================

📺 [1/9] 胡乃文开播
  🔄 地瓜葉菊花茶讓濕疹好得快，但你吃對了嗎？她雙腿癢2個月竟是肝... ❌
  🔄 不讓醫師演戲真的太可惜！喝這1杯花茶，血壓穩下來，眼睛不花了... ❌
  🔄 血壓總是早上5點-8點高，吃降血壓藥也不管用怎麼辦？｜胡乃文... ❌
  🔄 💖粉絲問什麼？胡太太逗趣提問，胡醫師親解答！胡乃文開講會員專... ❌
  🔄 {沒看到太可惜！醫師爆笑模仿蔣部長，全場笑翻｜胡乃文開講會員... ❌
  🔄 { 會員Q&A } 急救時先別亂按！極泉穴、人中穴，其實很多... ❌
  🔄 關於食用油對膽結石和便秘的問題｜胡乃文開講會員專屬7 ❌
  🔄 翻轉糖尿病迷思！為什麼糖尿病反而要吃米飯才會好！3個簡單運動... ❌
  📊 胡乃文开播: 0✅ 8❌
  📊 總計: 成功:0 失敗:8

============================================================
✅ 完成! 時間: 03:34:48
============================================================
>>> Round done at Fri Mar 27 03:34:48 CST 2026. last_channel_index=1
============================================================
🚀 知識庫爬蟲（kd subtitles 專用）- 03:34:52
============================================================

📺 [2/9] 柏格醫生中文
  🔄 乳化劑正毀壞你的腸道！藏在冰淇淋、沙拉醬、植物奶中，柏格醫生... ❌
  🔄 癌症根本不是基因突變！柏格醫生：只要做對這30件事，從「粒線... ❌
  🔄 頭前傾2.5公分加重4.5公斤！柏格醫生教你每晚幾分鐘快速矯... ❌
  🔄 肝臟出問題導致半夜醒來？夜間血糖劇烈波動的真正原因與5大改善... ❌
  🔄 戒不掉糖、菸、色情、社媒？柏格醫生教你：NAC + 鎂 + ... ❌
  🔄 別再吃麵包了！就算0糖也比砂糖更害血糖飆升，無麩質、全麥全是... ❌
  🔄 【柏格醫生】27個最強飲食秘訣！這樣吃營養吸收翻倍，改善健康... ❌
  🔄 老人斑怎麼自然淡化？柏格醫生揭秘穀胱甘肽不足才是根本原因，1... ❌
  🔄 失眠毀掉我生活!! 助睡眠和保健肝功能的營養,柏格醫生 Dr... ❌
  🔄 養成這7個習慣，胰島素直降、脂肪狂燒！不餓不節食，輕鬆達到最... ❌
  🔄 最佳伸展筋膜,能消炎、助眠、不僵硬! 減壓！自然療法,柏格醫... ❌
  🔄 生酮飲食會傷腎？柏格醫生揭真相：高糖高胰島素才是腎臟殺手！（... ❌
  🔄 戒不掉糖、菸、色情、社媒？柏格醫生教你：NAC + 鎂 + ... ❌
  🔄 心悸、胸悶、頭暈竟是缺鎂惹的禍？5大原因＋高鎂食物一次看 ❌
  📊 柏格醫生中文: 0✅ 14❌
  📊 總計: 成功:0 失敗:14

============================================================
✅ 完成! 時間: 03:37:27
============================================================
>>> Round done at Fri Mar 27 03:37:27 CST 2026. last_channel_index=2
============================================================
🚀 知識庫爬蟲（kd subtitles 專用）- 03:37:31
============================================================

📺 [3/9] Dr.HuangAmin
  🔄 睡覺狂打呼，口腔肌少症找上門！教你練舌肌力！feat.黃斌洋... ❌
  🔄 你靠吃「某些食物」才想大便，不正常！？必吃3種食物養腸道！｜... ❌
  🔄 手抬不起來，竟跟腸胃有關？內臟卡卡，手也會被扯住！｜功操大全 ❌
  🔄 轉頭就痛！頸因性頭痛，真正的原因在手部！？｜功操大全 ❌
  🔄 骨盆前傾一招練回正臀！檢測你有沒有假翹臀！｜功操大全 ❌
  🔄 你的身體會替情緒說話？什麼是身心學？feat.趙耕樂身心療癒... ❌
  🔄 別再硬按！淋巴塞，痠痛來！帶你一起疏通淋巴｜功操大全 ❌
  🔄 烏龜頸，脖子前傾的真相！搞錯原因復健還是凸！｜功操大全 ❌
  🔄 床墊、枕頭選錯你就痛！睡姿問題一次解！｜功操大全 ❌
  🔄 常常聳肩！你的腸胃、鎖骨卡住肩！｜迷思破解 ❌
  🔄 身體失調！月經亂、變胖竟是身體太冷！？feat.內科李琪醫師... ❌
  🔄 膝蓋痛，關鍵在骨盆、腳底的影響！｜迷思破解 ❌
  🔄 圓肩，全因你手指沒力氣？｜迷思破解 ❌
  🔄 消水腫！先清除體內垃圾｜迷思破解 ❌
  🔄 顳顎關節卡住的真正原因！｜功操大全 ❌
  📊 Dr.HuangAmin: 0✅ 15❌
  📊 總計: 成功:0 失敗:15

============================================================
✅ 完成! 時間: 03:39:38
============================================================
>>> Round done at Fri Mar 27 03:39:38 CST 2026. last_channel_index=3
============================================================
🚀 知識庫爬蟲（kd subtitles 專用）- 03:39:41
============================================================

📺 [4/9] 周慕姿放心說
  🔄 你不是廢，是太焦慮！撕下懶惰標籤，接住卡住的自己｜Ft.李東... ❌
  📊 周慕姿放心說: 0✅ 1❌
  📊 總計: 成功:0 失敗:1

============================================================
✅ 完成! 時間: 03:40:02
============================================================
>>> Round done at Fri Mar 27 03:40:02 CST 2026. last_channel_index=4
============================================================
🚀 知識庫爬蟲（kd subtitles 專用）- 03:40:05
============================================================

📺 [5/9] 松明讲心理
  🔄 Depression is a slow betrayal ... ❌
  🔄 愛操心的人，其實最孤單！#人生 #心理學 #煩惱 #認知 #... ❌
  🔄 Learn to make choices so your ... ❌
  🔄 看清選擇背後的三大陷阱，做出更清晰的人生決策！#朋友 #人際... ❌
  🔄 The power of choice: Living yo... ❌
  🔄 Long-distance relationships ar... ❌
  🔄 內心強大到可怕的10種心境！#人生 #心理學 #煩惱 #認知... ❌
  🔄 當恨佔滿了心，親密就進不來！#情感 #愛情 #戀愛 #離婚 ... ❌
  🔄 3句話學會放下執著、停止內耗，走向內在的力量！#人生 #心理... ❌
  🔄 原諒出軌，是救贖還是折磨？#情感 #愛情 #戀愛 #離婚  ... ❌
  🔄 女人最該守住的三重分寸感！#情感 #愛情 #戀愛 #離婚  ... ❌
  🔄 Whether your employees are wor... ❌
  🔄 苦難生智慧「物極必反」的哲學！#人生 #心理學 #煩惱 #認... ❌
  🔄 Four ways to quickly improve y... ❌
  🔄 如何挽救孩子的躺平和厭學？#松明  #煩惱 #親子 #婚姻 ... ❌
  📊 松明讲心理: 0✅ 15❌
  📊 總計: 成功:0 失敗:15

============================================================
✅ 完成! 時間: 03:42:02
============================================================
>>> Round done at Fri Mar 27 03:42:03 CST 2026. last_channel_index=5
============================================================
🚀 知識庫爬蟲（kd subtitles 專用）- 03:42:06
============================================================

📺 [6/9] 超真實商談
  ✅ 無新影片

📺 [7/9] Cofit211
  🔄 【頻道會員專屬】腦科學權威：你擁有「重塑大腦」的能力，人生隨... ❌
  🔄 這動作能緩解腰痠背痛？科學實證：真的有用｜初日診所 魏士航醫... ❌
  🔄 [Channel Member Exclusive] Inv... ❌
  🔄 [Channel Member Exclusive] Sta... ❌
  📊 Cofit211: 0✅ 4❌
  📊 總計: 成功:0 失敗:4

============================================================
✅ 完成! 時間: 03:42:42
============================================================
>>> Round done at Fri Mar 27 03:42:42 CST 2026. last_channel_index=7
============================================================
🚀 知識庫爬蟲（kd subtitles 專用）- 03:42:45
============================================================

📺 [8/9] 泛科學
  ✅ 無新影片

📺 [9/9] 泛科學院
  🔄 公開Gemini 3.1 Pro 六大功能！不是工程師也能寫... ❌
  🔄 [2026 Best AI Subscription Gui... ❌
  🔄 Stop using AI to copy and past... ❌
  🔄 [AI Teaching Notes | YouTube C... ❌
  📊 泛科學院: 0✅ 4❌
  📊 總計: 成功:0 失敗:4

============================================================
✅ 完成! 時間: 03:43:28
============================================================
>>> Round done at Fri Mar 27 03:43:28 CST 2026. last_channel_index=0
============================================================
🚀 知識庫爬蟲（kd subtitles 專用）- 03:43:31
============================================================

📺 [1/9] 胡乃文开播
  🔄 她雙腿癢2個月竟是肝出大問題！換季皮膚就癢癢，按2大穴止癢，... ❌
  🔄 不讓醫師演戲真的太可惜！喝這1杯花茶，血壓穩下來，眼睛不花了... ❌
  🔄 血壓總是早上5點-8點高，吃降血壓藥也不管用怎麼辦？｜胡乃文... ❌
  🔄 💖粉絲問什麼？胡太太逗趣提問，胡醫師親解答！胡乃文開講會員專... ❌
  🔄 {沒看到太可惜！醫師爆笑模仿蔣部長，全場笑翻｜胡乃文開講會員... ❌
  🔄 { 會員Q&A } 急救時先別亂按！極泉穴、人中穴，其實很多... ❌
  🔄 關於食用油對膽結石和便秘的問題｜胡乃文開講會員專屬7 ❌
  🔄 翻轉糖尿病迷思！為什麼糖尿病反而要吃米飯才會好！3個簡單運動... ❌
  📊 胡乃文开播: 0✅ 8❌
  📊 總計: 成功:0 失敗:8

============================================================
✅ 完成! 時間: 03:44:41
============================================================
>>> Round done at Fri Mar 27 03:44:41 CST 2026. last_channel_index=1
============================================================
🚀 知識庫爬蟲（kd subtitles 專用）- 03:44:44
============================================================

📺 [2/9] 柏格醫生中文
  🔄 乳化劑正毀壞你的腸道！藏在冰淇淋、沙拉醬、植物奶中，柏格醫生... ❌
  🔄 癌症根本不是基因突變！柏格醫生：只要做對這30件事，從「粒線... ❌
  🔄 頭前傾2.5公分加重4.5公斤！柏格醫生教你每晚幾分鐘快速矯... ❌
  🔄 肝臟出問題導致半夜醒來？夜間血糖劇烈波動的真正原因與5大改善... ❌
  🔄 戒不掉糖、菸、色情、社媒？柏格醫生教你：NAC + 鎂 + ... ❌
  🔄 別再吃麵包了！就算0糖也比砂糖更害血糖飆升，無麩質、全麥全是... ❌
  🔄 【柏格醫生】27個最強飲食秘訣！這樣吃營養吸收翻倍，改善健康... ✅ (24102字)
  🔄 老人斑怎麼自然淡化？柏格醫生揭秘穀胱甘肽不足才是根本原因，1... ❌
  🔄 失眠毀掉我生活!! 助睡眠和保健肝功能的營養,柏格醫生 Dr... ❌
  🔄 養成這7個習慣，胰島素直降、脂肪狂燒！不餓不節食，輕鬆達到最... ❌
  🔄 最佳伸展筋膜,能消炎、助眠、不僵硬! 減壓！自然療法,柏格醫... ❌
  🔄 生酮飲食會傷腎？柏格醫生揭真相：高糖高胰島素才是腎臟殺手！（... ❌
  🔄 戒不掉糖、菸、色情、社媒？柏格醫生教你：NAC + 鎂 + ... ❌
  🔄 心悸、胸悶、頭暈竟是缺鎂惹的禍？5大原因＋高鎂食物一次看 ❌
  📊 柏格醫生中文: 1✅ 13❌
  📊 總計: 成功:1 失敗:13

============================================================
✅ 完成! 時間: 03:47:17
============================================================
>>> Round done at Fri Mar 27 03:47:17 CST 2026. last_channel_index=2
============================================================
🚀 知識庫爬蟲（kd subtitles 專用）- 03:47:20
============================================================

📺 [3/9] Dr.HuangAmin
  🔄 睡覺狂打呼，口腔肌少症找上門！教你練舌肌力！feat.黃斌洋... ❌
  🔄 你靠吃「某些食物」才想大便，不正常！？必吃3種食物養腸道！｜... ❌
  🔄 手抬不起來，竟跟腸胃有關？內臟卡卡，手也會被扯住！｜功操大全 ❌
  🔄 轉頭就痛！頸因性頭痛，真正的原因在手部！？｜功操大全 ❌
  🔄 骨盆前傾一招練回正臀！檢測你有沒有假翹臀！｜功操大全 ❌
  🔄 你的身體會替情緒說話？什麼是身心學？feat.趙耕樂身心療癒... ❌
  🔄 別再硬按！淋巴塞，痠痛來！帶你一起疏通淋巴｜功操大全 ❌
  🔄 烏龜頸，脖子前傾的真相！搞錯原因復健還是凸！｜功操大全 ❌
  🔄 床墊、枕頭選錯你就痛！睡姿問題一次解！｜功操大全 ❌
  🔄 常常聳肩！你的腸胃、鎖骨卡住肩！｜迷思破解 ❌
  🔄 身體失調！月經亂、變胖竟是身體太冷！？feat.內科李琪醫師... ❌
  🔄 膝蓋痛，關鍵在骨盆、腳底的影響！｜迷思破解 ❌
  🔄 圓肩，全因你手指沒力氣？｜迷思破解 ❌
  🔄 消水腫！先清除體內垃圾｜迷思破解 ❌
  🔄 顳顎關節卡住的真正原因！｜功操大全 ❌
  📊 Dr.HuangAmin: 0✅ 15❌
  📊 總計: 成功:0 失敗:15

============================================================
✅ 完成! 時間: 03:49:29
============================================================
>>> Round done at Fri Mar 27 03:49:29 CST 2026. last_channel_index=3
============================================================
🚀 知識庫爬蟲（kd subtitles 專用）- 03:49:32
============================================================

📺 [4/9] 周慕姿放心說
  🔄 你不是廢，是太焦慮！撕下懶惰標籤，接住卡住的自己｜Ft.李東... ❌
  📊 周慕姿放心說: 0✅ 1❌
  📊 總計: 成功:0 失敗:1

============================================================
✅ 完成! 時間: 03:49:56
============================================================
>>> Round done at Fri Mar 27 03:49:56 CST 2026. last_channel_index=4
============================================================
🚀 知識庫爬蟲（kd subtitles 專用）- 03:49:59
============================================================

📺 [5/9] 松明讲心理
  🔄 Depression is a slow betrayal ... ❌
  🔄 愛操心的人，其實最孤單！#人生 #心理學 #煩惱 #認知 #... ❌
  🔄 Learn to make choices so your ... ❌
  🔄 看清選擇背後的三大陷阱，做出更清晰的人生決策！#朋友 #人際... ❌
  🔄 The power of choice: Living yo... ❌
  🔄 Long-distance relationships ar... ❌
  🔄 內心強大到可怕的10種心境！#人生 #心理學 #煩惱 #認知... ❌
  🔄 當恨佔滿了心，親密就進不來！#情感 #愛情 #戀愛 #離婚 ... ❌
  🔄 3句話學會放下執著、停止內耗，走向內在的力量！#人生 #心理... ❌
  🔄 原諒出軌，是救贖還是折磨？#情感 #愛情 #戀愛 #離婚  ... ❌
  🔄 女人最該守住的三重分寸感！#情感 #愛情 #戀愛 #離婚  ... ❌
  🔄 Whether your employees are wor... ❌
  🔄 苦難生智慧「物極必反」的哲學！#人生 #心理學 #煩惱 #認... ❌
  🔄 Four ways to quickly improve y... ❌
  🔄 如何挽救孩子的躺平和厭學？#松明  #煩惱 #親子 #婚姻 ... ❌
  📊 松明讲心理: 0✅ 15❌
  📊 總計: 成功:0 失敗:15

============================================================
✅ 完成! 時間: 03:52:03
============================================================
>>> Round done at Fri Mar 27 03:52:03 CST 2026. last_channel_index=5
============================================================
🚀 知識庫爬蟲（kd subtitles 專用）- 03:52:06
============================================================

📺 [6/9] 超真實商談
  ✅ 無新影片

📺 [7/9] Cofit211
  🔄 【頻道會員專屬】腦科學權威：你擁有「重塑大腦」的能力，人生隨... ❌
  🔄 這動作能緩解腰痠背痛？科學實證：真的有用｜初日診所 魏士航醫... ❌
  🔄 [Channel Member Exclusive] Inv... ❌
  🔄 [Channel Member Exclusive] Sta... ❌
  📊 Cofit211: 0✅ 4❌
  📊 總計: 成功:0 失敗:4

============================================================
✅ 完成! 時間: 03:52:45
============================================================
>>> Round done at Fri Mar 27 03:52:45 CST 2026. last_channel_index=7
============================================================
🚀 知識庫爬蟲（kd subtitles 專用）- 03:52:48
============================================================

📺 [8/9] 泛科學
  ✅ 無新影片

📺 [9/9] 泛科學院
  🔄 公開Gemini 3.1 Pro 六大功能！不是工程師也能寫... ❌
  🔄 [2026 Best AI Subscription Gui... ❌
  🔄 Stop using AI to copy and past... ❌
  🔄 [AI Teaching Notes | YouTube C... ❌
  📊 泛科學院: 0✅ 4❌
  📊 總計: 成功:0 失敗:4

============================================================
✅ 完成! 時間: 03:53:32
============================================================
>>> Round done at Fri Mar 27 03:53:32 CST 2026. last_channel_index=0
============================================================
🚀 知識庫爬蟲（kd subtitles 專用）- 03:53:35
============================================================

📺 [1/9] 胡乃文开播
  🔄 注意！她癢2個月查出是肝癌！春季濕疹大爆發，按2穴止癢，戒3... ❌
  🔄 不讓醫師演戲真的太可惜！喝這1杯花茶，血壓穩下來，眼睛不花了... ❌
  🔄 血壓總是早上5點-8點高，吃降血壓藥也不管用怎麼辦？｜胡乃文... ❌
  🔄 💖粉絲問什麼？胡太太逗趣提問，胡醫師親解答！胡乃文開講會員專... ❌
  🔄 {沒看到太可惜！醫師爆笑模仿蔣部長，全場笑翻｜胡乃文開講會員... ❌
  🔄 { 會員Q&A } 急救時先別亂按！極泉穴、人中穴，其實很多... ❌
  🔄 關於食用油對膽結石和便秘的問題｜胡乃文開講會員專屬7 ❌
  🔄 翻轉糖尿病迷思！為什麼糖尿病反而要吃米飯才會好！3個簡單運動... ❌
  📊 胡乃文开播: 0✅ 8❌
  📊 總計: 成功:0 失敗:8

============================================================
✅ 完成! 時間: 03:54:43
============================================================
>>> Round done at Fri Mar 27 03:54:43 CST 2026. last_channel_index=1
============================================================
🚀 知識庫爬蟲（kd subtitles 專用）- 03:54:46
============================================================

📺 [2/9] 柏格醫生中文
  🔄 乳化劑正毀壞你的腸道！藏在冰淇淋、沙拉醬、植物奶中，柏格醫生... ❌
  🔄 如何永久遠離癌症？柏格醫生破解「癌細胞」弱點，30招從根本打... ❌
  🔄 頭前傾2.5公分加重4.5公斤！柏格醫生教你每晚幾分鐘快速矯... ❌
  🔄 肝臟出問題導致半夜醒來？夜間血糖劇烈波動的真正原因與5大改善... ❌
  🔄 戒不掉糖、菸、色情、社媒？柏格醫生教你：NAC + 鎂 + ... ❌
  🔄 麵包真正毒物不是麩質！血糖暴衝、胰島素阻抗元兇曝光，戒掉後該... ❌
  🔄 老人斑怎麼自然淡化？柏格醫生揭秘穀胱甘肽不足才是根本原因，1... ❌
  🔄 失眠毀掉我生活!! 助睡眠和保健肝功能的營養,柏格醫生 Dr... ❌
  🔄 養成這7個習慣，胰島素直降、脂肪狂燒！不餓不節食，輕鬆達到最... ❌
  🔄 最佳伸展筋膜,能消炎、助眠、不僵硬! 減壓！自然療法,柏格醫... ❌
  🔄 柏格醫生：生酮飲食保護腎臟的4大秘訣！多囊腎病、糖尿病腎損傷... ❌
  🔄 戒不掉糖、菸、色情、社媒？柏格醫生教你：NAC + 鎂 + ... ❌
  🔄 心悸、胸悶、頭暈竟是缺鎂惹的禍？5大原因＋高鎂食物一次看 ❌
  📊 柏格醫生中文: 0✅ 13❌
  📊 總計: 成功:0 失敗:13

============================================================
✅ 完成! 時間: 03:57:24
============================================================
>>> Round done at Fri Mar 27 03:57:24 CST 2026. last_channel_index=2
============================================================
🚀 知識庫爬蟲（kd subtitles 專用）- 03:57:28
============================================================

📺 [3/9] Dr.HuangAmin
  🔄 睡覺狂打呼，口腔肌少症找上門！教你練舌肌力！feat.黃斌洋... ❌
  🔄 你靠吃「某些食物」才想大便，不正常！？必吃3種食物養腸道！｜... ❌
  🔄 手抬不起來，竟跟腸胃有關？內臟卡卡，手也會被扯住！｜功操大全 ❌
  🔄 轉頭就痛！頸因性頭痛，真正的原因在手部！？｜功操大全 ❌
  🔄 骨盆前傾一招練回正臀！檢測你有沒有假翹臀！｜功操大全 ❌
  🔄 你的身體會替情緒說話？什麼是身心學？feat.趙耕樂身心療癒... ❌
  🔄 別再硬按！淋巴塞，痠痛來！帶你一起疏通淋巴｜功操大全 ❌
  🔄 烏龜頸，脖子前傾的真相！搞錯原因復健還是凸！｜功操大全 ❌
  🔄 床墊、枕頭選錯你就痛！睡姿問題一次解！｜功操大全 ❌
  🔄 常常聳肩！你的腸胃、鎖骨卡住肩！｜迷思破解 ❌
  🔄 身體失調！月經亂、變胖竟是身體太冷！？feat.內科李琪醫師... ❌
  🔄 膝蓋痛，關鍵在骨盆、腳底的影響！｜迷思破解 ❌
  🔄 圓肩，全因你手指沒力氣？｜迷思破解 ❌
  🔄 消水腫！先清除體內垃圾｜迷思破解 ❌
  🔄 顳顎關節卡住的真正原因！｜功操大全 ❌
  📊 Dr.HuangAmin: 0✅ 15❌
  📊 總計: 成功:0 失敗:15

============================================================
✅ 完成! 時間: 03:59:38
============================================================
>>> Round done at Fri Mar 27 03:59:38 CST 2026. last_channel_index=3
============================================================
🚀 知識庫爬蟲（kd subtitles 專用）- 03:59:41
============================================================

📺 [4/9] 周慕姿放心說
  🔄 你不是廢，是太焦慮！撕下懶惰標籤，接住卡住的自己｜Ft.李東... ❌
  📊 周慕姿放心說: 0✅ 1❌
  📊 總計: 成功:0 失敗:1

============================================================
✅ 完成! 時間: 04:00:02
============================================================
>>> Round done at Fri Mar 27 04:00:03 CST 2026. last_channel_index=4
============================================================
🚀 知識庫爬蟲（kd subtitles 專用）- 04:00:06
============================================================

📺 [5/9] 松明讲心理
  🔄 Depression is a slow betrayal ... ❌
  🔄 愛操心的人，其實最孤單！#人生 #心理學 #煩惱 #認知 #... ❌
  🔄 Learn to make choices so your ... ❌
  🔄 看清選擇背後的三大陷阱，做出更清晰的人生決策！#朋友 #人際... ❌
  🔄 The power of choice: Living yo... ❌
  🔄 Long-distance relationships ar... ❌
  🔄 內心強大到可怕的10種心境！#人生 #心理學 #煩惱 #認知... ❌
  🔄 當恨佔滿了心，親密就進不來！#情感 #愛情 #戀愛 #離婚 ... ❌
  🔄 3句話學會放下執著、停止內耗，走向內在的力量！#人生 #心理... ❌
  🔄 原諒出軌，是救贖還是折磨？#情感 #愛情 #戀愛 #離婚  ... ❌
  🔄 女人最該守住的三重分寸感！#情感 #愛情 #戀愛 #離婚  ... ❌
  🔄 Whether your employees are wor... ❌
  🔄 苦難生智慧「物極必反」的哲學！#人生 #心理學 #煩惱 #認... ❌
  🔄 Four ways to quickly improve y... ❌
  🔄 如何挽救孩子的躺平和厭學？#松明  #煩惱 #親子 #婚姻 ... ❌
  📊 松明讲心理: 0✅ 15❌
  📊 總計: 成功:0 失敗:15

============================================================
✅ 完成! 時間: 04:02:11
============================================================
>>> Round done at Fri Mar 27 04:02:11 CST 2026. last_channel_index=5
============================================================
🚀 知識庫爬蟲（kd subtitles 專用）- 04:02:14
============================================================

📺 [6/9] 超真實商談
  ✅ 無新影片

📺 [7/9] Cofit211
  🔄 【頻道會員專屬】腦科學權威：你擁有「重塑大腦」的能力，人生隨... ❌
  🔄 這動作能緩解腰痠背痛？科學實證：真的有用｜初日診所 魏士航醫... ❌
  🔄 [Channel Member Exclusive] Inv... ❌
  🔄 [Channel Member Exclusive] Sta... ❌
  📊 Cofit211: 0✅ 4❌
  📊 總計: 成功:0 失敗:4

============================================================
✅ 完成! 時間: 04:02:55
============================================================
>>> Round done at Fri Mar 27 04:02:55 CST 2026. last_channel_index=7
============================================================
🚀 知識庫爬蟲（kd subtitles 專用）- 04:02:58
============================================================

📺 [8/9] 泛科學
  ✅ 無新影片

📺 [9/9] 泛科學院
  🔄 公開Gemini 3.1 Pro 六大功能！不是工程師也能寫... ❌
  🔄 [2026 Best AI Subscription Gui... ❌
  🔄 Stop using AI to copy and past... ❌
  🔄 [AI Teaching Notes | YouTube C... ❌
  📊 泛科學院: 0✅ 4❌
  📊 總計: 成功:0 失敗:4

============================================================
✅ 完成! 時間: 04:03:40
============================================================
>>> Round done at Fri Mar 27 04:03:40 CST 2026. last_channel_index=0
============================================================
🚀 知識庫爬蟲（kd subtitles 專用）- 04:03:43
============================================================

📺 [1/9] 胡乃文开播
  🔄 注意！她癢2個月查出是肝癌！春季濕疹大爆發，按2穴止癢，戒3... ❌
  🔄 不讓醫師演戲真的太可惜！喝這1杯花茶，血壓穩下來，眼睛不花了... ❌
  🔄 血壓總是早上5點-8點高，吃降血壓藥也不管用怎麼辦？｜胡乃文... ❌
  🔄 💖粉絲問什麼？胡太太逗趣提問，胡醫師親解答！胡乃文開講會員專... ❌
  🔄 {沒看到太可惜！醫師爆笑模仿蔣部長，全場笑翻｜胡乃文開講會員... ❌
  🔄 { 會員Q&A } 急救時先別亂按！極泉穴、人中穴，其實很多... ❌
  🔄 關於食用油對膽結石和便秘的問題｜胡乃文開講會員專屬7 ❌
  🔄 翻轉糖尿病迷思！為什麼糖尿病反而要吃米飯才會好！3個簡單運動... ❌
  📊 胡乃文开播: 0✅ 8❌
  📊 總計: 成功:0 失敗:8

============================================================
✅ 完成! 時間: 04:04:51
============================================================
>>> Round done at Fri Mar 27 04:04:51 CST 2026. last_channel_index=1
============================================================
🚀 知識庫爬蟲（kd subtitles 專用）- 04:04:54
============================================================

📺 [2/9] 柏格醫生中文
  🔄 垃圾食品隱藏乳化劑像洗碗精！破壞腸道黏液層導致腸漏，柏格醫生... ❌
  🔄 如何永久遠離癌症？柏格醫生破解「癌細胞」弱點，30招從根本打... ❌
  🔄 頭前傾2.5公分加重4.5公斤！柏格醫生教你每晚幾分鐘快速矯... ❌
  🔄 肝臟出問題導致半夜醒來？夜間血糖劇烈波動的真正原因與5大改善... ❌
  🔄 戒不掉糖、菸、色情、社媒？柏格醫生教你：NAC + 鎂 + ... ❌
  🔄 麵包真正毒物不是麩質！血糖暴衝、胰島素阻抗元兇曝光，戒掉後該... ❌
  🔄 老人斑怎麼自然淡化？柏格醫生揭秘穀胱甘肽不足才是根本原因，1... ❌
  🔄 失眠毀掉我生活!! 助睡眠和保健肝功能的營養,柏格醫生 Dr... ❌
  🔄 間歇性斷食+每天低碳30g！醫師級健康習慣大公開：維生素D、... ❌
  🔄 最佳伸展筋膜,能消炎、助眠、不僵硬! 減壓！自然療法,柏格醫... ❌
  🔄 柏格醫生：生酮飲食保護腎臟的4大秘訣！多囊腎病、糖尿病腎損傷... ❌
  🔄 戒不掉糖、菸、色情、社媒？柏格醫生教你：NAC + 鎂 + ... ❌
  🔄 心悸、胸悶、頭暈竟是缺鎂惹的禍？5大原因＋高鎂食物一次看 ❌
  📊 柏格醫生中文: 0✅ 13❌
  📊 總計: 成功:0 失敗:13

============================================================
✅ 完成! 時間: 04:07:20
============================================================
>>> Round done at Fri Mar 27 04:07:20 CST 2026. last_channel_index=2
============================================================
🚀 知識庫爬蟲（kd subtitles 專用）- 04:07:23
============================================================

📺 [3/9] Dr.HuangAmin
  🔄 睡覺狂打呼，口腔肌少症找上門！教你練舌肌力！feat.黃斌洋... ❌
  🔄 你靠吃「某些食物」才想大便，不正常！？必吃3種食物養腸道！｜... ❌
  🔄 手抬不起來，竟跟腸胃有關？內臟卡卡，手也會被扯住！｜功操大全 ❌
  🔄 轉頭就痛！頸因性頭痛，真正的原因在手部！？｜功操大全 ❌
  🔄 骨盆前傾一招練回正臀！檢測你有沒有假翹臀！｜功操大全 ❌
  🔄 你的身體會替情緒說話？什麼是身心學？feat.趙耕樂身心療癒... ❌
  🔄 別再硬按！淋巴塞，痠痛來！帶你一起疏通淋巴｜功操大全 ❌
  🔄 烏龜頸，脖子前傾的真相！搞錯原因復健還是凸！｜功操大全 ❌
  🔄 床墊、枕頭選錯你就痛！睡姿問題一次解！｜功操大全 ❌
  🔄 常常聳肩！你的腸胃、鎖骨卡住肩！｜迷思破解 ❌
  🔄 身體失調！月經亂、變胖竟是身體太冷！？feat.內科李琪醫師... ❌
  🔄 膝蓋痛，關鍵在骨盆、腳底的影響！｜迷思破解 ❌
  🔄 圓肩，全因你手指沒力氣？｜迷思破解 ❌
  🔄 消水腫！先清除體內垃圾｜迷思破解 ❌
  🔄 顳顎關節卡住的真正原因！｜功操大全 ❌
  📊 Dr.HuangAmin: 0✅ 15❌
  📊 總計: 成功:0 失敗:15

============================================================
✅ 完成! 時間: 04:09:29
============================================================
>>> Round done at Fri Mar 27 04:09:29 CST 2026. last_channel_index=3
============================================================
🚀 知識庫爬蟲（kd subtitles 專用）- 04:09:32
============================================================

📺 [4/9] 周慕姿放心說
  🔄 你不是廢，是太焦慮！撕下懶惰標籤，接住卡住的自己｜Ft.李東... ❌
  📊 周慕姿放心說: 0✅ 1❌
  📊 總計: 成功:0 失敗:1

============================================================
✅ 完成! 時間: 04:09:57
============================================================
>>> Round done at Fri Mar 27 04:09:58 CST 2026. last_channel_index=4
============================================================
🚀 知識庫爬蟲（kd subtitles 專用）- 04:10:01
============================================================

📺 [5/9] 松明讲心理
  🔄 Depression is a slow betrayal ... ❌
  🔄 愛操心的人，其實最孤單！#人生 #心理學 #煩惱 #認知 #... ❌
  🔄 Learn to make choices so your ... ❌
  🔄 看清選擇背後的三大陷阱，做出更清晰的人生決策！#朋友 #人際... ❌
  🔄 The power of choice: Living yo... ❌
  🔄 Long-distance relationships ar... ❌
  🔄 內心強大到可怕的10種心境！#人生 #心理學 #煩惱 #認知... ❌
  🔄 當恨佔滿了心，親密就進不來！#情感 #愛情 #戀愛 #離婚 ... ❌
  🔄 3句話學會放下執著、停止內耗，走向內在的力量！#人生 #心理... ❌
  🔄 原諒出軌，是救贖還是折磨？#情感 #愛情 #戀愛 #離婚  ... ❌
  🔄 女人最該守住的三重分寸感！#情感 #愛情 #戀愛 #離婚  ... ❌
  🔄 Whether your employees are wor... ❌
  🔄 苦難生智慧「物極必反」的哲學！#人生 #心理學 #煩惱 #認... ❌
  🔄 Four ways to quickly improve y... ❌
  🔄 如何挽救孩子的躺平和厭學？#松明  #煩惱 #親子 #婚姻 ... ❌
  📊 松明讲心理: 0✅ 15❌
  📊 總計: 成功:0 失敗:15

============================================================
✅ 完成! 時間: 04:12:11
============================================================
>>> Round done at Fri Mar 27 04:12:11 CST 2026. last_channel_index=5
============================================================
🚀 知識庫爬蟲（kd subtitles 專用）- 04:12:14
============================================================

📺 [6/9] 超真實商談
  ✅ 無新影片

📺 [7/9] Cofit211
  🔄 【頻道會員專屬】腦科學權威：你擁有「重塑大腦」的能力，人生隨... ❌
  🔄 這動作能緩解腰痠背痛？科學實證：真的有用｜初日診所 魏士航醫... ❌
  🔄 [Channel Member Exclusive] Inv... ❌
  🔄 [Channel Member Exclusive] Sta... ❌
  📊 Cofit211: 0✅ 4❌
  📊 總計: 成功:0 失敗:4

============================================================
✅ 完成! 時間: 04:12:54
============================================================
>>> Round done at Fri Mar 27 04:12:54 CST 2026. last_channel_index=7
============================================================
🚀 知識庫爬蟲（kd subtitles 專用）- 04:12:57
============================================================

📺 [8/9] 泛科學
  ✅ 無新影片

📺 [9/9] 泛科學院
  🔄 公開Gemini 3.1 Pro 六大功能！不是工程師也能寫... ❌
  🔄 [2026 Best AI Subscription Gui... ❌
  🔄 Stop using AI to copy and past... ❌
  🔄 [AI Teaching Notes | YouTube C... ❌
  📊 泛科學院: 0✅ 4❌
  📊 總計: 成功:0 失敗:4

============================================================
✅ 完成! 時間: 04:13:43
============================================================
>>> Round done at Fri Mar 27 04:13:43 CST 2026. last_channel_index=0
============================================================
🚀 知識庫爬蟲（kd subtitles 專用）- 04:13:46
============================================================

📺 [1/9] 胡乃文开播
  🔄 地瓜葉菊花茶讓濕疹好得快，但你吃對了嗎？她雙腿癢2個月竟是肝... ❌
  🔄 不讓醫師演戲真的太可惜！喝這1杯花茶，血壓穩下來，眼睛不花了... ❌
  🔄 血壓總是早上5點-8點高，吃降血壓藥也不管用怎麼辦？｜胡乃文... ❌
  🔄 💖粉絲問什麼？胡太太逗趣提問，胡醫師親解答！胡乃文開講會員專... ❌
  🔄 {沒看到太可惜！醫師爆笑模仿蔣部長，全場笑翻｜胡乃文開講會員... ❌
  🔄 { 會員Q&A } 急救時先別亂按！極泉穴、人中穴，其實很多... ❌
  🔄 關於食用油對膽結石和便秘的問題｜胡乃文開講會員專屬7 ❌
  🔄 翻轉糖尿病迷思！為什麼糖尿病反而要吃米飯才會好！3個簡單運動... ❌
  📊 胡乃文开播: 0✅ 8❌
  📊 總計: 成功:0 失敗:8

============================================================
✅ 完成! 時間: 04:15:01
============================================================
>>> Round done at Fri Mar 27 04:15:01 CST 2026. last_channel_index=1
============================================================
🚀 知識庫爬蟲（kd subtitles 專用）- 04:15:05
============================================================

📺 [2/9] 柏格醫生中文
  🔄 垃圾食品隱藏乳化劑像洗碗精！破壞腸道黏液層導致腸漏，柏格醫生... ❌
  🔄 【柏格醫生】癌症研究70年都錯了？揭開致癌真相與30個科學防... ❌
  🔄 頭前傾2.5公分加重4.5公斤！柏格醫生教你每晚幾分鐘快速矯... ❌
  🔄 肝臟出問題導致半夜醒來？夜間血糖劇烈波動的真正原因與5大改善... ❌
  🔄 戒不掉糖、菸、色情、社媒？柏格醫生教你：NAC + 鎂 + ... ❌
  🔄 別再吃麵包了！就算0糖也比砂糖更害血糖飆升，無麩質、全麥全是... ❌
  🔄 老人斑怎麼自然淡化？柏格醫生揭秘穀胱甘肽不足才是根本原因，1... ❌
  🔄 失眠毀掉我生活!! 助睡眠和保健肝功能的營養,柏格醫生 Dr... ❌
  🔄 養成這7個習慣，胰島素直降、脂肪狂燒！不餓不節食，輕鬆達到最... ❌
  🔄 最佳伸展筋膜,能消炎、助眠、不僵硬! 減壓！自然療法,柏格醫... ❌
  🔄 柏格醫生談：生酮不是高蛋白！為什麼生酮+斷食+有機蔬菜能救腎... ❌
  🔄 戒不掉糖、菸、色情、社媒？柏格醫生教你：NAC + 鎂 + ... ❌
  🔄 心悸、胸悶、頭暈竟是缺鎂惹的禍？5大原因＋高鎂食物一次看 ❌
  📊 柏格醫生中文: 0✅ 13❌
  📊 總計: 成功:0 失敗:13

============================================================
✅ 完成! 時間: 04:17:33
============================================================
>>> Round done at Fri Mar 27 04:17:33 CST 2026. last_channel_index=2
============================================================
🚀 知識庫爬蟲（kd subtitles 專用）- 04:17:36
============================================================

📺 [3/9] Dr.HuangAmin
  🔄 睡覺狂打呼，口腔肌少症找上門！教你練舌肌力！feat.黃斌洋... ❌
  🔄 你靠吃「某些食物」才想大便，不正常！？必吃3種食物養腸道！｜... ❌
  🔄 手抬不起來，竟跟腸胃有關？內臟卡卡，手也會被扯住！｜功操大全 ❌
  🔄 轉頭就痛！頸因性頭痛，真正的原因在手部！？｜功操大全 ❌
  🔄 骨盆前傾一招練回正臀！檢測你有沒有假翹臀！｜功操大全 ❌
  🔄 你的身體會替情緒說話？什麼是身心學？feat.趙耕樂身心療癒... ❌
  🔄 別再硬按！淋巴塞，痠痛來！帶你一起疏通淋巴｜功操大全 ❌
  🔄 烏龜頸，脖子前傾的真相！搞錯原因復健還是凸！｜功操大全 ❌
  🔄 床墊、枕頭選錯你就痛！睡姿問題一次解！｜功操大全 ❌
  🔄 常常聳肩！你的腸胃、鎖骨卡住肩！｜迷思破解 ❌
  🔄 身體失調！月經亂、變胖竟是身體太冷！？feat.內科李琪醫師... ❌
  🔄 膝蓋痛，關鍵在骨盆、腳底的影響！｜迷思破解 ❌
  🔄 圓肩，全因你手指沒力氣？｜迷思破解 ❌
  🔄 消水腫！先清除體內垃圾｜迷思破解 ❌
  🔄 顳顎關節卡住的真正原因！｜功操大全 ❌
  📊 Dr.HuangAmin: 0✅ 15❌
  📊 總計: 成功:0 失敗:15

============================================================
✅ 完成! 時間: 04:19:51
============================================================
>>> Round done at Fri Mar 27 04:19:51 CST 2026. last_channel_index=3
============================================================
🚀 知識庫爬蟲（kd subtitles 專用）- 04:19:54
============================================================

📺 [4/9] 周慕姿放心說
  🔄 你不是廢，是太焦慮！撕下懶惰標籤，接住卡住的自己｜Ft.李東... ❌
  📊 周慕姿放心說: 0✅ 1❌
  📊 總計: 成功:0 失敗:1

============================================================
✅ 完成! 時間: 04:20:18
============================================================
>>> Round done at Fri Mar 27 04:20:18 CST 2026. last_channel_index=4
============================================================
🚀 知識庫爬蟲（kd subtitles 專用）- 04:20:21
============================================================

📺 [5/9] 松明讲心理
  🔄 Depression is a slow betrayal ... ❌
  🔄 愛操心的人，其實最孤單！#人生 #心理學 #煩惱 #認知 #... ❌
  🔄 Learn to make choices so your ... ❌
  🔄 看清選擇背後的三大陷阱，做出更清晰的人生決策！#朋友 #人際... ❌
  🔄 The power of choice: Living yo... ❌
  🔄 Long-distance relationships ar... ❌
  🔄 內心強大到可怕的10種心境！#人生 #心理學 #煩惱 #認知... ❌
  🔄 當恨佔滿了心，親密就進不來！#情感 #愛情 #戀愛 #離婚 ... ❌
  🔄 3句話學會放下執著、停止內耗，走向內在的力量！#人生 #心理... ❌
  🔄 原諒出軌，是救贖還是折磨？#情感 #愛情 #戀愛 #離婚  ... ❌
  🔄 女人最該守住的三重分寸感！#情感 #愛情 #戀愛 #離婚  ... ❌
  🔄 Whether your employees are wor... ❌
  🔄 苦難生智慧「物極必反」的哲學！#人生 #心理學 #煩惱 #認... ❌
  🔄 Four ways to quickly improve y... ❌
  🔄 如何挽救孩子的躺平和厭學？#松明  #煩惱 #親子 #婚姻 ... ❌
  📊 松明讲心理: 0✅ 15❌
  📊 總計: 成功:0 失敗:15

============================================================
✅ 完成! 時間: 04:22:31
============================================================
>>> Round done at Fri Mar 27 04:22:31 CST 2026. last_channel_index=5
============================================================
🚀 知識庫爬蟲（kd subtitles 專用）- 04:22:34
============================================================

📺 [6/9] 超真實商談
  ✅ 無新影片

📺 [7/9] Cofit211
  🔄 【頻道會員專屬】腦科學權威：你擁有「重塑大腦」的能力，人生隨... ❌
  🔄 這動作能緩解腰痠背痛？科學實證：真的有用｜初日診所 魏士航醫... ❌
  🔄 [Channel Member Exclusive] Inv... ❌
  🔄 [Channel Member Exclusive] Sta... ❌
  📊 Cofit211: 0✅ 4❌
  📊 總計: 成功:0 失敗:4

============================================================
✅ 完成! 時間: 04:23:15
============================================================
>>> Round done at Fri Mar 27 04:23:15 CST 2026. last_channel_index=7
============================================================
🚀 知識庫爬蟲（kd subtitles 專用）- 04:23:18
============================================================

📺 [8/9] 泛科學
  ✅ 無新影片

📺 [9/9] 泛科學院
  🔄 公開Gemini 3.1 Pro 六大功能！不是工程師也能寫... ❌
  🔄 [2026 Best AI Subscription Gui... ❌
  🔄 Stop using AI to copy and past... ❌
  🔄 [AI Teaching Notes | YouTube C... ❌
  📊 泛科學院: 0✅ 4❌
  📊 總計: 成功:0 失敗:4

============================================================
✅ 完成! 時間: 04:24:02
============================================================
>>> Round done at Fri Mar 27 04:24:02 CST 2026. last_channel_index=0
============================================================
🚀 知識庫爬蟲（kd subtitles 專用）- 04:24:05
============================================================

📺 [1/9] 胡乃文开播
  🔄 注意！她癢2個月查出是肝癌！春季濕疹大爆發，按2穴止癢，戒3... ❌
  🔄 不讓醫師演戲真的太可惜！喝這1杯花茶，血壓穩下來，眼睛不花了... ❌
  🔄 血壓總是早上5點-8點高，吃降血壓藥也不管用怎麼辦？｜胡乃文... ❌
  🔄 💖粉絲問什麼？胡太太逗趣提問，胡醫師親解答！胡乃文開講會員專... ❌
  🔄 {沒看到太可惜！醫師爆笑模仿蔣部長，全場笑翻｜胡乃文開講會員... ❌
  🔄 { 會員Q&A } 急救時先別亂按！極泉穴、人中穴，其實很多... ❌
  🔄 關於食用油對膽結石和便秘的問題｜胡乃文開講會員專屬7 ❌
  🔄 翻轉糖尿病迷思！為什麼糖尿病反而要吃米飯才會好！3個簡單運動... ❌
  📊 胡乃文开播: 0✅ 8❌
  📊 總計: 成功:0 失敗:8

============================================================
✅ 完成! 時間: 04:25:12
============================================================
>>> Round done at Fri Mar 27 04:25:12 CST 2026. last_channel_index=1
============================================================
🚀 知識庫爬蟲（kd subtitles 專用）- 04:25:15
============================================================

📺 [2/9] 柏格醫生中文
  🔄 超市60%包裝食品都含這隱藏成分！乳化劑悄悄損害腸道健康與大... ❌
  🔄 如何永久遠離癌症？柏格醫生破解「癌細胞」弱點，30招從根本打... ❌
  🔄 頭前傾2.5公分加重4.5公斤！柏格醫生教你每晚幾分鐘快速矯... ❌
  🔄 肝臟出問題導致半夜醒來？夜間血糖劇烈波動的真正原因與5大改善... ✅ (47132字)
  🔄 戒不掉糖、菸、色情、社媒？柏格醫生教你：NAC + 鎂 + ... ❌
  🔄 麵包真正毒物不是麩質！血糖暴衝、胰島素阻抗元兇曝光，戒掉後該... ❌
  🔄 老人斑怎麼自然淡化？柏格醫生揭秘穀胱甘肽不足才是根本原因，1... ❌
  🔄 失眠毀掉我生活!! 助睡眠和保健肝功能的營養,柏格醫生 Dr... ❌
  🔄 養成這7個習慣，胰島素直降、脂肪狂燒！不餓不節食，輕鬆達到最... ❌
  🔄 最佳伸展筋膜,能消炎、助眠、不僵硬! 減壓！自然療法,柏格醫... ❌
  🔄 柏格醫生：生酮飲食保護腎臟的4大秘訣！多囊腎病、糖尿病腎損傷... ❌
  🔄 戒不掉糖、菸、色情、社媒？柏格醫生教你：NAC + 鎂 + ... ❌
  🔄 心悸、胸悶、頭暈竟是缺鎂惹的禍？5大原因＋高鎂食物一次看 ❌
  📊 柏格醫生中文: 1✅ 12❌
  📊 總計: 成功:1 失敗:12

============================================================
✅ 完成! 時間: 04:27:44
============================================================
>>> Round done at Fri Mar 27 04:27:44 CST 2026. last_channel_index=2
============================================================
🚀 知識庫爬蟲（kd subtitles 專用）- 04:27:47
============================================================

📺 [3/9] Dr.HuangAmin
  🔄 睡覺狂打呼，口腔肌少症找上門！教你練舌肌力！feat.黃斌洋... ❌
  🔄 你靠吃「某些食物」才想大便，不正常！？必吃3種食物養腸道！｜... ❌
  🔄 手抬不起來，竟跟腸胃有關？內臟卡卡，手也會被扯住！｜功操大全 ❌
  🔄 轉頭就痛！頸因性頭痛，真正的原因在手部！？｜功操大全 ❌
  🔄 骨盆前傾一招練回正臀！檢測你有沒有假翹臀！｜功操大全 ❌
  🔄 你的身體會替情緒說話？什麼是身心學？feat.趙耕樂身心療癒... ❌
  🔄 別再硬按！淋巴塞，痠痛來！帶你一起疏通淋巴｜功操大全 ❌
  🔄 烏龜頸，脖子前傾的真相！搞錯原因復健還是凸！｜功操大全 ❌
  🔄 床墊、枕頭選錯你就痛！睡姿問題一次解！｜功操大全 ❌
  🔄 常常聳肩！你的腸胃、鎖骨卡住肩！｜迷思破解 ❌
  🔄 身體失調！月經亂、變胖竟是身體太冷！？feat.內科李琪醫師... ❌
  🔄 膝蓋痛，關鍵在骨盆、腳底的影響！｜迷思破解 ❌
  🔄 圓肩，全因你手指沒力氣？｜迷思破解 ❌
  🔄 消水腫！先清除體內垃圾｜迷思破解 ❌
  🔄 顳顎關節卡住的真正原因！｜功操大全 ❌
  📊 Dr.HuangAmin: 0✅ 15❌
  📊 總計: 成功:0 失敗:15

============================================================
✅ 完成! 時間: 04:29:59
============================================================
>>> Round done at Fri Mar 27 04:29:59 CST 2026. last_channel_index=3
============================================================
🚀 知識庫爬蟲（kd subtitles 專用）- 04:30:02
============================================================

📺 [4/9] 周慕姿放心說
  🔄 你不是廢，是太焦慮！撕下懶惰標籤，接住卡住的自己｜Ft.李東... ❌
  📊 周慕姿放心說: 0✅ 1❌
  📊 總計: 成功:0 失敗:1

============================================================
✅ 完成! 時間: 04:30:24
============================================================
>>> Round done at Fri Mar 27 04:30:24 CST 2026. last_channel_index=4
============================================================
🚀 知識庫爬蟲（kd subtitles 專用）- 04:30:27
============================================================

📺 [5/9] 松明讲心理
  🔄 Depression is a slow betrayal ... ❌
  🔄 愛操心的人，其實最孤單！#人生 #心理學 #煩惱 #認知 #... ❌
  🔄 Learn to make choices so your ... ❌
  🔄 看清選擇背後的三大陷阱，做出更清晰的人生決策！#朋友 #人際... ❌
  🔄 The power of choice: Living yo... ❌
  🔄 Long-distance relationships ar... ❌
  🔄 內心強大到可怕的10種心境！#人生 #心理學 #煩惱 #認知... ❌
  🔄 當恨佔滿了心，親密就進不來！#情感 #愛情 #戀愛 #離婚 ... ❌
  🔄 3句話學會放下執著、停止內耗，走向內在的力量！#人生 #心理... ❌
  🔄 原諒出軌，是救贖還是折磨？#情感 #愛情 #戀愛 #離婚  ... ❌
  🔄 女人最該守住的三重分寸感！#情感 #愛情 #戀愛 #離婚  ... ❌
  🔄 Whether your employees are wor... ❌
  🔄 苦難生智慧「物極必反」的哲學！#人生 #心理學 #煩惱 #認... ❌
  🔄 Four ways to quickly improve y... ❌
  🔄 如何挽救孩子的躺平和厭學？#松明  #煩惱 #親子 #婚姻 ... ❌
  📊 松明讲心理: 0✅ 15❌
  📊 總計: 成功:0 失敗:15

============================================================
✅ 完成! 時間: 04:32:34
============================================================
>>> Round done at Fri Mar 27 04:32:34 CST 2026. last_channel_index=5
============================================================
🚀 知識庫爬蟲（kd subtitles 專用）- 04:32:37
============================================================

📺 [6/9] 超真實商談
  ✅ 無新影片

📺 [7/9] Cofit211
  🔄 【頻道會員專屬】腦科學權威：你擁有「重塑大腦」的能力，人生隨... ❌
  🔄 這動作能緩解腰痠背痛？科學實證：真的有用｜初日診所 魏士航醫... ❌
  🔄 [Channel Member Exclusive] Inv... ❌
  🔄 [Channel Member Exclusive] Sta... ❌
  📊 Cofit211: 0✅ 4❌
  📊 總計: 成功:0 失敗:4

============================================================
✅ 完成! 時間: 04:33:21
============================================================
>>> Round done at Fri Mar 27 04:33:21 CST 2026. last_channel_index=7
============================================================
🚀 知識庫爬蟲（kd subtitles 專用）- 04:33:24
============================================================

📺 [8/9] 泛科學
  ✅ 無新影片

📺 [9/9] 泛科學院
  🔄 公開Gemini 3.1 Pro 六大功能！不是工程師也能寫... ❌
  🔄 [2026 Best AI Subscription Gui... ❌
  🔄 Stop using AI to copy and past... ❌
  🔄 [AI Teaching Notes | YouTube C... ❌
  📊 泛科學院: 0✅ 4❌
  📊 總計: 成功:0 失敗:4

============================================================
✅ 完成! 時間: 04:34:07
============================================================
>>> Round done at Fri Mar 27 04:34:07 CST 2026. last_channel_index=0
============================================================
🚀 知識庫爬蟲（kd subtitles 專用）- 04:34:10
============================================================

📺 [1/9] 胡乃文开播
  🔄 她雙腿癢2個月竟是肝出大問題！換季皮膚就癢癢，按2大穴止癢，... ❌
  🔄 不讓醫師演戲真的太可惜！喝這1杯花茶，血壓穩下來，眼睛不花了... ❌
  🔄 血壓總是早上5點-8點高，吃降血壓藥也不管用怎麼辦？｜胡乃文... ❌
  🔄 💖粉絲問什麼？胡太太逗趣提問，胡醫師親解答！胡乃文開講會員專... ❌
  🔄 {沒看到太可惜！醫師爆笑模仿蔣部長，全場笑翻｜胡乃文開講會員... ❌
  🔄 { 會員Q&A } 急救時先別亂按！極泉穴、人中穴，其實很多... ❌
  🔄 關於食用油對膽結石和便秘的問題｜胡乃文開講會員專屬7 ❌
  🔄 翻轉糖尿病迷思！為什麼糖尿病反而要吃米飯才會好！3個簡單運動... ❌
  📊 胡乃文开播: 0✅ 8❌
  📊 總計: 成功:0 失敗:8

============================================================
✅ 完成! 時間: 04:35:22
============================================================
>>> Round done at Fri Mar 27 04:35:22 CST 2026. last_channel_index=1
============================================================
🚀 知識庫爬蟲（kd subtitles 專用）- 04:35:25
============================================================

📺 [2/9] 柏格醫生中文
  🔄 垃圾食品隱藏乳化劑像洗碗精！破壞腸道黏液層導致腸漏，柏格醫生... ❌
  🔄 如何永久遠離癌症？柏格醫生破解「癌細胞」弱點，30招從根本打... ❌
  🔄 頭前傾2.5公分加重4.5公斤！柏格醫生教你每晚幾分鐘快速矯... ❌
  🔄 戒不掉糖、菸、色情、社媒？柏格醫生教你：NAC + 鎂 + ... ❌
  🔄 麵包真正毒物不是麩質！血糖暴衝、胰島素阻抗元兇曝光，戒掉後該... ❌
  🔄 老人斑怎麼自然淡化？柏格醫生揭秘穀胱甘肽不足才是根本原因，1... ❌
  🔄 失眠毀掉我生活!! 助睡眠和保健肝功能的營養,柏格醫生 Dr... ❌
  🔄 養成這7個習慣，胰島素直降、脂肪狂燒！不餓不節食，輕鬆達到最... ❌
  🔄 最佳伸展筋膜,能消炎、助眠、不僵硬! 減壓！自然療法,柏格醫... ❌
  🔄 柏格醫生：生酮飲食保護腎臟的4大秘訣！多囊腎病、糖尿病腎損傷... ❌
  🔄 戒不掉糖、菸、色情、社媒？柏格醫生教你：NAC + 鎂 + ... ❌
  🔄 心悸、胸悶、頭暈竟是缺鎂惹的禍？5大原因＋高鎂食物一次看 ❌
  📊 柏格醫生中文: 0✅ 12❌
  📊 總計: 成功:0 失敗:12

============================================================
✅ 完成! 時間: 04:37:46
============================================================
>>> Round done at Fri Mar 27 04:37:46 CST 2026. last_channel_index=2
============================================================
🚀 知識庫爬蟲（kd subtitles 專用）- 04:37:49
============================================================

📺 [3/9] Dr.HuangAmin
  🔄 睡覺狂打呼，口腔肌少症找上門！教你練舌肌力！feat.黃斌洋... ❌
  🔄 你靠吃「某些食物」才想大便，不正常！？必吃3種食物養腸道！｜... ❌
  🔄 手抬不起來，竟跟腸胃有關？內臟卡卡，手也會被扯住！｜功操大全 ❌
  🔄 轉頭就痛！頸因性頭痛，真正的原因在手部！？｜功操大全 ❌
  🔄 骨盆前傾一招練回正臀！檢測你有沒有假翹臀！｜功操大全 ❌
  🔄 你的身體會替情緒說話？什麼是身心學？feat.趙耕樂身心療癒... ❌
  🔄 別再硬按！淋巴塞，痠痛來！帶你一起疏通淋巴｜功操大全 ❌
  🔄 烏龜頸，脖子前傾的真相！搞錯原因復健還是凸！｜功操大全 ❌
  🔄 床墊、枕頭選錯你就痛！睡姿問題一次解！｜功操大全 ❌
  🔄 常常聳肩！你的腸胃、鎖骨卡住肩！｜迷思破解 ❌
  🔄 身體失調！月經亂、變胖竟是身體太冷！？feat.內科李琪醫師... ❌
  🔄 膝蓋痛，關鍵在骨盆、腳底的影響！｜迷思破解 ❌
  🔄 圓肩，全因你手指沒力氣？｜迷思破解 ❌
  🔄 消水腫！先清除體內垃圾｜迷思破解 ❌
  🔄 顳顎關節卡住的真正原因！｜功操大全 ❌
  📊 Dr.HuangAmin: 0✅ 15❌
  📊 總計: 成功:0 失敗:15

============================================================
✅ 完成! 時間: 04:39:59
============================================================
>>> Round done at Fri Mar 27 04:39:59 CST 2026. last_channel_index=3
============================================================
🚀 知識庫爬蟲（kd subtitles 專用）- 04:40:02
============================================================

📺 [4/9] 周慕姿放心說
  🔄 你不是廢，是太焦慮！撕下懶惰標籤，接住卡住的自己｜Ft.李東... ❌
  📊 周慕姿放心說: 0✅ 1❌
  📊 總計: 成功:0 失敗:1

============================================================
✅ 完成! 時間: 04:40:22
============================================================
>>> Round done at Fri Mar 27 04:40:22 CST 2026. last_channel_index=4
============================================================
🚀 知識庫爬蟲（kd subtitles 專用）- 04:40:25
============================================================

📺 [5/9] 松明讲心理
  🔄 Depression is a slow betrayal ... ❌
  🔄 愛操心的人，其實最孤單！#人生 #心理學 #煩惱 #認知 #... ❌
  🔄 Learn to make choices so your ... ❌
  🔄 看清選擇背後的三大陷阱，做出更清晰的人生決策！#朋友 #人際... ❌
  🔄 The power of choice: Living yo... ❌
  🔄 Long-distance relationships ar... ❌
  🔄 內心強大到可怕的10種心境！#人生 #心理學 #煩惱 #認知... ❌
  🔄 當恨佔滿了心，親密就進不來！#情感 #愛情 #戀愛 #離婚 ... ❌
  🔄 3句話學會放下執著、停止內耗，走向內在的力量！#人生 #心理... ❌
  🔄 原諒出軌，是救贖還是折磨？#情感 #愛情 #戀愛 #離婚  ... ❌
  🔄 女人最該守住的三重分寸感！#情感 #愛情 #戀愛 #離婚  ... ❌
  🔄 Whether your employees are wor... ❌
  🔄 苦難生智慧「物極必反」的哲學！#人生 #心理學 #煩惱 #認... ❌
  🔄 Four ways to quickly improve y... ❌
  🔄 如何挽救孩子的躺平和厭學？#松明  #煩惱 #親子 #婚姻 ... ❌
  📊 松明讲心理: 0✅ 15❌
  📊 總計: 成功:0 失敗:15

============================================================
✅ 完成! 時間: 04:42:36
============================================================
>>> Round done at Fri Mar 27 04:42:36 CST 2026. last_channel_index=5
============================================================
🚀 知識庫爬蟲（kd subtitles 專用）- 04:42:39
============================================================

📺 [6/9] 超真實商談
  ✅ 無新影片

📺 [7/9] Cofit211
  🔄 【頻道會員專屬】腦科學權威：你擁有「重塑大腦」的能力，人生隨... ❌
  🔄 這動作能緩解腰痠背痛？科學實證：真的有用｜初日診所 魏士航醫... ❌
  🔄 [Channel Member Exclusive] Inv... ❌
  🔄 [Channel Member Exclusive] Sta... ❌
  📊 Cofit211: 0✅ 4❌
  📊 總計: 成功:0 失敗:4

============================================================
✅ 完成! 時間: 04:43:20
============================================================
>>> Round done at Fri Mar 27 04:43:20 CST 2026. last_channel_index=7
============================================================
🚀 知識庫爬蟲（kd subtitles 專用）- 04:43:23
============================================================

📺 [8/9] 泛科學
  ✅ 無新影片

📺 [9/9] 泛科學院
  🔄 公開Gemini 3.1 Pro 六大功能！不是工程師也能寫... ❌
  🔄 [2026 Best AI Subscription Gui... ❌
  🔄 Stop using AI to copy and past... ❌
  🔄 [AI Teaching Notes | YouTube C... ❌
  📊 泛科學院: 0✅ 4❌
  📊 總計: 成功:0 失敗:4

============================================================
✅ 完成! 時間: 04:44:11
============================================================
>>> Round done at Fri Mar 27 04:44:11 CST 2026. last_channel_index=0
============================================================
🚀 知識庫爬蟲（kd subtitles 專用）- 04:44:14
============================================================

📺 [1/9] 胡乃文开播
  🔄 注意！她癢2個月查出是肝癌！春季濕疹大爆發，按2穴止癢，戒3... ❌
  🔄 不讓醫師演戲真的太可惜！喝這1杯花茶，血壓穩下來，眼睛不花了... ❌
  🔄 血壓總是早上5點-8點高，吃降血壓藥也不管用怎麼辦？｜胡乃文... ❌
  🔄 💖粉絲問什麼？胡太太逗趣提問，胡醫師親解答！胡乃文開講會員專... ❌
  🔄 {沒看到太可惜！醫師爆笑模仿蔣部長，全場笑翻｜胡乃文開講會員... ❌
  🔄 { 會員Q&A } 急救時先別亂按！極泉穴、人中穴，其實很多... ❌
  🔄 關於食用油對膽結石和便秘的問題｜胡乃文開講會員專屬7 ❌
  🔄 翻轉糖尿病迷思！為什麼糖尿病反而要吃米飯才會好！3個簡單運動... ❌
  📊 胡乃文开播: 0✅ 8❌
  📊 總計: 成功:0 失敗:8

============================================================
✅ 完成! 時間: 04:45:25
============================================================
>>> Round done at Fri Mar 27 04:45:25 CST 2026. last_channel_index=1
============================================================
🚀 知識庫爬蟲（kd subtitles 專用）- 04:45:28
============================================================

📺 [2/9] 柏格醫生中文
  🔄 超市60%包裝食品都含這隱藏成分！乳化劑悄悄損害腸道健康與大... ❌
  🔄 癌症根本不是基因突變！柏格醫生：只要做對這30件事，從「粒線... ❌
  🔄 頭前傾2.5公分加重4.5公斤！柏格醫生教你每晚幾分鐘快速矯... ❌
  🔄 戒不掉糖、菸、色情、社媒？柏格醫生教你：NAC + 鎂 + ... ❌
  🔄 麵包真正毒物不是麩質！血糖暴衝、胰島素阻抗元兇曝光，戒掉後該... ❌
  🔄 老人斑怎麼自然淡化？柏格醫生揭秘穀胱甘肽不足才是根本原因，1... ❌
  🔄 失眠毀掉我生活!! 助睡眠和保健肝功能的營養,柏格醫生 Dr... ❌
  🔄 養成這7個習慣，胰島素直降、脂肪狂燒！不餓不節食，輕鬆達到最... ❌
  🔄 最佳伸展筋膜,能消炎、助眠、不僵硬! 減壓！自然療法,柏格醫... ❌
  🔄 生酮飲食會傷腎？柏格醫生揭真相：高糖高胰島素才是腎臟殺手！（... ❌
  🔄 戒不掉糖、菸、色情、社媒？柏格醫生教你：NAC + 鎂 + ... ❌
  🔄 心悸、胸悶、頭暈竟是缺鎂惹的禍？5大原因＋高鎂食物一次看 ❌
  📊 柏格醫生中文: 0✅ 12❌
  📊 總計: 成功:0 失敗:12

============================================================
✅ 完成! 時間: 04:47:48
============================================================
>>> Round done at Fri Mar 27 04:47:48 CST 2026. last_channel_index=2
============================================================
🚀 知識庫爬蟲（kd subtitles 專用）- 04:47:51
============================================================

📺 [3/9] Dr.HuangAmin
  🔄 睡覺狂打呼，口腔肌少症找上門！教你練舌肌力！feat.黃斌洋... ❌
  🔄 你靠吃「某些食物」才想大便，不正常！？必吃3種食物養腸道！｜... ❌
  🔄 手抬不起來，竟跟腸胃有關？內臟卡卡，手也會被扯住！｜功操大全 ❌
  🔄 轉頭就痛！頸因性頭痛，真正的原因在手部！？｜功操大全 ❌
  🔄 骨盆前傾一招練回正臀！檢測你有沒有假翹臀！｜功操大全 ❌
  🔄 你的身體會替情緒說話？什麼是身心學？feat.趙耕樂身心療癒... ❌
  🔄 別再硬按！淋巴塞，痠痛來！帶你一起疏通淋巴｜功操大全 ❌
  🔄 烏龜頸，脖子前傾的真相！搞錯原因復健還是凸！｜功操大全 ❌
  🔄 床墊、枕頭選錯你就痛！睡姿問題一次解！｜功操大全 ❌
  🔄 常常聳肩！你的腸胃、鎖骨卡住肩！｜迷思破解 ❌
  🔄 身體失調！月經亂、變胖竟是身體太冷！？feat.內科李琪醫師... ❌
  🔄 膝蓋痛，關鍵在骨盆、腳底的影響！｜迷思破解 ❌
  🔄 圓肩，全因你手指沒力氣？｜迷思破解 ❌
  🔄 消水腫！先清除體內垃圾｜迷思破解 ❌
  🔄 顳顎關節卡住的真正原因！｜功操大全 ❌
  📊 Dr.HuangAmin: 0✅ 15❌
  📊 總計: 成功:0 失敗:15

============================================================
✅ 完成! 時間: 04:49:59
============================================================
>>> Round done at Fri Mar 27 04:49:59 CST 2026. last_channel_index=3
============================================================
🚀 知識庫爬蟲（kd subtitles 專用）- 04:50:02
============================================================

📺 [4/9] 周慕姿放心說
  🔄 你不是廢，是太焦慮！撕下懶惰標籤，接住卡住的自己｜Ft.李東... ❌
  📊 周慕姿放心說: 0✅ 1❌
  📊 總計: 成功:0 失敗:1

============================================================
✅ 完成! 時間: 04:50:22
============================================================
>>> Round done at Fri Mar 27 04:50:22 CST 2026. last_channel_index=4
============================================================
🚀 知識庫爬蟲（kd subtitles 專用）- 04:50:25
============================================================

📺 [5/9] 松明讲心理
  🔄 Depression is a slow betrayal ... ❌
  🔄 愛操心的人，其實最孤單！#人生 #心理學 #煩惱 #認知 #... ❌
  🔄 Learn to make choices so your ... ❌
  🔄 看清選擇背後的三大陷阱，做出更清晰的人生決策！#朋友 #人際... ❌
  🔄 The power of choice: Living yo... ❌
  🔄 Long-distance relationships ar... ❌
  🔄 內心強大到可怕的10種心境！#人生 #心理學 #煩惱 #認知... ❌
  🔄 當恨佔滿了心，親密就進不來！#情感 #愛情 #戀愛 #離婚 ... ❌
  🔄 3句話學會放下執著、停止內耗，走向內在的力量！#人生 #心理... ❌
  🔄 原諒出軌，是救贖還是折磨？#情感 #愛情 #戀愛 #離婚  ... ❌
  🔄 女人最該守住的三重分寸感！#情感 #愛情 #戀愛 #離婚  ... ❌
  🔄 Whether your employees are wor... ❌
  🔄 苦難生智慧「物極必反」的哲學！#人生 #心理學 #煩惱 #認... ❌
  🔄 Four ways to quickly improve y... ❌
  🔄 如何挽救孩子的躺平和厭學？#松明  #煩惱 #親子 #婚姻 ... ❌
  📊 松明讲心理: 0✅ 15❌
  📊 總計: 成功:0 失敗:15

============================================================
✅ 完成! 時間: 04:52:34
============================================================
>>> Round done at Fri Mar 27 04:52:34 CST 2026. last_channel_index=5
============================================================
🚀 知識庫爬蟲（kd subtitles 專用）- 04:52:37
============================================================

📺 [6/9] 超真實商談
  ✅ 無新影片

📺 [7/9] Cofit211
  🔄 【頻道會員專屬】腦科學權威：你擁有「重塑大腦」的能力，人生隨... ❌
  🔄 這動作能緩解腰痠背痛？科學實證：真的有用｜初日診所 魏士航醫... ❌
  🔄 [Channel Member Exclusive] Inv... ❌
  🔄 [Channel Member Exclusive] Sta... ❌
  📊 Cofit211: 0✅ 4❌
  📊 總計: 成功:0 失敗:4

============================================================
✅ 完成! 時間: 04:53:15
============================================================
>>> Round done at Fri Mar 27 04:53:15 CST 2026. last_channel_index=7
============================================================
🚀 知識庫爬蟲（kd subtitles 專用）- 04:53:18
============================================================

📺 [8/9] 泛科學
  ✅ 無新影片

📺 [9/9] 泛科學院
  🔄 公開Gemini 3.1 Pro 六大功能！不是工程師也能寫... ❌
  🔄 [2026 Best AI Subscription Gui... ❌
  🔄 Stop using AI to copy and past... ❌
  🔄 [AI Teaching Notes | YouTube C... ❌
  📊 泛科學院: 0✅ 4❌
  📊 總計: 成功:0 失敗:4

============================================================
✅ 完成! 時間: 04:53:59
============================================================
>>> Round done at Fri Mar 27 04:53:59 CST 2026. last_channel_index=0
============================================================
🚀 知識庫爬蟲（kd subtitles 專用）- 04:54:02
============================================================

📺 [1/9] 胡乃文开播
  🔄 她雙腿癢2個月竟是肝出大問題！換季皮膚就癢癢，按2大穴止癢，... ❌
  🔄 不讓醫師演戲真的太可惜！喝這1杯花茶，血壓穩下來，眼睛不花了... ❌
  🔄 血壓總是早上5點-8點高，吃降血壓藥也不管用怎麼辦？｜胡乃文... ❌
  🔄 💖粉絲問什麼？胡太太逗趣提問，胡醫師親解答！胡乃文開講會員專... ❌
  🔄 {沒看到太可惜！醫師爆笑模仿蔣部長，全場笑翻｜胡乃文開講會員... ❌
  🔄 { 會員Q&A } 急救時先別亂按！極泉穴、人中穴，其實很多... ❌
  🔄 關於食用油對膽結石和便秘的問題｜胡乃文開講會員專屬7 ❌
  🔄 翻轉糖尿病迷思！為什麼糖尿病反而要吃米飯才會好！3個簡單運動... ❌
  📊 胡乃文开播: 0✅ 8❌
  📊 總計: 成功:0 失敗:8

============================================================
✅ 完成! 時間: 04:55:10
============================================================
>>> Round done at Fri Mar 27 04:55:10 CST 2026. last_channel_index=1
============================================================
🚀 知識庫爬蟲（kd subtitles 專用）- 04:55:13
============================================================

📺 [2/9] 柏格醫生中文
  🔄 超市60%包裝食品都含這隱藏成分！乳化劑悄悄損害腸道健康與大... ❌
  🔄 癌症根本不是基因突變！柏格醫生：只要做對這30件事，從「粒線... ❌
  🔄 頭前傾2.5公分加重4.5公斤！柏格醫生教你每晚幾分鐘快速矯... ❌
  🔄 戒不掉糖、菸、色情、社媒？柏格醫生教你：NAC + 鎂 + ... ❌
  🔄 麵包真正毒物不是麩質！血糖暴衝、胰島素阻抗元兇曝光，戒掉後該... ❌
  🔄 老人斑怎麼自然淡化？柏格醫生揭秘穀胱甘肽不足才是根本原因，1... ✅ (23775字)
  🔄 失眠毀掉我生活!! 助睡眠和保健肝功能的營養,柏格醫生 Dr... ❌
  🔄 渴了才喝、餓了才吃！戳破喝水迷思+過度運動壞處，10大養生成... ❌
  🔄 最佳伸展筋膜,能消炎、助眠、不僵硬! 減壓！自然療法,柏格醫... ❌
  🔄 柏格醫生談：生酮不是高蛋白！為什麼生酮+斷食+有機蔬菜能救腎... ❌
  🔄 戒不掉糖、菸、色情、社媒？柏格醫生教你：NAC + 鎂 + ... ❌
  🔄 心悸、胸悶、頭暈竟是缺鎂惹的禍？5大原因＋高鎂食物一次看 ❌
  📊 柏格醫生中文: 1✅ 11❌
  📊 總計: 成功:1 失敗:11

============================================================
✅ 完成! 時間: 04:57:32
============================================================
>>> Round done at Fri Mar 27 04:57:32 CST 2026. last_channel_index=2
============================================================
🚀 知識庫爬蟲（kd subtitles 專用）- 04:57:35
============================================================

📺 [3/9] Dr.HuangAmin
  🔄 睡覺狂打呼，口腔肌少症找上門！教你練舌肌力！feat.黃斌洋... ❌
  🔄 你靠吃「某些食物」才想大便，不正常！？必吃3種食物養腸道！｜... ❌
  🔄 手抬不起來，竟跟腸胃有關？內臟卡卡，手也會被扯住！｜功操大全 ❌
  🔄 轉頭就痛！頸因性頭痛，真正的原因在手部！？｜功操大全 ❌
  🔄 骨盆前傾一招練回正臀！檢測你有沒有假翹臀！｜功操大全 ❌
  🔄 你的身體會替情緒說話？什麼是身心學？feat.趙耕樂身心療癒... ❌
  🔄 別再硬按！淋巴塞，痠痛來！帶你一起疏通淋巴｜功操大全 ❌
  🔄 烏龜頸，脖子前傾的真相！搞錯原因復健還是凸！｜功操大全 ❌
  🔄 床墊、枕頭選錯你就痛！睡姿問題一次解！｜功操大全 ❌
  🔄 常常聳肩！你的腸胃、鎖骨卡住肩！｜迷思破解 ❌
  🔄 身體失調！月經亂、變胖竟是身體太冷！？feat.內科李琪醫師... ❌
  🔄 膝蓋痛，關鍵在骨盆、腳底的影響！｜迷思破解 ❌
  🔄 圓肩，全因你手指沒力氣？｜迷思破解 ❌
  🔄 消水腫！先清除體內垃圾｜迷思破解 ❌
  🔄 顳顎關節卡住的真正原因！｜功操大全 ❌
  📊 Dr.HuangAmin: 0✅ 15❌
  📊 總計: 成功:0 失敗:15

============================================================
✅ 完成! 時間: 04:59:43
============================================================
>>> Round done at Fri Mar 27 04:59:43 CST 2026. last_channel_index=3
============================================================
🚀 知識庫爬蟲（kd subtitles 專用）- 04:59:47
============================================================

📺 [4/9] 周慕姿放心說
  🔄 你不是廢，是太焦慮！撕下懶惰標籤，接住卡住的自己｜Ft.李東... ❌
  📊 周慕姿放心說: 0✅ 1❌
  📊 總計: 成功:0 失敗:1

============================================================
✅ 完成! 時間: 05:00:08
============================================================
>>> Round done at Fri Mar 27 05:00:08 CST 2026. last_channel_index=4
============================================================
🚀 知識庫爬蟲（kd subtitles 專用）- 05:00:11
============================================================

📺 [5/9] 松明讲心理
  🔄 Depression is a slow betrayal ... ❌
  🔄 愛操心的人，其實最孤單！#人生 #心理學 #煩惱 #認知 #... ❌
  🔄 Learn to make choices so your ... ❌
  🔄 看清選擇背後的三大陷阱，做出更清晰的人生決策！#朋友 #人際... ❌
  🔄 The power of choice: Living yo... ❌
  🔄 Long-distance relationships ar... ❌
  🔄 內心強大到可怕的10種心境！#人生 #心理學 #煩惱 #認知... ❌
  🔄 當恨佔滿了心，親密就進不來！#情感 #愛情 #戀愛 #離婚 ... ❌
  🔄 3句話學會放下執著、停止內耗，走向內在的力量！#人生 #心理... ❌
  🔄 原諒出軌，是救贖還是折磨？#情感 #愛情 #戀愛 #離婚  ... ❌
  🔄 女人最該守住的三重分寸感！#情感 #愛情 #戀愛 #離婚  ... ❌
  🔄 Whether your employees are wor... ❌
  🔄 苦難生智慧「物極必反」的哲學！#人生 #心理學 #煩惱 #認... ❌
  🔄 Four ways to quickly improve y... ❌
  🔄 如何挽救孩子的躺平和厭學？#松明  #煩惱 #親子 #婚姻 ... ❌
  📊 松明讲心理: 0✅ 15❌
  📊 總計: 成功:0 失敗:15

============================================================
✅ 完成! 時間: 05:02:13
============================================================
>>> Round done at Fri Mar 27 05:02:13 CST 2026. last_channel_index=5
============================================================
🚀 知識庫爬蟲（kd subtitles 專用）- 05:02:16
============================================================

📺 [6/9] 超真實商談
  ✅ 無新影片

📺 [7/9] Cofit211
  🔄 【頻道會員專屬】腦科學權威：你擁有「重塑大腦」的能力，人生隨... ❌
  🔄 這動作能緩解腰痠背痛？科學實證：真的有用｜初日診所 魏士航醫... ❌
  🔄 [Channel Member Exclusive] Inv... ❌
  🔄 [Channel Member Exclusive] Sta... ❌
  📊 Cofit211: 0✅ 4❌
  📊 總計: 成功:0 失敗:4

============================================================
✅ 完成! 時間: 05:02:57
============================================================
>>> Round done at Fri Mar 27 05:02:57 CST 2026. last_channel_index=7
============================================================
🚀 知識庫爬蟲（kd subtitles 專用）- 05:03:00
============================================================

📺 [8/9] 泛科學
  ✅ 無新影片

📺 [9/9] 泛科學院
  🔄 公開Gemini 3.1 Pro 六大功能！不是工程師也能寫... ❌
  🔄 [2026 Best AI Subscription Gui... ❌
  🔄 Stop using AI to copy and past... ❌
  🔄 [AI Teaching Notes | YouTube C... ❌
  📊 泛科學院: 0✅ 4❌
  📊 總計: 成功:0 失敗:4

============================================================
✅ 完成! 時間: 05:03:43
============================================================
>>> Round done at Fri Mar 27 05:03:43 CST 2026. last_channel_index=0
============================================================
🚀 知識庫爬蟲（kd subtitles 專用）- 05:03:46
============================================================

📺 [1/9] 胡乃文开播
  🔄 她雙腿癢2個月竟是肝出大問題！換季皮膚就癢癢，按2大穴止癢，... ❌
  🔄 不讓醫師演戲真的太可惜！喝這1杯花茶，血壓穩下來，眼睛不花了... ❌
  🔄 血壓總是早上5點-8點高，吃降血壓藥也不管用怎麼辦？｜胡乃文... ❌
  🔄 💖粉絲問什麼？胡太太逗趣提問，胡醫師親解答！胡乃文開講會員專... ❌
  🔄 {沒看到太可惜！醫師爆笑模仿蔣部長，全場笑翻｜胡乃文開講會員... ❌
  🔄 { 會員Q&A } 急救時先別亂按！極泉穴、人中穴，其實很多... ❌
  🔄 關於食用油對膽結石和便秘的問題｜胡乃文開講會員專屬7 ❌
  🔄 翻轉糖尿病迷思！為什麼糖尿病反而要吃米飯才會好！3個簡單運動... ❌
  📊 胡乃文开播: 0✅ 8❌
  📊 總計: 成功:0 失敗:8

============================================================
✅ 完成! 時間: 05:04:54
============================================================
>>> Round done at Fri Mar 27 05:04:54 CST 2026. last_channel_index=1
============================================================
🚀 知識庫爬蟲（kd subtitles 專用）- 05:04:57
============================================================

📺 [2/9] 柏格醫生中文
  🔄 超市60%包裝食品都含這隱藏成分！乳化劑悄悄損害腸道健康與大... ❌
  🔄 癌症根本不是基因突變！柏格醫生：只要做對這30件事，從「粒線... ❌
  🔄 頭前傾2.5公分加重4.5公斤！柏格醫生教你每晚幾分鐘快速矯... ❌
  🔄 戒不掉糖、菸、色情、社媒？柏格醫生教你：NAC + 鎂 + ... ❌
  🔄 別再吃麵包了！就算0糖也比砂糖更害血糖飆升，無麩質、全麥全是... ❌
  🔄 失眠毀掉我生活!! 助睡眠和保健肝功能的營養,柏格醫生 Dr... ❌
  🔄 養成這7個習慣，胰島素直降、脂肪狂燒！不餓不節食，輕鬆達到最... ❌
  🔄 最佳伸展筋膜,能消炎、助眠、不僵硬! 減壓！自然療法,柏格醫... ❌
  🔄 生酮飲食會傷腎？柏格醫生揭真相：高糖高胰島素才是腎臟殺手！（... ❌
  🔄 戒不掉糖、菸、色情、社媒？柏格醫生教你：NAC + 鎂 + ... ❌
  🔄 心悸、胸悶、頭暈竟是缺鎂惹的禍？5大原因＋高鎂食物一次看 ❌
  📊 柏格醫生中文: 0✅ 11❌
  📊 總計: 成功:0 失敗:11

============================================================
✅ 完成! 時間: 05:07:06
============================================================
>>> Round done at Fri Mar 27 05:07:06 CST 2026. last_channel_index=2
============================================================
🚀 知識庫爬蟲（kd subtitles 專用）- 05:07:09
============================================================

📺 [3/9] Dr.HuangAmin
  🔄 睡覺狂打呼，口腔肌少症找上門！教你練舌肌力！feat.黃斌洋... ❌
  🔄 你靠吃「某些食物」才想大便，不正常！？必吃3種食物養腸道！｜... ❌
  🔄 手抬不起來，竟跟腸胃有關？內臟卡卡，手也會被扯住！｜功操大全 ❌
  🔄 轉頭就痛！頸因性頭痛，真正的原因在手部！？｜功操大全 ❌
  🔄 骨盆前傾一招練回正臀！檢測你有沒有假翹臀！｜功操大全 ❌
  🔄 你的身體會替情緒說話？什麼是身心學？feat.趙耕樂身心療癒... ❌
  🔄 別再硬按！淋巴塞，痠痛來！帶你一起疏通淋巴｜功操大全 ❌
  🔄 烏龜頸，脖子前傾的真相！搞錯原因復健還是凸！｜功操大全 ❌
  🔄 床墊、枕頭選錯你就痛！睡姿問題一次解！｜功操大全 ❌
  🔄 常常聳肩！你的腸胃、鎖骨卡住肩！｜迷思破解 ❌
  🔄 身體失調！月經亂、變胖竟是身體太冷！？feat.內科李琪醫師... ❌
  🔄 膝蓋痛，關鍵在骨盆、腳底的影響！｜迷思破解 ❌
  🔄 圓肩，全因你手指沒力氣？｜迷思破解 ❌
  🔄 消水腫！先清除體內垃圾｜迷思破解 ❌
  🔄 顳顎關節卡住的真正原因！｜功操大全 ❌
  📊 Dr.HuangAmin: 0✅ 15❌
  📊 總計: 成功:0 失敗:15

============================================================
✅ 完成! 時間: 05:09:18
============================================================
>>> Round done at Fri Mar 27 05:09:18 CST 2026. last_channel_index=3
============================================================
🚀 知識庫爬蟲（kd subtitles 專用）- 05:09:21
============================================================

📺 [4/9] 周慕姿放心說
  🔄 你不是廢，是太焦慮！撕下懶惰標籤，接住卡住的自己｜Ft.李東... ❌
  📊 周慕姿放心說: 0✅ 1❌
  📊 總計: 成功:0 失敗:1

============================================================
✅ 完成! 時間: 05:09:40
============================================================
>>> Round done at Fri Mar 27 05:09:40 CST 2026. last_channel_index=4
============================================================
🚀 知識庫爬蟲（kd subtitles 專用）- 05:09:43
============================================================

📺 [5/9] 松明讲心理
  🔄 Depression is a slow betrayal ... ❌
  🔄 愛操心的人，其實最孤單！#人生 #心理學 #煩惱 #認知 #... ❌
  🔄 Learn to make choices so your ... ❌
  🔄 看清選擇背後的三大陷阱，做出更清晰的人生決策！#朋友 #人際... ❌
  🔄 The power of choice: Living yo... ❌
  🔄 Long-distance relationships ar... ❌
  🔄 內心強大到可怕的10種心境！#人生 #心理學 #煩惱 #認知... ❌
  🔄 當恨佔滿了心，親密就進不來！#情感 #愛情 #戀愛 #離婚 ... ❌
  🔄 3句話學會放下執著、停止內耗，走向內在的力量！#人生 #心理... ❌
  🔄 原諒出軌，是救贖還是折磨？#情感 #愛情 #戀愛 #離婚  ... ❌
  🔄 女人最該守住的三重分寸感！#情感 #愛情 #戀愛 #離婚  ... ❌
  🔄 Whether your employees are wor... ❌
  🔄 苦難生智慧「物極必反」的哲學！#人生 #心理學 #煩惱 #認... ❌
  🔄 Four ways to quickly improve y... ❌
  🔄 如何挽救孩子的躺平和厭學？#松明  #煩惱 #親子 #婚姻 ... ❌
  📊 松明讲心理: 0✅ 15❌
  📊 總計: 成功:0 失敗:15

============================================================
✅ 完成! 時間: 05:11:54
============================================================
>>> Round done at Fri Mar 27 05:11:55 CST 2026. last_channel_index=5
============================================================
🚀 知識庫爬蟲（kd subtitles 專用）- 05:11:58
============================================================

📺 [6/9] 超真實商談
  ✅ 無新影片

📺 [7/9] Cofit211
  🔄 【頻道會員專屬】腦科學權威：你擁有「重塑大腦」的能力，人生隨... ❌
  🔄 這動作能緩解腰痠背痛？科學實證：真的有用｜初日診所 魏士航醫... ❌
  🔄 [Channel Member Exclusive] Inv... ❌
  🔄 [Channel Member Exclusive] Sta... ❌
  📊 Cofit211: 0✅ 4❌
  📊 總計: 成功:0 失敗:4

============================================================
✅ 完成! 時間: 05:12:36
============================================================
>>> Round done at Fri Mar 27 05:12:36 CST 2026. last_channel_index=7
============================================================
🚀 知識庫爬蟲（kd subtitles 專用）- 05:12:39
============================================================

📺 [8/9] 泛科學
  ✅ 無新影片

📺 [9/9] 泛科學院
  🔄 公開Gemini 3.1 Pro 六大功能！不是工程師也能寫... ❌
  🔄 [2026 Best AI Subscription Gui... ❌
  🔄 Stop using AI to copy and past... ❌
  🔄 [AI Teaching Notes | YouTube C... ❌
  📊 泛科學院: 0✅ 4❌
  📊 總計: 成功:0 失敗:4

============================================================
✅ 完成! 時間: 05:13:24
============================================================
>>> Round done at Fri Mar 27 05:13:24 CST 2026. last_channel_index=0
============================================================
🚀 知識庫爬蟲（kd subtitles 專用）- 05:13:27
============================================================

📺 [1/9] 胡乃文开播
  🔄 她雙腿癢2個月竟是肝出大問題！換季皮膚就癢癢，按2大穴止癢，... ❌
  🔄 不讓醫師演戲真的太可惜！喝這1杯花茶，血壓穩下來，眼睛不花了... ❌
  🔄 血壓總是早上5點-8點高，吃降血壓藥也不管用怎麼辦？｜胡乃文... ❌
  🔄 💖粉絲問什麼？胡太太逗趣提問，胡醫師親解答！胡乃文開講會員專... ❌
  🔄 {沒看到太可惜！醫師爆笑模仿蔣部長，全場笑翻｜胡乃文開講會員... ❌
  🔄 { 會員Q&A } 急救時先別亂按！極泉穴、人中穴，其實很多... ❌
  🔄 關於食用油對膽結石和便秘的問題｜胡乃文開講會員專屬7 ❌
  🔄 翻轉糖尿病迷思！為什麼糖尿病反而要吃米飯才會好！3個簡單運動... ❌
  📊 胡乃文开播: 0✅ 8❌
  📊 總計: 成功:0 失敗:8

============================================================
✅ 完成! 時間: 05:14:39
============================================================
>>> Round done at Fri Mar 27 05:14:39 CST 2026. last_channel_index=1
============================================================
🚀 知識庫爬蟲（kd subtitles 專用）- 05:14:43
============================================================

📺 [2/9] 柏格醫生中文
  🔄 垃圾食品隱藏乳化劑像洗碗精！破壞腸道黏液層導致腸漏，柏格醫生... ❌
  🔄 如何永久遠離癌症？柏格醫生破解「癌細胞」弱點，30招從根本打... ❌
  🔄 頭前傾2.5公分加重4.5公斤！柏格醫生教你每晚幾分鐘快速矯... ❌
  🔄 戒不掉糖、菸、色情、社媒？柏格醫生教你：NAC + 鎂 + ... ❌
  🔄 麵包真正毒物不是麩質！血糖暴衝、胰島素阻抗元兇曝光，戒掉後該... ❌
  🔄 失眠毀掉我生活!! 助睡眠和保健肝功能的營養,柏格醫生 Dr... ❌
  🔄 養成這7個習慣，胰島素直降、脂肪狂燒！不餓不節食，輕鬆達到最... ❌
  🔄 最佳伸展筋膜,能消炎、助眠、不僵硬! 減壓！自然療法,柏格醫... ❌
  🔄 柏格醫生：生酮飲食保護腎臟的4大秘訣！多囊腎病、糖尿病腎損傷... ❌
  🔄 戒不掉糖、菸、色情、社媒？柏格醫生教你：NAC + 鎂 + ... ❌
  🔄 心悸、胸悶、頭暈竟是缺鎂惹的禍？5大原因＋高鎂食物一次看 ❌
  📊 柏格醫生中文: 0✅ 11❌
  📊 總計: 成功:0 失敗:11

============================================================
✅ 完成! 時間: 05:16:52
============================================================
>>> Round done at Fri Mar 27 05:16:52 CST 2026. last_channel_index=2
============================================================
🚀 知識庫爬蟲（kd subtitles 專用）- 05:16:55
============================================================

📺 [3/9] Dr.HuangAmin
  🔄 睡覺狂打呼，口腔肌少症找上門！教你練舌肌力！feat.黃斌洋... ❌
  🔄 你靠吃「某些食物」才想大便，不正常！？必吃3種食物養腸道！｜... ❌
  🔄 手抬不起來，竟跟腸胃有關？內臟卡卡，手也會被扯住！｜功操大全 ❌
  🔄 轉頭就痛！頸因性頭痛，真正的原因在手部！？｜功操大全 ❌
  🔄 骨盆前傾一招練回正臀！檢測你有沒有假翹臀！｜功操大全 ❌
  🔄 你的身體會替情緒說話？什麼是身心學？feat.趙耕樂身心療癒... ❌
  🔄 別再硬按！淋巴塞，痠痛來！帶你一起疏通淋巴｜功操大全 ❌
  🔄 烏龜頸，脖子前傾的真相！搞錯原因復健還是凸！｜功操大全 ❌
  🔄 床墊、枕頭選錯你就痛！睡姿問題一次解！｜功操大全 ❌
  🔄 常常聳肩！你的腸胃、鎖骨卡住肩！｜迷思破解 ❌
  🔄 身體失調！月經亂、變胖竟是身體太冷！？feat.內科李琪醫師... ❌
  🔄 膝蓋痛，關鍵在骨盆、腳底的影響！｜迷思破解 ❌
  🔄 圓肩，全因你手指沒力氣？｜迷思破解 ❌
  🔄 消水腫！先清除體內垃圾｜迷思破解 ❌
  🔄 顳顎關節卡住的真正原因！｜功操大全 ❌
  📊 Dr.HuangAmin: 0✅ 15❌
  📊 總計: 成功:0 失敗:15

============================================================
✅ 完成! 時間: 05:19:08
============================================================
>>> Round done at Fri Mar 27 05:19:08 CST 2026. last_channel_index=3
============================================================
🚀 知識庫爬蟲（kd subtitles 專用）- 05:19:11
============================================================

📺 [4/9] 周慕姿放心說
  🔄 你不是廢，是太焦慮！撕下懶惰標籤，接住卡住的自己｜Ft.李東... ❌
  📊 周慕姿放心說: 0✅ 1❌
  📊 總計: 成功:0 失敗:1

============================================================
✅ 完成! 時間: 05:19:33
============================================================
>>> Round done at Fri Mar 27 05:19:33 CST 2026. last_channel_index=4
============================================================
🚀 知識庫爬蟲（kd subtitles 專用）- 05:19:36
============================================================

📺 [5/9] 松明讲心理
  🔄 Depression is a slow betrayal ... ❌
  🔄 愛操心的人，其實最孤單！#人生 #心理學 #煩惱 #認知 #... ❌
  🔄 Learn to make choices so your ... ❌
  🔄 看清選擇背後的三大陷阱，做出更清晰的人生決策！#朋友 #人際... ❌
  🔄 The power of choice: Living yo... ❌
  🔄 Long-distance relationships ar... ❌
  🔄 內心強大到可怕的10種心境！#人生 #心理學 #煩惱 #認知... ❌
  🔄 當恨佔滿了心，親密就進不來！#情感 #愛情 #戀愛 #離婚 ... ❌
  🔄 3句話學會放下執著、停止內耗，走向內在的力量！#人生 #心理... ❌
  🔄 原諒出軌，是救贖還是折磨？#情感 #愛情 #戀愛 #離婚  ... ❌
  🔄 女人最該守住的三重分寸感！#情感 #愛情 #戀愛 #離婚  ... ❌
  🔄 Whether your employees are wor... ❌
  🔄 苦難生智慧「物極必反」的哲學！#人生 #心理學 #煩惱 #認... ❌
  🔄 Four ways to quickly improve y... ❌
  🔄 如何挽救孩子的躺平和厭學？#松明  #煩惱 #親子 #婚姻 ... ❌
  📊 松明讲心理: 0✅ 15❌
  📊 總計: 成功:0 失敗:15

============================================================
✅ 完成! 時間: 05:21:47
============================================================
>>> Round done at Fri Mar 27 05:21:47 CST 2026. last_channel_index=5
============================================================
🚀 知識庫爬蟲（kd subtitles 專用）- 05:21:50
============================================================

📺 [6/9] 超真實商談
  ✅ 無新影片

📺 [7/9] Cofit211
  🔄 【頻道會員專屬】腦科學權威：你擁有「重塑大腦」的能力，人生隨... ❌
  🔄 這動作能緩解腰痠背痛？科學實證：真的有用｜初日診所 魏士航醫... ❌
  🔄 [Channel Member Exclusive] Inv... ❌
  🔄 [Channel Member Exclusive] Sta... ❌
  📊 Cofit211: 0✅ 4❌
  📊 總計: 成功:0 失敗:4

============================================================
✅ 完成! 時間: 05:22:31
============================================================
>>> Round done at Fri Mar 27 05:22:31 CST 2026. last_channel_index=7
============================================================
🚀 知識庫爬蟲（kd subtitles 專用）- 05:22:34
============================================================

📺 [8/9] 泛科學
  ✅ 無新影片

📺 [9/9] 泛科學院
  🔄 公開Gemini 3.1 Pro 六大功能！不是工程師也能寫... ❌
  🔄 [2026 Best AI Subscription Gui... ❌
  🔄 Stop using AI to copy and past... ❌
  🔄 [AI Teaching Notes | YouTube C... ❌
  📊 泛科學院: 0✅ 4❌
  📊 總計: 成功:0 失敗:4

============================================================
✅ 完成! 時間: 05:23:18
============================================================
>>> Round done at Fri Mar 27 05:23:18 CST 2026. last_channel_index=0
============================================================
🚀 知識庫爬蟲（kd subtitles 專用）- 05:23:21
============================================================

📺 [1/9] 胡乃文开播
  🔄 注意！她癢2個月查出是肝癌！春季濕疹大爆發，按2穴止癢，戒3... ❌
  🔄 不讓醫師演戲真的太可惜！喝這1杯花茶，血壓穩下來，眼睛不花了... ❌
  🔄 血壓總是早上5點-8點高，吃降血壓藥也不管用怎麼辦？｜胡乃文... ❌
  🔄 💖粉絲問什麼？胡太太逗趣提問，胡醫師親解答！胡乃文開講會員專... ❌
  🔄 {沒看到太可惜！醫師爆笑模仿蔣部長，全場笑翻｜胡乃文開講會員... ❌
  🔄 { 會員Q&A } 急救時先別亂按！極泉穴、人中穴，其實很多... ❌
  🔄 關於食用油對膽結石和便秘的問題｜胡乃文開講會員專屬7 ❌
  🔄 翻轉糖尿病迷思！為什麼糖尿病反而要吃米飯才會好！3個簡單運動... ❌
  📊 胡乃文开播: 0✅ 8❌
  📊 總計: 成功:0 失敗:8

============================================================
✅ 完成! 時間: 05:24:31
============================================================
>>> Round done at Fri Mar 27 05:24:31 CST 2026. last_channel_index=1
============================================================
🚀 知識庫爬蟲（kd subtitles 專用）- 05:24:34
============================================================

📺 [2/9] 柏格醫生中文
  🔄 超市60%包裝食品都含這隱藏成分！乳化劑悄悄損害腸道健康與大... ❌
  🔄 癌症根本不是基因突變！柏格醫生：只要做對這30件事，從「粒線... ❌
  🔄 頭前傾2.5公分加重4.5公斤！柏格醫生教你每晚幾分鐘快速矯... ❌
  🔄 戒不掉糖、菸、色情、社媒？柏格醫生教你：NAC + 鎂 + ... ✅ (31596字)
  🔄 麵包真正毒物不是麩質！血糖暴衝、胰島素阻抗元兇曝光，戒掉後該... ❌
  🔄 失眠毀掉我生活!! 助睡眠和保健肝功能的營養,柏格醫生 Dr... ❌
  🔄 養成這7個習慣，胰島素直降、脂肪狂燒！不餓不節食，輕鬆達到最... ❌
  🔄 最佳伸展筋膜,能消炎、助眠、不僵硬! 減壓！自然療法,柏格醫... ❌
  🔄 生酮飲食會傷腎？柏格醫生揭真相：高糖高胰島素才是腎臟殺手！（... ❌
  🔄 戒不掉糖、菸、色情、社媒？柏格醫生教你：NAC + 鎂 + ... ❌
  🔄 心悸、胸悶、頭暈竟是缺鎂惹的禍？5大原因＋高鎂食物一次看 ❌
  📊 柏格醫生中文: 1✅ 10❌
  📊 總計: 成功:1 失敗:10

============================================================
✅ 完成! 時間: 05:26:40
============================================================
>>> Round done at Fri Mar 27 05:26:40 CST 2026. last_channel_index=2
============================================================
🚀 知識庫爬蟲（kd subtitles 專用）- 05:26:43
============================================================

📺 [3/9] Dr.HuangAmin
  🔄 睡覺狂打呼，口腔肌少症找上門！教你練舌肌力！feat.黃斌洋... ❌
  🔄 你靠吃「某些食物」才想大便，不正常！？必吃3種食物養腸道！｜... ❌
  🔄 手抬不起來，竟跟腸胃有關？內臟卡卡，手也會被扯住！｜功操大全 ❌
  🔄 轉頭就痛！頸因性頭痛，真正的原因在手部！？｜功操大全 ❌
  🔄 骨盆前傾一招練回正臀！檢測你有沒有假翹臀！｜功操大全 ❌
  🔄 你的身體會替情緒說話？什麼是身心學？feat.趙耕樂身心療癒... ❌
  🔄 別再硬按！淋巴塞，痠痛來！帶你一起疏通淋巴｜功操大全 ❌
  🔄 烏龜頸，脖子前傾的真相！搞錯原因復健還是凸！｜功操大全 ❌
  🔄 床墊、枕頭選錯你就痛！睡姿問題一次解！｜功操大全 ❌
  🔄 常常聳肩！你的腸胃、鎖骨卡住肩！｜迷思破解 ❌
  🔄 身體失調！月經亂、變胖竟是身體太冷！？feat.內科李琪醫師... ❌
  🔄 膝蓋痛，關鍵在骨盆、腳底的影響！｜迷思破解 ❌
  🔄 圓肩，全因你手指沒力氣？｜迷思破解 ❌
  🔄 消水腫！先清除體內垃圾｜迷思破解 ❌
  🔄 顳顎關節卡住的真正原因！｜功操大全 ❌
  📊 Dr.HuangAmin: 0✅ 15❌
  📊 總計: 成功:0 失敗:15

============================================================
✅ 完成! 時間: 05:28:49
============================================================
>>> Round done at Fri Mar 27 05:28:49 CST 2026. last_channel_index=3
============================================================
🚀 知識庫爬蟲（kd subtitles 專用）- 05:28:52
============================================================

📺 [4/9] 周慕姿放心說
  🔄 你不是廢，是太焦慮！撕下懶惰標籤，接住卡住的自己｜Ft.李東... ❌
  📊 周慕姿放心說: 0✅ 1❌
  📊 總計: 成功:0 失敗:1

============================================================
✅ 完成! 時間: 05:29:13
============================================================
>>> Round done at Fri Mar 27 05:29:13 CST 2026. last_channel_index=4
============================================================
🚀 知識庫爬蟲（kd subtitles 專用）- 05:29:16
============================================================

📺 [5/9] 松明讲心理
  🔄 Depression is a slow betrayal ... ❌
  🔄 愛操心的人，其實最孤單！#人生 #心理學 #煩惱 #認知 #... ❌
  🔄 Learn to make choices so your ... ❌
  🔄 看清選擇背後的三大陷阱，做出更清晰的人生決策！#朋友 #人際... ❌
  🔄 The power of choice: Living yo... ❌
  🔄 Long-distance relationships ar... ❌
  🔄 內心強大到可怕的10種心境！#人生 #心理學 #煩惱 #認知... ❌
  🔄 當恨佔滿了心，親密就進不來！#情感 #愛情 #戀愛 #離婚 ... ❌
  🔄 3句話學會放下執著、停止內耗，走向內在的力量！#人生 #心理... ❌
  🔄 原諒出軌，是救贖還是折磨？#情感 #愛情 #戀愛 #離婚  ... ❌
  🔄 女人最該守住的三重分寸感！#情感 #愛情 #戀愛 #離婚  ... ❌
  🔄 Whether your employees are wor... ❌
  🔄 苦難生智慧「物極必反」的哲學！#人生 #心理學 #煩惱 #認... ❌
  🔄 Four ways to quickly improve y... ❌
  🔄 如何挽救孩子的躺平和厭學？#松明  #煩惱 #親子 #婚姻 ... ❌
  📊 松明讲心理: 0✅ 15❌
  📊 總計: 成功:0 失敗:15

============================================================
✅ 完成! 時間: 05:31:25
============================================================
>>> Round done at Fri Mar 27 05:31:25 CST 2026. last_channel_index=5
============================================================
🚀 知識庫爬蟲（kd subtitles 專用）- 05:31:28
============================================================

📺 [6/9] 超真實商談
  ✅ 無新影片

📺 [7/9] Cofit211
  🔄 【頻道會員專屬】腦科學權威：你擁有「重塑大腦」的能力，人生隨... ❌
  🔄 這動作能緩解腰痠背痛？科學實證：真的有用｜初日診所 魏士航醫... ❌
  🔄 [Channel Member Exclusive] Inv... ❌
  🔄 [Channel Member Exclusive] Sta... ❌
  📊 Cofit211: 0✅ 4❌
  📊 總計: 成功:0 失敗:4

============================================================
✅ 完成! 時間: 05:32:12
============================================================
>>> Round done at Fri Mar 27 05:32:12 CST 2026. last_channel_index=7
============================================================
🚀 知識庫爬蟲（kd subtitles 專用）- 05:32:15
============================================================

📺 [8/9] 泛科學
  ✅ 無新影片

📺 [9/9] 泛科學院
  🔄 公開Gemini 3.1 Pro 六大功能！不是工程師也能寫... ❌
  🔄 [2026 Best AI Subscription Gui... ❌
  🔄 Stop using AI to copy and past... ❌
  🔄 [AI Teaching Notes | YouTube C... ❌
  📊 泛科學院: 0✅ 4❌
  📊 總計: 成功:0 失敗:4

============================================================
✅ 完成! 時間: 05:32:59
============================================================
>>> Round done at Fri Mar 27 05:33:00 CST 2026. last_channel_index=0
============================================================
🚀 知識庫爬蟲（kd subtitles 專用）- 05:33:03
============================================================

📺 [1/9] 胡乃文开播
  🔄 地瓜葉菊花茶讓濕疹好得快，但你吃對了嗎？她雙腿癢2個月竟是肝... ❌
  🔄 不讓醫師演戲真的太可惜！喝這1杯花茶，血壓穩下來，眼睛不花了... ❌
  🔄 血壓總是早上5點-8點高，吃降血壓藥也不管用怎麼辦？｜胡乃文... ❌
  🔄 💖粉絲問什麼？胡太太逗趣提問，胡醫師親解答！胡乃文開講會員專... ❌
  🔄 {沒看到太可惜！醫師爆笑模仿蔣部長，全場笑翻｜胡乃文開講會員... ❌
  🔄 { 會員Q&A } 急救時先別亂按！極泉穴、人中穴，其實很多... ❌
  🔄 關於食用油對膽結石和便秘的問題｜胡乃文開講會員專屬7 ❌
  🔄 翻轉糖尿病迷思！為什麼糖尿病反而要吃米飯才會好！3個簡單運動... ❌
  📊 胡乃文开播: 0✅ 8❌
  📊 總計: 成功:0 失敗:8

============================================================
✅ 完成! 時間: 05:34:08
============================================================
>>> Round done at Fri Mar 27 05:34:08 CST 2026. last_channel_index=1
============================================================
🚀 知識庫爬蟲（kd subtitles 專用）- 05:34:11
============================================================

📺 [2/9] 柏格醫生中文
  🔄 垃圾食品隱藏乳化劑像洗碗精！破壞腸道黏液層導致腸漏，柏格醫生... ❌
  🔄 【柏格醫生】癌症研究70年都錯了？揭開致癌真相與30個科學防... ❌
  🔄 頭前傾2.5公分加重4.5公斤！柏格醫生教你每晚幾分鐘快速矯... ❌
  🔄 別再吃麵包了！就算0糖也比砂糖更害血糖飆升，無麩質、全麥全是... ❌
  🔄 失眠毀掉我生活!! 助睡眠和保健肝功能的營養,柏格醫生 Dr... ❌
  🔄 養成這7個習慣，胰島素直降、脂肪狂燒！不餓不節食，輕鬆達到最... ❌
  🔄 最佳伸展筋膜,能消炎、助眠、不僵硬! 減壓！自然療法,柏格醫... ❌
  🔄 柏格醫生：生酮飲食保護腎臟的4大秘訣！多囊腎病、糖尿病腎損傷... ❌
  🔄 戒不掉糖、菸、色情、社媒？柏格醫生教你：NAC + 鎂 + ... ❌
  🔄 心悸、胸悶、頭暈竟是缺鎂惹的禍？5大原因＋高鎂食物一次看 ❌
  📊 柏格醫生中文: 0✅ 10❌
  📊 總計: 成功:0 失敗:10

============================================================
✅ 完成! 時間: 05:36:13
============================================================
>>> Round done at Fri Mar 27 05:36:13 CST 2026. last_channel_index=2
============================================================
🚀 知識庫爬蟲（kd subtitles 專用）- 05:36:16
============================================================

📺 [3/9] Dr.HuangAmin
  🔄 睡覺狂打呼，口腔肌少症找上門！教你練舌肌力！feat.黃斌洋... ❌
  🔄 你靠吃「某些食物」才想大便，不正常！？必吃3種食物養腸道！｜... ❌
  🔄 手抬不起來，竟跟腸胃有關？內臟卡卡，手也會被扯住！｜功操大全 ❌
  🔄 轉頭就痛！頸因性頭痛，真正的原因在手部！？｜功操大全 ❌
  🔄 骨盆前傾一招練回正臀！檢測你有沒有假翹臀！｜功操大全 ❌
  🔄 你的身體會替情緒說話？什麼是身心學？feat.趙耕樂身心療癒... ❌
  🔄 別再硬按！淋巴塞，痠痛來！帶你一起疏通淋巴｜功操大全 ❌
  🔄 烏龜頸，脖子前傾的真相！搞錯原因復健還是凸！｜功操大全 ❌
  🔄 床墊、枕頭選錯你就痛！睡姿問題一次解！｜功操大全 ❌
  🔄 常常聳肩！你的腸胃、鎖骨卡住肩！｜迷思破解 ❌
  🔄 身體失調！月經亂、變胖竟是身體太冷！？feat.內科李琪醫師... ❌
  🔄 膝蓋痛，關鍵在骨盆、腳底的影響！｜迷思破解 ❌
  🔄 圓肩，全因你手指沒力氣？｜迷思破解 ❌
  🔄 消水腫！先清除體內垃圾｜迷思破解 ❌
  🔄 顳顎關節卡住的真正原因！｜功操大全 ❌
  📊 Dr.HuangAmin: 0✅ 15❌
  📊 總計: 成功:0 失敗:15

============================================================
✅ 完成! 時間: 05:38:27
============================================================
>>> Round done at Fri Mar 27 05:38:27 CST 2026. last_channel_index=3
============================================================
🚀 知識庫爬蟲（kd subtitles 專用）- 05:38:30
============================================================

📺 [4/9] 周慕姿放心說
  🔄 你不是廢，是太焦慮！撕下懶惰標籤，接住卡住的自己｜Ft.李東... ❌
  📊 周慕姿放心說: 0✅ 1❌
  📊 總計: 成功:0 失敗:1

============================================================
✅ 完成! 時間: 05:38:53
============================================================
>>> Round done at Fri Mar 27 05:38:53 CST 2026. last_channel_index=4
============================================================
🚀 知識庫爬蟲（kd subtitles 專用）- 05:38:56
============================================================

📺 [5/9] 松明讲心理
  🔄 Depression is a slow betrayal ... ❌
  🔄 愛操心的人，其實最孤單！#人生 #心理學 #煩惱 #認知 #... ❌
  🔄 Learn to make choices so your ... ❌
  🔄 看清選擇背後的三大陷阱，做出更清晰的人生決策！#朋友 #人際... ❌
  🔄 The power of choice: Living yo... ❌
  🔄 Long-distance relationships ar... ❌
  🔄 內心強大到可怕的10種心境！#人生 #心理學 #煩惱 #認知... ❌
  🔄 當恨佔滿了心，親密就進不來！#情感 #愛情 #戀愛 #離婚 ... ❌
  🔄 3句話學會放下執著、停止內耗，走向內在的力量！#人生 #心理... ❌
  🔄 原諒出軌，是救贖還是折磨？#情感 #愛情 #戀愛 #離婚  ... ❌
  🔄 女人最該守住的三重分寸感！#情感 #愛情 #戀愛 #離婚  ... ❌
  🔄 Whether your employees are wor... ❌
  🔄 苦難生智慧「物極必反」的哲學！#人生 #心理學 #煩惱 #認... ❌
  🔄 Four ways to quickly improve y... ❌
  🔄 如何挽救孩子的躺平和厭學？#松明  #煩惱 #親子 #婚姻 ... ❌
  📊 松明讲心理: 0✅ 15❌
  📊 總計: 成功:0 失敗:15

============================================================
✅ 完成! 時間: 05:40:56
============================================================
>>> Round done at Fri Mar 27 05:40:56 CST 2026. last_channel_index=5
============================================================
🚀 知識庫爬蟲（kd subtitles 專用）- 05:40:59
============================================================

📺 [6/9] 超真實商談
  ✅ 無新影片

📺 [7/9] Cofit211
  🔄 【頻道會員專屬】腦科學權威：你擁有「重塑大腦」的能力，人生隨... ❌
  🔄 這動作能緩解腰痠背痛？科學實證：真的有用｜初日診所 魏士航醫... ❌
  🔄 [Channel Member Exclusive] Inv... ❌
  🔄 [Channel Member Exclusive] Sta... ❌
  📊 Cofit211: 0✅ 4❌
  📊 總計: 成功:0 失敗:4

============================================================
✅ 完成! 時間: 05:41:43
============================================================
>>> Round done at Fri Mar 27 05:41:43 CST 2026. last_channel_index=7
============================================================
🚀 知識庫爬蟲（kd subtitles 專用）- 05:41:46
============================================================

📺 [8/9] 泛科學
  ✅ 無新影片

📺 [9/9] 泛科學院
  🔄 公開Gemini 3.1 Pro 六大功能！不是工程師也能寫... ❌
  🔄 [2026 Best AI Subscription Gui... ❌
  🔄 Stop using AI to copy and past... ❌
  🔄 [AI Teaching Notes | YouTube C... ❌
  📊 泛科學院: 0✅ 4❌
  📊 總計: 成功:0 失敗:4

============================================================
✅ 完成! 時間: 05:42:30
============================================================
>>> Round done at Fri Mar 27 05:42:30 CST 2026. last_channel_index=0
============================================================
🚀 知識庫爬蟲（kd subtitles 專用）- 05:42:33
============================================================

📺 [1/9] 胡乃文开播
  🔄 注意！她癢2個月查出是肝癌！春季濕疹大爆發，按2穴止癢，戒3... ❌
  🔄 不讓醫師演戲真的太可惜！喝這1杯花茶，血壓穩下來，眼睛不花了... ❌
  🔄 血壓總是早上5點-8點高，吃降血壓藥也不管用怎麼辦？｜胡乃文... ❌
  🔄 💖粉絲問什麼？胡太太逗趣提問，胡醫師親解答！胡乃文開講會員專... ❌
  🔄 {沒看到太可惜！醫師爆笑模仿蔣部長，全場笑翻｜胡乃文開講會員... ❌
  🔄 { 會員Q&A } 急救時先別亂按！極泉穴、人中穴，其實很多... ❌
  🔄 關於食用油對膽結石和便秘的問題｜胡乃文開講會員專屬7 ❌
  🔄 翻轉糖尿病迷思！為什麼糖尿病反而要吃米飯才會好！3個簡單運動... ❌
  📊 胡乃文开播: 0✅ 8❌
  📊 總計: 成功:0 失敗:8

============================================================
✅ 完成! 時間: 05:43:44
============================================================
>>> Round done at Fri Mar 27 05:43:44 CST 2026. last_channel_index=1
============================================================
🚀 知識庫爬蟲（kd subtitles 專用）- 05:43:47
============================================================

📺 [2/9] 柏格醫生中文
  🔄 超市60%包裝食品都含這隱藏成分！乳化劑悄悄損害腸道健康與大... ❌
  🔄 癌症根本不是基因突變！柏格醫生：只要做對這30件事，從「粒線... ❌
  🔄 頭前傾2.5公分加重4.5公斤！柏格醫生教你每晚幾分鐘快速矯... ❌
  🔄 別再吃麵包了！就算0糖也比砂糖更害血糖飆升，無麩質、全麥全是... ❌
  🔄 失眠毀掉我生活!! 助睡眠和保健肝功能的營養,柏格醫生 Dr... ❌
  🔄 養成這7個習慣，胰島素直降、脂肪狂燒！不餓不節食，輕鬆達到最... ❌
  🔄 最佳伸展筋膜,能消炎、助眠、不僵硬! 減壓！自然療法,柏格醫... ❌
  🔄 生酮飲食會傷腎？柏格醫生揭真相：高糖高胰島素才是腎臟殺手！（... ❌
  🔄 戒不掉糖、菸、色情、社媒？柏格醫生教你：NAC + 鎂 + ... ❌
  🔄 心悸、胸悶、頭暈竟是缺鎂惹的禍？5大原因＋高鎂食物一次看 ❌
  📊 柏格醫生中文: 0✅ 10❌
  📊 總計: 成功:0 失敗:10

============================================================
✅ 完成! 時間: 05:45:43
============================================================
>>> Round done at Fri Mar 27 05:45:43 CST 2026. last_channel_index=2
============================================================
🚀 知識庫爬蟲（kd subtitles 專用）- 05:45:46
============================================================

📺 [3/9] Dr.HuangAmin
  🔄 睡覺狂打呼，口腔肌少症找上門！教你練舌肌力！feat.黃斌洋... ❌
  🔄 你靠吃「某些食物」才想大便，不正常！？必吃3種食物養腸道！｜... ❌
  🔄 手抬不起來，竟跟腸胃有關？內臟卡卡，手也會被扯住！｜功操大全 ❌
  🔄 轉頭就痛！頸因性頭痛，真正的原因在手部！？｜功操大全 ❌
  🔄 骨盆前傾一招練回正臀！檢測你有沒有假翹臀！｜功操大全 ❌
  🔄 你的身體會替情緒說話？什麼是身心學？feat.趙耕樂身心療癒... ❌
  🔄 別再硬按！淋巴塞，痠痛來！帶你一起疏通淋巴｜功操大全 ❌
  🔄 烏龜頸，脖子前傾的真相！搞錯原因復健還是凸！｜功操大全 ❌
  🔄 床墊、枕頭選錯你就痛！睡姿問題一次解！｜功操大全 ❌
  🔄 常常聳肩！你的腸胃、鎖骨卡住肩！｜迷思破解 ❌
  🔄 身體失調！月經亂、變胖竟是身體太冷！？feat.內科李琪醫師... ❌
  🔄 膝蓋痛，關鍵在骨盆、腳底的影響！｜迷思破解 ❌
  🔄 圓肩，全因你手指沒力氣？｜迷思破解 ❌
  🔄 消水腫！先清除體內垃圾｜迷思破解 ❌
  🔄 顳顎關節卡住的真正原因！｜功操大全 ❌
  📊 Dr.HuangAmin: 0✅ 15❌
  📊 總計: 成功:0 失敗:15

============================================================
✅ 完成! 時間: 05:48:01
============================================================
>>> Round done at Fri Mar 27 05:48:01 CST 2026. last_channel_index=3
============================================================
🚀 知識庫爬蟲（kd subtitles 專用）- 05:48:04
============================================================

📺 [4/9] 周慕姿放心說
  🔄 你不是廢，是太焦慮！撕下懶惰標籤，接住卡住的自己｜Ft.李東... ❌
  📊 周慕姿放心說: 0✅ 1❌
  📊 總計: 成功:0 失敗:1

============================================================
✅ 完成! 時間: 05:48:26
============================================================
>>> Round done at Fri Mar 27 05:48:26 CST 2026. last_channel_index=4
============================================================
🚀 知識庫爬蟲（kd subtitles 專用）- 05:48:29
============================================================

📺 [5/9] 松明讲心理
  🔄 Depression is a slow betrayal ... ❌
  🔄 愛操心的人，其實最孤單！#人生 #心理學 #煩惱 #認知 #... ❌
  🔄 Learn to make choices so your ... ❌
  🔄 看清選擇背後的三大陷阱，做出更清晰的人生決策！#朋友 #人際... ❌
  🔄 The power of choice: Living yo... ❌
  🔄 Long-distance relationships ar... ❌
  🔄 內心強大到可怕的10種心境！#人生 #心理學 #煩惱 #認知... ❌
  🔄 當恨佔滿了心，親密就進不來！#情感 #愛情 #戀愛 #離婚 ... ❌
  🔄 3句話學會放下執著、停止內耗，走向內在的力量！#人生 #心理... ❌
  🔄 原諒出軌，是救贖還是折磨？#情感 #愛情 #戀愛 #離婚  ... ❌
  🔄 女人最該守住的三重分寸感！#情感 #愛情 #戀愛 #離婚  ... ❌
  🔄 Whether your employees are wor... ❌
  🔄 苦難生智慧「物極必反」的哲學！#人生 #心理學 #煩惱 #認... ❌
  🔄 Four ways to quickly improve y... ❌
  🔄 如何挽救孩子的躺平和厭學？#松明  #煩惱 #親子 #婚姻 ... ❌
  📊 松明讲心理: 0✅ 15❌
  📊 總計: 成功:0 失敗:15

============================================================
✅ 完成! 時間: 05:50:35
============================================================
>>> Round done at Fri Mar 27 05:50:35 CST 2026. last_channel_index=5
============================================================
🚀 知識庫爬蟲（kd subtitles 專用）- 05:50:38
============================================================

📺 [6/9] 超真實商談
  ✅ 無新影片

📺 [7/9] Cofit211
  🔄 【頻道會員專屬】腦科學權威：你擁有「重塑大腦」的能力，人生隨... ❌
  🔄 這動作能緩解腰痠背痛？科學實證：真的有用｜初日診所 魏士航醫... ❌
  🔄 [Channel Member Exclusive] Inv... ❌
  🔄 [Channel Member Exclusive] Sta... ❌
  📊 Cofit211: 0✅ 4❌
  📊 總計: 成功:0 失敗:4

============================================================
✅ 完成! 時間: 05:51:15
============================================================
>>> Round done at Fri Mar 27 05:51:15 CST 2026. last_channel_index=7
============================================================
🚀 知識庫爬蟲（kd subtitles 專用）- 05:51:18
============================================================

📺 [8/9] 泛科學
  ✅ 無新影片

📺 [9/9] 泛科學院
  🔄 公開Gemini 3.1 Pro 六大功能！不是工程師也能寫... ❌
  🔄 [2026 Best AI Subscription Gui... ❌
  🔄 Stop using AI to copy and past... ❌
  🔄 [AI Teaching Notes | YouTube C... ❌
  📊 泛科學院: 0✅ 4❌
  📊 總計: 成功:0 失敗:4

============================================================
✅ 完成! 時間: 05:52:10
============================================================
>>> Round done at Fri Mar 27 05:52:10 CST 2026. last_channel_index=0
============================================================
🚀 知識庫爬蟲（kd subtitles 專用）- 05:52:13
============================================================

📺 [1/9] 胡乃文开播
  🔄 她雙腿癢2個月竟是肝出大問題！換季皮膚就癢癢，按2大穴止癢，... ❌
  🔄 不讓醫師演戲真的太可惜！喝這1杯花茶，血壓穩下來，眼睛不花了... ❌
  🔄 血壓總是早上5點-8點高，吃降血壓藥也不管用怎麼辦？｜胡乃文... ❌
  🔄 💖粉絲問什麼？胡太太逗趣提問，胡醫師親解答！胡乃文開講會員專... ❌
  🔄 {沒看到太可惜！醫師爆笑模仿蔣部長，全場笑翻｜胡乃文開講會員... ❌
  🔄 { 會員Q&A } 急救時先別亂按！極泉穴、人中穴，其實很多... ❌
  🔄 關於食用油對膽結石和便秘的問題｜胡乃文開講會員專屬7 ❌
  🔄 翻轉糖尿病迷思！為什麼糖尿病反而要吃米飯才會好！3個簡單運動... ❌
  📊 胡乃文开播: 0✅ 8❌
  📊 總計: 成功:0 失敗:8

============================================================
✅ 完成! 時間: 05:53:17
============================================================
>>> Round done at Fri Mar 27 05:53:17 CST 2026. last_channel_index=1
============================================================
🚀 知識庫爬蟲（kd subtitles 專用）- 05:53:21
============================================================

📺 [2/9] 柏格醫生中文
  🔄 乳化劑正毀壞你的腸道！藏在冰淇淋、沙拉醬、植物奶中，柏格醫生... ❌
  🔄 癌症根本不是基因突變！柏格醫生：只要做對這30件事，從「粒線... ❌
  🔄 頭前傾2.5公分加重4.5公斤！柏格醫生教你每晚幾分鐘快速矯... ❌
  🔄 麵包真正毒物不是麩質！血糖暴衝、胰島素阻抗元兇曝光，戒掉後該... ❌
  🔄 失眠毀掉我生活!! 助睡眠和保健肝功能的營養,柏格醫生 Dr... ❌
  🔄 養成這7個習慣，胰島素直降、脂肪狂燒！不餓不節食，輕鬆達到最... ❌
  🔄 最佳伸展筋膜,能消炎、助眠、不僵硬! 減壓！自然療法,柏格醫... ❌
  🔄 生酮飲食會傷腎？柏格醫生揭真相：高糖高胰島素才是腎臟殺手！（... ❌
  🔄 戒不掉糖、菸、色情、社媒？柏格醫生教你：NAC + 鎂 + ... ❌
  🔄 心悸、胸悶、頭暈竟是缺鎂惹的禍？5大原因＋高鎂食物一次看 ❌
  📊 柏格醫生中文: 0✅ 10❌
  📊 總計: 成功:0 失敗:10

============================================================
✅ 完成! 時間: 05:55:10
============================================================
>>> Round done at Fri Mar 27 05:55:11 CST 2026. last_channel_index=2
============================================================
🚀 知識庫爬蟲（kd subtitles 專用）- 05:55:14
============================================================

📺 [3/9] Dr.HuangAmin
  🔄 睡覺狂打呼，口腔肌少症找上門！教你練舌肌力！feat.黃斌洋... ❌
  🔄 你靠吃「某些食物」才想大便，不正常！？必吃3種食物養腸道！｜... ❌
  🔄 手抬不起來，竟跟腸胃有關？內臟卡卡，手也會被扯住！｜功操大全 ❌
  🔄 轉頭就痛！頸因性頭痛，真正的原因在手部！？｜功操大全 ❌
  🔄 骨盆前傾一招練回正臀！檢測你有沒有假翹臀！｜功操大全 ❌
  🔄 你的身體會替情緒說話？什麼是身心學？feat.趙耕樂身心療癒... ❌
  🔄 別再硬按！淋巴塞，痠痛來！帶你一起疏通淋巴｜功操大全 ❌
  🔄 烏龜頸，脖子前傾的真相！搞錯原因復健還是凸！｜功操大全 ❌
  🔄 床墊、枕頭選錯你就痛！睡姿問題一次解！｜功操大全 ❌
  🔄 常常聳肩！你的腸胃、鎖骨卡住肩！｜迷思破解 ❌
  🔄 身體失調！月經亂、變胖竟是身體太冷！？feat.內科李琪醫師... ❌
  🔄 膝蓋痛，關鍵在骨盆、腳底的影響！｜迷思破解 ❌
  🔄 圓肩，全因你手指沒力氣？｜迷思破解 ❌
  🔄 消水腫！先清除體內垃圾｜迷思破解 ❌
  🔄 顳顎關節卡住的真正原因！｜功操大全 ❌
  📊 Dr.HuangAmin: 0✅ 15❌
  📊 總計: 成功:0 失敗:15

============================================================
✅ 完成! 時間: 05:57:27
============================================================
>>> Round done at Fri Mar 27 05:57:27 CST 2026. last_channel_index=3
============================================================
🚀 知識庫爬蟲（kd subtitles 專用）- 05:57:31
============================================================

📺 [4/9] 周慕姿放心說
  🔄 你不是廢，是太焦慮！撕下懶惰標籤，接住卡住的自己｜Ft.李東... ❌
  📊 周慕姿放心說: 0✅ 1❌
  📊 總計: 成功:0 失敗:1

============================================================
✅ 完成! 時間: 05:57:53
============================================================
>>> Round done at Fri Mar 27 05:57:53 CST 2026. last_channel_index=4
============================================================
🚀 知識庫爬蟲（kd subtitles 專用）- 05:57:56
============================================================

📺 [5/9] 松明讲心理
  🔄 Depression is a slow betrayal ... ❌
  🔄 愛操心的人，其實最孤單！#人生 #心理學 #煩惱 #認知 #... ❌
  🔄 Learn to make choices so your ... ❌
  🔄 看清選擇背後的三大陷阱，做出更清晰的人生決策！#朋友 #人際... ❌
  🔄 The power of choice: Living yo... ❌
  🔄 Long-distance relationships ar... ❌
  🔄 內心強大到可怕的10種心境！#人生 #心理學 #煩惱 #認知... ❌
  🔄 當恨佔滿了心，親密就進不來！#情感 #愛情 #戀愛 #離婚 ... ❌
  🔄 3句話學會放下執著、停止內耗，走向內在的力量！#人生 #心理... ❌
  🔄 原諒出軌，是救贖還是折磨？#情感 #愛情 #戀愛 #離婚  ... ❌
  🔄 女人最該守住的三重分寸感！#情感 #愛情 #戀愛 #離婚  ... ❌
  🔄 Whether your employees are wor... ❌
  🔄 苦難生智慧「物極必反」的哲學！#人生 #心理學 #煩惱 #認... ❌
  🔄 Four ways to quickly improve y... ❌
  🔄 如何挽救孩子的躺平和厭學？#松明  #煩惱 #親子 #婚姻 ... ❌
  📊 松明讲心理: 0✅ 15❌
  📊 總計: 成功:0 失敗:15

============================================================
✅ 完成! 時間: 06:00:07
============================================================
>>> Round done at Fri Mar 27 06:00:07 CST 2026. last_channel_index=5
============================================================
🚀 知識庫爬蟲（kd subtitles 專用）- 06:00:10
============================================================

📺 [6/9] 超真實商談
  ✅ 無新影片

📺 [7/9] Cofit211
  🔄 【頻道會員專屬】腦科學權威：你擁有「重塑大腦」的能力，人生隨... ❌
  🔄 這動作能緩解腰痠背痛？科學實證：真的有用｜初日診所 魏士航醫... ❌
  🔄 [Channel Member Exclusive] Inv... ❌
  🔄 [Channel Member Exclusive] Sta... ❌
  📊 Cofit211: 0✅ 4❌
  📊 總計: 成功:0 失敗:4

============================================================
✅ 完成! 時間: 06:00:58
============================================================
>>> Round done at Fri Mar 27 06:00:58 CST 2026. last_channel_index=7
============================================================
🚀 知識庫爬蟲（kd subtitles 專用）- 06:01:01
============================================================

📺 [8/9] 泛科學
  ✅ 無新影片

📺 [9/9] 泛科學院
  🔄 公開Gemini 3.1 Pro 六大功能！不是工程師也能寫... ❌
  🔄 [2026 Best AI Subscription Gui... ❌
  🔄 Stop using AI to copy and past... ❌
  🔄 [AI Teaching Notes | YouTube C... ❌
  📊 泛科學院: 0✅ 4❌
  📊 總計: 成功:0 失敗:4

============================================================
✅ 完成! 時間: 06:01:48
============================================================
>>> Round done at Fri Mar 27 06:01:48 CST 2026. last_channel_index=0
============================================================
🚀 知識庫爬蟲（kd subtitles 專用）- 06:01:51
============================================================

📺 [1/9] 胡乃文开播
  🔄 注意！她癢2個月查出是肝癌！春季濕疹大爆發，按2穴止癢，戒3... ❌
  🔄 不讓醫師演戲真的太可惜！喝這1杯花茶，血壓穩下來，眼睛不花了... ❌
  🔄 血壓總是早上5點-8點高，吃降血壓藥也不管用怎麼辦？｜胡乃文... ❌
  🔄 💖粉絲問什麼？胡太太逗趣提問，胡醫師親解答！胡乃文開講會員專... ❌
  🔄 {沒看到太可惜！醫師爆笑模仿蔣部長，全場笑翻｜胡乃文開講會員... ❌
  🔄 { 會員Q&A } 急救時先別亂按！極泉穴、人中穴，其實很多... ❌
  🔄 關於食用油對膽結石和便秘的問題｜胡乃文開講會員專屬7 ❌
  🔄 翻轉糖尿病迷思！為什麼糖尿病反而要吃米飯才會好！3個簡單運動... ❌
  📊 胡乃文开播: 0✅ 8❌
  📊 總計: 成功:0 失敗:8

============================================================
✅ 完成! 時間: 06:03:02
============================================================
>>> Round done at Fri Mar 27 06:03:02 CST 2026. last_channel_index=1
============================================================
🚀 知識庫爬蟲（kd subtitles 專用）- 06:03:05
============================================================

📺 [2/9] 柏格醫生中文
  🔄 關節痛好不了？避開「這7種」最傷關節食物！柏格醫生：修復軟骨... ❌
  🔄 佛羅里達新法案威脅言論自由？批評糖與農藥恐被告，食品誹謗法大... ❌
  🔄 清血管這樣吃就對了！逆轉三高、改善心臟病、糖尿病、慢性腎臟病... ❌
  🔄 半夜起床尿尿?根本原因不在膀胱 ❌
  🔄 垃圾食品隱藏乳化劑像洗碗精！破壞腸道黏液層導致腸漏，柏格醫生... ❌
  🔄 如何永久遠離癌症？柏格醫生破解「癌細胞」弱點，30招從根本打... ❌
  🔄 頭前傾2.5公分加重4.5公斤！柏格醫生教你每晚幾分鐘快速矯... ❌
  🔄 別再吃麵包了！就算0糖也比砂糖更害血糖飆升，無麩質、全麥全是... ❌
  🔄 失眠毀掉我生活!! 助睡眠和保健肝功能的營養,柏格醫生 Dr... ❌
  🔄 養成這7個習慣，胰島素直降、脂肪狂燒！不餓不節食，輕鬆達到最... ❌
  📊 柏格醫生中文: 0✅ 10❌
  📊 總計: 成功:0 失敗:10

============================================================
✅ 完成! 時間: 06:05:27
============================================================
>>> Round done at Fri Mar 27 06:05:27 CST 2026. last_channel_index=2
============================================================
🚀 知識庫爬蟲（kd subtitles 專用）- 06:05:30
============================================================

📺 [3/9] Dr.HuangAmin
  🔄 睡覺狂打呼，口腔肌少症找上門！教你練舌肌力！feat.黃斌洋... ❌
  🔄 你靠吃「某些食物」才想大便，不正常！？必吃3種食物養腸道！｜... ❌
  🔄 手抬不起來，竟跟腸胃有關？內臟卡卡，手也會被扯住！｜功操大全 ❌
  🔄 轉頭就痛！頸因性頭痛，真正的原因在手部！？｜功操大全 ❌
  🔄 骨盆前傾一招練回正臀！檢測你有沒有假翹臀！｜功操大全 ❌
  🔄 你的身體會替情緒說話？什麼是身心學？feat.趙耕樂身心療癒... ❌
  🔄 別再硬按！淋巴塞，痠痛來！帶你一起疏通淋巴｜功操大全 ❌
  🔄 烏龜頸，脖子前傾的真相！搞錯原因復健還是凸！｜功操大全 ❌
  🔄 床墊、枕頭選錯你就痛！睡姿問題一次解！｜功操大全 ❌
  🔄 常常聳肩！你的腸胃、鎖骨卡住肩！｜迷思破解 ❌
  🔄 身體失調！月經亂、變胖竟是身體太冷！？feat.內科李琪醫師... ❌
  🔄 膝蓋痛，關鍵在骨盆、腳底的影響！｜迷思破解 ❌
  🔄 圓肩，全因你手指沒力氣？｜迷思破解 ❌
  🔄 消水腫！先清除體內垃圾｜迷思破解 ❌
  🔄 顳顎關節卡住的真正原因！｜功操大全 ❌
  📊 Dr.HuangAmin: 0✅ 15❌
  📊 總計: 成功:0 失敗:15

============================================================
✅ 完成! 時間: 06:07:35
============================================================
>>> Round done at Fri Mar 27 06:07:35 CST 2026. last_channel_index=3
============================================================
🚀 知識庫爬蟲（kd subtitles 專用）- 06:07:38
============================================================

📺 [4/9] 周慕姿放心說
  🔄 你不是廢，是太焦慮！撕下懶惰標籤，接住卡住的自己｜Ft.李東... ❌
  📊 周慕姿放心說: 0✅ 1❌
  📊 總計: 成功:0 失敗:1

============================================================
✅ 完成! 時間: 06:08:02
============================================================
>>> Round done at Fri Mar 27 06:08:02 CST 2026. last_channel_index=4
============================================================
🚀 知識庫爬蟲（kd subtitles 專用）- 06:08:05
============================================================

📺 [5/9] 松明讲心理
  🔄 Depression is a slow betrayal ... ❌
  🔄 愛操心的人，其實最孤單！#人生 #心理學 #煩惱 #認知 #... ❌
  🔄 Learn to make choices so your ... ❌
  🔄 看清選擇背後的三大陷阱，做出更清晰的人生決策！#朋友 #人際... ❌
  🔄 The power of choice: Living yo... ❌
  🔄 Long-distance relationships ar... ❌
  🔄 內心強大到可怕的10種心境！#人生 #心理學 #煩惱 #認知... ❌
  🔄 當恨佔滿了心，親密就進不來！#情感 #愛情 #戀愛 #離婚 ... ❌
  🔄 3句話學會放下執著、停止內耗，走向內在的力量！#人生 #心理... ❌
  🔄 原諒出軌，是救贖還是折磨？#情感 #愛情 #戀愛 #離婚  ... ❌
  🔄 女人最該守住的三重分寸感！#情感 #愛情 #戀愛 #離婚  ... ❌
  🔄 Whether your employees are wor... ❌
  🔄 苦難生智慧「物極必反」的哲學！#人生 #心理學 #煩惱 #認... ❌
  🔄 Four ways to quickly improve y... ❌
  🔄 如何挽救孩子的躺平和厭學？#松明  #煩惱 #親子 #婚姻 ... ❌
  📊 松明讲心理: 0✅ 15❌
  📊 總計: 成功:0 失敗:15

============================================================
✅ 完成! 時間: 06:10:12
============================================================
>>> Round done at Fri Mar 27 06:10:12 CST 2026. last_channel_index=5
============================================================
🚀 知識庫爬蟲（kd subtitles 專用）- 06:10:15
============================================================

📺 [6/9] 超真實商談
  ✅ 無新影片

📺 [7/9] Cofit211
  🔄 【頻道會員專屬】腦科學權威：你擁有「重塑大腦」的能力，人生隨... ❌
  🔄 這動作能緩解腰痠背痛？科學實證：真的有用｜初日診所 魏士航醫... ❌
  🔄 [Channel Member Exclusive] Inv... ❌
  🔄 [Channel Member Exclusive] Sta... ❌
  📊 Cofit211: 0✅ 4❌
  📊 總計: 成功:0 失敗:4

============================================================
✅ 完成! 時間: 06:10:58
============================================================
>>> Round done at Fri Mar 27 06:10:58 CST 2026. last_channel_index=7
============================================================
🚀 知識庫爬蟲（kd subtitles 專用）- 06:11:01
============================================================

📺 [8/9] 泛科學
  ✅ 無新影片

📺 [9/9] 泛科學院
  🔄 公開Gemini 3.1 Pro 六大功能！不是工程師也能寫... ❌
  🔄 [2026 Best AI Subscription Gui... ❌
  🔄 Stop using AI to copy and past... ❌
  🔄 [AI Teaching Notes | YouTube C... ❌
  📊 泛科學院: 0✅ 4❌
  📊 總計: 成功:0 失敗:4

============================================================
✅ 完成! 時間: 06:11:46
============================================================
>>> Round done at Fri Mar 27 06:11:46 CST 2026. last_channel_index=0
============================================================
🚀 知識庫爬蟲（kd subtitles 專用）- 06:11:49
============================================================

📺 [1/9] 胡乃文开播
  🔄 地瓜葉菊花茶讓濕疹好得快，但你吃對了嗎？她雙腿癢2個月竟是肝... ❌
  🔄 不讓醫師演戲真的太可惜！喝這1杯花茶，血壓穩下來，眼睛不花了... ❌
  🔄 血壓總是早上5點-8點高，吃降血壓藥也不管用怎麼辦？｜胡乃文... ❌
  🔄 💖粉絲問什麼？胡太太逗趣提問，胡醫師親解答！胡乃文開講會員專... ❌
  🔄 {沒看到太可惜！醫師爆笑模仿蔣部長，全場笑翻｜胡乃文開講會員... ❌
  🔄 { 會員Q&A } 急救時先別亂按！極泉穴、人中穴，其實很多... ❌
  🔄 關於食用油對膽結石和便秘的問題｜胡乃文開講會員專屬7 ❌
  🔄 翻轉糖尿病迷思！為什麼糖尿病反而要吃米飯才會好！3個簡單運動... ❌
  📊 胡乃文开播: 0✅ 8❌
  📊 總計: 成功:0 失敗:8

============================================================
✅ 完成! 時間: 06:13:01
============================================================
>>> Round done at Fri Mar 27 06:13:01 CST 2026. last_channel_index=1
============================================================
🚀 知識庫爬蟲（kd subtitles 專用）- 06:13:05
============================================================

📺 [2/9] 柏格醫生中文
  🔄 關節痛好不了？避開「這7種」最傷關節食物！柏格醫生：修復軟骨... ❌
  🔄 佛羅里達新法案威脅言論自由？批評糖與農藥恐被告，食品誹謗法大... ❌
  🔄 清血管這樣吃就對了！逆轉三高、改善心臟病、糖尿病、慢性腎臟病... ❌
  🔄 半夜起床尿尿?根本原因不在膀胱 ❌
  🔄 超市60%包裝食品都含這隱藏成分！乳化劑悄悄損害腸道健康與大... ❌
  🔄 如何永久遠離癌症？柏格醫生破解「癌細胞」弱點，30招從根本打... ❌
  🔄 頭前傾2.5公分加重4.5公斤！柏格醫生教你每晚幾分鐘快速矯... ❌
  🔄 別再吃麵包了！就算0糖也比砂糖更害血糖飆升，無麩質、全麥全是... ❌
  🔄 失眠毀掉我生活!! 助睡眠和保健肝功能的營養,柏格醫生 Dr... ❌
  🔄 養成這7個習慣，胰島素直降、脂肪狂燒！不餓不節食，輕鬆達到最... ❌
  📊 柏格醫生中文: 0✅ 10❌
  📊 總計: 成功:0 失敗:10

============================================================
✅ 完成! 時間: 06:15:21
============================================================
>>> Round done at Fri Mar 27 06:15:21 CST 2026. last_channel_index=2
============================================================
🚀 知識庫爬蟲（kd subtitles 專用）- 06:15:24
============================================================

📺 [3/9] Dr.HuangAmin
  🔄 睡覺狂打呼，口腔肌少症找上門！教你練舌肌力！feat.黃斌洋... ❌
  🔄 你靠吃「某些食物」才想大便，不正常！？必吃3種食物養腸道！｜... ❌
  🔄 手抬不起來，竟跟腸胃有關？內臟卡卡，手也會被扯住！｜功操大全 ❌
  🔄 轉頭就痛！頸因性頭痛，真正的原因在手部！？｜功操大全 ❌
  🔄 骨盆前傾一招練回正臀！檢測你有沒有假翹臀！｜功操大全 ❌
  🔄 你的身體會替情緒說話？什麼是身心學？feat.趙耕樂身心療癒... ❌
  🔄 別再硬按！淋巴塞，痠痛來！帶你一起疏通淋巴｜功操大全 ❌
  🔄 烏龜頸，脖子前傾的真相！搞錯原因復健還是凸！｜功操大全 ❌
  🔄 床墊、枕頭選錯你就痛！睡姿問題一次解！｜功操大全 ❌
  🔄 常常聳肩！你的腸胃、鎖骨卡住肩！｜迷思破解 ❌
  🔄 身體失調！月經亂、變胖竟是身體太冷！？feat.內科李琪醫師... ❌
  🔄 膝蓋痛，關鍵在骨盆、腳底的影響！｜迷思破解 ❌
  🔄 圓肩，全因你手指沒力氣？｜迷思破解 ❌
  🔄 消水腫！先清除體內垃圾｜迷思破解 ❌
  🔄 顳顎關節卡住的真正原因！｜功操大全 ❌
  📊 Dr.HuangAmin: 0✅ 15❌
  📊 總計: 成功:0 失敗:15

============================================================
✅ 完成! 時間: 06:17:42
============================================================
>>> Round done at Fri Mar 27 06:17:42 CST 2026. last_channel_index=3
============================================================
🚀 知識庫爬蟲（kd subtitles 專用）- 06:17:46
============================================================

📺 [4/9] 周慕姿放心說
  🔄 你不是廢，是太焦慮！撕下懶惰標籤，接住卡住的自己｜Ft.李東... ❌
  📊 周慕姿放心說: 0✅ 1❌
  📊 總計: 成功:0 失敗:1

============================================================
✅ 完成! 時間: 06:18:06
============================================================
>>> Round done at Fri Mar 27 06:18:06 CST 2026. last_channel_index=4
============================================================
🚀 知識庫爬蟲（kd subtitles 專用）- 06:18:09
============================================================

📺 [5/9] 松明讲心理
  🔄 Depression is a slow betrayal ... ❌
  🔄 愛操心的人，其實最孤單！#人生 #心理學 #煩惱 #認知 #... ❌
  🔄 Learn to make choices so your ... ❌
  🔄 看清選擇背後的三大陷阱，做出更清晰的人生決策！#朋友 #人際... ❌
  🔄 The power of choice: Living yo... ❌
  🔄 Long-distance relationships ar... ❌
  🔄 內心強大到可怕的10種心境！#人生 #心理學 #煩惱 #認知... ❌
  🔄 當恨佔滿了心，親密就進不來！#情感 #愛情 #戀愛 #離婚 ... ❌
  🔄 3句話學會放下執著、停止內耗，走向內在的力量！#人生 #心理... ❌
  🔄 原諒出軌，是救贖還是折磨？#情感 #愛情 #戀愛 #離婚  ... ❌
  🔄 女人最該守住的三重分寸感！#情感 #愛情 #戀愛 #離婚  ... ❌
  🔄 Whether your employees are wor... ❌
  🔄 苦難生智慧「物極必反」的哲學！#人生 #心理學 #煩惱 #認... ❌
  🔄 Four ways to quickly improve y... ❌
  🔄 如何挽救孩子的躺平和厭學？#松明  #煩惱 #親子 #婚姻 ... ❌
  📊 松明讲心理: 0✅ 15❌
  📊 總計: 成功:0 失敗:15

============================================================
✅ 完成! 時間: 06:20:14
============================================================
>>> Round done at Fri Mar 27 06:20:14 CST 2026. last_channel_index=5
============================================================
🚀 知識庫爬蟲（kd subtitles 專用）- 06:20:17
============================================================

📺 [6/9] 超真實商談
  ✅ 無新影片

📺 [7/9] Cofit211
  🔄 【頻道會員專屬】腦科學權威：你擁有「重塑大腦」的能力，人生隨... ❌
  🔄 這動作能緩解腰痠背痛？科學實證：真的有用｜初日診所 魏士航醫... ❌
  🔄 [Channel Member Exclusive] Inv... ❌
  🔄 [Channel Member Exclusive] Sta... ❌
  📊 Cofit211: 0✅ 4❌
  📊 總計: 成功:0 失敗:4

============================================================
✅ 完成! 時間: 06:20:59
============================================================
>>> Round done at Fri Mar 27 06:20:59 CST 2026. last_channel_index=7
============================================================
🚀 知識庫爬蟲（kd subtitles 專用）- 06:21:02
============================================================

📺 [8/9] 泛科學
  ✅ 無新影片

📺 [9/9] 泛科學院
  🔄 公開Gemini 3.1 Pro 六大功能！不是工程師也能寫... ❌
  🔄 [2026 Best AI Subscription Gui... ❌
  🔄 Stop using AI to copy and past... ❌
  🔄 [AI Teaching Notes | YouTube C... ❌
  📊 泛科學院: 0✅ 4❌
  📊 總計: 成功:0 失敗:4

============================================================
✅ 完成! 時間: 06:21:51
============================================================
>>> Round done at Fri Mar 27 06:21:51 CST 2026. last_channel_index=0
============================================================
🚀 知識庫爬蟲（kd subtitles 專用）- 06:21:54
============================================================

📺 [1/9] 胡乃文开播
  🔄 地瓜葉菊花茶讓濕疹好得快，但你吃對了嗎？她雙腿癢2個月竟是肝... ❌
  🔄 不讓醫師演戲真的太可惜！喝這1杯花茶，血壓穩下來，眼睛不花了... ❌
  🔄 血壓總是早上5點-8點高，吃降血壓藥也不管用怎麼辦？｜胡乃文... ❌
  🔄 💖粉絲問什麼？胡太太逗趣提問，胡醫師親解答！胡乃文開講會員專... ❌
  🔄 {沒看到太可惜！醫師爆笑模仿蔣部長，全場笑翻｜胡乃文開講會員... ❌
  🔄 { 會員Q&A } 急救時先別亂按！極泉穴、人中穴，其實很多... ❌
  🔄 關於食用油對膽結石和便秘的問題｜胡乃文開講會員專屬7 ❌
  🔄 翻轉糖尿病迷思！為什麼糖尿病反而要吃米飯才會好！3個簡單運動... ❌
  📊 胡乃文开播: 0✅ 8❌
  📊 總計: 成功:0 失敗:8

============================================================
✅ 完成! 時間: 06:23:08
============================================================
>>> Round done at Fri Mar 27 06:23:08 CST 2026. last_channel_index=1
============================================================
🚀 知識庫爬蟲（kd subtitles 專用）- 06:23:11
============================================================

📺 [2/9] 柏格醫生中文
  🔄 別只補鈣！關節炎修復關鍵在「內質網」？揭密 TUDCA 與維... ❌
  🔄 佛羅里達新法案威脅言論自由？批評糖與農藥恐被告，食品誹謗法大... ❌
  🔄 清血管這樣吃就對了！逆轉三高、改善心臟病、糖尿病、慢性腎臟病... ❌
  🔄 半夜起床尿尿?根本原因不在膀胱 ❌
  🔄 乳化劑正毀壞你的腸道！藏在冰淇淋、沙拉醬、植物奶中，柏格醫生... ❌
  🔄 癌症根本不是基因突變！柏格醫生：只要做對這30件事，從「粒線... ❌
  🔄 頭前傾2.5公分加重4.5公斤！柏格醫生教你每晚幾分鐘快速矯... ❌
  🔄 麵包真正毒物不是麩質！血糖暴衝、胰島素阻抗元兇曝光，戒掉後該... ❌
  🔄 失眠毀掉我生活!! 助睡眠和保健肝功能的營養,柏格醫生 Dr... ❌
  🔄 養成這7個習慣，胰島素直降、脂肪狂燒！不餓不節食，輕鬆達到最... ❌
  📊 柏格醫生中文: 0✅ 10❌
  📊 總計: 成功:0 失敗:10

============================================================
✅ 完成! 時間: 06:25:17
============================================================
>>> Round done at Fri Mar 27 06:25:17 CST 2026. last_channel_index=2
============================================================
🚀 知識庫爬蟲（kd subtitles 專用）- 06:25:20
============================================================

📺 [3/9] Dr.HuangAmin
  🔄 睡覺狂打呼，口腔肌少症找上門！教你練舌肌力！feat.黃斌洋... ❌
  🔄 你靠吃「某些食物」才想大便，不正常！？必吃3種食物養腸道！｜... ❌
  🔄 手抬不起來，竟跟腸胃有關？內臟卡卡，手也會被扯住！｜功操大全 ❌
  🔄 轉頭就痛！頸因性頭痛，真正的原因在手部！？｜功操大全 ❌
  🔄 骨盆前傾一招練回正臀！檢測你有沒有假翹臀！｜功操大全 ❌
  🔄 你的身體會替情緒說話？什麼是身心學？feat.趙耕樂身心療癒... ❌
  🔄 別再硬按！淋巴塞，痠痛來！帶你一起疏通淋巴｜功操大全 ❌
  🔄 烏龜頸，脖子前傾的真相！搞錯原因復健還是凸！｜功操大全 ❌
  🔄 床墊、枕頭選錯你就痛！睡姿問題一次解！｜功操大全 ❌
  🔄 常常聳肩！你的腸胃、鎖骨卡住肩！｜迷思破解 ❌
  🔄 身體失調！月經亂、變胖竟是身體太冷！？feat.內科李琪醫師... ❌
  🔄 膝蓋痛，關鍵在骨盆、腳底的影響！｜迷思破解 ❌
  🔄 圓肩，全因你手指沒力氣？｜迷思破解 ❌
  🔄 消水腫！先清除體內垃圾｜迷思破解 ❌
  🔄 顳顎關節卡住的真正原因！｜功操大全 ❌
  📊 Dr.HuangAmin: 0✅ 15❌
  📊 總計: 成功:0 失敗:15

============================================================
✅ 完成! 時間: 06:27:49
============================================================
>>> Round done at Fri Mar 27 06:27:49 CST 2026. last_channel_index=3
============================================================
🚀 知識庫爬蟲（kd subtitles 專用）- 06:27:52
============================================================

📺 [4/9] 周慕姿放心說
  🔄 你不是廢，是太焦慮！撕下懶惰標籤，接住卡住的自己｜Ft.李東... ❌
  📊 周慕姿放心說: 0✅ 1❌
  📊 總計: 成功:0 失敗:1

============================================================
✅ 完成! 時間: 06:28:14
============================================================
>>> Round done at Fri Mar 27 06:28:14 CST 2026. last_channel_index=4
============================================================
🚀 知識庫爬蟲（kd subtitles 專用）- 06:28:17
============================================================

📺 [5/9] 松明讲心理
  🔄 Depression is a slow betrayal ... ❌
  🔄 愛操心的人，其實最孤單！#人生 #心理學 #煩惱 #認知 #... ❌
  🔄 Learn to make choices so your ... ❌
  🔄 看清選擇背後的三大陷阱，做出更清晰的人生決策！#朋友 #人際... ❌
  🔄 The power of choice: Living yo... ❌
  🔄 Long-distance relationships ar... ❌
  🔄 內心強大到可怕的10種心境！#人生 #心理學 #煩惱 #認知... ❌
  🔄 當恨佔滿了心，親密就進不來！#情感 #愛情 #戀愛 #離婚 ... ❌
  🔄 3句話學會放下執著、停止內耗，走向內在的力量！#人生 #心理... ❌
  🔄 原諒出軌，是救贖還是折磨？#情感 #愛情 #戀愛 #離婚  ... ❌
  🔄 女人最該守住的三重分寸感！#情感 #愛情 #戀愛 #離婚  ... ❌
  🔄 Whether your employees are wor... ❌
  🔄 苦難生智慧「物極必反」的哲學！#人生 #心理學 #煩惱 #認... ❌
  🔄 Four ways to quickly improve y... ❌
  🔄 如何挽救孩子的躺平和厭學？#松明  #煩惱 #親子 #婚姻 ... ❌
  📊 松明讲心理: 0✅ 15❌
  📊 總計: 成功:0 失敗:15

============================================================
✅ 完成! 時間: 06:30:31
============================================================
>>> Round done at Fri Mar 27 06:30:31 CST 2026. last_channel_index=5
============================================================
🚀 知識庫爬蟲（kd subtitles 專用）- 06:30:34
============================================================

📺 [6/9] 超真實商談
  ✅ 無新影片

📺 [7/9] Cofit211
  🔄 【頻道會員專屬】腦科學權威：你擁有「重塑大腦」的能力，人生隨... ❌
  🔄 這動作能緩解腰痠背痛？科學實證：真的有用｜初日診所 魏士航醫... ❌
  🔄 [Channel Member Exclusive] Inv... ❌
  🔄 [Channel Member Exclusive] Sta... ❌
  📊 Cofit211: 0✅ 4❌
  📊 總計: 成功:0 失敗:4

============================================================
✅ 完成! 時間: 06:31:14
============================================================
>>> Round done at Fri Mar 27 06:31:15 CST 2026. last_channel_index=7
============================================================
🚀 知識庫爬蟲（kd subtitles 專用）- 06:31:18
============================================================

📺 [8/9] 泛科學
  ✅ 無新影片

📺 [9/9] 泛科學院
  🔄 公開Gemini 3.1 Pro 六大功能！不是工程師也能寫... ❌
  🔄 [2026 Best AI Subscription Gui... ❌
  🔄 Stop using AI to copy and past... ❌
  🔄 [AI Teaching Notes | YouTube C... ❌
  📊 泛科學院: 0✅ 4❌
  📊 總計: 成功:0 失敗:4

============================================================
✅ 完成! 時間: 06:32:01
============================================================
>>> Round done at Fri Mar 27 06:32:01 CST 2026. last_channel_index=0
============================================================
🚀 知識庫爬蟲（kd subtitles 專用）- 06:32:04
============================================================

📺 [1/9] 胡乃文开播
  🔄 地瓜葉菊花茶讓濕疹好得快，但你吃對了嗎？她雙腿癢2個月竟是肝... ❌
  🔄 不讓醫師演戲真的太可惜！喝這1杯花茶，血壓穩下來，眼睛不花了... ❌
  🔄 血壓總是早上5點-8點高，吃降血壓藥也不管用怎麼辦？｜胡乃文... ❌
  🔄 💖粉絲問什麼？胡太太逗趣提問，胡醫師親解答！胡乃文開講會員專... ❌
  🔄 {沒看到太可惜！醫師爆笑模仿蔣部長，全場笑翻｜胡乃文開講會員... ❌
  🔄 { 會員Q&A } 急救時先別亂按！極泉穴、人中穴，其實很多... ❌
  🔄 關於食用油對膽結石和便秘的問題｜胡乃文開講會員專屬7 ❌
  🔄 翻轉糖尿病迷思！為什麼糖尿病反而要吃米飯才會好！3個簡單運動... ❌
  📊 胡乃文开播: 0✅ 8❌
  📊 總計: 成功:0 失敗:8

============================================================
✅ 完成! 時間: 06:33:13
============================================================
>>> Round done at Fri Mar 27 06:33:13 CST 2026. last_channel_index=1
============================================================
🚀 知識庫爬蟲（kd subtitles 專用）- 06:33:16
============================================================

📺 [2/9] 柏格醫生中文
  🔄 關節痛好不了？避開「這7種」最傷關節食物！柏格醫生：修復軟骨... ❌
  🔄 佛羅里達新法案威脅言論自由？批評糖與農藥恐被告，食品誹謗法大... ❌
  🔄 清血管這樣吃就對了！逆轉三高、改善心臟病、糖尿病、慢性腎臟病... ❌
  🔄 半夜起床尿尿?根本原因不在膀胱 ❌
  🔄 超市60%包裝食品都含這隱藏成分！乳化劑悄悄損害腸道健康與大... ❌
  🔄 癌症根本不是基因突變！柏格醫生：只要做對這30件事，從「粒線... ❌
  🔄 頭前傾2.5公分加重4.5公斤！柏格醫生教你每晚幾分鐘快速矯... ❌
  🔄 麵包真正毒物不是麩質！血糖暴衝、胰島素阻抗元兇曝光，戒掉後該... ❌
  🔄 失眠毀掉我生活!! 助睡眠和保健肝功能的營養,柏格醫生 Dr... ❌
  🔄 養成這7個習慣，胰島素直降、脂肪狂燒！不餓不節食，輕鬆達到最... ❌
  📊 柏格醫生中文: 0✅ 10❌
  📊 總計: 成功:0 失敗:10

============================================================
✅ 完成! 時間: 06:35:14
============================================================
>>> Round done at Fri Mar 27 06:35:14 CST 2026. last_channel_index=2
============================================================
🚀 知識庫爬蟲（kd subtitles 專用）- 06:35:17
============================================================

📺 [3/9] Dr.HuangAmin
  🔄 睡覺狂打呼，口腔肌少症找上門！教你練舌肌力！feat.黃斌洋... ❌
  🔄 你靠吃「某些食物」才想大便，不正常！？必吃3種食物養腸道！｜... ❌
  🔄 手抬不起來，竟跟腸胃有關？內臟卡卡，手也會被扯住！｜功操大全 ❌
  🔄 轉頭就痛！頸因性頭痛，真正的原因在手部！？｜功操大全 ❌
  🔄 骨盆前傾一招練回正臀！檢測你有沒有假翹臀！｜功操大全 ❌
  🔄 你的身體會替情緒說話？什麼是身心學？feat.趙耕樂身心療癒... ❌
  🔄 別再硬按！淋巴塞，痠痛來！帶你一起疏通淋巴｜功操大全 ❌
  🔄 烏龜頸，脖子前傾的真相！搞錯原因復健還是凸！｜功操大全 ❌
  🔄 床墊、枕頭選錯你就痛！睡姿問題一次解！｜功操大全 ❌
  🔄 常常聳肩！你的腸胃、鎖骨卡住肩！｜迷思破解 ❌
  🔄 身體失調！月經亂、變胖竟是身體太冷！？feat.內科李琪醫師... ❌
  🔄 膝蓋痛，關鍵在骨盆、腳底的影響！｜迷思破解 ❌
  🔄 圓肩，全因你手指沒力氣？｜迷思破解 ❌
  🔄 消水腫！先清除體內垃圾｜迷思破解 ❌
  🔄 顳顎關節卡住的真正原因！｜功操大全 ❌
  📊 Dr.HuangAmin: 0✅ 15❌
  📊 總計: 成功:0 失敗:15

============================================================
✅ 完成! 時間: 06:37:34
============================================================
>>> Round done at Fri Mar 27 06:37:34 CST 2026. last_channel_index=3
============================================================
🚀 知識庫爬蟲（kd subtitles 專用）- 06:37:37
============================================================

📺 [4/9] 周慕姿放心說
  🔄 你不是廢，是太焦慮！撕下懶惰標籤，接住卡住的自己｜Ft.李東... ❌
  📊 周慕姿放心說: 0✅ 1❌
  📊 總計: 成功:0 失敗:1

============================================================
✅ 完成! 時間: 06:37:59
============================================================
>>> Round done at Fri Mar 27 06:37:59 CST 2026. last_channel_index=4
============================================================
🚀 知識庫爬蟲（kd subtitles 專用）- 06:38:02
============================================================

📺 [5/9] 松明讲心理
  🔄 Depression is a slow betrayal ... ❌
  🔄 愛操心的人，其實最孤單！#人生 #心理學 #煩惱 #認知 #... ❌
  🔄 Learn to make choices so your ... ❌
  🔄 看清選擇背後的三大陷阱，做出更清晰的人生決策！#朋友 #人際... ❌
  🔄 The power of choice: Living yo... ❌
  🔄 Long-distance relationships ar... ❌
  🔄 內心強大到可怕的10種心境！#人生 #心理學 #煩惱 #認知... ❌
  🔄 當恨佔滿了心，親密就進不來！#情感 #愛情 #戀愛 #離婚 ... ❌
  🔄 3句話學會放下執著、停止內耗，走向內在的力量！#人生 #心理... ❌
  🔄 原諒出軌，是救贖還是折磨？#情感 #愛情 #戀愛 #離婚  ... ❌
  🔄 女人最該守住的三重分寸感！#情感 #愛情 #戀愛 #離婚  ... ❌
  🔄 Whether your employees are wor... ❌
  🔄 苦難生智慧「物極必反」的哲學！#人生 #心理學 #煩惱 #認... ❌
  🔄 Four ways to quickly improve y... ❌
  🔄 如何挽救孩子的躺平和厭學？#松明  #煩惱 #親子 #婚姻 ... ❌
  📊 松明讲心理: 0✅ 15❌
  📊 總計: 成功:0 失敗:15

============================================================
✅ 完成! 時間: 06:40:10
============================================================
>>> Round done at Fri Mar 27 06:40:10 CST 2026. last_channel_index=5
============================================================
🚀 知識庫爬蟲（kd subtitles 專用）- 06:40:13
============================================================

📺 [6/9] 超真實商談
  ✅ 無新影片

📺 [7/9] Cofit211
  🔄 【頻道會員專屬】腦科學權威：你擁有「重塑大腦」的能力，人生隨... ❌
  🔄 這動作能緩解腰痠背痛？科學實證：真的有用｜初日診所 魏士航醫... ❌
  🔄 [Channel Member Exclusive] Inv... ❌
  🔄 [Channel Member Exclusive] Sta... ❌
  📊 Cofit211: 0✅ 4❌
  📊 總計: 成功:0 失敗:4

============================================================
✅ 完成! 時間: 06:41:01
============================================================
>>> Round done at Fri Mar 27 06:41:01 CST 2026. last_channel_index=7
============================================================
🚀 知識庫爬蟲（kd subtitles 專用）- 06:41:04
============================================================

📺 [8/9] 泛科學
  ✅ 無新影片

📺 [9/9] 泛科學院
  🔄 公開Gemini 3.1 Pro 六大功能！不是工程師也能寫... ❌
  🔄 [2026 Best AI Subscription Gui... ❌
  🔄 Stop using AI to copy and past... ❌
  🔄 [AI Teaching Notes | YouTube C... ❌
  📊 泛科學院: 0✅ 4❌
  📊 總計: 成功:0 失敗:4

============================================================
✅ 完成! 時間: 06:41:57
============================================================
>>> Round done at Fri Mar 27 06:41:57 CST 2026. last_channel_index=0
============================================================
🚀 知識庫爬蟲（kd subtitles 專用）- 06:42:00
============================================================

📺 [1/9] 胡乃文开播
  🔄 地瓜葉菊花茶讓濕疹好得快，但你吃對了嗎？她雙腿癢2個月竟是肝... ❌
  🔄 不讓醫師演戲真的太可惜！喝這1杯花茶，血壓穩下來，眼睛不花了... ❌
  🔄 血壓總是早上5點-8點高，吃降血壓藥也不管用怎麼辦？｜胡乃文... ❌
  🔄 💖粉絲問什麼？胡太太逗趣提問，胡醫師親解答！胡乃文開講會員專... ❌
  🔄 {沒看到太可惜！醫師爆笑模仿蔣部長，全場笑翻｜胡乃文開講會員... ❌
  🔄 { 會員Q&A } 急救時先別亂按！極泉穴、人中穴，其實很多... ❌
  🔄 關於食用油對膽結石和便秘的問題｜胡乃文開講會員專屬7 ❌
  🔄 翻轉糖尿病迷思！為什麼糖尿病反而要吃米飯才會好！3個簡單運動... ❌
  📊 胡乃文开播: 0✅ 8❌
  📊 總計: 成功:0 失敗:8

============================================================
✅ 完成! 時間: 06:43:08
============================================================
>>> Round done at Fri Mar 27 06:43:08 CST 2026. last_channel_index=1
============================================================
🚀 知識庫爬蟲（kd subtitles 專用）- 06:43:11
============================================================

📺 [2/9] 柏格醫生中文
  🔄 類風濕與骨關節炎救星！戒掉 7 種糟食物，靠「高硫蔬菜與強效... ❌
  🔄 佛羅里達新法案威脅言論自由？批評糖與農藥恐被告，食品誹謗法大... ❌
  🔄 清血管這樣吃就對了！逆轉三高、改善心臟病、糖尿病、慢性腎臟病... ❌
  🔄 半夜起床尿尿?根本原因不在膀胱 ❌
  🔄 垃圾食品隱藏乳化劑像洗碗精！破壞腸道黏液層導致腸漏，柏格醫生... ❌
  🔄 如何永久遠離癌症？柏格醫生破解「癌細胞」弱點，30招從根本打... ❌
  🔄 頭前傾2.5公分加重4.5公斤！柏格醫生教你每晚幾分鐘快速矯... ❌
  🔄 麵包真正毒物不是麩質！血糖暴衝、胰島素阻抗元兇曝光，戒掉後該... ❌
  🔄 失眠毀掉我生活!! 助睡眠和保健肝功能的營養,柏格醫生 Dr... ❌
  🔄 養成這7個習慣，胰島素直降、脂肪狂燒！不餓不節食，輕鬆達到最... ❌
  📊 柏格醫生中文: 0✅ 10❌
  📊 總計: 成功:0 失敗:10

============================================================
✅ 完成! 時間: 06:45:10
============================================================
>>> Round done at Fri Mar 27 06:45:10 CST 2026. last_channel_index=2
============================================================
🚀 知識庫爬蟲（kd subtitles 專用）- 06:45:13
============================================================

📺 [3/9] Dr.HuangAmin
  🔄 睡覺狂打呼，口腔肌少症找上門！教你練舌肌力！feat.黃斌洋... ❌
  🔄 你靠吃「某些食物」才想大便，不正常！？必吃3種食物養腸道！｜... ❌
  🔄 手抬不起來，竟跟腸胃有關？內臟卡卡，手也會被扯住！｜功操大全 ❌
  🔄 轉頭就痛！頸因性頭痛，真正的原因在手部！？｜功操大全 ❌
  🔄 骨盆前傾一招練回正臀！檢測你有沒有假翹臀！｜功操大全 ❌
  🔄 你的身體會替情緒說話？什麼是身心學？feat.趙耕樂身心療癒... ❌
  🔄 別再硬按！淋巴塞，痠痛來！帶你一起疏通淋巴｜功操大全 ❌
  🔄 烏龜頸，脖子前傾的真相！搞錯原因復健還是凸！｜功操大全 ❌
  🔄 床墊、枕頭選錯你就痛！睡姿問題一次解！｜功操大全 ❌
  🔄 常常聳肩！你的腸胃、鎖骨卡住肩！｜迷思破解 ❌
  🔄 身體失調！月經亂、變胖竟是身體太冷！？feat.內科李琪醫師... ❌
  🔄 膝蓋痛，關鍵在骨盆、腳底的影響！｜迷思破解 ❌
  🔄 圓肩，全因你手指沒力氣？｜迷思破解 ❌
  🔄 消水腫！先清除體內垃圾｜迷思破解 ❌
  🔄 顳顎關節卡住的真正原因！｜功操大全 ❌
  📊 Dr.HuangAmin: 0✅ 15❌
  📊 總計: 成功:0 失敗:15

============================================================
✅ 完成! 時間: 06:47:31
============================================================
>>> Round done at Fri Mar 27 06:47:31 CST 2026. last_channel_index=3
============================================================
🚀 知識庫爬蟲（kd subtitles 專用）- 06:47:34
============================================================

📺 [4/9] 周慕姿放心說
  🔄 你不是廢，是太焦慮！撕下懶惰標籤，接住卡住的自己｜Ft.李東... ❌
  📊 周慕姿放心說: 0✅ 1❌
  📊 總計: 成功:0 失敗:1

============================================================
✅ 完成! 時間: 06:47:55
============================================================
>>> Round done at Fri Mar 27 06:47:55 CST 2026. last_channel_index=4
============================================================
🚀 知識庫爬蟲（kd subtitles 專用）- 06:47:58
============================================================

📺 [5/9] 松明讲心理
  🔄 Depression is a slow betrayal ... ❌
  🔄 愛操心的人，其實最孤單！#人生 #心理學 #煩惱 #認知 #... ❌
  🔄 Learn to make choices so your ... ❌
  🔄 看清選擇背後的三大陷阱，做出更清晰的人生決策！#朋友 #人際... ❌
  🔄 The power of choice: Living yo... ❌
  🔄 Long-distance relationships ar... ❌
  🔄 內心強大到可怕的10種心境！#人生 #心理學 #煩惱 #認知... ❌
  🔄 當恨佔滿了心，親密就進不來！#情感 #愛情 #戀愛 #離婚 ... ❌
  🔄 3句話學會放下執著、停止內耗，走向內在的力量！#人生 #心理... ❌
  🔄 原諒出軌，是救贖還是折磨？#情感 #愛情 #戀愛 #離婚  ... ❌
  🔄 女人最該守住的三重分寸感！#情感 #愛情 #戀愛 #離婚  ... ❌
  🔄 Whether your employees are wor... ❌
  🔄 苦難生智慧「物極必反」的哲學！#人生 #心理學 #煩惱 #認... ❌
  🔄 Four ways to quickly improve y... ❌
  🔄 如何挽救孩子的躺平和厭學？#松明  #煩惱 #親子 #婚姻 ... ❌
  📊 松明讲心理: 0✅ 15❌
  📊 總計: 成功:0 失敗:15

============================================================
✅ 完成! 時間: 06:50:13
============================================================
>>> Round done at Fri Mar 27 06:50:13 CST 2026. last_channel_index=5
============================================================
🚀 知識庫爬蟲（kd subtitles 專用）- 06:50:16
============================================================

📺 [6/9] 超真實商談
  ✅ 無新影片

📺 [7/9] Cofit211
  🔄 【頻道會員專屬】腦科學權威：你擁有「重塑大腦」的能力，人生隨... ❌
  🔄 這動作能緩解腰痠背痛？科學實證：真的有用｜初日診所 魏士航醫... ❌
  🔄 [Channel Member Exclusive] Inv... ❌
  🔄 [Channel Member Exclusive] Sta... ❌
  📊 Cofit211: 0✅ 4❌
  📊 總計: 成功:0 失敗:4

============================================================
✅ 完成! 時間: 06:50:57
============================================================
>>> Round done at Fri Mar 27 06:50:57 CST 2026. last_channel_index=7
============================================================
🚀 知識庫爬蟲（kd subtitles 專用）- 06:51:00
============================================================

📺 [8/9] 泛科學
  ✅ 無新影片

📺 [9/9] 泛科學院
  🔄 公開Gemini 3.1 Pro 六大功能！不是工程師也能寫... ❌
  🔄 [2026 Best AI Subscription Gui... ❌
  🔄 Stop using AI to copy and past... ❌
  🔄 [AI Teaching Notes | YouTube C... ❌
  📊 泛科學院: 0✅ 4❌
  📊 總計: 成功:0 失敗:4

============================================================
✅ 完成! 時間: 06:51:52
============================================================
>>> Round done at Fri Mar 27 06:51:52 CST 2026. last_channel_index=0
============================================================
🚀 知識庫爬蟲（kd subtitles 專用）- 06:51:56
============================================================

📺 [1/9] 胡乃文开播
  🔄 她雙腿癢2個月竟是肝出大問題！換季皮膚就癢癢，按2大穴止癢，... ❌
  🔄 不讓醫師演戲真的太可惜！喝這1杯花茶，血壓穩下來，眼睛不花了... ❌
  🔄 血壓總是早上5點-8點高，吃降血壓藥也不管用怎麼辦？｜胡乃文... ❌
  🔄 💖粉絲問什麼？胡太太逗趣提問，胡醫師親解答！胡乃文開講會員專... ❌
  🔄 {沒看到太可惜！醫師爆笑模仿蔣部長，全場笑翻｜胡乃文開講會員... ❌
  🔄 { 會員Q&A } 急救時先別亂按！極泉穴、人中穴，其實很多... ❌
  🔄 關於食用油對膽結石和便秘的問題｜胡乃文開講會員專屬7 ❌
  🔄 翻轉糖尿病迷思！為什麼糖尿病反而要吃米飯才會好！3個簡單運動... ❌
  📊 胡乃文开播: 0✅ 8❌
  📊 總計: 成功:0 失敗:8

============================================================
✅ 完成! 時間: 06:53:09
============================================================
>>> Round done at Fri Mar 27 06:53:09 CST 2026. last_channel_index=1
============================================================
🚀 知識庫爬蟲（kd subtitles 專用）- 06:53:12
============================================================

📺 [2/9] 柏格醫生中文
  🔄 關節痛好不了？避開「這7種」最傷關節食物！柏格醫生：修復軟骨... ❌
  🔄 佛羅里達新法案威脅言論自由？批評糖與農藥恐被告，食品誹謗法大... ❌
  🔄 清血管這樣吃就對了！逆轉三高、改善心臟病、糖尿病、慢性腎臟病... ❌
  🔄 半夜起床尿尿?根本原因不在膀胱 ❌
  🔄 超市60%包裝食品都含這隱藏成分！乳化劑悄悄損害腸道健康與大... ❌
  🔄 如何永久遠離癌症？柏格醫生破解「癌細胞」弱點，30招從根本打... ❌
  🔄 頭前傾2.5公分加重4.5公斤！柏格醫生教你每晚幾分鐘快速矯... ❌
  🔄 麵包真正毒物不是麩質！血糖暴衝、胰島素阻抗元兇曝光，戒掉後該... ❌
  🔄 失眠毀掉我生活!! 助睡眠和保健肝功能的營養,柏格醫生 Dr... ❌
  🔄 養成這7個習慣，胰島素直降、脂肪狂燒！不餓不節食，輕鬆達到最... ❌
  📊 柏格醫生中文: 0✅ 10❌
  📊 總計: 成功:0 失敗:10

============================================================
✅ 完成! 時間: 06:55:20
============================================================
>>> Round done at Fri Mar 27 06:55:20 CST 2026. last_channel_index=2
============================================================
🚀 知識庫爬蟲（kd subtitles 專用）- 06:55:24
============================================================

📺 [3/9] Dr.HuangAmin
  🔄 睡覺狂打呼，口腔肌少症找上門！教你練舌肌力！feat.黃斌洋... ❌
  🔄 你靠吃「某些食物」才想大便，不正常！？必吃3種食物養腸道！｜... ❌
  🔄 手抬不起來，竟跟腸胃有關？內臟卡卡，手也會被扯住！｜功操大全 ❌
  🔄 轉頭就痛！頸因性頭痛，真正的原因在手部！？｜功操大全 ❌
  🔄 骨盆前傾一招練回正臀！檢測你有沒有假翹臀！｜功操大全 ❌
  🔄 你的身體會替情緒說話？什麼是身心學？feat.趙耕樂身心療癒... ❌
  🔄 別再硬按！淋巴塞，痠痛來！帶你一起疏通淋巴｜功操大全 ❌
  🔄 烏龜頸，脖子前傾的真相！搞錯原因復健還是凸！｜功操大全 ❌
  🔄 床墊、枕頭選錯你就痛！睡姿問題一次解！｜功操大全 ❌
  🔄 常常聳肩！你的腸胃、鎖骨卡住肩！｜迷思破解 ❌
  🔄 身體失調！月經亂、變胖竟是身體太冷！？feat.內科李琪醫師... ❌
  🔄 膝蓋痛，關鍵在骨盆、腳底的影響！｜迷思破解 ❌
  🔄 圓肩，全因你手指沒力氣？｜迷思破解 ❌
  🔄 消水腫！先清除體內垃圾｜迷思破解 ❌
  🔄 顳顎關節卡住的真正原因！｜功操大全 ❌
  📊 Dr.HuangAmin: 0✅ 15❌
  📊 總計: 成功:0 失敗:15

============================================================
✅ 完成! 時間: 06:57:39
============================================================
>>> Round done at Fri Mar 27 06:57:39 CST 2026. last_channel_index=3
============================================================
🚀 知識庫爬蟲（kd subtitles 專用）- 06:57:42
============================================================

📺 [4/9] 周慕姿放心說
  🔄 你不是廢，是太焦慮！撕下懶惰標籤，接住卡住的自己｜Ft.李東... ❌
  📊 周慕姿放心說: 0✅ 1❌
  📊 總計: 成功:0 失敗:1

============================================================
✅ 完成! 時間: 06:58:06
============================================================
>>> Round done at Fri Mar 27 06:58:06 CST 2026. last_channel_index=4
============================================================
🚀 知識庫爬蟲（kd subtitles 專用）- 06:58:09
============================================================

📺 [5/9] 松明讲心理
  🔄 Depression is a slow betrayal ... ❌
  🔄 愛操心的人，其實最孤單！#人生 #心理學 #煩惱 #認知 #... ❌
  🔄 Learn to make choices so your ... ❌
  🔄 看清選擇背後的三大陷阱，做出更清晰的人生決策！#朋友 #人際... ❌
  🔄 The power of choice: Living yo... ❌
  🔄 Long-distance relationships ar... ❌
  🔄 內心強大到可怕的10種心境！#人生 #心理學 #煩惱 #認知... ❌
  🔄 當恨佔滿了心，親密就進不來！#情感 #愛情 #戀愛 #離婚 ... ❌
  🔄 3句話學會放下執著、停止內耗，走向內在的力量！#人生 #心理... ❌
  🔄 原諒出軌，是救贖還是折磨？#情感 #愛情 #戀愛 #離婚  ... ❌
  🔄 女人最該守住的三重分寸感！#情感 #愛情 #戀愛 #離婚  ... ❌
  🔄 Whether your employees are wor... ❌
  🔄 苦難生智慧「物極必反」的哲學！#人生 #心理學 #煩惱 #認... ❌
  🔄 Four ways to quickly improve y... ❌
  🔄 如何挽救孩子的躺平和厭學？#松明  #煩惱 #親子 #婚姻 ... ❌
  📊 松明讲心理: 0✅ 15❌
  📊 總計: 成功:0 失敗:15

============================================================
✅ 完成! 時間: 07:00:22
============================================================
>>> Round done at Fri Mar 27 07:00:22 CST 2026. last_channel_index=5
============================================================
🚀 知識庫爬蟲（kd subtitles 專用）- 07:00:25
============================================================

📺 [6/9] 超真實商談
  ✅ 無新影片

📺 [7/9] Cofit211
  🔄 【頻道會員專屬】腦科學權威：你擁有「重塑大腦」的能力，人生隨... ❌
  🔄 這動作能緩解腰痠背痛？科學實證：真的有用｜初日診所 魏士航醫... ❌
  🔄 [Channel Member Exclusive] Inv... ❌
  🔄 [Channel Member Exclusive] Sta... ❌
  📊 Cofit211: 0✅ 4❌
  📊 總計: 成功:0 失敗:4

============================================================
✅ 完成! 時間: 07:01:04
============================================================
>>> Round done at Fri Mar 27 07:01:04 CST 2026. last_channel_index=7
============================================================
🚀 知識庫爬蟲（kd subtitles 專用）- 07:01:07
============================================================

📺 [8/9] 泛科學
  ✅ 無新影片

📺 [9/9] 泛科學院
  🔄 公開Gemini 3.1 Pro 六大功能！不是工程師也能寫... ❌
  🔄 [2026 Best AI Subscription Gui... ❌
  🔄 Stop using AI to copy and past... ❌
  🔄 [AI Teaching Notes | YouTube C... ❌
  📊 泛科學院: 0✅ 4❌
  📊 總計: 成功:0 失敗:4

============================================================
✅ 完成! 時間: 07:01:50
============================================================
>>> Round done at Fri Mar 27 07:01:50 CST 2026. last_channel_index=0
============================================================
🚀 知識庫爬蟲（kd subtitles 專用）- 07:01:53
============================================================

📺 [1/9] 胡乃文开播
  🔄 她雙腿癢2個月竟是肝出大問題！換季皮膚就癢癢，按2大穴止癢，... ❌
  🔄 不讓醫師演戲真的太可惜！喝這1杯花茶，血壓穩下來，眼睛不花了... ❌
  🔄 血壓總是早上5點-8點高，吃降血壓藥也不管用怎麼辦？｜胡乃文... ❌
  🔄 💖粉絲問什麼？胡太太逗趣提問，胡醫師親解答！胡乃文開講會員專... ❌
  🔄 {沒看到太可惜！醫師爆笑模仿蔣部長，全場笑翻｜胡乃文開講會員... ❌
  🔄 { 會員Q&A } 急救時先別亂按！極泉穴、人中穴，其實很多... ❌
  🔄 關於食用油對膽結石和便秘的問題｜胡乃文開講會員專屬7 ❌
  🔄 翻轉糖尿病迷思！為什麼糖尿病反而要吃米飯才會好！3個簡單運動... ❌
  📊 胡乃文开播: 0✅ 8❌
  📊 總計: 成功:0 失敗:8

============================================================
✅ 完成! 時間: 07:03:03
============================================================
>>> Round done at Fri Mar 27 07:03:03 CST 2026. last_channel_index=1
============================================================
🚀 知識庫爬蟲（kd subtitles 專用）- 07:03:06
============================================================

📺 [2/9] 柏格醫生中文
  🔄 類風濕與骨關節炎救星！戒掉 7 種糟食物，靠「高硫蔬菜與強效... ❌
  🔄 佛羅里達新法案威脅言論自由？批評糖與農藥恐被告，食品誹謗法大... ❌
  🔄 清血管這樣吃就對了！逆轉三高、改善心臟病、糖尿病、慢性腎臟病... ❌
  🔄 半夜起床尿尿?根本原因不在膀胱 ❌
  🔄 垃圾食品隱藏乳化劑像洗碗精！破壞腸道黏液層導致腸漏，柏格醫生... ❌
  🔄 如何永久遠離癌症？柏格醫生破解「癌細胞」弱點，30招從根本打... ❌
  🔄 頭前傾2.5公分加重4.5公斤！柏格醫生教你每晚幾分鐘快速矯... ❌
  🔄 麵包真正毒物不是麩質！血糖暴衝、胰島素阻抗元兇曝光，戒掉後該... ❌
  🔄 失眠毀掉我生活!! 助睡眠和保健肝功能的營養,柏格醫生 Dr... ❌
  🔄 養成這7個習慣，胰島素直降、脂肪狂燒！不餓不節食，輕鬆達到最... ❌
  📊 柏格醫生中文: 0✅ 10❌
  📊 總計: 成功:0 失敗:10

============================================================
✅ 完成! 時間: 07:05:07
============================================================
>>> Round done at Fri Mar 27 07:05:07 CST 2026. last_channel_index=2
============================================================
🚀 知識庫爬蟲（kd subtitles 專用）- 07:05:10
============================================================

📺 [3/9] Dr.HuangAmin
  🔄 睡覺狂打呼，口腔肌少症找上門！教你練舌肌力！feat.黃斌洋... ❌
  🔄 你靠吃「某些食物」才想大便，不正常！？必吃3種食物養腸道！｜... ❌
  🔄 手抬不起來，竟跟腸胃有關？內臟卡卡，手也會被扯住！｜功操大全 ❌
  🔄 轉頭就痛！頸因性頭痛，真正的原因在手部！？｜功操大全 ❌
  🔄 骨盆前傾一招練回正臀！檢測你有沒有假翹臀！｜功操大全 ❌
  🔄 你的身體會替情緒說話？什麼是身心學？feat.趙耕樂身心療癒... ❌
  🔄 別再硬按！淋巴塞，痠痛來！帶你一起疏通淋巴｜功操大全 ❌
  🔄 烏龜頸，脖子前傾的真相！搞錯原因復健還是凸！｜功操大全 ❌
  🔄 床墊、枕頭選錯你就痛！睡姿問題一次解！｜功操大全 ❌
  🔄 常常聳肩！你的腸胃、鎖骨卡住肩！｜迷思破解 ❌
  🔄 身體失調！月經亂、變胖竟是身體太冷！？feat.內科李琪醫師... ❌
  🔄 膝蓋痛，關鍵在骨盆、腳底的影響！｜迷思破解 ❌
  🔄 圓肩，全因你手指沒力氣？｜迷思破解 ❌
  🔄 消水腫！先清除體內垃圾｜迷思破解 ❌
  🔄 顳顎關節卡住的真正原因！｜功操大全 ❌
  📊 Dr.HuangAmin: 0✅ 15❌
  📊 總計: 成功:0 失敗:15

============================================================
✅ 完成! 時間: 07:07:27
============================================================
>>> Round done at Fri Mar 27 07:07:27 CST 2026. last_channel_index=3
============================================================
🚀 知識庫爬蟲（kd subtitles 專用）- 07:07:30
============================================================

📺 [4/9] 周慕姿放心說
  🔄 你不是廢，是太焦慮！撕下懶惰標籤，接住卡住的自己｜Ft.李東... ❌
  📊 周慕姿放心說: 0✅ 1❌
  📊 總計: 成功:0 失敗:1

============================================================
✅ 完成! 時間: 07:07:50
============================================================
>>> Round done at Fri Mar 27 07:07:50 CST 2026. last_channel_index=4
============================================================
🚀 知識庫爬蟲（kd subtitles 專用）- 07:07:53
============================================================

📺 [5/9] 松明讲心理
  🔄 Depression is a slow betrayal ... ❌
  🔄 愛操心的人，其實最孤單！#人生 #心理學 #煩惱 #認知 #... ❌
  🔄 Learn to make choices so your ... ❌
  🔄 看清選擇背後的三大陷阱，做出更清晰的人生決策！#朋友 #人際... ❌
  🔄 The power of choice: Living yo... ❌
  🔄 Long-distance relationships ar... ❌
  🔄 內心強大到可怕的10種心境！#人生 #心理學 #煩惱 #認知... ❌
  🔄 當恨佔滿了心，親密就進不來！#情感 #愛情 #戀愛 #離婚 ... ❌
  🔄 3句話學會放下執著、停止內耗，走向內在的力量！#人生 #心理... ❌
  🔄 原諒出軌，是救贖還是折磨？#情感 #愛情 #戀愛 #離婚  ... ❌
  🔄 女人最該守住的三重分寸感！#情感 #愛情 #戀愛 #離婚  ... ❌
  🔄 Whether your employees are wor... ❌
  🔄 苦難生智慧「物極必反」的哲學！#人生 #心理學 #煩惱 #認... ❌
  🔄 Four ways to quickly improve y... ❌
  🔄 如何挽救孩子的躺平和厭學？#松明  #煩惱 #親子 #婚姻 ... ❌
  📊 松明讲心理: 0✅ 15❌
  📊 總計: 成功:0 失敗:15

============================================================
✅ 完成! 時間: 07:09:59
============================================================
>>> Round done at Fri Mar 27 07:09:59 CST 2026. last_channel_index=5
============================================================
🚀 知識庫爬蟲（kd subtitles 專用）- 07:10:02
============================================================

📺 [6/9] 超真實商談
  ✅ 無新影片

📺 [7/9] Cofit211
  🔄 【頻道會員專屬】腦科學權威：你擁有「重塑大腦」的能力，人生隨... ❌
  🔄 這動作能緩解腰痠背痛？科學實證：真的有用｜初日診所 魏士航醫... ❌
  🔄 [Channel Member Exclusive] Inv... ❌
  🔄 [Channel Member Exclusive] Sta... ❌
  📊 Cofit211: 0✅ 4❌
  📊 總計: 成功:0 失敗:4

============================================================
✅ 完成! 時間: 07:10:40
============================================================
>>> Round done at Fri Mar 27 07:10:40 CST 2026. last_channel_index=7
============================================================
🚀 知識庫爬蟲（kd subtitles 專用）- 07:10:43
============================================================

📺 [8/9] 泛科學
  ✅ 無新影片

📺 [9/9] 泛科學院
  🔄 公開Gemini 3.1 Pro 六大功能！不是工程師也能寫... ❌
  🔄 [2026 Best AI Subscription Gui... ❌
  🔄 Stop using AI to copy and past... ❌
  🔄 [AI Teaching Notes | YouTube C... ❌
  📊 泛科學院: 0✅ 4❌
  📊 總計: 成功:0 失敗:4

============================================================
✅ 完成! 時間: 07:11:29
============================================================
>>> Round done at Fri Mar 27 07:11:29 CST 2026. last_channel_index=0
============================================================
🚀 知識庫爬蟲（kd subtitles 專用）- 07:11:32
============================================================

📺 [1/9] 胡乃文开播
  🔄 她雙腿癢2個月竟是肝出大問題！換季皮膚就癢癢，按2大穴止癢，... ❌
  🔄 不讓醫師演戲真的太可惜！喝這1杯花茶，血壓穩下來，眼睛不花了... ❌
  🔄 血壓總是早上5點-8點高，吃降血壓藥也不管用怎麼辦？｜胡乃文... ❌
  🔄 💖粉絲問什麼？胡太太逗趣提問，胡醫師親解答！胡乃文開講會員專... ❌
  🔄 {沒看到太可惜！醫師爆笑模仿蔣部長，全場笑翻｜胡乃文開講會員... ❌
  🔄 { 會員Q&A } 急救時先別亂按！極泉穴、人中穴，其實很多... ❌
  🔄 關於食用油對膽結石和便秘的問題｜胡乃文開講會員專屬7 ❌
  🔄 翻轉糖尿病迷思！為什麼糖尿病反而要吃米飯才會好！3個簡單運動... ❌
  📊 胡乃文开播: 0✅ 8❌
  📊 總計: 成功:0 失敗:8

============================================================
✅ 完成! 時間: 07:12:41
============================================================
>>> Round done at Fri Mar 27 07:12:41 CST 2026. last_channel_index=1
============================================================
🚀 知識庫爬蟲（kd subtitles 專用）- 07:12:44
============================================================

📺 [2/9] 柏格醫生中文
  🔄 類風濕與骨關節炎救星！戒掉 7 種糟食物，靠「高硫蔬菜與強效... ❌
  🔄 佛羅里達新法案威脅言論自由？批評糖與農藥恐被告，食品誹謗法大... ❌
  🔄 清血管這樣吃就對了！逆轉三高、改善心臟病、糖尿病、慢性腎臟病... ❌
  🔄 半夜起床尿尿?根本原因不在膀胱 ❌
  🔄 超市60%包裝食品都含這隱藏成分！乳化劑悄悄損害腸道健康與大... ❌
  🔄 如何永久遠離癌症？柏格醫生破解「癌細胞」弱點，30招從根本打... ❌
  🔄 頭前傾2.5公分加重4.5公斤！柏格醫生教你每晚幾分鐘快速矯... ❌
  🔄 別再吃麵包了！就算0糖也比砂糖更害血糖飆升，無麩質、全麥全是... ❌
  🔄 失眠毀掉我生活!! 助睡眠和保健肝功能的營養,柏格醫生 Dr... ❌
  🔄 養成這7個習慣，胰島素直降、脂肪狂燒！不餓不節食，輕鬆達到最... ❌
  📊 柏格醫生中文: 0✅ 10❌
  📊 總計: 成功:0 失敗:10

============================================================
✅ 完成! 時間: 07:14:44
============================================================
>>> Round done at Fri Mar 27 07:14:44 CST 2026. last_channel_index=2
============================================================
🚀 知識庫爬蟲（kd subtitles 專用）- 07:14:47
============================================================

📺 [3/9] Dr.HuangAmin
  🔄 睡覺狂打呼，口腔肌少症找上門！教你練舌肌力！feat.黃斌洋... ❌
  🔄 你靠吃「某些食物」才想大便，不正常！？必吃3種食物養腸道！｜... ❌
  🔄 手抬不起來，竟跟腸胃有關？內臟卡卡，手也會被扯住！｜功操大全 ❌
  🔄 轉頭就痛！頸因性頭痛，真正的原因在手部！？｜功操大全 ❌
  🔄 骨盆前傾一招練回正臀！檢測你有沒有假翹臀！｜功操大全 ❌
  🔄 你的身體會替情緒說話？什麼是身心學？feat.趙耕樂身心療癒... ❌
  🔄 別再硬按！淋巴塞，痠痛來！帶你一起疏通淋巴｜功操大全 ❌
  🔄 烏龜頸，脖子前傾的真相！搞錯原因復健還是凸！｜功操大全 ❌
  🔄 床墊、枕頭選錯你就痛！睡姿問題一次解！｜功操大全 ❌
  🔄 常常聳肩！你的腸胃、鎖骨卡住肩！｜迷思破解 ❌
  🔄 身體失調！月經亂、變胖竟是身體太冷！？feat.內科李琪醫師... ❌
  🔄 膝蓋痛，關鍵在骨盆、腳底的影響！｜迷思破解 ❌
  🔄 圓肩，全因你手指沒力氣？｜迷思破解 ❌
  🔄 消水腫！先清除體內垃圾｜迷思破解 ❌
  🔄 顳顎關節卡住的真正原因！｜功操大全 ❌
  📊 Dr.HuangAmin: 0✅ 15❌
  📊 總計: 成功:0 失敗:15

============================================================
✅ 完成! 時間: 07:16:59
============================================================
>>> Round done at Fri Mar 27 07:16:59 CST 2026. last_channel_index=3
============================================================
🚀 知識庫爬蟲（kd subtitles 專用）- 07:17:02
============================================================

📺 [4/9] 周慕姿放心說
  🔄 你不是廢，是太焦慮！撕下懶惰標籤，接住卡住的自己｜Ft.李東... ❌
  📊 周慕姿放心說: 0✅ 1❌
  📊 總計: 成功:0 失敗:1

============================================================
✅ 完成! 時間: 07:17:24
============================================================
>>> Round done at Fri Mar 27 07:17:24 CST 2026. last_channel_index=4
============================================================
🚀 知識庫爬蟲（kd subtitles 專用）- 07:17:27
============================================================

📺 [5/9] 松明讲心理
  🔄 Depression is a slow betrayal ... ❌
  🔄 愛操心的人，其實最孤單！#人生 #心理學 #煩惱 #認知 #... ❌
  🔄 Learn to make choices so your ... ❌
  🔄 看清選擇背後的三大陷阱，做出更清晰的人生決策！#朋友 #人際... ❌
  🔄 The power of choice: Living yo... ❌
  🔄 Long-distance relationships ar... ❌
  🔄 內心強大到可怕的10種心境！#人生 #心理學 #煩惱 #認知... ❌
  🔄 當恨佔滿了心，親密就進不來！#情感 #愛情 #戀愛 #離婚 ... ❌
  🔄 3句話學會放下執著、停止內耗，走向內在的力量！#人生 #心理... ❌
  🔄 原諒出軌，是救贖還是折磨？#情感 #愛情 #戀愛 #離婚  ... ❌
  🔄 女人最該守住的三重分寸感！#情感 #愛情 #戀愛 #離婚  ... ❌
  🔄 Whether your employees are wor... ❌
  🔄 苦難生智慧「物極必反」的哲學！#人生 #心理學 #煩惱 #認... ❌
  🔄 Four ways to quickly improve y... ❌
  🔄 如何挽救孩子的躺平和厭學？#松明  #煩惱 #親子 #婚姻 ... ❌
  📊 松明讲心理: 0✅ 15❌
  📊 總計: 成功:0 失敗:15

============================================================
✅ 完成! 時間: 07:19:34
============================================================
>>> Round done at Fri Mar 27 07:19:34 CST 2026. last_channel_index=5
============================================================
🚀 知識庫爬蟲（kd subtitles 專用）- 07:19:37
============================================================

📺 [6/9] 超真實商談
  ✅ 無新影片

📺 [7/9] Cofit211
  🔄 【頻道會員專屬】腦科學權威：你擁有「重塑大腦」的能力，人生隨... ❌
  🔄 這動作能緩解腰痠背痛？科學實證：真的有用｜初日診所 魏士航醫... ❌
  🔄 [Channel Member Exclusive] Inv... ❌
  🔄 [Channel Member Exclusive] Sta... ❌
  📊 Cofit211: 0✅ 4❌
  📊 總計: 成功:0 失敗:4

============================================================
✅ 完成! 時間: 07:20:18
============================================================
>>> Round done at Fri Mar 27 07:20:18 CST 2026. last_channel_index=7
============================================================
🚀 知識庫爬蟲（kd subtitles 專用）- 07:20:21
============================================================

📺 [8/9] 泛科學
  ✅ 無新影片

📺 [9/9] 泛科學院
  🔄 公開Gemini 3.1 Pro 六大功能！不是工程師也能寫... ❌
  🔄 [2026 Best AI Subscription Gui... ❌
  🔄 Stop using AI to copy and past... ❌
  🔄 [AI Teaching Notes | YouTube C... ❌
  📊 泛科學院: 0✅ 4❌
  📊 總計: 成功:0 失敗:4

============================================================
✅ 完成! 時間: 07:21:06
============================================================
>>> Round done at Fri Mar 27 07:21:06 CST 2026. last_channel_index=0
============================================================
🚀 知識庫爬蟲（kd subtitles 專用）- 07:21:09
============================================================

📺 [1/9] 胡乃文开播
  🔄 她雙腿癢2個月竟是肝出大問題！換季皮膚就癢癢，按2大穴止癢，... ❌
  🔄 不讓醫師演戲真的太可惜！喝這1杯花茶，血壓穩下來，眼睛不花了... ❌
  🔄 血壓總是早上5點-8點高，吃降血壓藥也不管用怎麼辦？｜胡乃文... ❌
  🔄 💖粉絲問什麼？胡太太逗趣提問，胡醫師親解答！胡乃文開講會員專... ❌
  🔄 {沒看到太可惜！醫師爆笑模仿蔣部長，全場笑翻｜胡乃文開講會員... ❌
  🔄 { 會員Q&A } 急救時先別亂按！極泉穴、人中穴，其實很多... ❌
  🔄 關於食用油對膽結石和便秘的問題｜胡乃文開講會員專屬7 ❌
  🔄 翻轉糖尿病迷思！為什麼糖尿病反而要吃米飯才會好！3個簡單運動... ❌
  📊 胡乃文开播: 0✅ 8❌
  📊 總計: 成功:0 失敗:8

============================================================
✅ 完成! 時間: 07:22:20
============================================================
>>> Round done at Fri Mar 27 07:22:20 CST 2026. last_channel_index=1
============================================================
🚀 知識庫爬蟲（kd subtitles 專用）- 07:22:23
============================================================

📺 [2/9] 柏格醫生中文
  🔄 類風濕與骨關節炎救星！戒掉 7 種糟食物，靠「高硫蔬菜與強效... ❌
  🔄 佛羅里達新法案威脅言論自由？批評糖與農藥恐被告，食品誹謗法大... ❌
  🔄 清血管這樣吃就對了！逆轉三高、改善心臟病、糖尿病、慢性腎臟病... ❌
  🔄 半夜起床尿尿?根本原因不在膀胱 ❌
  🔄 乳化劑正毀壞你的腸道！藏在冰淇淋、沙拉醬、植物奶中，柏格醫生... ❌
  🔄 【柏格醫生】癌症研究70年都錯了？揭開致癌真相與30個科學防... ❌
  🔄 頭前傾2.5公分加重4.5公斤！柏格醫生教你每晚幾分鐘快速矯... ❌
  🔄 麵包真正毒物不是麩質！血糖暴衝、胰島素阻抗元兇曝光，戒掉後該... ❌
  🔄 失眠毀掉我生活!! 助睡眠和保健肝功能的營養,柏格醫生 Dr... ❌
  🔄 養成這7個習慣，胰島素直降、脂肪狂燒！不餓不節食，輕鬆達到最... ❌
  📊 柏格醫生中文: 0✅ 10❌
  📊 總計: 成功:0 失敗:10

============================================================
✅ 完成! 時間: 07:24:18
============================================================
>>> Round done at Fri Mar 27 07:24:18 CST 2026. last_channel_index=2
============================================================
🚀 知識庫爬蟲（kd subtitles 專用）- 07:24:21
============================================================

📺 [3/9] Dr.HuangAmin
  🔄 睡覺狂打呼，口腔肌少症找上門！教你練舌肌力！feat.黃斌洋... ❌
  🔄 你靠吃「某些食物」才想大便，不正常！？必吃3種食物養腸道！｜... ❌
  🔄 手抬不起來，竟跟腸胃有關？內臟卡卡，手也會被扯住！｜功操大全 ❌
  🔄 轉頭就痛！頸因性頭痛，真正的原因在手部！？｜功操大全 ❌
  🔄 骨盆前傾一招練回正臀！檢測你有沒有假翹臀！｜功操大全 ❌
  🔄 你的身體會替情緒說話？什麼是身心學？feat.趙耕樂身心療癒... ❌
  🔄 別再硬按！淋巴塞，痠痛來！帶你一起疏通淋巴｜功操大全 ❌
  🔄 烏龜頸，脖子前傾的真相！搞錯原因復健還是凸！｜功操大全 ❌
  🔄 床墊、枕頭選錯你就痛！睡姿問題一次解！｜功操大全 ❌
  🔄 常常聳肩！你的腸胃、鎖骨卡住肩！｜迷思破解 ❌
  🔄 身體失調！月經亂、變胖竟是身體太冷！？feat.內科李琪醫師... ❌
  🔄 膝蓋痛，關鍵在骨盆、腳底的影響！｜迷思破解 ❌
  🔄 圓肩，全因你手指沒力氣？｜迷思破解 ❌
  🔄 消水腫！先清除體內垃圾｜迷思破解 ❌
  🔄 顳顎關節卡住的真正原因！｜功操大全 ❌
  📊 Dr.HuangAmin: 0✅ 15❌
  📊 總計: 成功:0 失敗:15

============================================================
✅ 完成! 時間: 07:26:32
============================================================
>>> Round done at Fri Mar 27 07:26:32 CST 2026. last_channel_index=3
============================================================
🚀 知識庫爬蟲（kd subtitles 專用）- 07:26:35
============================================================

📺 [4/9] 周慕姿放心說
  🔄 你不是廢，是太焦慮！撕下懶惰標籤，接住卡住的自己｜Ft.李東... ❌
  📊 周慕姿放心說: 0✅ 1❌
  📊 總計: 成功:0 失敗:1

============================================================
✅ 完成! 時間: 07:26:57
============================================================
>>> Round done at Fri Mar 27 07:26:57 CST 2026. last_channel_index=4
============================================================
🚀 知識庫爬蟲（kd subtitles 專用）- 07:27:00
============================================================

📺 [5/9] 松明讲心理
  🔄 Depression is a slow betrayal ... ❌
  🔄 愛操心的人，其實最孤單！#人生 #心理學 #煩惱 #認知 #... ❌
  🔄 Learn to make choices so your ... ❌
  🔄 看清選擇背後的三大陷阱，做出更清晰的人生決策！#朋友 #人際... ❌
  🔄 The power of choice: Living yo... ❌
  🔄 Long-distance relationships ar... ❌
  🔄 內心強大到可怕的10種心境！#人生 #心理學 #煩惱 #認知... ❌
  🔄 當恨佔滿了心，親密就進不來！#情感 #愛情 #戀愛 #離婚 ... ❌
  🔄 3句話學會放下執著、停止內耗，走向內在的力量！#人生 #心理... ❌
  🔄 原諒出軌，是救贖還是折磨？#情感 #愛情 #戀愛 #離婚  ... ❌
  🔄 女人最該守住的三重分寸感！#情感 #愛情 #戀愛 #離婚  ... ❌
  🔄 Whether your employees are wor... ❌
  🔄 苦難生智慧「物極必反」的哲學！#人生 #心理學 #煩惱 #認... ❌
  🔄 Four ways to quickly improve y... ❌
  🔄 如何挽救孩子的躺平和厭學？#松明  #煩惱 #親子 #婚姻 ... ❌
  📊 松明讲心理: 0✅ 15❌
  📊 總計: 成功:0 失敗:15

============================================================
✅ 完成! 時間: 07:29:04
============================================================
>>> Round done at Fri Mar 27 07:29:04 CST 2026. last_channel_index=5
============================================================
🚀 知識庫爬蟲（kd subtitles 專用）- 07:29:07
============================================================

📺 [6/9] 超真實商談
  ✅ 無新影片

📺 [7/9] Cofit211
  🔄 【頻道會員專屬】腦科學權威：你擁有「重塑大腦」的能力，人生隨... ❌
  🔄 這動作能緩解腰痠背痛？科學實證：真的有用｜初日診所 魏士航醫... ❌
  🔄 [Channel Member Exclusive] Inv... ❌
  🔄 [Channel Member Exclusive] Sta... ❌
  📊 Cofit211: 0✅ 4❌
  📊 總計: 成功:0 失敗:4

============================================================
✅ 完成! 時間: 07:29:49
============================================================
>>> Round done at Fri Mar 27 07:29:49 CST 2026. last_channel_index=7
============================================================
🚀 知識庫爬蟲（kd subtitles 專用）- 07:29:53
============================================================

📺 [8/9] 泛科學
  ✅ 無新影片

📺 [9/9] 泛科學院
  🔄 公開Gemini 3.1 Pro 六大功能！不是工程師也能寫... ❌
  🔄 [2026 Best AI Subscription Gui... ❌
  🔄 Stop using AI to copy and past... ❌
  🔄 [AI Teaching Notes | YouTube C... ❌
  📊 泛科學院: 0✅ 4❌
  📊 總計: 成功:0 失敗:4

============================================================
✅ 完成! 時間: 07:30:37
============================================================
>>> Round done at Fri Mar 27 07:30:37 CST 2026. last_channel_index=0
============================================================
🚀 知識庫爬蟲（kd subtitles 專用）- 07:30:40
============================================================

📺 [1/9] 胡乃文开播
  🔄 注意！她癢2個月查出是肝癌！春季濕疹大爆發，按2穴止癢，戒3... ❌
  🔄 不讓醫師演戲真的太可惜！喝這1杯花茶，血壓穩下來，眼睛不花了... ❌
  🔄 血壓總是早上5點-8點高，吃降血壓藥也不管用怎麼辦？｜胡乃文... ❌
  🔄 💖粉絲問什麼？胡太太逗趣提問，胡醫師親解答！胡乃文開講會員專... ❌
  🔄 {沒看到太可惜！醫師爆笑模仿蔣部長，全場笑翻｜胡乃文開講會員... ❌
  🔄 { 會員Q&A } 急救時先別亂按！極泉穴、人中穴，其實很多... ❌
  🔄 關於食用油對膽結石和便秘的問題｜胡乃文開講會員專屬7 ❌
  🔄 翻轉糖尿病迷思！為什麼糖尿病反而要吃米飯才會好！3個簡單運動... ❌
  📊 胡乃文开播: 0✅ 8❌
  📊 總計: 成功:0 失敗:8

============================================================
✅ 完成! 時間: 07:31:50
============================================================
>>> Round done at Fri Mar 27 07:31:50 CST 2026. last_channel_index=1
============================================================
🚀 知識庫爬蟲（kd subtitles 專用）- 07:31:53
============================================================

📺 [2/9] 柏格醫生中文
  🔄 類風濕與骨關節炎救星！戒掉 7 種糟食物，靠「高硫蔬菜與強效... ❌
  🔄 佛羅里達新法案威脅言論自由？批評糖與農藥恐被告，食品誹謗法大... ❌
  🔄 清血管這樣吃就對了！逆轉三高、改善心臟病、糖尿病、慢性腎臟病... ❌
  🔄 半夜起床尿尿?根本原因不在膀胱 ❌
  🔄 乳化劑正毀壞你的腸道！藏在冰淇淋、沙拉醬、植物奶中，柏格醫生... ❌
  🔄 【柏格醫生】癌症研究70年都錯了？揭開致癌真相與30個科學防... ❌
  🔄 頭前傾2.5公分加重4.5公斤！柏格醫生教你每晚幾分鐘快速矯... ❌
  🔄 別再吃麵包了！就算0糖也比砂糖更害血糖飆升，無麩質、全麥全是... ❌
  🔄 失眠毀掉我生活!! 助睡眠和保健肝功能的營養,柏格醫生 Dr... ❌
  🔄 養成這7個習慣，胰島素直降、脂肪狂燒！不餓不節食，輕鬆達到最... ❌
  📊 柏格醫生中文: 0✅ 10❌
  📊 總計: 成功:0 失敗:10

============================================================
✅ 完成! 時間: 07:33:50
============================================================
>>> Round done at Fri Mar 27 07:33:50 CST 2026. last_channel_index=2
============================================================
🚀 知識庫爬蟲（kd subtitles 專用）- 07:33:53
============================================================

📺 [3/9] Dr.HuangAmin
  🔄 睡覺狂打呼，口腔肌少症找上門！教你練舌肌力！feat.黃斌洋... ❌
  🔄 你靠吃「某些食物」才想大便，不正常！？必吃3種食物養腸道！｜... ❌
  🔄 手抬不起來，竟跟腸胃有關？內臟卡卡，手也會被扯住！｜功操大全 ❌
  🔄 轉頭就痛！頸因性頭痛，真正的原因在手部！？｜功操大全 ❌
  🔄 骨盆前傾一招練回正臀！檢測你有沒有假翹臀！｜功操大全 ❌
  🔄 你的身體會替情緒說話？什麼是身心學？feat.趙耕樂身心療癒... ❌
  🔄 別再硬按！淋巴塞，痠痛來！帶你一起疏通淋巴｜功操大全 ❌
  🔄 烏龜頸，脖子前傾的真相！搞錯原因復健還是凸！｜功操大全 ❌
  🔄 床墊、枕頭選錯你就痛！睡姿問題一次解！｜功操大全 ❌
  🔄 常常聳肩！你的腸胃、鎖骨卡住肩！｜迷思破解 ❌
  🔄 身體失調！月經亂、變胖竟是身體太冷！？feat.內科李琪醫師... ❌
  🔄 膝蓋痛，關鍵在骨盆、腳底的影響！｜迷思破解 ❌
  🔄 圓肩，全因你手指沒力氣？｜迷思破解 ❌
  🔄 消水腫！先清除體內垃圾｜迷思破解 ❌
  🔄 顳顎關節卡住的真正原因！｜功操大全 ❌
  📊 Dr.HuangAmin: 0✅ 15❌
  📊 總計: 成功:0 失敗:15

============================================================
✅ 完成! 時間: 07:36:07
============================================================
>>> Round done at Fri Mar 27 07:36:07 CST 2026. last_channel_index=3
============================================================
🚀 知識庫爬蟲（kd subtitles 專用）- 07:36:10
============================================================

📺 [4/9] 周慕姿放心說
  🔄 你不是廢，是太焦慮！撕下懶惰標籤，接住卡住的自己｜Ft.李東... ❌
  📊 周慕姿放心說: 0✅ 1❌
  📊 總計: 成功:0 失敗:1

============================================================
✅ 完成! 時間: 07:36:34
============================================================
>>> Round done at Fri Mar 27 07:36:34 CST 2026. last_channel_index=4
============================================================
🚀 知識庫爬蟲（kd subtitles 專用）- 07:36:37
============================================================

📺 [5/9] 松明讲心理
  🔄 Depression is a slow betrayal ... ❌
  🔄 愛操心的人，其實最孤單！#人生 #心理學 #煩惱 #認知 #... ❌
  🔄 Learn to make choices so your ... ❌
  🔄 看清選擇背後的三大陷阱，做出更清晰的人生決策！#朋友 #人際... ❌
  🔄 The power of choice: Living yo... ❌
  🔄 Long-distance relationships ar... ❌
  🔄 內心強大到可怕的10種心境！#人生 #心理學 #煩惱 #認知... ❌
  🔄 當恨佔滿了心，親密就進不來！#情感 #愛情 #戀愛 #離婚 ... ❌
  🔄 3句話學會放下執著、停止內耗，走向內在的力量！#人生 #心理... ❌
  🔄 原諒出軌，是救贖還是折磨？#情感 #愛情 #戀愛 #離婚  ... ❌
  🔄 女人最該守住的三重分寸感！#情感 #愛情 #戀愛 #離婚  ... ❌
  🔄 Whether your employees are wor... ❌
  🔄 苦難生智慧「物極必反」的哲學！#人生 #心理學 #煩惱 #認... ❌
  🔄 Four ways to quickly improve y... ❌
  🔄 如何挽救孩子的躺平和厭學？#松明  #煩惱 #親子 #婚姻 ... ❌
  📊 松明讲心理: 0✅ 15❌
  📊 總計: 成功:0 失敗:15

============================================================
✅ 完成! 時間: 07:38:47
============================================================
>>> Round done at Fri Mar 27 07:38:47 CST 2026. last_channel_index=5
============================================================
🚀 知識庫爬蟲（kd subtitles 專用）- 07:38:50
============================================================

📺 [6/9] 超真實商談
  ✅ 無新影片

📺 [7/9] Cofit211
  🔄 【頻道會員專屬】腦科學權威：你擁有「重塑大腦」的能力，人生隨... ❌
  🔄 這動作能緩解腰痠背痛？科學實證：真的有用｜初日診所 魏士航醫... ❌
  🔄 [Channel Member Exclusive] Inv... ❌
  🔄 [Channel Member Exclusive] Sta... ❌
  📊 Cofit211: 0✅ 4❌
  📊 總計: 成功:0 失敗:4

============================================================
✅ 完成! 時間: 07:39:33
============================================================
>>> Round done at Fri Mar 27 07:39:33 CST 2026. last_channel_index=7
============================================================
🚀 知識庫爬蟲（kd subtitles 專用）- 07:39:36
============================================================

📺 [8/9] 泛科學
  ✅ 無新影片

📺 [9/9] 泛科學院
  🔄 公開Gemini 3.1 Pro 六大功能！不是工程師也能寫... ❌
  🔄 [2026 Best AI Subscription Gui... ❌
  🔄 Stop using AI to copy and past... ❌
  🔄 [AI Teaching Notes | YouTube C... ❌
  📊 泛科學院: 0✅ 4❌
  📊 總計: 成功:0 失敗:4

============================================================
✅ 完成! 時間: 07:40:18
============================================================
>>> Round done at Fri Mar 27 07:40:18 CST 2026. last_channel_index=0
============================================================
🚀 知識庫爬蟲（kd subtitles 專用）- 07:40:21
============================================================

📺 [1/9] 胡乃文开播
  🔄 地瓜葉菊花茶讓濕疹好得快，但你吃對了嗎？她雙腿癢2個月竟是肝... ❌
  🔄 不讓醫師演戲真的太可惜！喝這1杯花茶，血壓穩下來，眼睛不花了... ❌
  🔄 血壓總是早上5點-8點高，吃降血壓藥也不管用怎麼辦？｜胡乃文... ❌
  🔄 💖粉絲問什麼？胡太太逗趣提問，胡醫師親解答！胡乃文開講會員專... ❌
  🔄 {沒看到太可惜！醫師爆笑模仿蔣部長，全場笑翻｜胡乃文開講會員... ❌
  🔄 { 會員Q&A } 急救時先別亂按！極泉穴、人中穴，其實很多... ❌
  🔄 關於食用油對膽結石和便秘的問題｜胡乃文開講會員專屬7 ❌
  🔄 翻轉糖尿病迷思！為什麼糖尿病反而要吃米飯才會好！3個簡單運動... ❌
  📊 胡乃文开播: 0✅ 8❌
  📊 總計: 成功:0 失敗:8

============================================================
✅ 完成! 時間: 07:41:29
============================================================
>>> Round done at Fri Mar 27 07:41:29 CST 2026. last_channel_index=1
============================================================
🚀 知識庫爬蟲（kd subtitles 專用）- 07:41:32
============================================================

📺 [2/9] 柏格醫生中文
  🔄 別只補鈣！關節炎修復關鍵在「內質網」？揭密 TUDCA 與維... ❌
  🔄 佛羅里達新法案威脅言論自由？批評糖與農藥恐被告，食品誹謗法大... ❌
  🔄 清血管這樣吃就對了！逆轉三高、改善心臟病、糖尿病、慢性腎臟病... ❌
  🔄 半夜起床尿尿?根本原因不在膀胱 ❌
  🔄 乳化劑正毀壞你的腸道！藏在冰淇淋、沙拉醬、植物奶中，柏格醫生... ❌
  🔄 癌症根本不是基因突變！柏格醫生：只要做對這30件事，從「粒線... ❌
  🔄 頭前傾2.5公分加重4.5公斤！柏格醫生教你每晚幾分鐘快速矯... ❌
  🔄 別再吃麵包了！就算0糖也比砂糖更害血糖飆升，無麩質、全麥全是... ❌
  🔄 失眠毀掉我生活!! 助睡眠和保健肝功能的營養,柏格醫生 Dr... ❌
  🔄 養成這7個習慣，胰島素直降、脂肪狂燒！不餓不節食，輕鬆達到最... ❌
  📊 柏格醫生中文: 0✅ 10❌
  📊 總計: 成功:0 失敗:10

============================================================
✅ 完成! 時間: 07:43:30
============================================================
>>> Round done at Fri Mar 27 07:43:30 CST 2026. last_channel_index=2
============================================================
🚀 知識庫爬蟲（kd subtitles 專用）- 07:43:33
============================================================

📺 [3/9] Dr.HuangAmin
  🔄 睡覺狂打呼，口腔肌少症找上門！教你練舌肌力！feat.黃斌洋... ❌
  🔄 你靠吃「某些食物」才想大便，不正常！？必吃3種食物養腸道！｜... ❌
  🔄 手抬不起來，竟跟腸胃有關？內臟卡卡，手也會被扯住！｜功操大全 ❌
  🔄 轉頭就痛！頸因性頭痛，真正的原因在手部！？｜功操大全 ❌
  🔄 骨盆前傾一招練回正臀！檢測你有沒有假翹臀！｜功操大全 ❌
  🔄 你的身體會替情緒說話？什麼是身心學？feat.趙耕樂身心療癒... ❌
  🔄 別再硬按！淋巴塞，痠痛來！帶你一起疏通淋巴｜功操大全 ❌
  🔄 烏龜頸，脖子前傾的真相！搞錯原因復健還是凸！｜功操大全 ❌
  🔄 床墊、枕頭選錯你就痛！睡姿問題一次解！｜功操大全 ❌
  🔄 常常聳肩！你的腸胃、鎖骨卡住肩！｜迷思破解 ❌
  🔄 身體失調！月經亂、變胖竟是身體太冷！？feat.內科李琪醫師... ❌
  🔄 膝蓋痛，關鍵在骨盆、腳底的影響！｜迷思破解 ❌
  🔄 圓肩，全因你手指沒力氣？｜迷思破解 ❌
  🔄 消水腫！先清除體內垃圾｜迷思破解 ❌
  🔄 顳顎關節卡住的真正原因！｜功操大全 ❌
  📊 Dr.HuangAmin: 0✅ 15❌
  📊 總計: 成功:0 失敗:15

============================================================
✅ 完成! 時間: 07:45:46
============================================================
>>> Round done at Fri Mar 27 07:45:46 CST 2026. last_channel_index=3
============================================================
🚀 知識庫爬蟲（kd subtitles 專用）- 07:45:49
============================================================

📺 [4/9] 周慕姿放心說
  🔄 你不是廢，是太焦慮！撕下懶惰標籤，接住卡住的自己｜Ft.李東... ❌
  📊 周慕姿放心說: 0✅ 1❌
  📊 總計: 成功:0 失敗:1

============================================================
✅ 完成! 時間: 07:46:09
============================================================
>>> Round done at Fri Mar 27 07:46:09 CST 2026. last_channel_index=4
============================================================
🚀 知識庫爬蟲（kd subtitles 專用）- 07:46:12
============================================================

📺 [5/9] 松明讲心理
  🔄 Depression is a slow betrayal ... ❌
  🔄 愛操心的人，其實最孤單！#人生 #心理學 #煩惱 #認知 #... ❌
  🔄 Learn to make choices so your ... ❌
  🔄 看清選擇背後的三大陷阱，做出更清晰的人生決策！#朋友 #人際... ❌
  🔄 The power of choice: Living yo... ❌
  🔄 Long-distance relationships ar... ❌
  🔄 內心強大到可怕的10種心境！#人生 #心理學 #煩惱 #認知... ❌
  🔄 當恨佔滿了心，親密就進不來！#情感 #愛情 #戀愛 #離婚 ... ❌
  🔄 3句話學會放下執著、停止內耗，走向內在的力量！#人生 #心理... ❌
  🔄 原諒出軌，是救贖還是折磨？#情感 #愛情 #戀愛 #離婚  ... ❌
  🔄 女人最該守住的三重分寸感！#情感 #愛情 #戀愛 #離婚  ... ❌
  🔄 Whether your employees are wor... ❌
  🔄 苦難生智慧「物極必反」的哲學！#人生 #心理學 #煩惱 #認... ❌
  🔄 Four ways to quickly improve y... ❌
  🔄 如何挽救孩子的躺平和厭學？#松明  #煩惱 #親子 #婚姻 ... ❌
  📊 松明讲心理: 0✅ 15❌
  📊 總計: 成功:0 失敗:15

============================================================
✅ 完成! 時間: 07:48:22
============================================================
>>> Round done at Fri Mar 27 07:48:22 CST 2026. last_channel_index=5
============================================================
🚀 知識庫爬蟲（kd subtitles 專用）- 07:48:25
============================================================

📺 [6/9] 超真實商談
  ✅ 無新影片

📺 [7/9] Cofit211
  🔄 【頻道會員專屬】腦科學權威：你擁有「重塑大腦」的能力，人生隨... ❌
  🔄 這動作能緩解腰痠背痛？科學實證：真的有用｜初日診所 魏士航醫... ❌
  🔄 [Channel Member Exclusive] Inv... ❌
  🔄 [Channel Member Exclusive] Sta... ❌
  📊 Cofit211: 0✅ 4❌
  📊 總計: 成功:0 失敗:4

============================================================
✅ 完成! 時間: 07:49:06
============================================================
>>> Round done at Fri Mar 27 07:49:06 CST 2026. last_channel_index=7
============================================================
🚀 知識庫爬蟲（kd subtitles 專用）- 07:49:09
============================================================

📺 [8/9] 泛科學
  ✅ 無新影片

📺 [9/9] 泛科學院
  🔄 公開Gemini 3.1 Pro 六大功能！不是工程師也能寫... ❌
  🔄 [2026 Best AI Subscription Gui... ❌
  🔄 Stop using AI to copy and past... ❌
  🔄 [AI Teaching Notes | YouTube C... ❌
  📊 泛科學院: 0✅ 4❌
  📊 總計: 成功:0 失敗:4

============================================================
✅ 完成! 時間: 07:49:58
============================================================
>>> Round done at Fri Mar 27 07:49:58 CST 2026. last_channel_index=0
============================================================
🚀 知識庫爬蟲（kd subtitles 專用）- 07:50:01
============================================================

📺 [1/9] 胡乃文开播
  🔄 她雙腿癢2個月竟是肝出大問題！換季皮膚就癢癢，按2大穴止癢，... ❌
  🔄 不讓醫師演戲真的太可惜！喝這1杯花茶，血壓穩下來，眼睛不花了... ❌
  🔄 血壓總是早上5點-8點高，吃降血壓藥也不管用怎麼辦？｜胡乃文... ❌
  🔄 💖粉絲問什麼？胡太太逗趣提問，胡醫師親解答！胡乃文開講會員專... ❌
  🔄 {沒看到太可惜！醫師爆笑模仿蔣部長，全場笑翻｜胡乃文開講會員... ❌
  🔄 { 會員Q&A } 急救時先別亂按！極泉穴、人中穴，其實很多... ❌
  🔄 關於食用油對膽結石和便秘的問題｜胡乃文開講會員專屬7 ❌
  🔄 翻轉糖尿病迷思！為什麼糖尿病反而要吃米飯才會好！3個簡單運動... ❌
  📊 胡乃文开播: 0✅ 8❌
  📊 總計: 成功:0 失敗:8

============================================================
✅ 完成! 時間: 07:51:07
============================================================
>>> Round done at Fri Mar 27 07:51:07 CST 2026. last_channel_index=1
============================================================
🚀 知識庫爬蟲（kd subtitles 專用）- 07:51:10
============================================================

📺 [2/9] 柏格醫生中文
  🔄 別只補鈣！關節炎修復關鍵在「內質網」？揭密 TUDCA 與維... ❌
  🔄 佛羅里達新法案威脅言論自由？批評糖與農藥恐被告，食品誹謗法大... ❌
  🔄 清血管這樣吃就對了！逆轉三高、改善心臟病、糖尿病、慢性腎臟病... ❌
  🔄 半夜起床尿尿?根本原因不在膀胱 ❌
  🔄 乳化劑正毀壞你的腸道！藏在冰淇淋、沙拉醬、植物奶中，柏格醫生... ❌
  🔄 癌症根本不是基因突變！柏格醫生：只要做對這30件事，從「粒線... ❌
  🔄 頭前傾2.5公分加重4.5公斤！柏格醫生教你每晚幾分鐘快速矯... ❌
  🔄 麵包真正毒物不是麩質！血糖暴衝、胰島素阻抗元兇曝光，戒掉後該... ❌
  🔄 失眠毀掉我生活!! 助睡眠和保健肝功能的營養,柏格醫生 Dr... ❌
  🔄 養成這7個習慣，胰島素直降、脂肪狂燒！不餓不節食，輕鬆達到最... ❌
  📊 柏格醫生中文: 0✅ 10❌
  📊 總計: 成功:0 失敗:10

============================================================
✅ 完成! 時間: 07:53:06
============================================================
>>> Round done at Fri Mar 27 07:53:06 CST 2026. last_channel_index=2
============================================================
🚀 知識庫爬蟲（kd subtitles 專用）- 07:53:09
============================================================

📺 [3/9] Dr.HuangAmin
  🔄 睡覺狂打呼，口腔肌少症找上門！教你練舌肌力！feat.黃斌洋... ❌
  🔄 你靠吃「某些食物」才想大便，不正常！？必吃3種食物養腸道！｜... ❌
  🔄 手抬不起來，竟跟腸胃有關？內臟卡卡，手也會被扯住！｜功操大全 ❌
  🔄 轉頭就痛！頸因性頭痛，真正的原因在手部！？｜功操大全 ❌
  🔄 骨盆前傾一招練回正臀！檢測你有沒有假翹臀！｜功操大全 ❌
  🔄 你的身體會替情緒說話？什麼是身心學？feat.趙耕樂身心療癒... ❌
  🔄 別再硬按！淋巴塞，痠痛來！帶你一起疏通淋巴｜功操大全 ❌
  🔄 烏龜頸，脖子前傾的真相！搞錯原因復健還是凸！｜功操大全 ❌
  🔄 床墊、枕頭選錯你就痛！睡姿問題一次解！｜功操大全 ❌
  🔄 常常聳肩！你的腸胃、鎖骨卡住肩！｜迷思破解 ❌
  🔄 身體失調！月經亂、變胖竟是身體太冷！？feat.內科李琪醫師... ❌
  🔄 膝蓋痛，關鍵在骨盆、腳底的影響！｜迷思破解 ❌
  🔄 圓肩，全因你手指沒力氣？｜迷思破解 ❌
  🔄 消水腫！先清除體內垃圾｜迷思破解 ❌
  🔄 顳顎關節卡住的真正原因！｜功操大全 ❌
  📊 Dr.HuangAmin: 0✅ 15❌
  📊 總計: 成功:0 失敗:15

============================================================
✅ 完成! 時間: 07:55:21
============================================================
>>> Round done at Fri Mar 27 07:55:22 CST 2026. last_channel_index=3
============================================================
🚀 知識庫爬蟲（kd subtitles 專用）- 07:55:25
============================================================

📺 [4/9] 周慕姿放心說
  🔄 你不是廢，是太焦慮！撕下懶惰標籤，接住卡住的自己｜Ft.李東... ❌
  📊 周慕姿放心說: 0✅ 1❌
  📊 總計: 成功:0 失敗:1

============================================================
✅ 完成! 時間: 07:55:45
============================================================
>>> Round done at Fri Mar 27 07:55:45 CST 2026. last_channel_index=4
============================================================
🚀 知識庫爬蟲（kd subtitles 專用）- 07:55:49
============================================================

📺 [5/9] 松明讲心理
  🔄 Depression is a slow betrayal ... ❌
  🔄 愛操心的人，其實最孤單！#人生 #心理學 #煩惱 #認知 #... ❌
  🔄 Learn to make choices so your ... ❌
  🔄 看清選擇背後的三大陷阱，做出更清晰的人生決策！#朋友 #人際... ❌
  🔄 The power of choice: Living yo... ❌
  🔄 Long-distance relationships ar... ❌
  🔄 內心強大到可怕的10種心境！#人生 #心理學 #煩惱 #認知... ❌
  🔄 當恨佔滿了心，親密就進不來！#情感 #愛情 #戀愛 #離婚 ... ❌
  🔄 3句話學會放下執著、停止內耗，走向內在的力量！#人生 #心理... ❌
  🔄 原諒出軌，是救贖還是折磨？#情感 #愛情 #戀愛 #離婚  ... ❌
  🔄 女人最該守住的三重分寸感！#情感 #愛情 #戀愛 #離婚  ... ❌
  🔄 Whether your employees are wor... ❌
  🔄 苦難生智慧「物極必反」的哲學！#人生 #心理學 #煩惱 #認... ❌
  🔄 Four ways to quickly improve y... ❌
  🔄 如何挽救孩子的躺平和厭學？#松明  #煩惱 #親子 #婚姻 ... ❌
  📊 松明讲心理: 0✅ 15❌
  📊 總計: 成功:0 失敗:15

============================================================
✅ 完成! 時間: 07:57:50
============================================================
>>> Round done at Fri Mar 27 07:57:50 CST 2026. last_channel_index=5
============================================================
🚀 知識庫爬蟲（kd subtitles 專用）- 07:57:53
============================================================

📺 [6/9] 超真實商談
  ✅ 無新影片

📺 [7/9] Cofit211
  🔄 【頻道會員專屬】腦科學權威：你擁有「重塑大腦」的能力，人生隨... ❌
  🔄 這動作能緩解腰痠背痛？科學實證：真的有用｜初日診所 魏士航醫... ❌
  🔄 [Channel Member Exclusive] Inv... ❌
  🔄 [Channel Member Exclusive] Sta... ❌
  📊 Cofit211: 0✅ 4❌
  📊 總計: 成功:0 失敗:4

============================================================
✅ 完成! 時間: 07:58:38
============================================================
>>> Round done at Fri Mar 27 07:58:38 CST 2026. last_channel_index=7
============================================================
🚀 知識庫爬蟲（kd subtitles 專用）- 07:58:41
============================================================

📺 [8/9] 泛科學
  ✅ 無新影片

📺 [9/9] 泛科學院
  🔄 公開Gemini 3.1 Pro 六大功能！不是工程師也能寫... ❌
  🔄 [2026 Best AI Subscription Gui... ❌
  🔄 Stop using AI to copy and past... ❌
  🔄 [AI Teaching Notes | YouTube C... ❌
  📊 泛科學院: 0✅ 4❌
  📊 總計: 成功:0 失敗:4

============================================================
✅ 完成! 時間: 07:59:28
============================================================
>>> Round done at Fri Mar 27 07:59:28 CST 2026. last_channel_index=0
============================================================
🚀 知識庫爬蟲（kd subtitles 專用）- 07:59:31
============================================================

📺 [1/9] 胡乃文开播
  🔄 注意！她癢2個月查出是肝癌！春季濕疹大爆發，按2穴止癢，戒3... ❌
  🔄 不讓醫師演戲真的太可惜！喝這1杯花茶，血壓穩下來，眼睛不花了... ❌
  🔄 血壓總是早上5點-8點高，吃降血壓藥也不管用怎麼辦？｜胡乃文... ❌
  🔄 💖粉絲問什麼？胡太太逗趣提問，胡醫師親解答！胡乃文開講會員專... ❌
  🔄 {沒看到太可惜！醫師爆笑模仿蔣部長，全場笑翻｜胡乃文開講會員... ❌
  🔄 { 會員Q&A } 急救時先別亂按！極泉穴、人中穴，其實很多... ❌
  🔄 關於食用油對膽結石和便秘的問題｜胡乃文開講會員專屬7 ❌
  🔄 翻轉糖尿病迷思！為什麼糖尿病反而要吃米飯才會好！3個簡單運動... ❌
  📊 胡乃文开播: 0✅ 8❌
  📊 總計: 成功:0 失敗:8

============================================================
✅ 完成! 時間: 08:00:39
============================================================
>>> Round done at Fri Mar 27 08:00:39 CST 2026. last_channel_index=1
============================================================
🚀 知識庫爬蟲（kd subtitles 專用）- 08:00:42
============================================================

📺 [2/9] 柏格醫生中文
  🔄 別只補鈣！關節炎修復關鍵在「內質網」？揭密 TUDCA 與維... ❌
  🔄 佛羅里達新法案威脅言論自由？批評糖與農藥恐被告，食品誹謗法大... ❌
  🔄 清血管這樣吃就對了！逆轉三高、改善心臟病、糖尿病、慢性腎臟病... ❌
  🔄 半夜起床尿尿?根本原因不在膀胱 ❌
  🔄 乳化劑正毀壞你的腸道！藏在冰淇淋、沙拉醬、植物奶中，柏格醫生... ❌
  🔄 【柏格醫生】癌症研究70年都錯了？揭開致癌真相與30個科學防... ❌
  🔄 頭前傾2.5公分加重4.5公斤！柏格醫生教你每晚幾分鐘快速矯... ❌
  🔄 別再吃麵包了！就算0糖也比砂糖更害血糖飆升，無麩質、全麥全是... ❌
  🔄 失眠毀掉我生活!! 助睡眠和保健肝功能的營養,柏格醫生 Dr... ✅ (28275字)
  🔄 養成這7個習慣，胰島素直降、脂肪狂燒！不餓不節食，輕鬆達到最... ❌
  📊 柏格醫生中文: 1✅ 9❌
  📊 總計: 成功:1 失敗:9

============================================================
✅ 完成! 時間: 08:02:43
============================================================
>>> Round done at Fri Mar 27 08:02:43 CST 2026. last_channel_index=2
============================================================
🚀 知識庫爬蟲（kd subtitles 專用）- 08:02:46
============================================================

📺 [3/9] Dr.HuangAmin
  🔄 睡覺狂打呼，口腔肌少症找上門！教你練舌肌力！feat.黃斌洋... ❌
  🔄 你靠吃「某些食物」才想大便，不正常！？必吃3種食物養腸道！｜... ❌
  🔄 手抬不起來，竟跟腸胃有關？內臟卡卡，手也會被扯住！｜功操大全 ❌
  🔄 轉頭就痛！頸因性頭痛，真正的原因在手部！？｜功操大全 ❌
  🔄 骨盆前傾一招練回正臀！檢測你有沒有假翹臀！｜功操大全 ❌
  🔄 你的身體會替情緒說話？什麼是身心學？feat.趙耕樂身心療癒... ❌
  🔄 別再硬按！淋巴塞，痠痛來！帶你一起疏通淋巴｜功操大全 ❌
  🔄 烏龜頸，脖子前傾的真相！搞錯原因復健還是凸！｜功操大全 ❌
  🔄 床墊、枕頭選錯你就痛！睡姿問題一次解！｜功操大全 ❌
  🔄 常常聳肩！你的腸胃、鎖骨卡住肩！｜迷思破解 ❌
  🔄 身體失調！月經亂、變胖竟是身體太冷！？feat.內科李琪醫師... ❌
  🔄 膝蓋痛，關鍵在骨盆、腳底的影響！｜迷思破解 ❌
  🔄 圓肩，全因你手指沒力氣？｜迷思破解 ❌
  🔄 消水腫！先清除體內垃圾｜迷思破解 ❌
  🔄 顳顎關節卡住的真正原因！｜功操大全 ❌
  📊 Dr.HuangAmin: 0✅ 15❌
  📊 總計: 成功:0 失敗:15

============================================================
✅ 完成! 時間: 08:04:58
============================================================
>>> Round done at Fri Mar 27 08:04:58 CST 2026. last_channel_index=3
============================================================
🚀 知識庫爬蟲（kd subtitles 專用）- 08:05:01
============================================================

📺 [4/9] 周慕姿放心說
  🔄 你不是廢，是太焦慮！撕下懶惰標籤，接住卡住的自己｜Ft.李東... ❌
  📊 周慕姿放心說: 0✅ 1❌
  📊 總計: 成功:0 失敗:1

============================================================
✅ 完成! 時間: 08:05:23
============================================================
>>> Round done at Fri Mar 27 08:05:23 CST 2026. last_channel_index=4
============================================================
🚀 知識庫爬蟲（kd subtitles 專用）- 08:05:26
============================================================

📺 [5/9] 松明讲心理
  🔄 Depression is a slow betrayal ... ❌
  🔄 愛操心的人，其實最孤單！#人生 #心理學 #煩惱 #認知 #... ❌
  🔄 Learn to make choices so your ... ❌
  🔄 看清選擇背後的三大陷阱，做出更清晰的人生決策！#朋友 #人際... ❌
  🔄 The power of choice: Living yo... ❌
  🔄 Long-distance relationships ar... ❌
  🔄 內心強大到可怕的10種心境！#人生 #心理學 #煩惱 #認知... ❌
  🔄 當恨佔滿了心，親密就進不來！#情感 #愛情 #戀愛 #離婚 ... ❌
  🔄 3句話學會放下執著、停止內耗，走向內在的力量！#人生 #心理... ❌
  🔄 原諒出軌，是救贖還是折磨？#情感 #愛情 #戀愛 #離婚  ... ❌
  🔄 女人最該守住的三重分寸感！#情感 #愛情 #戀愛 #離婚  ... ❌
  🔄 Whether your employees are wor... ❌
  🔄 苦難生智慧「物極必反」的哲學！#人生 #心理學 #煩惱 #認... ❌
  🔄 Four ways to quickly improve y... ❌
  🔄 如何挽救孩子的躺平和厭學？#松明  #煩惱 #親子 #婚姻 ... ❌
  📊 松明讲心理: 0✅ 15❌
  📊 總計: 成功:0 失敗:15

============================================================
✅ 完成! 時間: 08:07:34
============================================================
>>> Round done at Fri Mar 27 08:07:34 CST 2026. last_channel_index=5
============================================================
🚀 知識庫爬蟲（kd subtitles 專用）- 08:07:37
============================================================

📺 [6/9] 超真實商談
  ✅ 無新影片

📺 [7/9] Cofit211
  🔄 【頻道會員專屬】腦科學權威：你擁有「重塑大腦」的能力，人生隨... ❌
  🔄 這動作能緩解腰痠背痛？科學實證：真的有用｜初日診所 魏士航醫... ❌
  🔄 [Channel Member Exclusive] Inv... ❌
  🔄 [Channel Member Exclusive] Sta... ❌
  📊 Cofit211: 0✅ 4❌
  📊 總計: 成功:0 失敗:4

============================================================
✅ 完成! 時間: 08:08:19
============================================================
>>> Round done at Fri Mar 27 08:08:19 CST 2026. last_channel_index=7
============================================================
🚀 知識庫爬蟲（kd subtitles 專用）- 08:08:22
============================================================

📺 [8/9] 泛科學
  ✅ 無新影片

📺 [9/9] 泛科學院
  🔄 公開Gemini 3.1 Pro 六大功能！不是工程師也能寫... ❌
  🔄 [2026 Best AI Subscription Gui... ❌
  🔄 Stop using AI to copy and past... ❌
  🔄 [AI Teaching Notes | YouTube C... ❌
  📊 泛科學院: 0✅ 4❌
  📊 總計: 成功:0 失敗:4

============================================================
✅ 完成! 時間: 08:09:03
============================================================
>>> Round done at Fri Mar 27 08:09:03 CST 2026. last_channel_index=0
============================================================
🚀 知識庫爬蟲（kd subtitles 專用）- 08:09:06
============================================================

📺 [1/9] 胡乃文开播
  🔄 地瓜葉菊花茶讓濕疹好得快，但你吃對了嗎？她雙腿癢2個月竟是肝... ❌
  🔄 不讓醫師演戲真的太可惜！喝這1杯花茶，血壓穩下來，眼睛不花了... ❌
  🔄 血壓總是早上5點-8點高，吃降血壓藥也不管用怎麼辦？｜胡乃文... ❌
  🔄 💖粉絲問什麼？胡太太逗趣提問，胡醫師親解答！胡乃文開講會員專... ❌
  🔄 {沒看到太可惜！醫師爆笑模仿蔣部長，全場笑翻｜胡乃文開講會員... ❌
  🔄 { 會員Q&A } 急救時先別亂按！極泉穴、人中穴，其實很多... ❌
  🔄 關於食用油對膽結石和便秘的問題｜胡乃文開講會員專屬7 ❌
  🔄 翻轉糖尿病迷思！為什麼糖尿病反而要吃米飯才會好！3個簡單運動... ❌
  📊 胡乃文开播: 0✅ 8❌
  📊 總計: 成功:0 失敗:8

============================================================
✅ 完成! 時間: 08:10:17
============================================================
>>> Round done at Fri Mar 27 08:10:17 CST 2026. last_channel_index=1
============================================================
🚀 知識庫爬蟲（kd subtitles 專用）- 08:10:20
============================================================

📺 [2/9] 柏格醫生中文
  🔄 類風濕與骨關節炎救星！戒掉 7 種糟食物，靠「高硫蔬菜與強效... ❌
  🔄 佛羅里達新法案威脅言論自由？批評糖與農藥恐被告，食品誹謗法大... ❌
  🔄 清血管這樣吃就對了！逆轉三高、改善心臟病、糖尿病、慢性腎臟病... ❌
  🔄 半夜起床尿尿?根本原因不在膀胱 ❌
  🔄 垃圾食品隱藏乳化劑像洗碗精！破壞腸道黏液層導致腸漏，柏格醫生... ❌
  🔄 如何永久遠離癌症？柏格醫生破解「癌細胞」弱點，30招從根本打... ❌
  🔄 頭前傾2.5公分加重4.5公斤！柏格醫生教你每晚幾分鐘快速矯... ❌
  🔄 麵包真正毒物不是麩質！血糖暴衝、胰島素阻抗元兇曝光，戒掉後該... ❌
  🔄 養成這7個習慣，胰島素直降、脂肪狂燒！不餓不節食，輕鬆達到最... ❌
  📊 柏格醫生中文: 0✅ 9❌
  📊 總計: 成功:0 失敗:9

============================================================
✅ 完成! 時間: 08:12:05
============================================================
>>> Round done at Fri Mar 27 08:12:05 CST 2026. last_channel_index=2
============================================================
🚀 知識庫爬蟲（kd subtitles 專用）- 08:12:09
============================================================

📺 [3/9] Dr.HuangAmin
  🔄 睡覺狂打呼，口腔肌少症找上門！教你練舌肌力！feat.黃斌洋... ❌
  🔄 你靠吃「某些食物」才想大便，不正常！？必吃3種食物養腸道！｜... ❌
  🔄 手抬不起來，竟跟腸胃有關？內臟卡卡，手也會被扯住！｜功操大全 ❌
  🔄 轉頭就痛！頸因性頭痛，真正的原因在手部！？｜功操大全 ❌
  🔄 骨盆前傾一招練回正臀！檢測你有沒有假翹臀！｜功操大全 ❌
  🔄 你的身體會替情緒說話？什麼是身心學？feat.趙耕樂身心療癒... ❌
  🔄 別再硬按！淋巴塞，痠痛來！帶你一起疏通淋巴｜功操大全 ❌
  🔄 烏龜頸，脖子前傾的真相！搞錯原因復健還是凸！｜功操大全 ❌
  🔄 床墊、枕頭選錯你就痛！睡姿問題一次解！｜功操大全 ❌
  🔄 常常聳肩！你的腸胃、鎖骨卡住肩！｜迷思破解 ❌
  🔄 身體失調！月經亂、變胖竟是身體太冷！？feat.內科李琪醫師... ❌
  🔄 膝蓋痛，關鍵在骨盆、腳底的影響！｜迷思破解 ❌
  🔄 圓肩，全因你手指沒力氣？｜迷思破解 ❌
  🔄 消水腫！先清除體內垃圾｜迷思破解 ❌
  🔄 顳顎關節卡住的真正原因！｜功操大全 ❌
  📊 Dr.HuangAmin: 0✅ 15❌
  📊 總計: 成功:0 失敗:15

============================================================
✅ 完成! 時間: 08:14:24
============================================================
>>> Round done at Fri Mar 27 08:14:24 CST 2026. last_channel_index=3
============================================================
🚀 知識庫爬蟲（kd subtitles 專用）- 08:14:27
============================================================

📺 [4/9] 周慕姿放心說
  🔄 你不是廢，是太焦慮！撕下懶惰標籤，接住卡住的自己｜Ft.李東... ❌
  📊 周慕姿放心說: 0✅ 1❌
  📊 總計: 成功:0 失敗:1

============================================================
✅ 完成! 時間: 08:14:47
============================================================
>>> Round done at Fri Mar 27 08:14:47 CST 2026. last_channel_index=4
============================================================
🚀 知識庫爬蟲（kd subtitles 專用）- 08:14:51
============================================================

📺 [5/9] 松明讲心理
  🔄 Depression is a slow betrayal ... ❌
  🔄 愛操心的人，其實最孤單！#人生 #心理學 #煩惱 #認知 #... ❌
  🔄 Learn to make choices so your ... ❌
  🔄 看清選擇背後的三大陷阱，做出更清晰的人生決策！#朋友 #人際... ❌
  🔄 The power of choice: Living yo... ❌
  🔄 Long-distance relationships ar... ❌
  🔄 內心強大到可怕的10種心境！#人生 #心理學 #煩惱 #認知... ❌
  🔄 當恨佔滿了心，親密就進不來！#情感 #愛情 #戀愛 #離婚 ... ❌
  🔄 3句話學會放下執著、停止內耗，走向內在的力量！#人生 #心理... ❌
  🔄 原諒出軌，是救贖還是折磨？#情感 #愛情 #戀愛 #離婚  ... ❌
  🔄 女人最該守住的三重分寸感！#情感 #愛情 #戀愛 #離婚  ... ❌
  🔄 Whether your employees are wor... ❌
  🔄 苦難生智慧「物極必反」的哲學！#人生 #心理學 #煩惱 #認... ❌
  🔄 Four ways to quickly improve y... ❌
  🔄 如何挽救孩子的躺平和厭學？#松明  #煩惱 #親子 #婚姻 ... ❌
  📊 松明讲心理: 0✅ 15❌
  📊 總計: 成功:0 失敗:15

============================================================
✅ 完成! 時間: 08:17:00
============================================================
>>> Round done at Fri Mar 27 08:17:00 CST 2026. last_channel_index=5
============================================================
🚀 知識庫爬蟲（kd subtitles 專用）- 08:17:03
============================================================

📺 [6/9] 超真實商談
  ✅ 無新影片

📺 [7/9] Cofit211
  🔄 【頻道會員專屬】腦科學權威：你擁有「重塑大腦」的能力，人生隨... ❌
  🔄 這動作能緩解腰痠背痛？科學實證：真的有用｜初日診所 魏士航醫... ❌
  🔄 [Channel Member Exclusive] Inv... ❌
  🔄 [Channel Member Exclusive] Sta... ❌
  📊 Cofit211: 0✅ 4❌
  📊 總計: 成功:0 失敗:4

============================================================
✅ 完成! 時間: 08:17:44
============================================================
>>> Round done at Fri Mar 27 08:17:44 CST 2026. last_channel_index=7
============================================================
🚀 知識庫爬蟲（kd subtitles 專用）- 08:17:47
============================================================

📺 [8/9] 泛科學
  ✅ 無新影片

📺 [9/9] 泛科學院
  🔄 公開Gemini 3.1 Pro 六大功能！不是工程師也能寫... ❌
  🔄 [2026 Best AI Subscription Gui... ❌
  🔄 Stop using AI to copy and past... ❌
  🔄 [AI Teaching Notes | YouTube C... ❌
  📊 泛科學院: 0✅ 4❌
  📊 總計: 成功:0 失敗:4

============================================================
✅ 完成! 時間: 08:18:34
============================================================
>>> Round done at Fri Mar 27 08:18:34 CST 2026. last_channel_index=0
============================================================
🚀 知識庫爬蟲（kd subtitles 專用）- 08:18:37
============================================================

📺 [1/9] 胡乃文开播
  🔄 地瓜葉菊花茶讓濕疹好得快，但你吃對了嗎？她雙腿癢2個月竟是肝... ❌
  🔄 不讓醫師演戲真的太可惜！喝這1杯花茶，血壓穩下來，眼睛不花了... ❌
  🔄 血壓總是早上5點-8點高，吃降血壓藥也不管用怎麼辦？｜胡乃文... ❌
  🔄 💖粉絲問什麼？胡太太逗趣提問，胡醫師親解答！胡乃文開講會員專... ❌
  🔄 {沒看到太可惜！醫師爆笑模仿蔣部長，全場笑翻｜胡乃文開講會員... ❌
  🔄 { 會員Q&A } 急救時先別亂按！極泉穴、人中穴，其實很多... ❌
  🔄 關於食用油對膽結石和便秘的問題｜胡乃文開講會員專屬7 ❌
  🔄 翻轉糖尿病迷思！為什麼糖尿病反而要吃米飯才會好！3個簡單運動... ❌
  📊 胡乃文开播: 0✅ 8❌
  📊 總計: 成功:0 失敗:8

============================================================
✅ 完成! 時間: 08:19:45
============================================================
>>> Round done at Fri Mar 27 08:19:45 CST 2026. last_channel_index=1
============================================================
🚀 知識庫爬蟲（kd subtitles 專用）- 08:19:48
============================================================

📺 [2/9] 柏格醫生中文
  🔄 關節痛好不了？避開「這7種」最傷關節食物！柏格醫生：修復軟骨... ✅ (57188字)
  🔄 佛羅里達新法案威脅言論自由？批評糖與農藥恐被告，食品誹謗法大... ❌
  🔄 清血管這樣吃就對了！逆轉三高、改善心臟病、糖尿病、慢性腎臟病... ❌
  🔄 半夜起床尿尿?根本原因不在膀胱 ❌
  🔄 超市60%包裝食品都含這隱藏成分！乳化劑悄悄損害腸道健康與大... ❌
  🔄 癌症根本不是基因突變！柏格醫生：只要做對這30件事，從「粒線... ❌
  🔄 頭前傾2.5公分加重4.5公斤！柏格醫生教你每晚幾分鐘快速矯... ❌
  🔄 別再吃麵包了！就算0糖也比砂糖更害血糖飆升，無麩質、全麥全是... ❌
  🔄 養成這7個習慣，胰島素直降、脂肪狂燒！不餓不節食，輕鬆達到最... ❌
  📊 柏格醫生中文: 1✅ 8❌
  📊 總計: 成功:1 失敗:8

============================================================
✅ 完成! 時間: 08:21:35
============================================================
>>> Round done at Fri Mar 27 08:21:35 CST 2026. last_channel_index=2
============================================================
🚀 知識庫爬蟲（kd subtitles 專用）- 08:21:38
============================================================

📺 [3/9] Dr.HuangAmin
  🔄 睡覺狂打呼，口腔肌少症找上門！教你練舌肌力！feat.黃斌洋... ❌
  🔄 你靠吃「某些食物」才想大便，不正常！？必吃3種食物養腸道！｜... ❌
  🔄 手抬不起來，竟跟腸胃有關？內臟卡卡，手也會被扯住！｜功操大全 ❌
  🔄 轉頭就痛！頸因性頭痛，真正的原因在手部！？｜功操大全 ❌
  🔄 骨盆前傾一招練回正臀！檢測你有沒有假翹臀！｜功操大全 ❌
  🔄 你的身體會替情緒說話？什麼是身心學？feat.趙耕樂身心療癒... ❌
  🔄 別再硬按！淋巴塞，痠痛來！帶你一起疏通淋巴｜功操大全 ❌
  🔄 烏龜頸，脖子前傾的真相！搞錯原因復健還是凸！｜功操大全 ❌
  🔄 床墊、枕頭選錯你就痛！睡姿問題一次解！｜功操大全 ❌
  🔄 常常聳肩！你的腸胃、鎖骨卡住肩！｜迷思破解 ❌
  🔄 身體失調！月經亂、變胖竟是身體太冷！？feat.內科李琪醫師... ❌
  🔄 膝蓋痛，關鍵在骨盆、腳底的影響！｜迷思破解 ❌
  🔄 圓肩，全因你手指沒力氣？｜迷思破解 ❌
  🔄 消水腫！先清除體內垃圾｜迷思破解 ❌
  🔄 顳顎關節卡住的真正原因！｜功操大全 ❌
  📊 Dr.HuangAmin: 0✅ 15❌
  📊 總計: 成功:0 失敗:15

============================================================
✅ 完成! 時間: 08:23:56
============================================================
>>> Round done at Fri Mar 27 08:23:56 CST 2026. last_channel_index=3
============================================================
🚀 知識庫爬蟲（kd subtitles 專用）- 08:23:59
============================================================

📺 [4/9] 周慕姿放心說
  🔄 你不是廢，是太焦慮！撕下懶惰標籤，接住卡住的自己｜Ft.李東... ❌
  📊 周慕姿放心說: 0✅ 1❌
  📊 總計: 成功:0 失敗:1

============================================================
✅ 完成! 時間: 08:24:19
============================================================
>>> Round done at Fri Mar 27 08:24:19 CST 2026. last_channel_index=4
============================================================
🚀 知識庫爬蟲（kd subtitles 專用）- 08:24:22
============================================================

📺 [5/9] 松明讲心理
  🔄 Depression is a slow betrayal ... ❌
  🔄 愛操心的人，其實最孤單！#人生 #心理學 #煩惱 #認知 #... ❌
  🔄 Learn to make choices so your ... ❌
  🔄 看清選擇背後的三大陷阱，做出更清晰的人生決策！#朋友 #人際... ❌
  🔄 The power of choice: Living yo... ❌
  🔄 Long-distance relationships ar... ❌
  🔄 內心強大到可怕的10種心境！#人生 #心理學 #煩惱 #認知... ❌
  🔄 當恨佔滿了心，親密就進不來！#情感 #愛情 #戀愛 #離婚 ... ❌
  🔄 3句話學會放下執著、停止內耗，走向內在的力量！#人生 #心理... ❌
  🔄 原諒出軌，是救贖還是折磨？#情感 #愛情 #戀愛 #離婚  ... ❌
  🔄 女人最該守住的三重分寸感！#情感 #愛情 #戀愛 #離婚  ... ❌
  🔄 Whether your employees are wor... ❌
  🔄 苦難生智慧「物極必反」的哲學！#人生 #心理學 #煩惱 #認... ❌
  🔄 Four ways to quickly improve y... ❌
  🔄 如何挽救孩子的躺平和厭學？#松明  #煩惱 #親子 #婚姻 ... ❌
  📊 松明讲心理: 0✅ 15❌
  📊 總計: 成功:0 失敗:15

============================================================
✅ 完成! 時間: 08:26:31
============================================================
>>> Round done at Fri Mar 27 08:26:31 CST 2026. last_channel_index=5
============================================================
🚀 知識庫爬蟲（kd subtitles 專用）- 08:26:34
============================================================

📺 [6/9] 超真實商談
  ✅ 無新影片

📺 [7/9] Cofit211
  🔄 【頻道會員專屬】腦科學權威：你擁有「重塑大腦」的能力，人生隨... ❌
  🔄 這動作能緩解腰痠背痛？科學實證：真的有用｜初日診所 魏士航醫... ❌
  🔄 [Channel Member Exclusive] Inv... ❌
  🔄 [Channel Member Exclusive] Sta... ❌
  📊 Cofit211: 0✅ 4❌
  📊 總計: 成功:0 失敗:4

============================================================
✅ 完成! 時間: 08:27:15
============================================================
>>> Round done at Fri Mar 27 08:27:15 CST 2026. last_channel_index=7
============================================================
🚀 知識庫爬蟲（kd subtitles 專用）- 08:27:18
============================================================

📺 [8/9] 泛科學
  ✅ 無新影片

📺 [9/9] 泛科學院
  🔄 公開Gemini 3.1 Pro 六大功能！不是工程師也能寫... ❌
  🔄 [2026 Best AI Subscription Gui... ❌
  🔄 Stop using AI to copy and past... ❌
  🔄 [AI Teaching Notes | YouTube C... ❌
  📊 泛科學院: 0✅ 4❌
  📊 總計: 成功:0 失敗:4

============================================================
✅ 完成! 時間: 08:28:02
============================================================
>>> Round done at Fri Mar 27 08:28:02 CST 2026. last_channel_index=0
============================================================
🚀 知識庫爬蟲（kd subtitles 專用）- 08:28:05
============================================================

📺 [1/9] 胡乃文开播
  🔄 她雙腿癢2個月竟是肝出大問題！換季皮膚就癢癢，按2大穴止癢，... ❌
  🔄 不讓醫師演戲真的太可惜！喝這1杯花茶，血壓穩下來，眼睛不花了... ❌
  🔄 血壓總是早上5點-8點高，吃降血壓藥也不管用怎麼辦？｜胡乃文... ❌
  🔄 💖粉絲問什麼？胡太太逗趣提問，胡醫師親解答！胡乃文開講會員專... ❌
  🔄 {沒看到太可惜！醫師爆笑模仿蔣部長，全場笑翻｜胡乃文開講會員... ❌
  🔄 { 會員Q&A } 急救時先別亂按！極泉穴、人中穴，其實很多... ❌
  🔄 關於食用油對膽結石和便秘的問題｜胡乃文開講會員專屬7 ❌
  🔄 翻轉糖尿病迷思！為什麼糖尿病反而要吃米飯才會好！3個簡單運動... ❌
  📊 胡乃文开播: 0✅ 8❌
  📊 總計: 成功:0 失敗:8

============================================================
✅ 完成! 時間: 08:29:20
============================================================
>>> Round done at Fri Mar 27 08:29:20 CST 2026. last_channel_index=1
============================================================
🚀 知識庫爬蟲（kd subtitles 專用）- 08:29:23
============================================================

📺 [2/9] 柏格醫生中文
  🔄 佛羅里達新法案威脅言論自由？批評糖與農藥恐被告，食品誹謗法大... ❌
  🔄 清血管這樣吃就對了！逆轉三高、改善心臟病、糖尿病、慢性腎臟病... ❌
  🔄 半夜起床尿尿?根本原因不在膀胱 ❌
  🔄 超市60%包裝食品都含這隱藏成分！乳化劑悄悄損害腸道健康與大... ❌
  🔄 癌症根本不是基因突變！柏格醫生：只要做對這30件事，從「粒線... ❌
  🔄 頭前傾2.5公分加重4.5公斤！柏格醫生教你每晚幾分鐘快速矯... ❌
  🔄 別再吃麵包了！就算0糖也比砂糖更害血糖飆升，無麩質、全麥全是... ❌
  🔄 養成這7個習慣，胰島素直降、脂肪狂燒！不餓不節食，輕鬆達到最... ❌
  📊 柏格醫生中文: 0✅ 8❌
  📊 總計: 成功:0 失敗:8

============================================================
✅ 完成! 時間: 08:31:01
============================================================
>>> Round done at Fri Mar 27 08:31:01 CST 2026. last_channel_index=2
============================================================
🚀 知識庫爬蟲（kd subtitles 專用）- 08:31:04
============================================================

📺 [3/9] Dr.HuangAmin
  🔄 睡覺狂打呼，口腔肌少症找上門！教你練舌肌力！feat.黃斌洋... ❌
  🔄 你靠吃「某些食物」才想大便，不正常！？必吃3種食物養腸道！｜... ❌
  🔄 手抬不起來，竟跟腸胃有關？內臟卡卡，手也會被扯住！｜功操大全 ❌
  🔄 轉頭就痛！頸因性頭痛，真正的原因在手部！？｜功操大全 ❌
  🔄 骨盆前傾一招練回正臀！檢測你有沒有假翹臀！｜功操大全 ❌
  🔄 你的身體會替情緒說話？什麼是身心學？feat.趙耕樂身心療癒... ❌
  🔄 別再硬按！淋巴塞，痠痛來！帶你一起疏通淋巴｜功操大全 ❌
  🔄 烏龜頸，脖子前傾的真相！搞錯原因復健還是凸！｜功操大全 ❌
  🔄 床墊、枕頭選錯你就痛！睡姿問題一次解！｜功操大全 ❌
  🔄 常常聳肩！你的腸胃、鎖骨卡住肩！｜迷思破解 ❌
  🔄 身體失調！月經亂、變胖竟是身體太冷！？feat.內科李琪醫師... ❌
  🔄 膝蓋痛，關鍵在骨盆、腳底的影響！｜迷思破解 ❌
  🔄 圓肩，全因你手指沒力氣？｜迷思破解 ❌
  🔄 消水腫！先清除體內垃圾｜迷思破解 ❌
  🔄 顳顎關節卡住的真正原因！｜功操大全 ❌
  📊 Dr.HuangAmin: 0✅ 15❌
  📊 總計: 成功:0 失敗:15

============================================================
✅ 完成! 時間: 08:33:19
============================================================
>>> Round done at Fri Mar 27 08:33:20 CST 2026. last_channel_index=3
============================================================
🚀 知識庫爬蟲（kd subtitles 專用）- 08:33:23
============================================================

📺 [4/9] 周慕姿放心說
  🔄 你不是廢，是太焦慮！撕下懶惰標籤，接住卡住的自己｜Ft.李東... ❌
  📊 周慕姿放心說: 0✅ 1❌
  📊 總計: 成功:0 失敗:1

============================================================
✅ 完成! 時間: 08:33:46
============================================================
>>> Round done at Fri Mar 27 08:33:46 CST 2026. last_channel_index=4
============================================================
🚀 知識庫爬蟲（kd subtitles 專用）- 08:33:49
============================================================

📺 [5/9] 松明讲心理
  🔄 Depression is a slow betrayal ... ❌
  🔄 愛操心的人，其實最孤單！#人生 #心理學 #煩惱 #認知 #... ❌
  🔄 Learn to make choices so your ... ❌
  🔄 看清選擇背後的三大陷阱，做出更清晰的人生決策！#朋友 #人際... ❌
  🔄 The power of choice: Living yo... ❌
  🔄 Long-distance relationships ar... ❌
  🔄 內心強大到可怕的10種心境！#人生 #心理學 #煩惱 #認知... ❌
  🔄 當恨佔滿了心，親密就進不來！#情感 #愛情 #戀愛 #離婚 ... ❌
  🔄 3句話學會放下執著、停止內耗，走向內在的力量！#人生 #心理... ❌
  🔄 原諒出軌，是救贖還是折磨？#情感 #愛情 #戀愛 #離婚  ... ❌
  🔄 女人最該守住的三重分寸感！#情感 #愛情 #戀愛 #離婚  ... ❌
  🔄 Whether your employees are wor... ❌
  🔄 苦難生智慧「物極必反」的哲學！#人生 #心理學 #煩惱 #認... ❌
  🔄 Four ways to quickly improve y... ❌
  🔄 如何挽救孩子的躺平和厭學？#松明  #煩惱 #親子 #婚姻 ... ❌
  📊 松明讲心理: 0✅ 15❌
  📊 總計: 成功:0 失敗:15

============================================================
✅ 完成! 時間: 08:36:00
============================================================
>>> Round done at Fri Mar 27 08:36:00 CST 2026. last_channel_index=5
============================================================
🚀 知識庫爬蟲（kd subtitles 專用）- 08:36:03
============================================================

📺 [6/9] 超真實商談
  ✅ 無新影片

📺 [7/9] Cofit211
  🔄 【頻道會員專屬】腦科學權威：你擁有「重塑大腦」的能力，人生隨... ❌
  🔄 這動作能緩解腰痠背痛？科學實證：真的有用｜初日診所 魏士航醫... ❌
  🔄 [Channel Member Exclusive] Inv... ❌
  🔄 [Channel Member Exclusive] Sta... ❌
  📊 Cofit211: 0✅ 4❌
  📊 總計: 成功:0 失敗:4

============================================================
✅ 完成! 時間: 08:36:45
============================================================
>>> Round done at Fri Mar 27 08:36:45 CST 2026. last_channel_index=7
============================================================
🚀 知識庫爬蟲（kd subtitles 專用）- 08:36:48
============================================================

📺 [8/9] 泛科學
  ✅ 無新影片

📺 [9/9] 泛科學院
  🔄 公開Gemini 3.1 Pro 六大功能！不是工程師也能寫... ❌
  🔄 [2026 Best AI Subscription Gui... ❌
  🔄 Stop using AI to copy and past... ❌
  🔄 [AI Teaching Notes | YouTube C... ❌
  📊 泛科學院: 0✅ 4❌
  📊 總計: 成功:0 失敗:4

============================================================
✅ 完成! 時間: 08:37:34
============================================================
>>> Round done at Fri Mar 27 08:37:34 CST 2026. last_channel_index=0
============================================================
🚀 知識庫爬蟲（kd subtitles 專用）- 08:37:37
============================================================

📺 [1/9] 胡乃文开播
  🔄 她雙腿癢2個月竟是肝出大問題！換季皮膚就癢癢，按2大穴止癢，... ❌
  🔄 不讓醫師演戲真的太可惜！喝這1杯花茶，血壓穩下來，眼睛不花了... ❌
  🔄 血壓總是早上5點-8點高，吃降血壓藥也不管用怎麼辦？｜胡乃文... ❌
  🔄 💖粉絲問什麼？胡太太逗趣提問，胡醫師親解答！胡乃文開講會員專... ❌
  🔄 {沒看到太可惜！醫師爆笑模仿蔣部長，全場笑翻｜胡乃文開講會員... ❌
  🔄 { 會員Q&A } 急救時先別亂按！極泉穴、人中穴，其實很多... ❌
  🔄 關於食用油對膽結石和便秘的問題｜胡乃文開講會員專屬7 ❌
  🔄 翻轉糖尿病迷思！為什麼糖尿病反而要吃米飯才會好！3個簡單運動... ❌
  📊 胡乃文开播: 0✅ 8❌
  📊 總計: 成功:0 失敗:8

============================================================
✅ 完成! 時間: 08:38:50
============================================================
>>> Round done at Fri Mar 27 08:38:50 CST 2026. last_channel_index=1
============================================================
🚀 知識庫爬蟲（kd subtitles 專用）- 08:38:53
============================================================

📺 [2/9] 柏格醫生中文
  🔄 佛羅里達新法案威脅言論自由？批評糖與農藥恐被告，食品誹謗法大... ❌
  🔄 清血管這樣吃就對了！逆轉三高、改善心臟病、糖尿病、慢性腎臟病... ❌
  🔄 半夜起床尿尿?根本原因不在膀胱 ❌
  🔄 乳化劑正毀壞你的腸道！藏在冰淇淋、沙拉醬、植物奶中，柏格醫生... ❌
  🔄 【柏格醫生】癌症研究70年都錯了？揭開致癌真相與30個科學防... ❌
  🔄 頭前傾2.5公分加重4.5公斤！柏格醫生教你每晚幾分鐘快速矯... ❌
  🔄 別再吃麵包了！就算0糖也比砂糖更害血糖飆升，無麩質、全麥全是... ❌
  🔄 養成這7個習慣，胰島素直降、脂肪狂燒！不餓不節食，輕鬆達到最... ❌
  📊 柏格醫生中文: 0✅ 8❌
  📊 總計: 成功:0 失敗:8

============================================================
✅ 完成! 時間: 08:40:29
============================================================
>>> Round done at Fri Mar 27 08:40:29 CST 2026. last_channel_index=2
============================================================
🚀 知識庫爬蟲（kd subtitles 專用）- 08:40:32
============================================================

📺 [3/9] Dr.HuangAmin
  🔄 睡覺狂打呼，口腔肌少症找上門！教你練舌肌力！feat.黃斌洋... ❌
  🔄 你靠吃「某些食物」才想大便，不正常！？必吃3種食物養腸道！｜... ❌
  🔄 手抬不起來，竟跟腸胃有關？內臟卡卡，手也會被扯住！｜功操大全 ❌
  🔄 轉頭就痛！頸因性頭痛，真正的原因在手部！？｜功操大全 ❌
  🔄 骨盆前傾一招練回正臀！檢測你有沒有假翹臀！｜功操大全 ❌
  🔄 你的身體會替情緒說話？什麼是身心學？feat.趙耕樂身心療癒... ❌
  🔄 別再硬按！淋巴塞，痠痛來！帶你一起疏通淋巴｜功操大全 ❌
  🔄 烏龜頸，脖子前傾的真相！搞錯原因復健還是凸！｜功操大全 ❌
  🔄 床墊、枕頭選錯你就痛！睡姿問題一次解！｜功操大全 ❌
  🔄 常常聳肩！你的腸胃、鎖骨卡住肩！｜迷思破解 ❌
  🔄 身體失調！月經亂、變胖竟是身體太冷！？feat.內科李琪醫師... ❌
  🔄 膝蓋痛，關鍵在骨盆、腳底的影響！｜迷思破解 ❌
  🔄 圓肩，全因你手指沒力氣？｜迷思破解 ❌
  🔄 消水腫！先清除體內垃圾｜迷思破解 ❌
  🔄 顳顎關節卡住的真正原因！｜功操大全 ❌
  📊 Dr.HuangAmin: 0✅ 15❌
  📊 總計: 成功:0 失敗:15

============================================================
✅ 完成! 時間: 08:42:46
============================================================
>>> Round done at Fri Mar 27 08:42:46 CST 2026. last_channel_index=3
============================================================
🚀 知識庫爬蟲（kd subtitles 專用）- 08:42:49
============================================================

📺 [4/9] 周慕姿放心說
  🔄 你不是廢，是太焦慮！撕下懶惰標籤，接住卡住的自己｜Ft.李東... ❌
  📊 周慕姿放心說: 0✅ 1❌
  📊 總計: 成功:0 失敗:1

============================================================
✅ 完成! 時間: 08:43:11
============================================================
>>> Round done at Fri Mar 27 08:43:11 CST 2026. last_channel_index=4
============================================================
🚀 知識庫爬蟲（kd subtitles 專用）- 08:43:14
============================================================

📺 [5/9] 松明讲心理
  🔄 Depression is a slow betrayal ... ❌
  🔄 愛操心的人，其實最孤單！#人生 #心理學 #煩惱 #認知 #... ❌
  🔄 Learn to make choices so your ... ❌
  🔄 看清選擇背後的三大陷阱，做出更清晰的人生決策！#朋友 #人際... ❌
  🔄 The power of choice: Living yo... ❌
  🔄 Long-distance relationships ar... ❌
  🔄 內心強大到可怕的10種心境！#人生 #心理學 #煩惱 #認知... ❌
  🔄 當恨佔滿了心，親密就進不來！#情感 #愛情 #戀愛 #離婚 ... ❌
  🔄 3句話學會放下執著、停止內耗，走向內在的力量！#人生 #心理... ❌
  🔄 原諒出軌，是救贖還是折磨？#情感 #愛情 #戀愛 #離婚  ... ❌
  🔄 女人最該守住的三重分寸感！#情感 #愛情 #戀愛 #離婚  ... ❌
  🔄 Whether your employees are wor... ❌
  🔄 苦難生智慧「物極必反」的哲學！#人生 #心理學 #煩惱 #認... ❌
  🔄 Four ways to quickly improve y... ❌
  🔄 如何挽救孩子的躺平和厭學？#松明  #煩惱 #親子 #婚姻 ... ❌
  📊 松明讲心理: 0✅ 15❌
  📊 總計: 成功:0 失敗:15

============================================================
✅ 完成! 時間: 08:45:22
============================================================
>>> Round done at Fri Mar 27 08:45:22 CST 2026. last_channel_index=5
============================================================
🚀 知識庫爬蟲（kd subtitles 專用）- 08:45:25
============================================================

📺 [6/9] 超真實商談
  ✅ 無新影片

📺 [7/9] Cofit211
  🔄 【頻道會員專屬】腦科學權威：你擁有「重塑大腦」的能力，人生隨... ❌
  🔄 這動作能緩解腰痠背痛？科學實證：真的有用｜初日診所 魏士航醫... ❌
  🔄 [Channel Member Exclusive] Inv... ❌
  🔄 [Channel Member Exclusive] Sta... ❌
  📊 Cofit211: 0✅ 4❌
  📊 總計: 成功:0 失敗:4

============================================================
✅ 完成! 時間: 08:46:09
============================================================
>>> Round done at Fri Mar 27 08:46:09 CST 2026. last_channel_index=7
============================================================
🚀 知識庫爬蟲（kd subtitles 專用）- 08:46:12
============================================================

📺 [8/9] 泛科學
  ✅ 無新影片

📺 [9/9] 泛科學院
  🔄 公開Gemini 3.1 Pro 六大功能！不是工程師也能寫... ❌
  🔄 [2026 Best AI Subscription Gui... ❌
  🔄 Stop using AI to copy and past... ❌
  🔄 [AI Teaching Notes | YouTube C... ❌
  📊 泛科學院: 0✅ 4❌
  📊 總計: 成功:0 失敗:4

============================================================
✅ 完成! 時間: 08:46:55
============================================================
>>> Round done at Fri Mar 27 08:46:55 CST 2026. last_channel_index=0
============================================================
🚀 知識庫爬蟲（kd subtitles 專用）- 08:46:59
============================================================

📺 [1/9] 胡乃文开播
  🔄 注意！她癢2個月查出是肝癌！春季濕疹大爆發，按2穴止癢，戒3... ❌
  🔄 不讓醫師演戲真的太可惜！喝這1杯花茶，血壓穩下來，眼睛不花了... ❌
  🔄 血壓總是早上5點-8點高，吃降血壓藥也不管用怎麼辦？｜胡乃文... ❌
  🔄 💖粉絲問什麼？胡太太逗趣提問，胡醫師親解答！胡乃文開講會員專... ❌
  🔄 {沒看到太可惜！醫師爆笑模仿蔣部長，全場笑翻｜胡乃文開講會員... ❌
  🔄 { 會員Q&A } 急救時先別亂按！極泉穴、人中穴，其實很多... ❌
  🔄 關於食用油對膽結石和便秘的問題｜胡乃文開講會員專屬7 ❌
  🔄 翻轉糖尿病迷思！為什麼糖尿病反而要吃米飯才會好！3個簡單運動... ❌
  📊 胡乃文开播: 0✅ 8❌
  📊 總計: 成功:0 失敗:8

============================================================
✅ 完成! 時間: 08:48:10
============================================================
>>> Round done at Fri Mar 27 08:48:10 CST 2026. last_channel_index=1
============================================================
🚀 知識庫爬蟲（kd subtitles 專用）- 08:48:13
============================================================

📺 [2/9] 柏格醫生中文
  🔄 佛羅里達新法案威脅言論自由？批評糖與農藥恐被告，食品誹謗法大... ❌
  🔄 清血管這樣吃就對了！逆轉三高、改善心臟病、糖尿病、慢性腎臟病... ❌
  🔄 半夜起床尿尿?根本原因不在膀胱 ❌
  🔄 超市60%包裝食品都含這隱藏成分！乳化劑悄悄損害腸道健康與大... ❌
  🔄 癌症根本不是基因突變！柏格醫生：只要做對這30件事，從「粒線... ❌
  🔄 頭前傾2.5公分加重4.5公斤！柏格醫生教你每晚幾分鐘快速矯... ❌
  🔄 別再吃麵包了！就算0糖也比砂糖更害血糖飆升，無麩質、全麥全是... ❌
  🔄 渴了才喝、餓了才吃！戳破喝水迷思+過度運動壞處，10大養生成... ❌
  📊 柏格醫生中文: 0✅ 8❌
  📊 總計: 成功:0 失敗:8

============================================================
✅ 完成! 時間: 08:49:46
============================================================
>>> Round done at Fri Mar 27 08:49:46 CST 2026. last_channel_index=2
============================================================
🚀 知識庫爬蟲（kd subtitles 專用）- 08:49:49
============================================================

📺 [3/9] Dr.HuangAmin
  🔄 睡覺狂打呼，口腔肌少症找上門！教你練舌肌力！feat.黃斌洋... ❌
  🔄 你靠吃「某些食物」才想大便，不正常！？必吃3種食物養腸道！｜... ❌
  🔄 手抬不起來，竟跟腸胃有關？內臟卡卡，手也會被扯住！｜功操大全 ❌
  🔄 轉頭就痛！頸因性頭痛，真正的原因在手部！？｜功操大全 ❌
  🔄 骨盆前傾一招練回正臀！檢測你有沒有假翹臀！｜功操大全 ❌
  🔄 你的身體會替情緒說話？什麼是身心學？feat.趙耕樂身心療癒... ❌
  🔄 別再硬按！淋巴塞，痠痛來！帶你一起疏通淋巴｜功操大全 ❌
  🔄 烏龜頸，脖子前傾的真相！搞錯原因復健還是凸！｜功操大全 ❌
  🔄 床墊、枕頭選錯你就痛！睡姿問題一次解！｜功操大全 ❌
  🔄 常常聳肩！你的腸胃、鎖骨卡住肩！｜迷思破解 ❌
  🔄 身體失調！月經亂、變胖竟是身體太冷！？feat.內科李琪醫師... ❌
  🔄 膝蓋痛，關鍵在骨盆、腳底的影響！｜迷思破解 ❌
  🔄 圓肩，全因你手指沒力氣？｜迷思破解 ❌
  🔄 消水腫！先清除體內垃圾｜迷思破解 ❌
  🔄 顳顎關節卡住的真正原因！｜功操大全 ❌
  📊 Dr.HuangAmin: 0✅ 15❌
  📊 總計: 成功:0 失敗:15

============================================================
✅ 完成! 時間: 08:52:01
============================================================
>>> Round done at Fri Mar 27 08:52:01 CST 2026. last_channel_index=3
============================================================
🚀 知識庫爬蟲（kd subtitles 專用）- 08:52:04
============================================================

📺 [4/9] 周慕姿放心說
  🔄 你不是廢，是太焦慮！撕下懶惰標籤，接住卡住的自己｜Ft.李東... ❌
  📊 周慕姿放心說: 0✅ 1❌
  📊 總計: 成功:0 失敗:1

============================================================
✅ 完成! 時間: 08:52:25
============================================================
>>> Round done at Fri Mar 27 08:52:25 CST 2026. last_channel_index=4
============================================================
🚀 知識庫爬蟲（kd subtitles 專用）- 08:52:28
============================================================

📺 [5/9] 松明讲心理
  🔄 Depression is a slow betrayal ... ❌
  🔄 愛操心的人，其實最孤單！#人生 #心理學 #煩惱 #認知 #... ❌
  🔄 Learn to make choices so your ... ❌
  🔄 看清選擇背後的三大陷阱，做出更清晰的人生決策！#朋友 #人際... ❌
  🔄 The power of choice: Living yo... ❌
  🔄 Long-distance relationships ar... ❌
  🔄 內心強大到可怕的10種心境！#人生 #心理學 #煩惱 #認知... ❌
  🔄 當恨佔滿了心，親密就進不來！#情感 #愛情 #戀愛 #離婚 ... ❌
  🔄 3句話學會放下執著、停止內耗，走向內在的力量！#人生 #心理... ❌
  🔄 原諒出軌，是救贖還是折磨？#情感 #愛情 #戀愛 #離婚  ... ❌
  🔄 女人最該守住的三重分寸感！#情感 #愛情 #戀愛 #離婚  ... ❌
  🔄 Whether your employees are wor... ❌
  🔄 苦難生智慧「物極必反」的哲學！#人生 #心理學 #煩惱 #認... ❌
  🔄 Four ways to quickly improve y... ❌
  🔄 如何挽救孩子的躺平和厭學？#松明  #煩惱 #親子 #婚姻 ... ❌
  📊 松明讲心理: 0✅ 15❌
  📊 總計: 成功:0 失敗:15

============================================================
✅ 完成! 時間: 08:54:33
============================================================
>>> Round done at Fri Mar 27 08:54:34 CST 2026. last_channel_index=5
============================================================
🚀 知識庫爬蟲（kd subtitles 專用）- 08:54:37
============================================================

📺 [6/9] 超真實商談
  ✅ 無新影片

📺 [7/9] Cofit211
  🔄 【頻道會員專屬】腦科學權威：你擁有「重塑大腦」的能力，人生隨... ❌
  🔄 這動作能緩解腰痠背痛？科學實證：真的有用｜初日診所 魏士航醫... ❌
  🔄 [Channel Member Exclusive] Inv... ❌
  🔄 [Channel Member Exclusive] Sta... ❌
  📊 Cofit211: 0✅ 4❌
  📊 總計: 成功:0 失敗:4

============================================================
✅ 完成! 時間: 08:55:21
============================================================
>>> Round done at Fri Mar 27 08:55:21 CST 2026. last_channel_index=7
============================================================
🚀 知識庫爬蟲（kd subtitles 專用）- 08:55:24
============================================================

📺 [8/9] 泛科學
  ✅ 無新影片

📺 [9/9] 泛科學院
  🔄 公開Gemini 3.1 Pro 六大功能！不是工程師也能寫... ❌
  🔄 [2026 Best AI Subscription Gui... ❌
  🔄 Stop using AI to copy and past... ❌
  🔄 [AI Teaching Notes | YouTube C... ❌
  📊 泛科學院: 0✅ 4❌
  📊 總計: 成功:0 失敗:4

============================================================
✅ 完成! 時間: 08:56:12
============================================================
>>> Round done at Fri Mar 27 08:56:12 CST 2026. last_channel_index=0
============================================================
🚀 知識庫爬蟲（kd subtitles 專用）- 08:56:15
============================================================

📺 [1/9] 胡乃文开播
  🔄 她雙腿癢2個月竟是肝出大問題！換季皮膚就癢癢，按2大穴止癢，... ❌
  🔄 不讓醫師演戲真的太可惜！喝這1杯花茶，血壓穩下來，眼睛不花了... ❌
  🔄 血壓總是早上5點-8點高，吃降血壓藥也不管用怎麼辦？｜胡乃文... ❌
  🔄 💖粉絲問什麼？胡太太逗趣提問，胡醫師親解答！胡乃文開講會員專... ❌
  🔄 {沒看到太可惜！醫師爆笑模仿蔣部長，全場笑翻｜胡乃文開講會員... ❌
  🔄 { 會員Q&A } 急救時先別亂按！極泉穴、人中穴，其實很多... ❌
  🔄 關於食用油對膽結石和便秘的問題｜胡乃文開講會員專屬7 ❌
  🔄 翻轉糖尿病迷思！為什麼糖尿病反而要吃米飯才會好！3個簡單運動... ❌
  📊 胡乃文开播: 0✅ 8❌
  📊 總計: 成功:0 失敗:8

============================================================
✅ 完成! 時間: 08:57:24
============================================================
>>> Round done at Fri Mar 27 08:57:24 CST 2026. last_channel_index=1
============================================================
🚀 知識庫爬蟲（kd subtitles 專用）- 08:57:27
============================================================

📺 [2/9] 柏格醫生中文
  🔄 佛羅里達新法案威脅言論自由？批評糖與農藥恐被告，食品誹謗法大... ❌
  🔄 清血管這樣吃就對了！逆轉三高、改善心臟病、糖尿病、慢性腎臟病... ❌
  🔄 半夜起床尿尿?根本原因不在膀胱 ❌
  🔄 乳化劑正毀壞你的腸道！藏在冰淇淋、沙拉醬、植物奶中，柏格醫生... ❌
  🔄 【柏格醫生】癌症研究70年都錯了？揭開致癌真相與30個科學防... ❌
  🔄 頭前傾2.5公分加重4.5公斤！柏格醫生教你每晚幾分鐘快速矯... ❌
  🔄 別再吃麵包了！就算0糖也比砂糖更害血糖飆升，無麩質、全麥全是... ❌
  🔄 養成這7個習慣，胰島素直降、脂肪狂燒！不餓不節食，輕鬆達到最... ❌
  📊 柏格醫生中文: 0✅ 8❌
  📊 總計: 成功:0 失敗:8

============================================================
✅ 完成! 時間: 08:59:01
============================================================
>>> Round done at Fri Mar 27 08:59:01 CST 2026. last_channel_index=2
============================================================
🚀 知識庫爬蟲（kd subtitles 專用）- 08:59:04
============================================================

📺 [3/9] Dr.HuangAmin
  🔄 睡覺狂打呼，口腔肌少症找上門！教你練舌肌力！feat.黃斌洋... ❌
  🔄 你靠吃「某些食物」才想大便，不正常！？必吃3種食物養腸道！｜... ❌
  🔄 手抬不起來，竟跟腸胃有關？內臟卡卡，手也會被扯住！｜功操大全 ❌
  🔄 轉頭就痛！頸因性頭痛，真正的原因在手部！？｜功操大全 ❌
  🔄 骨盆前傾一招練回正臀！檢測你有沒有假翹臀！｜功操大全 ❌
  🔄 你的身體會替情緒說話？什麼是身心學？feat.趙耕樂身心療癒... ❌
  🔄 別再硬按！淋巴塞，痠痛來！帶你一起疏通淋巴｜功操大全 ❌
  🔄 烏龜頸，脖子前傾的真相！搞錯原因復健還是凸！｜功操大全 ❌
  🔄 床墊、枕頭選錯你就痛！睡姿問題一次解！｜功操大全 ❌
  🔄 常常聳肩！你的腸胃、鎖骨卡住肩！｜迷思破解 ❌
  🔄 身體失調！月經亂、變胖竟是身體太冷！？feat.內科李琪醫師... ❌
  🔄 膝蓋痛，關鍵在骨盆、腳底的影響！｜迷思破解 ❌
  🔄 圓肩，全因你手指沒力氣？｜迷思破解 ❌
  🔄 消水腫！先清除體內垃圾｜迷思破解 ❌
  🔄 顳顎關節卡住的真正原因！｜功操大全 ❌
  📊 Dr.HuangAmin: 0✅ 15❌
  📊 總計: 成功:0 失敗:15

============================================================
✅ 完成! 時間: 09:01:19
============================================================
>>> Round done at Fri Mar 27 09:01:19 CST 2026. last_channel_index=3
============================================================
🚀 知識庫爬蟲（kd subtitles 專用）- 09:01:22
============================================================

📺 [4/9] 周慕姿放心說
  🔄 你不是廢，是太焦慮！撕下懶惰標籤，接住卡住的自己｜Ft.李東... ❌
  📊 周慕姿放心說: 0✅ 1❌
  📊 總計: 成功:0 失敗:1

============================================================
✅ 完成! 時間: 09:01:45
============================================================
>>> Round done at Fri Mar 27 09:01:45 CST 2026. last_channel_index=4
============================================================
🚀 知識庫爬蟲（kd subtitles 專用）- 09:01:48
============================================================

📺 [5/9] 松明讲心理
  🔄 Depression is a slow betrayal ... ❌
  🔄 愛操心的人，其實最孤單！#人生 #心理學 #煩惱 #認知 #... ❌
  🔄 Learn to make choices so your ... ❌
  🔄 看清選擇背後的三大陷阱，做出更清晰的人生決策！#朋友 #人際... ❌
  🔄 The power of choice: Living yo... ❌
  🔄 Long-distance relationships ar... ❌
  🔄 內心強大到可怕的10種心境！#人生 #心理學 #煩惱 #認知... ❌
  🔄 當恨佔滿了心，親密就進不來！#情感 #愛情 #戀愛 #離婚 ... ❌
  🔄 3句話學會放下執著、停止內耗，走向內在的力量！#人生 #心理... ❌
  🔄 原諒出軌，是救贖還是折磨？#情感 #愛情 #戀愛 #離婚  ... ❌
  🔄 女人最該守住的三重分寸感！#情感 #愛情 #戀愛 #離婚  ... ❌
  🔄 Whether your employees are wor... ❌
  🔄 苦難生智慧「物極必反」的哲學！#人生 #心理學 #煩惱 #認... ❌
  🔄 Four ways to quickly improve y... ❌
  🔄 如何挽救孩子的躺平和厭學？#松明  #煩惱 #親子 #婚姻 ... ❌
  📊 松明讲心理: 0✅ 15❌
  📊 總計: 成功:0 失敗:15

============================================================
✅ 完成! 時間: 09:03:56
============================================================
>>> Round done at Fri Mar 27 09:03:56 CST 2026. last_channel_index=5
============================================================
🚀 知識庫爬蟲（kd subtitles 專用）- 09:03:59
============================================================

📺 [6/9] 超真實商談
  ✅ 無新影片

📺 [7/9] Cofit211
  🔄 【頻道會員專屬】腦科學權威：你擁有「重塑大腦」的能力，人生隨... ❌
  🔄 這動作能緩解腰痠背痛？科學實證：真的有用｜初日診所 魏士航醫... ❌
  🔄 [Channel Member Exclusive] Inv... ❌
  🔄 [Channel Member Exclusive] Sta... ❌
  📊 Cofit211: 0✅ 4❌
  📊 總計: 成功:0 失敗:4

============================================================
✅ 完成! 時間: 09:04:41
============================================================
>>> Round done at Fri Mar 27 09:04:41 CST 2026. last_channel_index=7
============================================================
🚀 知識庫爬蟲（kd subtitles 專用）- 09:04:44
============================================================

📺 [8/9] 泛科學
  ✅ 無新影片

📺 [9/9] 泛科學院
  🔄 公開Gemini 3.1 Pro 六大功能！不是工程師也能寫... ❌
  🔄 [2026 Best AI Subscription Gui... ❌
  🔄 Stop using AI to copy and past... ❌
  🔄 [AI Teaching Notes | YouTube C... ❌
  📊 泛科學院: 0✅ 4❌
  📊 總計: 成功:0 失敗:4

============================================================
✅ 完成! 時間: 09:05:31
============================================================
>>> Round done at Fri Mar 27 09:05:31 CST 2026. last_channel_index=0
============================================================
🚀 知識庫爬蟲（kd subtitles 專用）- 09:05:34
============================================================

📺 [1/9] 胡乃文开播
  🔄 地瓜葉菊花茶讓濕疹好得快，但你吃對了嗎？她雙腿癢2個月竟是肝... ❌
  🔄 不讓醫師演戲真的太可惜！喝這1杯花茶，血壓穩下來，眼睛不花了... ❌
  🔄 血壓總是早上5點-8點高，吃降血壓藥也不管用怎麼辦？｜胡乃文... ❌
  🔄 💖粉絲問什麼？胡太太逗趣提問，胡醫師親解答！胡乃文開講會員專... ❌
  🔄 {沒看到太可惜！醫師爆笑模仿蔣部長，全場笑翻｜胡乃文開講會員... ❌
  🔄 { 會員Q&A } 急救時先別亂按！極泉穴、人中穴，其實很多... ❌
  🔄 關於食用油對膽結石和便秘的問題｜胡乃文開講會員專屬7 ❌
  🔄 翻轉糖尿病迷思！為什麼糖尿病反而要吃米飯才會好！3個簡單運動... ❌
  📊 胡乃文开播: 0✅ 8❌
  📊 總計: 成功:0 失敗:8

============================================================
✅ 完成! 時間: 09:06:41
============================================================
>>> Round done at Fri Mar 27 09:06:41 CST 2026. last_channel_index=1
============================================================
🚀 知識庫爬蟲（kd subtitles 專用）- 09:06:44
============================================================

📺 [2/9] 柏格醫生中文
  🔄 佛羅里達新法案威脅言論自由？批評糖與農藥恐被告，食品誹謗法大... ❌
  🔄 清血管這樣吃就對了！逆轉三高、改善心臟病、糖尿病、慢性腎臟病... ❌
  🔄 半夜起床尿尿?根本原因不在膀胱 ❌
  🔄 垃圾食品隱藏乳化劑像洗碗精！破壞腸道黏液層導致腸漏，柏格醫生... ❌
  🔄 【柏格醫生】癌症研究70年都錯了？揭開致癌真相與30個科學防... ❌
  🔄 頭前傾2.5公分加重4.5公斤！柏格醫生教你每晚幾分鐘快速矯... ❌
  🔄 別再吃麵包了！就算0糖也比砂糖更害血糖飆升，無麩質、全麥全是... ❌
  🔄 養成這7個習慣，胰島素直降、脂肪狂燒！不餓不節食，輕鬆達到最... ❌
  📊 柏格醫生中文: 0✅ 8❌
  📊 總計: 成功:0 失敗:8

============================================================
✅ 完成! 時間: 09:08:14
============================================================
>>> Round done at Fri Mar 27 09:08:14 CST 2026. last_channel_index=2
============================================================
🚀 知識庫爬蟲（kd subtitles 專用）- 09:08:17
============================================================

📺 [3/9] Dr.HuangAmin
  🔄 睡覺狂打呼，口腔肌少症找上門！教你練舌肌力！feat.黃斌洋... ❌
  🔄 你靠吃「某些食物」才想大便，不正常！？必吃3種食物養腸道！｜... ❌
  🔄 手抬不起來，竟跟腸胃有關？內臟卡卡，手也會被扯住！｜功操大全 ❌
  🔄 轉頭就痛！頸因性頭痛，真正的原因在手部！？｜功操大全 ❌
  🔄 骨盆前傾一招練回正臀！檢測你有沒有假翹臀！｜功操大全 ❌
  🔄 你的身體會替情緒說話？什麼是身心學？feat.趙耕樂身心療癒... ❌
  🔄 別再硬按！淋巴塞，痠痛來！帶你一起疏通淋巴｜功操大全 ❌
  🔄 烏龜頸，脖子前傾的真相！搞錯原因復健還是凸！｜功操大全 ❌
  🔄 床墊、枕頭選錯你就痛！睡姿問題一次解！｜功操大全 ❌
  🔄 常常聳肩！你的腸胃、鎖骨卡住肩！｜迷思破解 ❌
  🔄 身體失調！月經亂、變胖竟是身體太冷！？feat.內科李琪醫師... ❌
  🔄 膝蓋痛，關鍵在骨盆、腳底的影響！｜迷思破解 ❌
  🔄 圓肩，全因你手指沒力氣？｜迷思破解 ❌
  🔄 消水腫！先清除體內垃圾｜迷思破解 ❌
  🔄 顳顎關節卡住的真正原因！｜功操大全 ❌
  📊 Dr.HuangAmin: 0✅ 15❌
  📊 總計: 成功:0 失敗:15

============================================================
✅ 完成! 時間: 09:10:27
============================================================
>>> Round done at Fri Mar 27 09:10:27 CST 2026. last_channel_index=3
============================================================
🚀 知識庫爬蟲（kd subtitles 專用）- 09:10:30
============================================================

📺 [4/9] 周慕姿放心說
  🔄 你不是廢，是太焦慮！撕下懶惰標籤，接住卡住的自己｜Ft.李東... ❌
  📊 周慕姿放心說: 0✅ 1❌
  📊 總計: 成功:0 失敗:1

============================================================
✅ 完成! 時間: 09:10:51
============================================================
>>> Round done at Fri Mar 27 09:10:51 CST 2026. last_channel_index=4
============================================================
🚀 知識庫爬蟲（kd subtitles 專用）- 09:10:54
============================================================

📺 [5/9] 松明讲心理
  🔄 Depression is a slow betrayal ... ❌
  🔄 愛操心的人，其實最孤單！#人生 #心理學 #煩惱 #認知 #... ❌
  🔄 Learn to make choices so your ... ❌
  🔄 看清選擇背後的三大陷阱，做出更清晰的人生決策！#朋友 #人際... ❌
  🔄 The power of choice: Living yo... ❌
  🔄 Long-distance relationships ar... ❌
  🔄 內心強大到可怕的10種心境！#人生 #心理學 #煩惱 #認知... ❌
  🔄 當恨佔滿了心，親密就進不來！#情感 #愛情 #戀愛 #離婚 ... ❌
  🔄 3句話學會放下執著、停止內耗，走向內在的力量！#人生 #心理... ❌
  🔄 原諒出軌，是救贖還是折磨？#情感 #愛情 #戀愛 #離婚  ... ❌
  🔄 女人最該守住的三重分寸感！#情感 #愛情 #戀愛 #離婚  ... ❌
  🔄 Whether your employees are wor... ❌
  🔄 苦難生智慧「物極必反」的哲學！#人生 #心理學 #煩惱 #認... ❌
  🔄 Four ways to quickly improve y... ❌
  🔄 如何挽救孩子的躺平和厭學？#松明  #煩惱 #親子 #婚姻 ... ❌
  📊 松明讲心理: 0✅ 15❌
  📊 總計: 成功:0 失敗:15

============================================================
✅ 完成! 時間: 09:13:01
============================================================
>>> Round done at Fri Mar 27 09:13:01 CST 2026. last_channel_index=5
============================================================
🚀 知識庫爬蟲（kd subtitles 專用）- 09:13:04
============================================================

📺 [6/9] 超真實商談
  ✅ 無新影片

📺 [7/9] Cofit211
  🔄 【頻道會員專屬】腦科學權威：你擁有「重塑大腦」的能力，人生隨... ❌
  🔄 這動作能緩解腰痠背痛？科學實證：真的有用｜初日診所 魏士航醫... ❌
  🔄 [Channel Member Exclusive] Inv... ❌
  🔄 [Channel Member Exclusive] Sta... ❌
  📊 Cofit211: 0✅ 4❌
  📊 總計: 成功:0 失敗:4

============================================================
✅ 完成! 時間: 09:13:49
============================================================
>>> Round done at Fri Mar 27 09:13:49 CST 2026. last_channel_index=7
============================================================
🚀 知識庫爬蟲（kd subtitles 專用）- 09:13:52
============================================================

📺 [8/9] 泛科學
  ✅ 無新影片

📺 [9/9] 泛科學院
  🔄 公開Gemini 3.1 Pro 六大功能！不是工程師也能寫... ❌
  🔄 [2026 Best AI Subscription Gui... ❌
  🔄 Stop using AI to copy and past... ❌
  🔄 [AI Teaching Notes | YouTube C... ❌
  📊 泛科學院: 0✅ 4❌
  📊 總計: 成功:0 失敗:4

============================================================
✅ 完成! 時間: 09:14:38
============================================================
>>> Round done at Fri Mar 27 09:14:38 CST 2026. last_channel_index=0
============================================================
🚀 知識庫爬蟲（kd subtitles 專用）- 09:14:41
============================================================

📺 [1/9] 胡乃文开播
  🔄 注意！她癢2個月查出是肝癌！春季濕疹大爆發，按2穴止癢，戒3... ❌
  🔄 不讓醫師演戲真的太可惜！喝這1杯花茶，血壓穩下來，眼睛不花了... ❌
  🔄 血壓總是早上5點-8點高，吃降血壓藥也不管用怎麼辦？｜胡乃文... ❌
  🔄 💖粉絲問什麼？胡太太逗趣提問，胡醫師親解答！胡乃文開講會員專... ❌
  🔄 {沒看到太可惜！醫師爆笑模仿蔣部長，全場笑翻｜胡乃文開講會員... ❌
  🔄 { 會員Q&A } 急救時先別亂按！極泉穴、人中穴，其實很多... ❌
  🔄 關於食用油對膽結石和便秘的問題｜胡乃文開講會員專屬7 ❌
  🔄 翻轉糖尿病迷思！為什麼糖尿病反而要吃米飯才會好！3個簡單運動... ❌
  📊 胡乃文开播: 0✅ 8❌
  📊 總計: 成功:0 失敗:8

============================================================
✅ 完成! 時間: 09:15:56
============================================================
>>> Round done at Fri Mar 27 09:15:56 CST 2026. last_channel_index=1
============================================================
🚀 知識庫爬蟲（kd subtitles 專用）- 09:15:59
============================================================

📺 [2/9] 柏格醫生中文
  🔄 佛羅里達新法案威脅言論自由？批評糖與農藥恐被告，食品誹謗法大... ❌
  🔄 清血管這樣吃就對了！逆轉三高、改善心臟病、糖尿病、慢性腎臟病... ❌
  🔄 半夜起床尿尿?根本原因不在膀胱 ❌
  🔄 超市60%包裝食品都含這隱藏成分！乳化劑悄悄損害腸道健康與大... ❌
  🔄 如何永久遠離癌症？柏格醫生破解「癌細胞」弱點，30招從根本打... ❌
  🔄 頭前傾2.5公分加重4.5公斤！柏格醫生教你每晚幾分鐘快速矯... ❌
  🔄 麵包真正毒物不是麩質！血糖暴衝、胰島素阻抗元兇曝光，戒掉後該... ❌
  🔄 養成這7個習慣，胰島素直降、脂肪狂燒！不餓不節食，輕鬆達到最... ❌
  📊 柏格醫生中文: 0✅ 8❌
  📊 總計: 成功:0 失敗:8

============================================================
✅ 完成! 時間: 09:17:41
============================================================
>>> Round done at Fri Mar 27 09:17:41 CST 2026. last_channel_index=2
============================================================
🚀 知識庫爬蟲（kd subtitles 專用）- 09:17:44
============================================================

📺 [3/9] Dr.HuangAmin
  🔄 睡覺狂打呼，口腔肌少症找上門！教你練舌肌力！feat.黃斌洋... ❌
  🔄 你靠吃「某些食物」才想大便，不正常！？必吃3種食物養腸道！｜... ❌
  🔄 手抬不起來，竟跟腸胃有關？內臟卡卡，手也會被扯住！｜功操大全 ❌
  🔄 轉頭就痛！頸因性頭痛，真正的原因在手部！？｜功操大全 ❌
  🔄 骨盆前傾一招練回正臀！檢測你有沒有假翹臀！｜功操大全 ❌
  🔄 你的身體會替情緒說話？什麼是身心學？feat.趙耕樂身心療癒... ❌
  🔄 別再硬按！淋巴塞，痠痛來！帶你一起疏通淋巴｜功操大全 ❌
  🔄 烏龜頸，脖子前傾的真相！搞錯原因復健還是凸！｜功操大全 ❌
  🔄 床墊、枕頭選錯你就痛！睡姿問題一次解！｜功操大全 ❌
  🔄 常常聳肩！你的腸胃、鎖骨卡住肩！｜迷思破解 ❌
  🔄 身體失調！月經亂、變胖竟是身體太冷！？feat.內科李琪醫師... ❌
  🔄 膝蓋痛，關鍵在骨盆、腳底的影響！｜迷思破解 ❌
  🔄 圓肩，全因你手指沒力氣？｜迷思破解 ❌
  🔄 消水腫！先清除體內垃圾｜迷思破解 ❌
  🔄 顳顎關節卡住的真正原因！｜功操大全 ❌
  📊 Dr.HuangAmin: 0✅ 15❌
  📊 總計: 成功:0 失敗:15

============================================================
✅ 完成! 時間: 09:19:52
============================================================
>>> Round done at Fri Mar 27 09:19:52 CST 2026. last_channel_index=3
============================================================
🚀 知識庫爬蟲（kd subtitles 專用）- 09:19:55
============================================================

📺 [4/9] 周慕姿放心說
  🔄 你不是廢，是太焦慮！撕下懶惰標籤，接住卡住的自己｜Ft.李東... ❌
  📊 周慕姿放心說: 0✅ 1❌
  📊 總計: 成功:0 失敗:1

============================================================
✅ 完成! 時間: 09:20:16
============================================================
>>> Round done at Fri Mar 27 09:20:16 CST 2026. last_channel_index=4
============================================================
🚀 知識庫爬蟲（kd subtitles 專用）- 09:20:19
============================================================

📺 [5/9] 松明讲心理
  🔄 Depression is a slow betrayal ... ❌
  🔄 愛操心的人，其實最孤單！#人生 #心理學 #煩惱 #認知 #... ❌
  🔄 Learn to make choices so your ... ❌
  🔄 看清選擇背後的三大陷阱，做出更清晰的人生決策！#朋友 #人際... ❌
  🔄 The power of choice: Living yo... ❌
  🔄 Long-distance relationships ar... ❌
  🔄 內心強大到可怕的10種心境！#人生 #心理學 #煩惱 #認知... ❌
  🔄 當恨佔滿了心，親密就進不來！#情感 #愛情 #戀愛 #離婚 ... ❌
  🔄 3句話學會放下執著、停止內耗，走向內在的力量！#人生 #心理... ❌
  🔄 原諒出軌，是救贖還是折磨？#情感 #愛情 #戀愛 #離婚  ... ❌
  🔄 女人最該守住的三重分寸感！#情感 #愛情 #戀愛 #離婚  ... ❌
  🔄 Whether your employees are wor... ❌
  🔄 苦難生智慧「物極必反」的哲學！#人生 #心理學 #煩惱 #認... ❌
  🔄 Four ways to quickly improve y... ❌
  🔄 如何挽救孩子的躺平和厭學？#松明  #煩惱 #親子 #婚姻 ... ❌
  📊 松明讲心理: 0✅ 15❌
  📊 總計: 成功:0 失敗:15

============================================================
✅ 完成! 時間: 09:22:26
============================================================
>>> Round done at Fri Mar 27 09:22:26 CST 2026. last_channel_index=5
============================================================
🚀 知識庫爬蟲（kd subtitles 專用）- 09:22:29
============================================================

📺 [6/9] 超真實商談
  ✅ 無新影片

📺 [7/9] Cofit211
  🔄 【頻道會員專屬】腦科學權威：你擁有「重塑大腦」的能力，人生隨... ❌
  🔄 這動作能緩解腰痠背痛？科學實證：真的有用｜初日診所 魏士航醫... ❌
  🔄 [Channel Member Exclusive] Inv... ❌
  🔄 [Channel Member Exclusive] Sta... ❌
  📊 Cofit211: 0✅ 4❌
  📊 總計: 成功:0 失敗:4

============================================================
✅ 完成! 時間: 09:23:08
============================================================
>>> Round done at Fri Mar 27 09:23:08 CST 2026. last_channel_index=7
============================================================
🚀 知識庫爬蟲（kd subtitles 專用）- 09:23:11
============================================================

📺 [8/9] 泛科學
  ✅ 無新影片

📺 [9/9] 泛科學院
  🔄 公開Gemini 3.1 Pro 六大功能！不是工程師也能寫... ❌
  🔄 [2026 Best AI Subscription Gui... ❌
  🔄 Stop using AI to copy and past... ❌
  🔄 [AI Teaching Notes | YouTube C... ❌
  📊 泛科學院: 0✅ 4❌
  📊 總計: 成功:0 失敗:4

============================================================
✅ 完成! 時間: 09:23:59
============================================================
>>> Round done at Fri Mar 27 09:23:59 CST 2026. last_channel_index=0
============================================================
🚀 知識庫爬蟲（kd subtitles 專用）- 09:24:02
============================================================

📺 [1/9] 胡乃文开播
  🔄 她雙腿癢2個月竟是肝出大問題！換季皮膚就癢癢，按2大穴止癢，... ❌
  🔄 不讓醫師演戲真的太可惜！喝這1杯花茶，血壓穩下來，眼睛不花了... ❌
  🔄 血壓總是早上5點-8點高，吃降血壓藥也不管用怎麼辦？｜胡乃文... ❌
  🔄 💖粉絲問什麼？胡太太逗趣提問，胡醫師親解答！胡乃文開講會員專... ❌
  🔄 {沒看到太可惜！醫師爆笑模仿蔣部長，全場笑翻｜胡乃文開講會員... ❌
  🔄 { 會員Q&A } 急救時先別亂按！極泉穴、人中穴，其實很多... ❌
  🔄 關於食用油對膽結石和便秘的問題｜胡乃文開講會員專屬7 ❌
  🔄 翻轉糖尿病迷思！為什麼糖尿病反而要吃米飯才會好！3個簡單運動... ❌
  📊 胡乃文开播: 0✅ 8❌
  📊 總計: 成功:0 失敗:8

============================================================
✅ 完成! 時間: 09:25:14
============================================================
>>> Round done at Fri Mar 27 09:25:14 CST 2026. last_channel_index=1
============================================================
🚀 知識庫爬蟲（kd subtitles 專用）- 09:25:17
============================================================

📺 [2/9] 柏格醫生中文
  🔄 佛羅里達新法案威脅言論自由？批評糖與農藥恐被告，食品誹謗法大... ❌
  🔄 清血管這樣吃就對了！逆轉三高、改善心臟病、糖尿病、慢性腎臟病... ❌
  🔄 半夜起床尿尿?根本原因不在膀胱 ❌
  🔄 超市60%包裝食品都含這隱藏成分！乳化劑悄悄損害腸道健康與大... ❌
  🔄 如何永久遠離癌症？柏格醫生破解「癌細胞」弱點，30招從根本打... ❌
  🔄 頭前傾2.5公分加重4.5公斤！柏格醫生教你每晚幾分鐘快速矯... ❌
  🔄 別再吃麵包了！就算0糖也比砂糖更害血糖飆升，無麩質、全麥全是... ❌
  🔄 養成這7個習慣，胰島素直降、脂肪狂燒！不餓不節食，輕鬆達到最... ❌
  📊 柏格醫生中文: 0✅ 8❌
  📊 總計: 成功:0 失敗:8

============================================================
✅ 完成! 時間: 09:26:52
============================================================
>>> Round done at Fri Mar 27 09:26:52 CST 2026. last_channel_index=2
============================================================
🚀 知識庫爬蟲（kd subtitles 專用）- 09:26:55
============================================================

📺 [3/9] Dr.HuangAmin
  🔄 睡覺狂打呼，口腔肌少症找上門！教你練舌肌力！feat.黃斌洋... ❌
  🔄 你靠吃「某些食物」才想大便，不正常！？必吃3種食物養腸道！｜... ❌
  🔄 手抬不起來，竟跟腸胃有關？內臟卡卡，手也會被扯住！｜功操大全 ❌
  🔄 轉頭就痛！頸因性頭痛，真正的原因在手部！？｜功操大全 ❌
  🔄 骨盆前傾一招練回正臀！檢測你有沒有假翹臀！｜功操大全 ❌
  🔄 你的身體會替情緒說話？什麼是身心學？feat.趙耕樂身心療癒... ❌
  🔄 別再硬按！淋巴塞，痠痛來！帶你一起疏通淋巴｜功操大全 ❌
  🔄 烏龜頸，脖子前傾的真相！搞錯原因復健還是凸！｜功操大全 ❌
  🔄 床墊、枕頭選錯你就痛！睡姿問題一次解！｜功操大全 ❌
  🔄 常常聳肩！你的腸胃、鎖骨卡住肩！｜迷思破解 ❌
  🔄 身體失調！月經亂、變胖竟是身體太冷！？feat.內科李琪醫師... ❌
  🔄 膝蓋痛，關鍵在骨盆、腳底的影響！｜迷思破解 ❌
  🔄 圓肩，全因你手指沒力氣？｜迷思破解 ❌
  🔄 消水腫！先清除體內垃圾｜迷思破解 ❌
  🔄 顳顎關節卡住的真正原因！｜功操大全 ❌
  📊 Dr.HuangAmin: 0✅ 15❌
  📊 總計: 成功:0 失敗:15

============================================================
✅ 完成! 時間: 09:29:07
============================================================
>>> Round done at Fri Mar 27 09:29:07 CST 2026. last_channel_index=3
============================================================
🚀 知識庫爬蟲（kd subtitles 專用）- 09:29:10
============================================================

📺 [4/9] 周慕姿放心說
  🔄 你不是廢，是太焦慮！撕下懶惰標籤，接住卡住的自己｜Ft.李東... ❌
  📊 周慕姿放心說: 0✅ 1❌
  📊 總計: 成功:0 失敗:1

============================================================
✅ 完成! 時間: 09:29:30
============================================================
>>> Round done at Fri Mar 27 09:29:30 CST 2026. last_channel_index=4
============================================================
🚀 知識庫爬蟲（kd subtitles 專用）- 09:29:33
============================================================

📺 [5/9] 松明讲心理
  🔄 Depression is a slow betrayal ... ❌
  🔄 愛操心的人，其實最孤單！#人生 #心理學 #煩惱 #認知 #... ❌
  🔄 Learn to make choices so your ... ❌
  🔄 看清選擇背後的三大陷阱，做出更清晰的人生決策！#朋友 #人際... ❌
  🔄 The power of choice: Living yo... ❌
  🔄 Long-distance relationships ar... ❌
  🔄 內心強大到可怕的10種心境！#人生 #心理學 #煩惱 #認知... ❌
  🔄 當恨佔滿了心，親密就進不來！#情感 #愛情 #戀愛 #離婚 ... ❌
  🔄 3句話學會放下執著、停止內耗，走向內在的力量！#人生 #心理... ❌
  🔄 原諒出軌，是救贖還是折磨？#情感 #愛情 #戀愛 #離婚  ... ❌
  🔄 女人最該守住的三重分寸感！#情感 #愛情 #戀愛 #離婚  ... ❌
  🔄 Whether your employees are wor... ❌
  🔄 苦難生智慧「物極必反」的哲學！#人生 #心理學 #煩惱 #認... ❌
  🔄 Four ways to quickly improve y... ❌
  🔄 如何挽救孩子的躺平和厭學？#松明  #煩惱 #親子 #婚姻 ... ❌
  📊 松明讲心理: 0✅ 15❌
  📊 總計: 成功:0 失敗:15

============================================================
✅ 完成! 時間: 09:31:39
============================================================
>>> Round done at Fri Mar 27 09:31:39 CST 2026. last_channel_index=5
============================================================
🚀 知識庫爬蟲（kd subtitles 專用）- 09:31:42
============================================================

📺 [6/9] 超真實商談
  ✅ 無新影片

📺 [7/9] Cofit211
  🔄 【頻道會員專屬】腦科學權威：你擁有「重塑大腦」的能力，人生隨... ❌
  🔄 這動作能緩解腰痠背痛？科學實證：真的有用｜初日診所 魏士航醫... ❌
  🔄 [Channel Member Exclusive] Inv... ❌
  🔄 [Channel Member Exclusive] Sta... ❌
  📊 Cofit211: 0✅ 4❌
  📊 總計: 成功:0 失敗:4

============================================================
✅ 完成! 時間: 09:32:21
============================================================
>>> Round done at Fri Mar 27 09:32:21 CST 2026. last_channel_index=7
============================================================
🚀 知識庫爬蟲（kd subtitles 專用）- 09:32:24
============================================================

📺 [8/9] 泛科學
  ✅ 無新影片

📺 [9/9] 泛科學院
  🔄 公開Gemini 3.1 Pro 六大功能！不是工程師也能寫... ❌
  🔄 [2026 Best AI Subscription Gui... ❌
  🔄 Stop using AI to copy and past... ❌
  🔄 [AI Teaching Notes | YouTube C... ❌
  📊 泛科學院: 0✅ 4❌
  📊 總計: 成功:0 失敗:4

============================================================
✅ 完成! 時間: 09:33:09
============================================================
>>> Round done at Fri Mar 27 09:33:09 CST 2026. last_channel_index=0
============================================================
🚀 知識庫爬蟲（kd subtitles 專用）- 09:33:12
============================================================

📺 [1/9] 胡乃文开播
  🔄 地瓜葉菊花茶讓濕疹好得快，但你吃對了嗎？她雙腿癢2個月竟是肝... ❌
  🔄 不讓醫師演戲真的太可惜！喝這1杯花茶，血壓穩下來，眼睛不花了... ❌
  🔄 血壓總是早上5點-8點高，吃降血壓藥也不管用怎麼辦？｜胡乃文... ❌
  🔄 💖粉絲問什麼？胡太太逗趣提問，胡醫師親解答！胡乃文開講會員專... ❌
  🔄 {沒看到太可惜！醫師爆笑模仿蔣部長，全場笑翻｜胡乃文開講會員... ❌
  🔄 { 會員Q&A } 急救時先別亂按！極泉穴、人中穴，其實很多... ❌
  🔄 關於食用油對膽結石和便秘的問題｜胡乃文開講會員專屬7 ❌
  🔄 翻轉糖尿病迷思！為什麼糖尿病反而要吃米飯才會好！3個簡單運動... ❌
  📊 胡乃文开播: 0✅ 8❌
  📊 總計: 成功:0 失敗:8

============================================================
✅ 完成! 時間: 09:34:23
============================================================
>>> Round done at Fri Mar 27 09:34:23 CST 2026. last_channel_index=1
============================================================
🚀 知識庫爬蟲（kd subtitles 專用）- 09:34:26
============================================================

📺 [2/9] 柏格醫生中文
  🔄 佛羅里達新法案威脅言論自由？批評糖與農藥恐被告，食品誹謗法大... ❌
  🔄 清血管這樣吃就對了！逆轉三高、改善心臟病、糖尿病、慢性腎臟病... ❌
  🔄 半夜起床尿尿?根本原因不在膀胱 ✅ (26609字)
  🔄 超市60%包裝食品都含這隱藏成分！乳化劑悄悄損害腸道健康與大... ❌
  🔄 癌症根本不是基因突變！柏格醫生：只要做對這30件事，從「粒線... ❌
  🔄 頭前傾2.5公分加重4.5公斤！柏格醫生教你每晚幾分鐘快速矯... ❌
  🔄 麵包真正毒物不是麩質！血糖暴衝、胰島素阻抗元兇曝光，戒掉後該... ❌
  🔄 渴了才喝、餓了才吃！戳破喝水迷思+過度運動壞處，10大養生成... ❌
  📊 柏格醫生中文: 1✅ 7❌
  📊 總計: 成功:1 失敗:7

============================================================
✅ 完成! 時間: 09:36:07
============================================================
>>> Round done at Fri Mar 27 09:36:07 CST 2026. last_channel_index=2
============================================================
🚀 知識庫爬蟲（kd subtitles 專用）- 09:36:10
============================================================

📺 [3/9] Dr.HuangAmin
  🔄 睡覺狂打呼，口腔肌少症找上門！教你練舌肌力！feat.黃斌洋... ❌
  🔄 你靠吃「某些食物」才想大便，不正常！？必吃3種食物養腸道！｜... ❌
  🔄 手抬不起來，竟跟腸胃有關？內臟卡卡，手也會被扯住！｜功操大全 ❌
  🔄 轉頭就痛！頸因性頭痛，真正的原因在手部！？｜功操大全 ❌
  🔄 骨盆前傾一招練回正臀！檢測你有沒有假翹臀！｜功操大全 ❌
  🔄 你的身體會替情緒說話？什麼是身心學？feat.趙耕樂身心療癒... ❌
  🔄 別再硬按！淋巴塞，痠痛來！帶你一起疏通淋巴｜功操大全 ❌
  🔄 烏龜頸，脖子前傾的真相！搞錯原因復健還是凸！｜功操大全 ❌
  🔄 床墊、枕頭選錯你就痛！睡姿問題一次解！｜功操大全 ❌
  🔄 常常聳肩！你的腸胃、鎖骨卡住肩！｜迷思破解 ❌
  🔄 身體失調！月經亂、變胖竟是身體太冷！？feat.內科李琪醫師... ❌
  🔄 膝蓋痛，關鍵在骨盆、腳底的影響！｜迷思破解 ❌
  🔄 圓肩，全因你手指沒力氣？｜迷思破解 ❌
  🔄 消水腫！先清除體內垃圾｜迷思破解 ❌
  🔄 顳顎關節卡住的真正原因！｜功操大全 ❌
  📊 Dr.HuangAmin: 0✅ 15❌
  📊 總計: 成功:0 失敗:15

============================================================
✅ 完成! 時間: 09:38:21
============================================================
>>> Round done at Fri Mar 27 09:38:21 CST 2026. last_channel_index=3
============================================================
🚀 知識庫爬蟲（kd subtitles 專用）- 09:38:24
============================================================

📺 [4/9] 周慕姿放心說
  🔄 你不是廢，是太焦慮！撕下懶惰標籤，接住卡住的自己｜Ft.李東... ❌
  📊 周慕姿放心說: 0✅ 1❌
  📊 總計: 成功:0 失敗:1

============================================================
✅ 完成! 時間: 09:38:46
============================================================
>>> Round done at Fri Mar 27 09:38:46 CST 2026. last_channel_index=4
============================================================
🚀 知識庫爬蟲（kd subtitles 專用）- 09:38:49
============================================================

📺 [5/9] 松明讲心理
  🔄 Depression is a slow betrayal ... ❌
  🔄 愛操心的人，其實最孤單！#人生 #心理學 #煩惱 #認知 #... ❌
  🔄 Learn to make choices so your ... ❌
  🔄 看清選擇背後的三大陷阱，做出更清晰的人生決策！#朋友 #人際... ❌
  🔄 The power of choice: Living yo... ❌
  🔄 Long-distance relationships ar... ❌
  🔄 內心強大到可怕的10種心境！#人生 #心理學 #煩惱 #認知... ❌
  🔄 當恨佔滿了心，親密就進不來！#情感 #愛情 #戀愛 #離婚 ... ❌
  🔄 3句話學會放下執著、停止內耗，走向內在的力量！#人生 #心理... ❌
  🔄 原諒出軌，是救贖還是折磨？#情感 #愛情 #戀愛 #離婚  ... ❌
  🔄 女人最該守住的三重分寸感！#情感 #愛情 #戀愛 #離婚  ... ❌
  🔄 Whether your employees are wor... ❌
  🔄 苦難生智慧「物極必反」的哲學！#人生 #心理學 #煩惱 #認... ❌
  🔄 Four ways to quickly improve y... ❌
  🔄 如何挽救孩子的躺平和厭學？#松明  #煩惱 #親子 #婚姻 ... ❌
  📊 松明讲心理: 0✅ 15❌
  📊 總計: 成功:0 失敗:15

============================================================
✅ 完成! 時間: 09:40:43
============================================================
>>> Round done at Fri Mar 27 09:40:44 CST 2026. last_channel_index=5
============================================================
🚀 知識庫爬蟲（kd subtitles 專用）- 09:40:47
============================================================

📺 [6/9] 超真實商談
  ✅ 無新影片

📺 [7/9] Cofit211
  🔄 【頻道會員專屬】腦科學權威：你擁有「重塑大腦」的能力，人生隨... ❌
  🔄 這動作能緩解腰痠背痛？科學實證：真的有用｜初日診所 魏士航醫... ❌
  🔄 [Channel Member Exclusive] Inv... ❌
  🔄 [Channel Member Exclusive] Sta... ❌
  📊 Cofit211: 0✅ 4❌
  📊 總計: 成功:0 失敗:4

============================================================
✅ 完成! 時間: 09:41:26
============================================================
>>> Round done at Fri Mar 27 09:41:26 CST 2026. last_channel_index=7
============================================================
🚀 知識庫爬蟲（kd subtitles 專用）- 09:41:29
============================================================

📺 [8/9] 泛科學
  ✅ 無新影片

📺 [9/9] 泛科學院
  🔄 公開Gemini 3.1 Pro 六大功能！不是工程師也能寫... ❌
  🔄 [2026 Best AI Subscription Gui... ❌
  🔄 Stop using AI to copy and past... ❌
  🔄 [AI Teaching Notes | YouTube C... ❌
  📊 泛科學院: 0✅ 4❌
  📊 總計: 成功:0 失敗:4

============================================================
✅ 完成! 時間: 09:42:14
============================================================
>>> Round done at Fri Mar 27 09:42:14 CST 2026. last_channel_index=0
============================================================
🚀 知識庫爬蟲（kd subtitles 專用）- 09:42:17
============================================================

📺 [1/9] 胡乃文开播
  🔄 地瓜葉菊花茶讓濕疹好得快，但你吃對了嗎？她雙腿癢2個月竟是肝... ❌
  🔄 不讓醫師演戲真的太可惜！喝這1杯花茶，血壓穩下來，眼睛不花了... ❌
  🔄 血壓總是早上5點-8點高，吃降血壓藥也不管用怎麼辦？｜胡乃文... ❌
  🔄 💖粉絲問什麼？胡太太逗趣提問，胡醫師親解答！胡乃文開講會員專... ❌
  🔄 {沒看到太可惜！醫師爆笑模仿蔣部長，全場笑翻｜胡乃文開講會員... ❌
  🔄 { 會員Q&A } 急救時先別亂按！極泉穴、人中穴，其實很多... ❌
  🔄 關於食用油對膽結石和便秘的問題｜胡乃文開講會員專屬7 ❌
  🔄 翻轉糖尿病迷思！為什麼糖尿病反而要吃米飯才會好！3個簡單運動... ❌
  📊 胡乃文开播: 0✅ 8❌
  📊 總計: 成功:0 失敗:8

============================================================
✅ 完成! 時間: 09:43:27
============================================================
>>> Round done at Fri Mar 27 09:43:27 CST 2026. last_channel_index=1
============================================================
🚀 知識庫爬蟲（kd subtitles 專用）- 09:43:30
============================================================

📺 [2/9] 柏格醫生中文
  🔄 佛羅里達新法案威脅言論自由？批評糖與農藥恐被告，食品誹謗法大... ❌
  🔄 清血管這樣吃就對了！逆轉三高、改善心臟病、糖尿病、慢性腎臟病... ❌
  🔄 垃圾食品隱藏乳化劑像洗碗精！破壞腸道黏液層導致腸漏，柏格醫生... ❌
  🔄 【柏格醫生】癌症研究70年都錯了？揭開致癌真相與30個科學防... ❌
  🔄 頭前傾2.5公分加重4.5公斤！柏格醫生教你每晚幾分鐘快速矯... ❌
  🔄 別再吃麵包了！就算0糖也比砂糖更害血糖飆升，無麩質、全麥全是... ❌
  🔄 間歇性斷食+每天低碳30g！醫師級健康習慣大公開：維生素D、... ❌
  📊 柏格醫生中文: 0✅ 7❌
  📊 總計: 成功:0 失敗:7

============================================================
✅ 完成! 時間: 09:44:55
============================================================
>>> Round done at Fri Mar 27 09:44:55 CST 2026. last_channel_index=2
============================================================
🚀 知識庫爬蟲（kd subtitles 專用）- 09:44:58
============================================================

📺 [3/9] Dr.HuangAmin
  🔄 睡覺狂打呼，口腔肌少症找上門！教你練舌肌力！feat.黃斌洋... ❌
  🔄 你靠吃「某些食物」才想大便，不正常！？必吃3種食物養腸道！｜... ❌
  🔄 手抬不起來，竟跟腸胃有關？內臟卡卡，手也會被扯住！｜功操大全 ❌
  🔄 轉頭就痛！頸因性頭痛，真正的原因在手部！？｜功操大全 ❌
  🔄 骨盆前傾一招練回正臀！檢測你有沒有假翹臀！｜功操大全 ❌
  🔄 你的身體會替情緒說話？什麼是身心學？feat.趙耕樂身心療癒... ❌
  🔄 別再硬按！淋巴塞，痠痛來！帶你一起疏通淋巴｜功操大全 ❌
  🔄 烏龜頸，脖子前傾的真相！搞錯原因復健還是凸！｜功操大全 ❌
  🔄 床墊、枕頭選錯你就痛！睡姿問題一次解！｜功操大全 ❌
  🔄 常常聳肩！你的腸胃、鎖骨卡住肩！｜迷思破解 ❌
  🔄 身體失調！月經亂、變胖竟是身體太冷！？feat.內科李琪醫師... ❌
  🔄 膝蓋痛，關鍵在骨盆、腳底的影響！｜迷思破解 ❌
  🔄 圓肩，全因你手指沒力氣？｜迷思破解 ❌
  🔄 消水腫！先清除體內垃圾｜迷思破解 ❌
  🔄 顳顎關節卡住的真正原因！｜功操大全 ❌
  📊 Dr.HuangAmin: 0✅ 15❌
  📊 總計: 成功:0 失敗:15

============================================================
✅ 完成! 時間: 09:47:13
============================================================
>>> Round done at Fri Mar 27 09:47:13 CST 2026. last_channel_index=3
============================================================
🚀 知識庫爬蟲（kd subtitles 專用）- 09:47:16
============================================================

📺 [4/9] 周慕姿放心說
  🔄 你不是廢，是太焦慮！撕下懶惰標籤，接住卡住的自己｜Ft.李東... ❌
  📊 周慕姿放心說: 0✅ 1❌
  📊 總計: 成功:0 失敗:1

============================================================
✅ 完成! 時間: 09:47:40
============================================================
>>> Round done at Fri Mar 27 09:47:40 CST 2026. last_channel_index=4
============================================================
🚀 知識庫爬蟲（kd subtitles 專用）- 09:47:43
============================================================

📺 [5/9] 松明讲心理
  🔄 Depression is a slow betrayal ... ❌
  🔄 愛操心的人，其實最孤單！#人生 #心理學 #煩惱 #認知 #... ❌
  🔄 Learn to make choices so your ... ❌
  🔄 看清選擇背後的三大陷阱，做出更清晰的人生決策！#朋友 #人際... ❌
  🔄 The power of choice: Living yo... ❌
  🔄 Long-distance relationships ar... ❌
  🔄 內心強大到可怕的10種心境！#人生 #心理學 #煩惱 #認知... ❌
  🔄 當恨佔滿了心，親密就進不來！#情感 #愛情 #戀愛 #離婚 ... ❌
  🔄 3句話學會放下執著、停止內耗，走向內在的力量！#人生 #心理... ❌
  🔄 原諒出軌，是救贖還是折磨？#情感 #愛情 #戀愛 #離婚  ... ❌
  🔄 女人最該守住的三重分寸感！#情感 #愛情 #戀愛 #離婚  ... ❌
  🔄 Whether your employees are wor... ❌
  🔄 苦難生智慧「物極必反」的哲學！#人生 #心理學 #煩惱 #認... ❌
  🔄 Four ways to quickly improve y... ❌
  🔄 如何挽救孩子的躺平和厭學？#松明  #煩惱 #親子 #婚姻 ... ❌
  📊 松明讲心理: 0✅ 15❌
  📊 總計: 成功:0 失敗:15

============================================================
✅ 完成! 時間: 09:49:55
============================================================
>>> Round done at Fri Mar 27 09:49:56 CST 2026. last_channel_index=5
============================================================
🚀 知識庫爬蟲（kd subtitles 專用）- 09:49:59
============================================================

📺 [6/9] 超真實商談
  ✅ 無新影片

📺 [7/9] Cofit211
  🔄 【頻道會員專屬】腦科學權威：你擁有「重塑大腦」的能力，人生隨... ❌
  🔄 這動作能緩解腰痠背痛？科學實證：真的有用｜初日診所 魏士航醫... ❌
  🔄 [Channel Member Exclusive] Inv... ❌
  🔄 [Channel Member Exclusive] Sta... ❌
  📊 Cofit211: 0✅ 4❌
  📊 總計: 成功:0 失敗:4

============================================================
✅ 完成! 時間: 09:50:40
============================================================
>>> Round done at Fri Mar 27 09:50:40 CST 2026. last_channel_index=7
============================================================
🚀 知識庫爬蟲（kd subtitles 專用）- 09:50:43
============================================================

📺 [8/9] 泛科學
  ✅ 無新影片

📺 [9/9] 泛科學院
  🔄 公開Gemini 3.1 Pro 六大功能！不是工程師也能寫... ❌
  🔄 [2026 Best AI Subscription Gui... ❌
  🔄 Stop using AI to copy and past... ❌
  🔄 [AI Teaching Notes | YouTube C... ❌
  📊 泛科學院: 0✅ 4❌
  📊 總計: 成功:0 失敗:4

============================================================
✅ 完成! 時間: 09:51:27
============================================================
>>> Round done at Fri Mar 27 09:51:27 CST 2026. last_channel_index=0
============================================================
🚀 知識庫爬蟲（kd subtitles 專用）- 09:51:30
============================================================

📺 [1/9] 胡乃文开播
  🔄 她雙腿癢2個月竟是肝出大問題！換季皮膚就癢癢，按2大穴止癢，... ❌
  🔄 不讓醫師演戲真的太可惜！喝這1杯花茶，血壓穩下來，眼睛不花了... ❌
  🔄 血壓總是早上5點-8點高，吃降血壓藥也不管用怎麼辦？｜胡乃文... ❌
  🔄 💖粉絲問什麼？胡太太逗趣提問，胡醫師親解答！胡乃文開講會員專... ❌
  🔄 {沒看到太可惜！醫師爆笑模仿蔣部長，全場笑翻｜胡乃文開講會員... ❌
  🔄 { 會員Q&A } 急救時先別亂按！極泉穴、人中穴，其實很多... ❌
  🔄 關於食用油對膽結石和便秘的問題｜胡乃文開講會員專屬7 ❌
  🔄 翻轉糖尿病迷思！為什麼糖尿病反而要吃米飯才會好！3個簡單運動... ❌
  📊 胡乃文开播: 0✅ 8❌
  📊 總計: 成功:0 失敗:8

============================================================
✅ 完成! 時間: 09:52:42
============================================================
>>> Round done at Fri Mar 27 09:52:42 CST 2026. last_channel_index=1
============================================================
🚀 知識庫爬蟲（kd subtitles 專用）- 09:52:45
============================================================

📺 [2/9] 柏格醫生中文
  🔄 佛羅里達新法案威脅言論自由？批評糖與農藥恐被告，食品誹謗法大... ❌
  🔄 清血管這樣吃就對了！逆轉三高、改善心臟病、糖尿病、慢性腎臟病... ❌
  🔄 超市60%包裝食品都含這隱藏成分！乳化劑悄悄損害腸道健康與大... ✅ (20616字)
  🔄 如何永久遠離癌症？柏格醫生破解「癌細胞」弱點，30招從根本打... ❌
  🔄 頭前傾2.5公分加重4.5公斤！柏格醫生教你每晚幾分鐘快速矯... ❌
  🔄 別再吃麵包了！就算0糖也比砂糖更害血糖飆升，無麩質、全麥全是... ❌
  🔄 養成這7個習慣，胰島素直降、脂肪狂燒！不餓不節食，輕鬆達到最... ❌
  📊 柏格醫生中文: 1✅ 6❌
  📊 總計: 成功:1 失敗:6

============================================================
✅ 完成! 時間: 09:54:10
============================================================
>>> Round done at Fri Mar 27 09:54:10 CST 2026. last_channel_index=2
============================================================
🚀 知識庫爬蟲（kd subtitles 專用）- 09:54:13
============================================================

📺 [3/9] Dr.HuangAmin
  🔄 睡覺狂打呼，口腔肌少症找上門！教你練舌肌力！feat.黃斌洋... ❌
  🔄 你靠吃「某些食物」才想大便，不正常！？必吃3種食物養腸道！｜... ❌
  🔄 手抬不起來，竟跟腸胃有關？內臟卡卡，手也會被扯住！｜功操大全 ❌
  🔄 轉頭就痛！頸因性頭痛，真正的原因在手部！？｜功操大全 ❌
  🔄 骨盆前傾一招練回正臀！檢測你有沒有假翹臀！｜功操大全 ❌
  🔄 你的身體會替情緒說話？什麼是身心學？feat.趙耕樂身心療癒... ❌
  🔄 別再硬按！淋巴塞，痠痛來！帶你一起疏通淋巴｜功操大全 ❌
  🔄 烏龜頸，脖子前傾的真相！搞錯原因復健還是凸！｜功操大全 ❌
  🔄 床墊、枕頭選錯你就痛！睡姿問題一次解！｜功操大全 ❌
  🔄 常常聳肩！你的腸胃、鎖骨卡住肩！｜迷思破解 ❌
  🔄 身體失調！月經亂、變胖竟是身體太冷！？feat.內科李琪醫師... ❌
  🔄 膝蓋痛，關鍵在骨盆、腳底的影響！｜迷思破解 ❌
  🔄 圓肩，全因你手指沒力氣？｜迷思破解 ❌
  🔄 消水腫！先清除體內垃圾｜迷思破解 ❌
  🔄 顳顎關節卡住的真正原因！｜功操大全 ❌
  📊 Dr.HuangAmin: 0✅ 15❌
  📊 總計: 成功:0 失敗:15

============================================================
✅ 完成! 時間: 09:56:21
============================================================
>>> Round done at Fri Mar 27 09:56:21 CST 2026. last_channel_index=3
============================================================
🚀 知識庫爬蟲（kd subtitles 專用）- 09:56:24
============================================================

📺 [4/9] 周慕姿放心說
  🔄 你不是廢，是太焦慮！撕下懶惰標籤，接住卡住的自己｜Ft.李東... ❌
  📊 周慕姿放心說: 0✅ 1❌
  📊 總計: 成功:0 失敗:1

============================================================
✅ 完成! 時間: 09:56:44
============================================================
>>> Round done at Fri Mar 27 09:56:45 CST 2026. last_channel_index=4
============================================================
🚀 知識庫爬蟲（kd subtitles 專用）- 09:56:48
============================================================

📺 [5/9] 松明讲心理
  🔄 Depression is a slow betrayal ... ❌
  🔄 愛操心的人，其實最孤單！#人生 #心理學 #煩惱 #認知 #... ❌
  🔄 Learn to make choices so your ... ❌
  🔄 看清選擇背後的三大陷阱，做出更清晰的人生決策！#朋友 #人際... ❌
  🔄 The power of choice: Living yo... ❌
  🔄 Long-distance relationships ar... ❌
  🔄 內心強大到可怕的10種心境！#人生 #心理學 #煩惱 #認知... ❌
  🔄 當恨佔滿了心，親密就進不來！#情感 #愛情 #戀愛 #離婚 ... ❌
  🔄 3句話學會放下執著、停止內耗，走向內在的力量！#人生 #心理... ❌
  🔄 原諒出軌，是救贖還是折磨？#情感 #愛情 #戀愛 #離婚  ... ❌
  🔄 女人最該守住的三重分寸感！#情感 #愛情 #戀愛 #離婚  ... ❌
  🔄 Whether your employees are wor... ❌
  🔄 苦難生智慧「物極必反」的哲學！#人生 #心理學 #煩惱 #認... ❌
  🔄 Four ways to quickly improve y... ❌
  🔄 如何挽救孩子的躺平和厭學？#松明  #煩惱 #親子 #婚姻 ... ❌
  📊 松明讲心理: 0✅ 15❌
  📊 總計: 成功:0 失敗:15

============================================================
✅ 完成! 時間: 09:59:02
============================================================
>>> Round done at Fri Mar 27 09:59:02 CST 2026. last_channel_index=5
============================================================
🚀 知識庫爬蟲（kd subtitles 專用）- 09:59:05
============================================================

📺 [6/9] 超真實商談
  ✅ 無新影片

📺 [7/9] Cofit211
  🔄 【頻道會員專屬】腦科學權威：你擁有「重塑大腦」的能力，人生隨... ❌
  🔄 這動作能緩解腰痠背痛？科學實證：真的有用｜初日診所 魏士航醫... ❌
  🔄 [Channel Member Exclusive] Inv... ❌
  🔄 [Channel Member Exclusive] Sta... ❌
  📊 Cofit211: 0✅ 4❌
  📊 總計: 成功:0 失敗:4

============================================================
✅ 完成! 時間: 09:59:47
============================================================
>>> Round done at Fri Mar 27 09:59:47 CST 2026. last_channel_index=7
============================================================
🚀 知識庫爬蟲（kd subtitles 專用）- 09:59:50
============================================================

📺 [8/9] 泛科學
  ✅ 無新影片

📺 [9/9] 泛科學院
  🔄 公開Gemini 3.1 Pro 六大功能！不是工程師也能寫... ❌
  🔄 [2026 Best AI Subscription Gui... ❌
  🔄 Stop using AI to copy and past... ❌
  🔄 [AI Teaching Notes | YouTube C... ❌
  📊 泛科學院: 0✅ 4❌
  📊 總計: 成功:0 失敗:4

============================================================
✅ 完成! 時間: 10:00:34
============================================================
>>> Round done at Fri Mar 27 10:00:34 CST 2026. last_channel_index=0
============================================================
🚀 知識庫爬蟲（kd subtitles 專用）- 10:00:37
============================================================

📺 [1/9] 胡乃文开播
  🔄 她雙腿癢2個月竟是肝出大問題！換季皮膚就癢癢，按2大穴止癢，... ❌
  🔄 不讓醫師演戲真的太可惜！喝這1杯花茶，血壓穩下來，眼睛不花了... ❌
  🔄 血壓總是早上5點-8點高，吃降血壓藥也不管用怎麼辦？｜胡乃文... ❌
  🔄 💖粉絲問什麼？胡太太逗趣提問，胡醫師親解答！胡乃文開講會員專... ❌
  🔄 {沒看到太可惜！醫師爆笑模仿蔣部長，全場笑翻｜胡乃文開講會員... ❌
  🔄 { 會員Q&A } 急救時先別亂按！極泉穴、人中穴，其實很多... ❌
  🔄 關於食用油對膽結石和便秘的問題｜胡乃文開講會員專屬7 ❌
  🔄 翻轉糖尿病迷思！為什麼糖尿病反而要吃米飯才會好！3個簡單運動... ❌
  📊 胡乃文开播: 0✅ 8❌
  📊 總計: 成功:0 失敗:8

============================================================
✅ 完成! 時間: 10:01:53
============================================================
>>> Round done at Fri Mar 27 10:01:53 CST 2026. last_channel_index=1
============================================================
🚀 知識庫爬蟲（kd subtitles 專用）- 10:01:56
============================================================

📺 [2/9] 柏格醫生中文
  🔄 佛羅里達新法案威脅言論自由？批評糖與農藥恐被告，食品誹謗法大... ❌
  🔄 清血管這樣吃就對了！逆轉三高、改善心臟病、糖尿病、慢性腎臟病... ❌
  🔄 癌症根本不是基因突變！柏格醫生：只要做對這30件事，從「粒線... ❌
  🔄 頭前傾2.5公分加重4.5公斤！柏格醫生教你每晚幾分鐘快速矯... ❌
  🔄 麵包真正毒物不是麩質！血糖暴衝、胰島素阻抗元兇曝光，戒掉後該... ❌
  🔄 養成這7個習慣，胰島素直降、脂肪狂燒！不餓不節食，輕鬆達到最... ❌
  📊 柏格醫生中文: 0✅ 6❌
  📊 總計: 成功:0 失敗:6

============================================================
✅ 完成! 時間: 10:03:11
============================================================
>>> Round done at Fri Mar 27 10:03:11 CST 2026. last_channel_index=2
============================================================
🚀 知識庫爬蟲（kd subtitles 專用）- 10:03:14
============================================================

📺 [3/9] Dr.HuangAmin
  🔄 睡覺狂打呼，口腔肌少症找上門！教你練舌肌力！feat.黃斌洋... ❌
  🔄 你靠吃「某些食物」才想大便，不正常！？必吃3種食物養腸道！｜... ❌
  🔄 手抬不起來，竟跟腸胃有關？內臟卡卡，手也會被扯住！｜功操大全 ❌
  🔄 轉頭就痛！頸因性頭痛，真正的原因在手部！？｜功操大全 ❌
  🔄 骨盆前傾一招練回正臀！檢測你有沒有假翹臀！｜功操大全 ❌
  🔄 你的身體會替情緒說話？什麼是身心學？feat.趙耕樂身心療癒... ❌
  🔄 別再硬按！淋巴塞，痠痛來！帶你一起疏通淋巴｜功操大全 ❌
  🔄 烏龜頸，脖子前傾的真相！搞錯原因復健還是凸！｜功操大全 ❌
  🔄 床墊、枕頭選錯你就痛！睡姿問題一次解！｜功操大全 ❌
  🔄 常常聳肩！你的腸胃、鎖骨卡住肩！｜迷思破解 ❌
  🔄 身體失調！月經亂、變胖竟是身體太冷！？feat.內科李琪醫師... ❌
  🔄 膝蓋痛，關鍵在骨盆、腳底的影響！｜迷思破解 ❌
  🔄 圓肩，全因你手指沒力氣？｜迷思破解 ❌
  🔄 消水腫！先清除體內垃圾｜迷思破解 ❌
  🔄 顳顎關節卡住的真正原因！｜功操大全 ❌
  📊 Dr.HuangAmin: 0✅ 15❌
  📊 總計: 成功:0 失敗:15

============================================================
✅ 完成! 時間: 10:05:24
============================================================
>>> Round done at Fri Mar 27 10:05:24 CST 2026. last_channel_index=3
============================================================
🚀 知識庫爬蟲（kd subtitles 專用）- 10:05:27
============================================================

📺 [4/9] 周慕姿放心說
  🔄 你不是廢，是太焦慮！撕下懶惰標籤，接住卡住的自己｜Ft.李東... ❌
  📊 周慕姿放心說: 0✅ 1❌
  📊 總計: 成功:0 失敗:1

============================================================
✅ 完成! 時間: 10:05:51
============================================================
>>> Round done at Fri Mar 27 10:05:51 CST 2026. last_channel_index=4
============================================================
🚀 知識庫爬蟲（kd subtitles 專用）- 10:05:54
============================================================

📺 [5/9] 松明讲心理
  🔄 Depression is a slow betrayal ... ❌
  🔄 愛操心的人，其實最孤單！#人生 #心理學 #煩惱 #認知 #... ❌
  🔄 Learn to make choices so your ... ❌
  🔄 看清選擇背後的三大陷阱，做出更清晰的人生決策！#朋友 #人際... ❌
  🔄 The power of choice: Living yo... ❌
  🔄 Long-distance relationships ar... ❌
  🔄 內心強大到可怕的10種心境！#人生 #心理學 #煩惱 #認知... ❌
  🔄 當恨佔滿了心，親密就進不來！#情感 #愛情 #戀愛 #離婚 ... ❌
  🔄 3句話學會放下執著、停止內耗，走向內在的力量！#人生 #心理... ❌
  🔄 原諒出軌，是救贖還是折磨？#情感 #愛情 #戀愛 #離婚  ... ❌
  🔄 女人最該守住的三重分寸感！#情感 #愛情 #戀愛 #離婚  ... ❌
  🔄 Whether your employees are wor... ❌
  🔄 苦難生智慧「物極必反」的哲學！#人生 #心理學 #煩惱 #認... ❌
  🔄 Four ways to quickly improve y... ❌
  🔄 如何挽救孩子的躺平和厭學？#松明  #煩惱 #親子 #婚姻 ... ❌
  📊 松明讲心理: 0✅ 15❌
  📊 總計: 成功:0 失敗:15

============================================================
✅ 完成! 時間: 10:08:06
============================================================
>>> Round done at Fri Mar 27 10:08:07 CST 2026. last_channel_index=5
============================================================
🚀 知識庫爬蟲（kd subtitles 專用）- 10:08:10
============================================================

📺 [6/9] 超真實商談
  ✅ 無新影片

📺 [7/9] Cofit211
  🔄 【頻道會員專屬】腦科學權威：你擁有「重塑大腦」的能力，人生隨... ❌
  🔄 這動作能緩解腰痠背痛？科學實證：真的有用｜初日診所 魏士航醫... ❌
  🔄 [Channel Member Exclusive] Inv... ❌
  🔄 [Channel Member Exclusive] Sta... ❌
  📊 Cofit211: 0✅ 4❌
  📊 總計: 成功:0 失敗:4

============================================================
✅ 完成! 時間: 10:08:48
============================================================
>>> Round done at Fri Mar 27 10:08:48 CST 2026. last_channel_index=7
============================================================
🚀 知識庫爬蟲（kd subtitles 專用）- 10:08:51
============================================================

📺 [8/9] 泛科學
  ✅ 無新影片

📺 [9/9] 泛科學院
  🔄 公開Gemini 3.1 Pro 六大功能！不是工程師也能寫... ❌
  🔄 [2026 Best AI Subscription Gui... ❌
  🔄 Stop using AI to copy and past... ❌
  🔄 [AI Teaching Notes | YouTube C... ❌
  📊 泛科學院: 0✅ 4❌
  📊 總計: 成功:0 失敗:4

============================================================
✅ 完成! 時間: 10:09:37
============================================================
>>> Round done at Fri Mar 27 10:09:37 CST 2026. last_channel_index=0
============================================================
🚀 知識庫爬蟲（kd subtitles 專用）- 10:09:40
============================================================

📺 [1/9] 胡乃文开播
  🔄 她雙腿癢2個月竟是肝出大問題！換季皮膚就癢癢，按2大穴止癢，... ❌
  🔄 不讓醫師演戲真的太可惜！喝這1杯花茶，血壓穩下來，眼睛不花了... ❌
  🔄 血壓總是早上5點-8點高，吃降血壓藥也不管用怎麼辦？｜胡乃文... ❌
  🔄 💖粉絲問什麼？胡太太逗趣提問，胡醫師親解答！胡乃文開講會員專... ❌
  🔄 {沒看到太可惜！醫師爆笑模仿蔣部長，全場笑翻｜胡乃文開講會員... ❌
  🔄 { 會員Q&A } 急救時先別亂按！極泉穴、人中穴，其實很多... ❌
  🔄 關於食用油對膽結石和便秘的問題｜胡乃文開講會員專屬7 ❌
  🔄 翻轉糖尿病迷思！為什麼糖尿病反而要吃米飯才會好！3個簡單運動... ❌
  📊 胡乃文开播: 0✅ 8❌
  📊 總計: 成功:0 失敗:8

============================================================
✅ 完成! 時間: 10:10:47
============================================================
>>> Round done at Fri Mar 27 10:10:47 CST 2026. last_channel_index=1
============================================================
🚀 知識庫爬蟲（kd subtitles 專用）- 10:10:50
============================================================

📺 [2/9] 柏格醫生中文
  🔄 佛羅里達新法案威脅言論自由？批評糖與農藥恐被告，食品誹謗法大... ❌
  🔄 清血管這樣吃就對了！逆轉三高、改善心臟病、糖尿病、慢性腎臟病... ❌
  🔄 【柏格醫生】癌症研究70年都錯了？揭開致癌真相與30個科學防... ❌
  🔄 頭前傾2.5公分加重4.5公斤！柏格醫生教你每晚幾分鐘快速矯... ❌
  🔄 別再吃麵包了！就算0糖也比砂糖更害血糖飆升，無麩質、全麥全是... ❌
  🔄 養成這7個習慣，胰島素直降、脂肪狂燒！不餓不節食，輕鬆達到最... ❌
  📊 柏格醫生中文: 0✅ 6❌
  📊 總計: 成功:0 失敗:6

============================================================
✅ 完成! 時間: 10:12:07
============================================================
>>> Round done at Fri Mar 27 10:12:07 CST 2026. last_channel_index=2
============================================================
🚀 知識庫爬蟲（kd subtitles 專用）- 10:12:11
============================================================

📺 [3/9] Dr.HuangAmin
  🔄 睡覺狂打呼，口腔肌少症找上門！教你練舌肌力！feat.黃斌洋... ❌
  🔄 你靠吃「某些食物」才想大便，不正常！？必吃3種食物養腸道！｜... ❌
  🔄 手抬不起來，竟跟腸胃有關？內臟卡卡，手也會被扯住！｜功操大全 ❌
  🔄 轉頭就痛！頸因性頭痛，真正的原因在手部！？｜功操大全 ❌
  🔄 骨盆前傾一招練回正臀！檢測你有沒有假翹臀！｜功操大全 ❌
  🔄 你的身體會替情緒說話？什麼是身心學？feat.趙耕樂身心療癒... ❌
  🔄 別再硬按！淋巴塞，痠痛來！帶你一起疏通淋巴｜功操大全 ❌
  🔄 烏龜頸，脖子前傾的真相！搞錯原因復健還是凸！｜功操大全 ❌
  🔄 床墊、枕頭選錯你就痛！睡姿問題一次解！｜功操大全 ❌
  🔄 常常聳肩！你的腸胃、鎖骨卡住肩！｜迷思破解 ❌
  🔄 身體失調！月經亂、變胖竟是身體太冷！？feat.內科李琪醫師... ❌
  🔄 膝蓋痛，關鍵在骨盆、腳底的影響！｜迷思破解 ❌
  🔄 圓肩，全因你手指沒力氣？｜迷思破解 ❌
  🔄 消水腫！先清除體內垃圾｜迷思破解 ❌
  🔄 顳顎關節卡住的真正原因！｜功操大全 ❌
  📊 Dr.HuangAmin: 0✅ 15❌
  📊 總計: 成功:0 失敗:15

============================================================
✅ 完成! 時間: 10:14:21
============================================================
>>> Round done at Fri Mar 27 10:14:21 CST 2026. last_channel_index=3
============================================================
🚀 知識庫爬蟲（kd subtitles 專用）- 10:14:24
============================================================

📺 [4/9] 周慕姿放心說
  🔄 你不是廢，是太焦慮！撕下懶惰標籤，接住卡住的自己｜Ft.李東... ❌
  📊 周慕姿放心說: 0✅ 1❌
  📊 總計: 成功:0 失敗:1

============================================================
✅ 完成! 時間: 10:14:46
============================================================
>>> Round done at Fri Mar 27 10:14:46 CST 2026. last_channel_index=4
============================================================
🚀 知識庫爬蟲（kd subtitles 專用）- 10:14:49
============================================================

📺 [5/9] 松明讲心理
  🔄 Depression is a slow betrayal ... ❌
  🔄 愛操心的人，其實最孤單！#人生 #心理學 #煩惱 #認知 #... ❌
  🔄 Learn to make choices so your ... ❌
  🔄 看清選擇背後的三大陷阱，做出更清晰的人生決策！#朋友 #人際... ❌
  🔄 The power of choice: Living yo... ❌
  🔄 Long-distance relationships ar... ❌
  🔄 內心強大到可怕的10種心境！#人生 #心理學 #煩惱 #認知... ❌
  🔄 當恨佔滿了心，親密就進不來！#情感 #愛情 #戀愛 #離婚 ... ❌
  🔄 3句話學會放下執著、停止內耗，走向內在的力量！#人生 #心理... ❌
  🔄 原諒出軌，是救贖還是折磨？#情感 #愛情 #戀愛 #離婚  ... ❌
  🔄 女人最該守住的三重分寸感！#情感 #愛情 #戀愛 #離婚  ... ❌
  🔄 Whether your employees are wor... ❌
  🔄 苦難生智慧「物極必反」的哲學！#人生 #心理學 #煩惱 #認... ❌
  🔄 Four ways to quickly improve y... ❌
  🔄 如何挽救孩子的躺平和厭學？#松明  #煩惱 #親子 #婚姻 ... ❌
  📊 松明讲心理: 0✅ 15❌
  📊 總計: 成功:0 失敗:15

============================================================
✅ 完成! 時間: 10:16:58
============================================================
>>> Round done at Fri Mar 27 10:16:58 CST 2026. last_channel_index=5
============================================================
🚀 知識庫爬蟲（kd subtitles 專用）- 10:17:01
============================================================

📺 [6/9] 超真實商談
  ✅ 無新影片

📺 [7/9] Cofit211
  🔄 【頻道會員專屬】腦科學權威：你擁有「重塑大腦」的能力，人生隨... ❌
  🔄 這動作能緩解腰痠背痛？科學實證：真的有用｜初日診所 魏士航醫... ❌
  🔄 [Channel Member Exclusive] Inv... ❌
  🔄 [Channel Member Exclusive] Sta... ❌
  📊 Cofit211: 0✅ 4❌
  📊 總計: 成功:0 失敗:4

============================================================
✅ 完成! 時間: 10:17:43
============================================================
>>> Round done at Fri Mar 27 10:17:43 CST 2026. last_channel_index=7
============================================================
🚀 知識庫爬蟲（kd subtitles 專用）- 10:17:46
============================================================

📺 [8/9] 泛科學
  ✅ 無新影片

📺 [9/9] 泛科學院
  🔄 公開Gemini 3.1 Pro 六大功能！不是工程師也能寫... ❌
  🔄 [2026 Best AI Subscription Gui... ❌
  🔄 Stop using AI to copy and past... ❌
  🔄 [AI Teaching Notes | YouTube C... ❌
  📊 泛科學院: 0✅ 4❌
  📊 總計: 成功:0 失敗:4

============================================================
✅ 完成! 時間: 10:18:31
============================================================
>>> Round done at Fri Mar 27 10:18:31 CST 2026. last_channel_index=0
============================================================
🚀 知識庫爬蟲（kd subtitles 專用）- 10:18:34
============================================================

📺 [1/9] 胡乃文开播
  🔄 注意！她癢2個月查出是肝癌！春季濕疹大爆發，按2穴止癢，戒3... ❌
  🔄 不讓醫師演戲真的太可惜！喝這1杯花茶，血壓穩下來，眼睛不花了... ❌
  🔄 血壓總是早上5點-8點高，吃降血壓藥也不管用怎麼辦？｜胡乃文... ❌
  🔄 💖粉絲問什麼？胡太太逗趣提問，胡醫師親解答！胡乃文開講會員專... ❌
  🔄 {沒看到太可惜！醫師爆笑模仿蔣部長，全場笑翻｜胡乃文開講會員... ❌
  🔄 { 會員Q&A } 急救時先別亂按！極泉穴、人中穴，其實很多... ❌
  🔄 關於食用油對膽結石和便秘的問題｜胡乃文開講會員專屬7 ❌
  🔄 翻轉糖尿病迷思！為什麼糖尿病反而要吃米飯才會好！3個簡單運動... ❌
  📊 胡乃文开播: 0✅ 8❌
  📊 總計: 成功:0 失敗:8

============================================================
✅ 完成! 時間: 10:19:45
============================================================
>>> Round done at Fri Mar 27 10:19:45 CST 2026. last_channel_index=1
============================================================
🚀 知識庫爬蟲（kd subtitles 專用）- 10:19:48
============================================================

📺 [2/9] 柏格醫生中文
  🔄 佛羅里達新法案威脅言論自由？批評糖與農藥恐被告，食品誹謗法大... ❌
  🔄 清血管這樣吃就對了！逆轉三高、改善心臟病、糖尿病、慢性腎臟病... ❌
  🔄 如何永久遠離癌症？柏格醫生破解「癌細胞」弱點，30招從根本打... ❌
  🔄 頭前傾2.5公分加重4.5公斤！柏格醫生教你每晚幾分鐘快速矯... ❌
  🔄 麵包真正毒物不是麩質！血糖暴衝、胰島素阻抗元兇曝光，戒掉後該... ❌
  🔄 養成這7個習慣，胰島素直降、脂肪狂燒！不餓不節食，輕鬆達到最... ❌
  📊 柏格醫生中文: 0✅ 6❌
  📊 總計: 成功:0 失敗:6

============================================================
✅ 完成! 時間: 10:21:04
============================================================
>>> Round done at Fri Mar 27 10:21:04 CST 2026. last_channel_index=2
============================================================
🚀 知識庫爬蟲（kd subtitles 專用）- 10:21:07
============================================================

📺 [3/9] Dr.HuangAmin
  🔄 睡覺狂打呼，口腔肌少症找上門！教你練舌肌力！feat.黃斌洋... ❌
  🔄 你靠吃「某些食物」才想大便，不正常！？必吃3種食物養腸道！｜... ❌
  🔄 手抬不起來，竟跟腸胃有關？內臟卡卡，手也會被扯住！｜功操大全 ❌
  🔄 轉頭就痛！頸因性頭痛，真正的原因在手部！？｜功操大全 ❌
  🔄 骨盆前傾一招練回正臀！檢測你有沒有假翹臀！｜功操大全 ❌
  🔄 你的身體會替情緒說話？什麼是身心學？feat.趙耕樂身心療癒... ❌
  🔄 別再硬按！淋巴塞，痠痛來！帶你一起疏通淋巴｜功操大全 ❌
  🔄 烏龜頸，脖子前傾的真相！搞錯原因復健還是凸！｜功操大全 ❌
  🔄 床墊、枕頭選錯你就痛！睡姿問題一次解！｜功操大全 ❌
  🔄 常常聳肩！你的腸胃、鎖骨卡住肩！｜迷思破解 ❌
  🔄 身體失調！月經亂、變胖竟是身體太冷！？feat.內科李琪醫師... ❌
  🔄 膝蓋痛，關鍵在骨盆、腳底的影響！｜迷思破解 ❌
  🔄 圓肩，全因你手指沒力氣？｜迷思破解 ❌
  🔄 消水腫！先清除體內垃圾｜迷思破解 ❌
  🔄 顳顎關節卡住的真正原因！｜功操大全 ❌
  📊 Dr.HuangAmin: 0✅ 15❌
  📊 總計: 成功:0 失敗:15

============================================================
✅ 完成! 時間: 10:23:25
============================================================
>>> Round done at Fri Mar 27 10:23:25 CST 2026. last_channel_index=3
============================================================
🚀 知識庫爬蟲（kd subtitles 專用）- 10:23:28
============================================================

📺 [4/9] 周慕姿放心說
  🔄 你不是廢，是太焦慮！撕下懶惰標籤，接住卡住的自己｜Ft.李東... ❌
  📊 周慕姿放心說: 0✅ 1❌
  📊 總計: 成功:0 失敗:1

============================================================
✅ 完成! 時間: 10:23:49
============================================================
>>> Round done at Fri Mar 27 10:23:49 CST 2026. last_channel_index=4
============================================================
🚀 知識庫爬蟲（kd subtitles 專用）- 10:23:52
============================================================

📺 [5/9] 松明讲心理
  🔄 Depression is a slow betrayal ... ❌
  🔄 愛操心的人，其實最孤單！#人生 #心理學 #煩惱 #認知 #... ❌
  🔄 Learn to make choices so your ... ❌
  🔄 看清選擇背後的三大陷阱，做出更清晰的人生決策！#朋友 #人際... ❌
  🔄 The power of choice: Living yo... ❌
  🔄 Long-distance relationships ar... ❌
  🔄 內心強大到可怕的10種心境！#人生 #心理學 #煩惱 #認知... ❌
  🔄 當恨佔滿了心，親密就進不來！#情感 #愛情 #戀愛 #離婚 ... ❌
  🔄 3句話學會放下執著、停止內耗，走向內在的力量！#人生 #心理... ❌
  🔄 原諒出軌，是救贖還是折磨？#情感 #愛情 #戀愛 #離婚  ... ❌
  🔄 女人最該守住的三重分寸感！#情感 #愛情 #戀愛 #離婚  ... ❌
  🔄 Whether your employees are wor... ❌
  🔄 苦難生智慧「物極必反」的哲學！#人生 #心理學 #煩惱 #認... ❌
  🔄 Four ways to quickly improve y... ❌
  🔄 如何挽救孩子的躺平和厭學？#松明  #煩惱 #親子 #婚姻 ... ❌
  📊 松明讲心理: 0✅ 15❌
  📊 總計: 成功:0 失敗:15

============================================================
✅ 完成! 時間: 10:25:55
============================================================
>>> Round done at Fri Mar 27 10:25:55 CST 2026. last_channel_index=5
============================================================
🚀 知識庫爬蟲（kd subtitles 專用）- 10:25:58
============================================================

📺 [6/9] 超真實商談
  ✅ 無新影片

📺 [7/9] Cofit211
  🔄 【頻道會員專屬】腦科學權威：你擁有「重塑大腦」的能力，人生隨... ❌
  🔄 這動作能緩解腰痠背痛？科學實證：真的有用｜初日診所 魏士航醫... ❌
  🔄 [Channel Member Exclusive] Inv... ❌
  🔄 [Channel Member Exclusive] Sta... ❌
  📊 Cofit211: 0✅ 4❌
  📊 總計: 成功:0 失敗:4

============================================================
✅ 完成! 時間: 10:26:38
============================================================
>>> Round done at Fri Mar 27 10:26:38 CST 2026. last_channel_index=7
============================================================
🚀 知識庫爬蟲（kd subtitles 專用）- 10:26:41
============================================================

📺 [8/9] 泛科學
  ✅ 無新影片

📺 [9/9] 泛科學院
  🔄 公開Gemini 3.1 Pro 六大功能！不是工程師也能寫... ❌
  🔄 [2026 Best AI Subscription Gui... ❌
  🔄 Stop using AI to copy and past... ❌
  🔄 [AI Teaching Notes | YouTube C... ❌
  📊 泛科學院: 0✅ 4❌
  📊 總計: 成功:0 失敗:4

============================================================
✅ 完成! 時間: 10:27:26
============================================================
>>> Round done at Fri Mar 27 10:27:27 CST 2026. last_channel_index=0
============================================================
🚀 知識庫爬蟲（kd subtitles 專用）- 10:27:30
============================================================

📺 [1/9] 胡乃文开播
  🔄 她雙腿癢2個月竟是肝出大問題！換季皮膚就癢癢，按2大穴止癢，... ❌
  🔄 不讓醫師演戲真的太可惜！喝這1杯花茶，血壓穩下來，眼睛不花了... ❌
  🔄 血壓總是早上5點-8點高，吃降血壓藥也不管用怎麼辦？｜胡乃文... ❌
  🔄 💖粉絲問什麼？胡太太逗趣提問，胡醫師親解答！胡乃文開講會員專... ❌
  🔄 {沒看到太可惜！醫師爆笑模仿蔣部長，全場笑翻｜胡乃文開講會員... ❌
  🔄 { 會員Q&A } 急救時先別亂按！極泉穴、人中穴，其實很多... ❌
  🔄 關於食用油對膽結石和便秘的問題｜胡乃文開講會員專屬7 ❌
  🔄 翻轉糖尿病迷思！為什麼糖尿病反而要吃米飯才會好！3個簡單運動... ❌
  📊 胡乃文开播: 0✅ 8❌
  📊 總計: 成功:0 失敗:8

============================================================
✅ 完成! 時間: 10:28:40
============================================================
>>> Round done at Fri Mar 27 10:28:41 CST 2026. last_channel_index=1
============================================================
🚀 知識庫爬蟲（kd subtitles 專用）- 10:28:44
============================================================

📺 [2/9] 柏格醫生中文
  🔄 佛羅里達新法案威脅言論自由？批評糖與農藥恐被告，食品誹謗法大... ❌
  🔄 清血管這樣吃就對了！逆轉三高、改善心臟病、糖尿病、慢性腎臟病... ❌
  🔄 如何永久遠離癌症？柏格醫生破解「癌細胞」弱點，30招從根本打... ❌
  🔄 頭前傾2.5公分加重4.5公斤！柏格醫生教你每晚幾分鐘快速矯... ❌
  🔄 麵包真正毒物不是麩質！血糖暴衝、胰島素阻抗元兇曝光，戒掉後該... ❌
  🔄 養成這7個習慣，胰島素直降、脂肪狂燒！不餓不節食，輕鬆達到最... ❌
  📊 柏格醫生中文: 0✅ 6❌
  📊 總計: 成功:0 失敗:6

============================================================
✅ 完成! 時間: 10:30:02
============================================================
>>> Round done at Fri Mar 27 10:30:02 CST 2026. last_channel_index=2
============================================================
🚀 知識庫爬蟲（kd subtitles 專用）- 10:30:05
============================================================

📺 [3/9] Dr.HuangAmin
  🔄 睡覺狂打呼，口腔肌少症找上門！教你練舌肌力！feat.黃斌洋... ❌
  🔄 你靠吃「某些食物」才想大便，不正常！？必吃3種食物養腸道！｜... ❌
  🔄 手抬不起來，竟跟腸胃有關？內臟卡卡，手也會被扯住！｜功操大全 ❌
  🔄 轉頭就痛！頸因性頭痛，真正的原因在手部！？｜功操大全 ❌
  🔄 骨盆前傾一招練回正臀！檢測你有沒有假翹臀！｜功操大全 ❌
  🔄 你的身體會替情緒說話？什麼是身心學？feat.趙耕樂身心療癒... ❌
  🔄 別再硬按！淋巴塞，痠痛來！帶你一起疏通淋巴｜功操大全 ❌
  🔄 烏龜頸，脖子前傾的真相！搞錯原因復健還是凸！｜功操大全 ❌
  🔄 床墊、枕頭選錯你就痛！睡姿問題一次解！｜功操大全 ❌
  🔄 常常聳肩！你的腸胃、鎖骨卡住肩！｜迷思破解 ❌
  🔄 身體失調！月經亂、變胖竟是身體太冷！？feat.內科李琪醫師... ❌
  🔄 膝蓋痛，關鍵在骨盆、腳底的影響！｜迷思破解 ❌
  🔄 圓肩，全因你手指沒力氣？｜迷思破解 ❌
  🔄 消水腫！先清除體內垃圾｜迷思破解 ❌
  🔄 顳顎關節卡住的真正原因！｜功操大全 ❌
  📊 Dr.HuangAmin: 0✅ 15❌
  📊 總計: 成功:0 失敗:15

============================================================
✅ 完成! 時間: 10:32:20
============================================================
>>> Round done at Fri Mar 27 10:32:20 CST 2026. last_channel_index=3
============================================================
🚀 知識庫爬蟲（kd subtitles 專用）- 10:32:24
============================================================

📺 [4/9] 周慕姿放心說
  🔄 你不是廢，是太焦慮！撕下懶惰標籤，接住卡住的自己｜Ft.李東... ❌
  📊 周慕姿放心說: 0✅ 1❌
  📊 總計: 成功:0 失敗:1

============================================================
✅ 完成! 時間: 10:32:48
============================================================
>>> Round done at Fri Mar 27 10:32:48 CST 2026. last_channel_index=4
============================================================
🚀 知識庫爬蟲（kd subtitles 專用）- 10:32:51
============================================================

📺 [5/9] 松明讲心理
  🔄 Depression is a slow betrayal ... ❌
  🔄 愛操心的人，其實最孤單！#人生 #心理學 #煩惱 #認知 #... ❌
  🔄 Learn to make choices so your ... ❌
  🔄 看清選擇背後的三大陷阱，做出更清晰的人生決策！#朋友 #人際... ❌
  🔄 The power of choice: Living yo... ❌
  🔄 Long-distance relationships ar... ❌
  🔄 內心強大到可怕的10種心境！#人生 #心理學 #煩惱 #認知... ❌
  🔄 當恨佔滿了心，親密就進不來！#情感 #愛情 #戀愛 #離婚 ... ❌
  🔄 3句話學會放下執著、停止內耗，走向內在的力量！#人生 #心理... ❌
  🔄 原諒出軌，是救贖還是折磨？#情感 #愛情 #戀愛 #離婚  ... ❌
  🔄 女人最該守住的三重分寸感！#情感 #愛情 #戀愛 #離婚  ... ❌
  🔄 Whether your employees are wor... ❌
  🔄 苦難生智慧「物極必反」的哲學！#人生 #心理學 #煩惱 #認... ❌
  🔄 Four ways to quickly improve y... ❌
  🔄 如何挽救孩子的躺平和厭學？#松明  #煩惱 #親子 #婚姻 ... ❌
  📊 松明讲心理: 0✅ 15❌
  📊 總計: 成功:0 失敗:15

============================================================
✅ 完成! 時間: 10:35:04
============================================================
>>> Round done at Fri Mar 27 10:35:04 CST 2026. last_channel_index=5
============================================================
🚀 知識庫爬蟲（kd subtitles 專用）- 10:35:07
============================================================

📺 [6/9] 超真實商談
  ✅ 無新影片

📺 [7/9] Cofit211
  🔄 【頻道會員專屬】腦科學權威：你擁有「重塑大腦」的能力，人生隨... ❌
  🔄 這動作能緩解腰痠背痛？科學實證：真的有用｜初日診所 魏士航醫... ❌
  🔄 [Channel Member Exclusive] Inv... ❌
  🔄 [Channel Member Exclusive] Sta... ❌
  📊 Cofit211: 0✅ 4❌
  📊 總計: 成功:0 失敗:4

============================================================
✅ 完成! 時間: 10:35:47
============================================================
>>> Round done at Fri Mar 27 10:35:47 CST 2026. last_channel_index=7
============================================================
🚀 知識庫爬蟲（kd subtitles 專用）- 10:35:50
============================================================

📺 [8/9] 泛科學
  ✅ 無新影片

📺 [9/9] 泛科學院
  🔄 公開Gemini 3.1 Pro 六大功能！不是工程師也能寫... ❌
  🔄 [2026 Best AI Subscription Gui... ❌
  🔄 Stop using AI to copy and past... ❌
  🔄 [AI Teaching Notes | YouTube C... ❌
  📊 泛科學院: 0✅ 4❌
  📊 總計: 成功:0 失敗:4

============================================================
✅ 完成! 時間: 10:36:36
============================================================
>>> Round done at Fri Mar 27 10:36:36 CST 2026. last_channel_index=0
============================================================
🚀 知識庫爬蟲（kd subtitles 專用）- 10:36:39
============================================================

📺 [1/9] 胡乃文开播
  🔄 地瓜葉菊花茶讓濕疹好得快，但你吃對了嗎？她雙腿癢2個月竟是肝... ❌
  🔄 不讓醫師演戲真的太可惜！喝這1杯花茶，血壓穩下來，眼睛不花了... ❌
  🔄 血壓總是早上5點-8點高，吃降血壓藥也不管用怎麼辦？｜胡乃文... ❌
  🔄 💖粉絲問什麼？胡太太逗趣提問，胡醫師親解答！胡乃文開講會員專... ❌
  🔄 {沒看到太可惜！醫師爆笑模仿蔣部長，全場笑翻｜胡乃文開講會員... ❌
  🔄 { 會員Q&A } 急救時先別亂按！極泉穴、人中穴，其實很多... ❌
  🔄 關於食用油對膽結石和便秘的問題｜胡乃文開講會員專屬7 ❌
  🔄 翻轉糖尿病迷思！為什麼糖尿病反而要吃米飯才會好！3個簡單運動... ❌
  📊 胡乃文开播: 0✅ 8❌
  📊 總計: 成功:0 失敗:8

============================================================
✅ 完成! 時間: 10:37:50
============================================================
>>> Round done at Fri Mar 27 10:37:51 CST 2026. last_channel_index=1
============================================================
🚀 知識庫爬蟲（kd subtitles 專用）- 10:37:54
============================================================

📺 [2/9] 柏格醫生中文
  🔄 佛羅里達新法案威脅言論自由？批評糖與農藥恐被告，食品誹謗法大... ❌
  🔄 清血管這樣吃就對了！逆轉三高、改善心臟病、糖尿病、慢性腎臟病... ❌
  🔄 【柏格醫生】癌症研究70年都錯了？揭開致癌真相與30個科學防... ❌
  🔄 頭前傾2.5公分加重4.5公斤！柏格醫生教你每晚幾分鐘快速矯... ❌
  🔄 麵包真正毒物不是麩質！血糖暴衝、胰島素阻抗元兇曝光，戒掉後該... ❌
  🔄 養成這7個習慣，胰島素直降、脂肪狂燒！不餓不節食，輕鬆達到最... ❌
  📊 柏格醫生中文: 0✅ 6❌
  📊 總計: 成功:0 失敗:6

============================================================
✅ 完成! 時間: 10:39:07
============================================================
>>> Round done at Fri Mar 27 10:39:07 CST 2026. last_channel_index=2
============================================================
🚀 知識庫爬蟲（kd subtitles 專用）- 10:39:10
============================================================

📺 [3/9] Dr.HuangAmin
  🔄 睡覺狂打呼，口腔肌少症找上門！教你練舌肌力！feat.黃斌洋... ❌
  🔄 你靠吃「某些食物」才想大便，不正常！？必吃3種食物養腸道！｜... ❌
  🔄 手抬不起來，竟跟腸胃有關？內臟卡卡，手也會被扯住！｜功操大全 ❌
  🔄 轉頭就痛！頸因性頭痛，真正的原因在手部！？｜功操大全 ❌
  🔄 骨盆前傾一招練回正臀！檢測你有沒有假翹臀！｜功操大全 ❌
  🔄 你的身體會替情緒說話？什麼是身心學？feat.趙耕樂身心療癒... ❌
  🔄 別再硬按！淋巴塞，痠痛來！帶你一起疏通淋巴｜功操大全 ❌
  🔄 烏龜頸，脖子前傾的真相！搞錯原因復健還是凸！｜功操大全 ❌
  🔄 床墊、枕頭選錯你就痛！睡姿問題一次解！｜功操大全 ❌
  🔄 常常聳肩！你的腸胃、鎖骨卡住肩！｜迷思破解 ❌
  🔄 身體失調！月經亂、變胖竟是身體太冷！？feat.內科李琪醫師... ❌
  🔄 膝蓋痛，關鍵在骨盆、腳底的影響！｜迷思破解 ❌
  🔄 圓肩，全因你手指沒力氣？｜迷思破解 ❌
  🔄 消水腫！先清除體內垃圾｜迷思破解 ❌
  🔄 顳顎關節卡住的真正原因！｜功操大全 ❌
  📊 Dr.HuangAmin: 0✅ 15❌
  📊 總計: 成功:0 失敗:15

============================================================
✅ 完成! 時間: 10:41:26
============================================================
>>> Round done at Fri Mar 27 10:41:26 CST 2026. last_channel_index=3
============================================================
🚀 知識庫爬蟲（kd subtitles 專用）- 10:41:29
============================================================

📺 [4/9] 周慕姿放心說
  🔄 你不是廢，是太焦慮！撕下懶惰標籤，接住卡住的自己｜Ft.李東... ❌
  📊 周慕姿放心說: 0✅ 1❌
  📊 總計: 成功:0 失敗:1

============================================================
✅ 完成! 時間: 10:41:51
============================================================
>>> Round done at Fri Mar 27 10:41:51 CST 2026. last_channel_index=4
============================================================
🚀 知識庫爬蟲（kd subtitles 專用）- 10:41:54
============================================================

📺 [5/9] 松明讲心理
  🔄 Depression is a slow betrayal ... ❌
  🔄 愛操心的人，其實最孤單！#人生 #心理學 #煩惱 #認知 #... ❌
  🔄 Learn to make choices so your ... ❌
  🔄 看清選擇背後的三大陷阱，做出更清晰的人生決策！#朋友 #人際... ❌
  🔄 The power of choice: Living yo... ❌
  🔄 Long-distance relationships ar... ❌
  🔄 內心強大到可怕的10種心境！#人生 #心理學 #煩惱 #認知... ❌
  🔄 當恨佔滿了心，親密就進不來！#情感 #愛情 #戀愛 #離婚 ... ❌
  🔄 3句話學會放下執著、停止內耗，走向內在的力量！#人生 #心理... ❌
  🔄 原諒出軌，是救贖還是折磨？#情感 #愛情 #戀愛 #離婚  ... ❌
  🔄 女人最該守住的三重分寸感！#情感 #愛情 #戀愛 #離婚  ... ❌
  🔄 Whether your employees are wor... ❌
  🔄 苦難生智慧「物極必反」的哲學！#人生 #心理學 #煩惱 #認... ❌
  🔄 Four ways to quickly improve y... ❌
  🔄 如何挽救孩子的躺平和厭學？#松明  #煩惱 #親子 #婚姻 ... ❌
  📊 松明讲心理: 0✅ 15❌
  📊 總計: 成功:0 失敗:15

============================================================
✅ 完成! 時間: 10:44:00
============================================================
>>> Round done at Fri Mar 27 10:44:00 CST 2026. last_channel_index=5
============================================================
🚀 知識庫爬蟲（kd subtitles 專用）- 10:44:03
============================================================

📺 [6/9] 超真實商談
  ✅ 無新影片

📺 [7/9] Cofit211
  🔄 【頻道會員專屬】腦科學權威：你擁有「重塑大腦」的能力，人生隨... ❌
  🔄 這動作能緩解腰痠背痛？科學實證：真的有用｜初日診所 魏士航醫... ❌
  🔄 [Channel Member Exclusive] Inv... ❌
  🔄 [Channel Member Exclusive] Sta... ❌
  📊 Cofit211: 0✅ 4❌
  📊 總計: 成功:0 失敗:4

============================================================
✅ 完成! 時間: 10:44:42
============================================================
>>> Round done at Fri Mar 27 10:44:42 CST 2026. last_channel_index=7
============================================================
🚀 知識庫爬蟲（kd subtitles 專用）- 10:44:45
============================================================

📺 [8/9] 泛科學
  ✅ 無新影片

📺 [9/9] 泛科學院
  🔄 公開Gemini 3.1 Pro 六大功能！不是工程師也能寫... ❌
  🔄 [2026 Best AI Subscription Gui... ❌
  🔄 Stop using AI to copy and past... ❌
  🔄 [AI Teaching Notes | YouTube C... ❌
  📊 泛科學院: 0✅ 4❌
  📊 總計: 成功:0 失敗:4

============================================================
✅ 完成! 時間: 10:45:32
============================================================
>>> Round done at Fri Mar 27 10:45:32 CST 2026. last_channel_index=0
============================================================
🚀 知識庫爬蟲（kd subtitles 專用）- 10:45:35
============================================================

📺 [1/9] 胡乃文开播
  🔄 注意！她癢2個月查出是肝癌！春季濕疹大爆發，按2穴止癢，戒3... ❌
  🔄 不讓醫師演戲真的太可惜！喝這1杯花茶，血壓穩下來，眼睛不花了... ❌
  🔄 血壓總是早上5點-8點高，吃降血壓藥也不管用怎麼辦？｜胡乃文... ❌
  🔄 💖粉絲問什麼？胡太太逗趣提問，胡醫師親解答！胡乃文開講會員專... ❌
  🔄 {沒看到太可惜！醫師爆笑模仿蔣部長，全場笑翻｜胡乃文開講會員... ❌
  🔄 { 會員Q&A } 急救時先別亂按！極泉穴、人中穴，其實很多... ❌
  🔄 關於食用油對膽結石和便秘的問題｜胡乃文開講會員專屬7 ❌
  🔄 翻轉糖尿病迷思！為什麼糖尿病反而要吃米飯才會好！3個簡單運動... ❌
  📊 胡乃文开播: 0✅ 8❌
  📊 總計: 成功:0 失敗:8

============================================================
✅ 完成! 時間: 10:46:46
============================================================
>>> Round done at Fri Mar 27 10:46:46 CST 2026. last_channel_index=1
============================================================
🚀 知識庫爬蟲（kd subtitles 專用）- 10:46:49
============================================================

📺 [2/9] 柏格醫生中文
  🔄 佛羅里達新法案威脅言論自由？批評糖與農藥恐被告，食品誹謗法大... ❌
  🔄 清血管這樣吃就對了！逆轉三高、改善心臟病、糖尿病、慢性腎臟病... ❌
  🔄 癌症根本不是基因突變！柏格醫生：只要做對這30件事，從「粒線... ❌
  🔄 頭前傾2.5公分加重4.5公斤！柏格醫生教你每晚幾分鐘快速矯... ❌
  🔄 麵包真正毒物不是麩質！血糖暴衝、胰島素阻抗元兇曝光，戒掉後該... ❌
  🔄 養成這7個習慣，胰島素直降、脂肪狂燒！不餓不節食，輕鬆達到最... ❌
  📊 柏格醫生中文: 0✅ 6❌
  📊 總計: 成功:0 失敗:6

============================================================
✅ 完成! 時間: 10:48:05
============================================================
>>> Round done at Fri Mar 27 10:48:05 CST 2026. last_channel_index=2
============================================================
🚀 知識庫爬蟲（kd subtitles 專用）- 10:48:09
============================================================

📺 [3/9] Dr.HuangAmin
  🔄 睡覺狂打呼，口腔肌少症找上門！教你練舌肌力！feat.黃斌洋... ❌
  🔄 你靠吃「某些食物」才想大便，不正常！？必吃3種食物養腸道！｜... ❌
  🔄 手抬不起來，竟跟腸胃有關？內臟卡卡，手也會被扯住！｜功操大全 ❌
  🔄 轉頭就痛！頸因性頭痛，真正的原因在手部！？｜功操大全 ❌
  🔄 骨盆前傾一招練回正臀！檢測你有沒有假翹臀！｜功操大全 ❌
  🔄 你的身體會替情緒說話？什麼是身心學？feat.趙耕樂身心療癒... ❌
  🔄 別再硬按！淋巴塞，痠痛來！帶你一起疏通淋巴｜功操大全 ❌
  🔄 烏龜頸，脖子前傾的真相！搞錯原因復健還是凸！｜功操大全 ❌
  🔄 床墊、枕頭選錯你就痛！睡姿問題一次解！｜功操大全 ❌
  🔄 常常聳肩！你的腸胃、鎖骨卡住肩！｜迷思破解 ❌
  🔄 身體失調！月經亂、變胖竟是身體太冷！？feat.內科李琪醫師... ❌
  🔄 膝蓋痛，關鍵在骨盆、腳底的影響！｜迷思破解 ❌
  🔄 圓肩，全因你手指沒力氣？｜迷思破解 ❌
  🔄 消水腫！先清除體內垃圾｜迷思破解 ❌
  🔄 顳顎關節卡住的真正原因！｜功操大全 ❌
  📊 Dr.HuangAmin: 0✅ 15❌
  📊 總計: 成功:0 失敗:15

============================================================
✅ 完成! 時間: 10:50:28
============================================================
>>> Round done at Fri Mar 27 10:50:28 CST 2026. last_channel_index=3
============================================================
🚀 知識庫爬蟲（kd subtitles 專用）- 10:50:31
============================================================

📺 [4/9] 周慕姿放心說
  🔄 你不是廢，是太焦慮！撕下懶惰標籤，接住卡住的自己｜Ft.李東... ❌
  📊 周慕姿放心說: 0✅ 1❌
  📊 總計: 成功:0 失敗:1

============================================================
✅ 完成! 時間: 10:50:53
============================================================
>>> Round done at Fri Mar 27 10:50:53 CST 2026. last_channel_index=4
============================================================
🚀 知識庫爬蟲（kd subtitles 專用）- 10:50:56
============================================================

📺 [5/9] 松明讲心理
  🔄 Depression is a slow betrayal ... ❌
  🔄 愛操心的人，其實最孤單！#人生 #心理學 #煩惱 #認知 #... ❌
  🔄 Learn to make choices so your ... ❌
  🔄 看清選擇背後的三大陷阱，做出更清晰的人生決策！#朋友 #人際... ❌
  🔄 The power of choice: Living yo... ❌
  🔄 Long-distance relationships ar... ❌
  🔄 內心強大到可怕的10種心境！#人生 #心理學 #煩惱 #認知... ❌
  🔄 當恨佔滿了心，親密就進不來！#情感 #愛情 #戀愛 #離婚 ... ❌
  🔄 3句話學會放下執著、停止內耗，走向內在的力量！#人生 #心理... ❌
  🔄 原諒出軌，是救贖還是折磨？#情感 #愛情 #戀愛 #離婚  ... ❌
  🔄 女人最該守住的三重分寸感！#情感 #愛情 #戀愛 #離婚  ... ❌
  🔄 Whether your employees are wor... ❌
  🔄 苦難生智慧「物極必反」的哲學！#人生 #心理學 #煩惱 #認... ❌
  🔄 Four ways to quickly improve y... ❌
  🔄 如何挽救孩子的躺平和厭學？#松明  #煩惱 #親子 #婚姻 ... ❌
  📊 松明讲心理: 0✅ 15❌
  📊 總計: 成功:0 失敗:15

============================================================
✅ 完成! 時間: 10:52:56
============================================================
>>> Round done at Fri Mar 27 10:52:56 CST 2026. last_channel_index=5
============================================================
🚀 知識庫爬蟲（kd subtitles 專用）- 10:52:59
============================================================

📺 [6/9] 超真實商談
  ✅ 無新影片

📺 [7/9] Cofit211
  🔄 【頻道會員專屬】腦科學權威：你擁有「重塑大腦」的能力，人生隨... ❌
  🔄 這動作能緩解腰痠背痛？科學實證：真的有用｜初日診所 魏士航醫... ❌
  🔄 [Channel Member Exclusive] Inv... ❌
  🔄 [Channel Member Exclusive] Sta... ❌
  📊 Cofit211: 0✅ 4❌
  📊 總計: 成功:0 失敗:4

============================================================
✅ 完成! 時間: 10:53:39
============================================================
>>> Round done at Fri Mar 27 10:53:39 CST 2026. last_channel_index=7
============================================================
🚀 知識庫爬蟲（kd subtitles 專用）- 10:53:43
============================================================

📺 [8/9] 泛科學
  ✅ 無新影片

📺 [9/9] 泛科學院
  🔄 公開Gemini 3.1 Pro 六大功能！不是工程師也能寫... ❌
  🔄 [2026 Best AI Subscription Gui... ❌
  🔄 Stop using AI to copy and past... ❌
  🔄 [AI Teaching Notes | YouTube C... ❌
  📊 泛科學院: 0✅ 4❌
  📊 總計: 成功:0 失敗:4

============================================================
✅ 完成! 時間: 10:54:28
============================================================
>>> Round done at Fri Mar 27 10:54:28 CST 2026. last_channel_index=0
============================================================
🚀 知識庫爬蟲（kd subtitles 專用）- 10:54:31
============================================================

📺 [1/9] 胡乃文开播
  🔄 注意！她癢2個月查出是肝癌！春季濕疹大爆發，按2穴止癢，戒3... ❌
  🔄 不讓醫師演戲真的太可惜！喝這1杯花茶，血壓穩下來，眼睛不花了... ❌
  🔄 血壓總是早上5點-8點高，吃降血壓藥也不管用怎麼辦？｜胡乃文... ❌
  🔄 💖粉絲問什麼？胡太太逗趣提問，胡醫師親解答！胡乃文開講會員專... ❌
  🔄 {沒看到太可惜！醫師爆笑模仿蔣部長，全場笑翻｜胡乃文開講會員... ❌
  🔄 { 會員Q&A } 急救時先別亂按！極泉穴、人中穴，其實很多... ❌
  🔄 關於食用油對膽結石和便秘的問題｜胡乃文開講會員專屬7 ❌
  🔄 翻轉糖尿病迷思！為什麼糖尿病反而要吃米飯才會好！3個簡單運動... ❌
  📊 胡乃文开播: 0✅ 8❌
  📊 總計: 成功:0 失敗:8

============================================================
✅ 完成! 時間: 10:55:41
============================================================
>>> Round done at Fri Mar 27 10:55:41 CST 2026. last_channel_index=1
============================================================
🚀 知識庫爬蟲（kd subtitles 專用）- 10:55:44
============================================================

📺 [2/9] 柏格醫生中文
  🔄 佛羅里達新法案威脅言論自由？批評糖與農藥恐被告，食品誹謗法大... ❌
  🔄 清血管這樣吃就對了！逆轉三高、改善心臟病、糖尿病、慢性腎臟病... ❌
  🔄 【柏格醫生】癌症研究70年都錯了？揭開致癌真相與30個科學防... ❌
  🔄 頭前傾2.5公分加重4.5公斤！柏格醫生教你每晚幾分鐘快速矯... ❌
  🔄 別再吃麵包了！就算0糖也比砂糖更害血糖飆升，無麩質、全麥全是... ❌
  🔄 養成這7個習慣，胰島素直降、脂肪狂燒！不餓不節食，輕鬆達到最... ❌
  📊 柏格醫生中文: 0✅ 6❌
  📊 總計: 成功:0 失敗:6

============================================================
✅ 完成! 時間: 10:57:01
============================================================
>>> Round done at Fri Mar 27 10:57:01 CST 2026. last_channel_index=2
============================================================
🚀 知識庫爬蟲（kd subtitles 專用）- 10:57:04
============================================================

📺 [3/9] Dr.HuangAmin
  🔄 睡覺狂打呼，口腔肌少症找上門！教你練舌肌力！feat.黃斌洋... ❌
  🔄 你靠吃「某些食物」才想大便，不正常！？必吃3種食物養腸道！｜... ❌
  🔄 手抬不起來，竟跟腸胃有關？內臟卡卡，手也會被扯住！｜功操大全 ❌
  🔄 轉頭就痛！頸因性頭痛，真正的原因在手部！？｜功操大全 ❌
  🔄 骨盆前傾一招練回正臀！檢測你有沒有假翹臀！｜功操大全 ❌
  🔄 你的身體會替情緒說話？什麼是身心學？feat.趙耕樂身心療癒... ❌
  🔄 別再硬按！淋巴塞，痠痛來！帶你一起疏通淋巴｜功操大全 ❌
  🔄 烏龜頸，脖子前傾的真相！搞錯原因復健還是凸！｜功操大全 ❌
  🔄 床墊、枕頭選錯你就痛！睡姿問題一次解！｜功操大全 ❌
  🔄 常常聳肩！你的腸胃、鎖骨卡住肩！｜迷思破解 ❌
  🔄 身體失調！月經亂、變胖竟是身體太冷！？feat.內科李琪醫師... ❌
  🔄 膝蓋痛，關鍵在骨盆、腳底的影響！｜迷思破解 ❌
  🔄 圓肩，全因你手指沒力氣？｜迷思破解 ❌
  🔄 消水腫！先清除體內垃圾｜迷思破解 ❌
  🔄 顳顎關節卡住的真正原因！｜功操大全 ❌
  📊 Dr.HuangAmin: 0✅ 15❌
  📊 總計: 成功:0 失敗:15

============================================================
✅ 完成! 時間: 10:59:24
============================================================
>>> Round done at Fri Mar 27 10:59:24 CST 2026. last_channel_index=3
============================================================
🚀 知識庫爬蟲（kd subtitles 專用）- 10:59:27
============================================================

📺 [4/9] 周慕姿放心說
  🔄 你不是廢，是太焦慮！撕下懶惰標籤，接住卡住的自己｜Ft.李東... ❌
  📊 周慕姿放心說: 0✅ 1❌
  📊 總計: 成功:0 失敗:1

============================================================
✅ 完成! 時間: 10:59:52
============================================================
>>> Round done at Fri Mar 27 10:59:52 CST 2026. last_channel_index=4
============================================================
🚀 知識庫爬蟲（kd subtitles 專用）- 10:59:55
============================================================

📺 [5/9] 松明讲心理
  🔄 Depression is a slow betrayal ... ❌
  🔄 愛操心的人，其實最孤單！#人生 #心理學 #煩惱 #認知 #... ❌
  🔄 Learn to make choices so your ... ❌
  🔄 看清選擇背後的三大陷阱，做出更清晰的人生決策！#朋友 #人際... ❌
  🔄 The power of choice: Living yo... ❌
  🔄 Long-distance relationships ar... ❌
  🔄 內心強大到可怕的10種心境！#人生 #心理學 #煩惱 #認知... ❌
  🔄 當恨佔滿了心，親密就進不來！#情感 #愛情 #戀愛 #離婚 ... ❌
  🔄 3句話學會放下執著、停止內耗，走向內在的力量！#人生 #心理... ❌
  🔄 原諒出軌，是救贖還是折磨？#情感 #愛情 #戀愛 #離婚  ... ❌
  🔄 女人最該守住的三重分寸感！#情感 #愛情 #戀愛 #離婚  ... ❌
  🔄 Whether your employees are wor... ❌
  🔄 苦難生智慧「物極必反」的哲學！#人生 #心理學 #煩惱 #認... ❌
  🔄 Four ways to quickly improve y... ❌
  🔄 如何挽救孩子的躺平和厭學？#松明  #煩惱 #親子 #婚姻 ... ❌
  📊 松明讲心理: 0✅ 15❌
  📊 總計: 成功:0 失敗:15

============================================================
✅ 完成! 時間: 11:02:04
============================================================
>>> Round done at Fri Mar 27 11:02:04 CST 2026. last_channel_index=5
============================================================
🚀 知識庫爬蟲（kd subtitles 專用）- 11:02:07
============================================================

📺 [6/9] 超真實商談
  ✅ 無新影片

📺 [7/9] Cofit211
  🔄 【頻道會員專屬】腦科學權威：你擁有「重塑大腦」的能力，人生隨... ❌
  🔄 這動作能緩解腰痠背痛？科學實證：真的有用｜初日診所 魏士航醫... ❌
  🔄 [Channel Member Exclusive] Inv... ❌
  🔄 [Channel Member Exclusive] Sta... ❌
  📊 Cofit211: 0✅ 4❌
  📊 總計: 成功:0 失敗:4

============================================================
✅ 完成! 時間: 11:02:47
============================================================
>>> Round done at Fri Mar 27 11:02:47 CST 2026. last_channel_index=7
============================================================
🚀 知識庫爬蟲（kd subtitles 專用）- 11:02:50
============================================================

📺 [8/9] 泛科學
  ✅ 無新影片

📺 [9/9] 泛科學院
  🔄 公開Gemini 3.1 Pro 六大功能！不是工程師也能寫... ❌
  🔄 [2026 Best AI Subscription Gui... ❌
  🔄 Stop using AI to copy and past... ❌
  🔄 [AI Teaching Notes | YouTube C... ❌
  📊 泛科學院: 0✅ 4❌
  📊 總計: 成功:0 失敗:4

============================================================
✅ 完成! 時間: 11:03:33
============================================================
>>> Round done at Fri Mar 27 11:03:33 CST 2026. last_channel_index=0
============================================================
🚀 知識庫爬蟲（kd subtitles 專用）- 11:03:36
============================================================

📺 [1/9] 胡乃文开播
  🔄 她雙腿癢2個月竟是肝出大問題！換季皮膚就癢癢，按2大穴止癢，... ❌
  🔄 不讓醫師演戲真的太可惜！喝這1杯花茶，血壓穩下來，眼睛不花了... ❌
  🔄 血壓總是早上5點-8點高，吃降血壓藥也不管用怎麼辦？｜胡乃文... ❌
  🔄 💖粉絲問什麼？胡太太逗趣提問，胡醫師親解答！胡乃文開講會員專... ❌
  🔄 {沒看到太可惜！醫師爆笑模仿蔣部長，全場笑翻｜胡乃文開講會員... ❌
  🔄 { 會員Q&A } 急救時先別亂按！極泉穴、人中穴，其實很多... ❌
  🔄 關於食用油對膽結石和便秘的問題｜胡乃文開講會員專屬7 ❌
  🔄 翻轉糖尿病迷思！為什麼糖尿病反而要吃米飯才會好！3個簡單運動... ❌
  📊 胡乃文开播: 0✅ 8❌
  📊 總計: 成功:0 失敗:8

============================================================
✅ 完成! 時間: 11:04:44
============================================================
>>> Round done at Fri Mar 27 11:04:44 CST 2026. last_channel_index=1
============================================================
🚀 知識庫爬蟲（kd subtitles 專用）- 11:04:47
============================================================

📺 [2/9] 柏格醫生中文
  🔄 佛羅里達新法案威脅言論自由？批評糖與農藥恐被告，食品誹謗法大... ❌
  🔄 清血管這樣吃就對了！逆轉三高、改善心臟病、糖尿病、慢性腎臟病... ❌
  🔄 【柏格醫生】癌症研究70年都錯了？揭開致癌真相與30個科學防... ❌
  🔄 頭前傾2.5公分加重4.5公斤！柏格醫生教你每晚幾分鐘快速矯... ❌
  🔄 別再吃麵包了！就算0糖也比砂糖更害血糖飆升，無麩質、全麥全是... ❌
  🔄 養成這7個習慣，胰島素直降、脂肪狂燒！不餓不節食，輕鬆達到最... ❌
  📊 柏格醫生中文: 0✅ 6❌
  📊 總計: 成功:0 失敗:6

============================================================
✅ 完成! 時間: 11:06:08
============================================================
>>> Round done at Fri Mar 27 11:06:08 CST 2026. last_channel_index=2
============================================================
🚀 知識庫爬蟲（kd subtitles 專用）- 11:06:11
============================================================

📺 [3/9] Dr.HuangAmin
  🔄 睡覺狂打呼，口腔肌少症找上門！教你練舌肌力！feat.黃斌洋... ❌
  🔄 你靠吃「某些食物」才想大便，不正常！？必吃3種食物養腸道！｜... ❌
  🔄 手抬不起來，竟跟腸胃有關？內臟卡卡，手也會被扯住！｜功操大全 ❌
  🔄 轉頭就痛！頸因性頭痛，真正的原因在手部！？｜功操大全 ❌
  🔄 骨盆前傾一招練回正臀！檢測你有沒有假翹臀！｜功操大全 ❌
  🔄 你的身體會替情緒說話？什麼是身心學？feat.趙耕樂身心療癒... ❌
  🔄 別再硬按！淋巴塞，痠痛來！帶你一起疏通淋巴｜功操大全 ❌
  🔄 烏龜頸，脖子前傾的真相！搞錯原因復健還是凸！｜功操大全 ❌
  🔄 床墊、枕頭選錯你就痛！睡姿問題一次解！｜功操大全 ❌
  🔄 常常聳肩！你的腸胃、鎖骨卡住肩！｜迷思破解 ❌
  🔄 身體失調！月經亂、變胖竟是身體太冷！？feat.內科李琪醫師... ❌
  🔄 膝蓋痛，關鍵在骨盆、腳底的影響！｜迷思破解 ❌
  🔄 圓肩，全因你手指沒力氣？｜迷思破解 ❌
  🔄 消水腫！先清除體內垃圾｜迷思破解 ❌
  🔄 顳顎關節卡住的真正原因！｜功操大全 ❌
  📊 Dr.HuangAmin: 0✅ 15❌
  📊 總計: 成功:0 失敗:15

============================================================
✅ 完成! 時間: 11:08:17
============================================================
>>> Round done at Fri Mar 27 11:08:17 CST 2026. last_channel_index=3
============================================================
🚀 知識庫爬蟲（kd subtitles 專用）- 11:08:20
============================================================

📺 [4/9] 周慕姿放心說
  🔄 你不是廢，是太焦慮！撕下懶惰標籤，接住卡住的自己｜Ft.李東... ✅ (103578字)
  📊 周慕姿放心說: 1✅ 0❌
  📊 總計: 成功:1 失敗:0

============================================================
✅ 完成! 時間: 11:08:44
============================================================
>>> Round done at Fri Mar 27 11:08:44 CST 2026. last_channel_index=4
============================================================
🚀 知識庫爬蟲（kd subtitles 專用）- 11:08:47
============================================================

📺 [5/9] 松明讲心理
  🔄 Depression is a slow betrayal ... ❌
  🔄 愛操心的人，其實最孤單！#人生 #心理學 #煩惱 #認知 #... ❌
  🔄 Learn to make choices so your ... ❌
  🔄 看清選擇背後的三大陷阱，做出更清晰的人生決策！#朋友 #人際... ❌
  🔄 The power of choice: Living yo... ❌
  🔄 Long-distance relationships ar... ❌
  🔄 內心強大到可怕的10種心境！#人生 #心理學 #煩惱 #認知... ❌
  🔄 當恨佔滿了心，親密就進不來！#情感 #愛情 #戀愛 #離婚 ... ❌
  🔄 3句話學會放下執著、停止內耗，走向內在的力量！#人生 #心理... ❌
  🔄 原諒出軌，是救贖還是折磨？#情感 #愛情 #戀愛 #離婚  ... ❌
  🔄 女人最該守住的三重分寸感！#情感 #愛情 #戀愛 #離婚  ... ❌
  🔄 Whether your employees are wor... ❌
  🔄 苦難生智慧「物極必反」的哲學！#人生 #心理學 #煩惱 #認... ❌
  🔄 Four ways to quickly improve y... ❌
  🔄 如何挽救孩子的躺平和厭學？#松明  #煩惱 #親子 #婚姻 ... ❌
  📊 松明讲心理: 0✅ 15❌
  📊 總計: 成功:0 失敗:15

============================================================
✅ 完成! 時間: 11:10:59
============================================================
>>> Round done at Fri Mar 27 11:10:59 CST 2026. last_channel_index=5
============================================================
🚀 知識庫爬蟲（kd subtitles 專用）- 11:11:02
============================================================

📺 [6/9] 超真實商談
  ✅ 無新影片

📺 [7/9] Cofit211
  🔄 【頻道會員專屬】腦科學權威：你擁有「重塑大腦」的能力，人生隨... ❌
  🔄 這動作能緩解腰痠背痛？科學實證：真的有用｜初日診所 魏士航醫... ❌
  🔄 [Channel Member Exclusive] Inv... ❌
  🔄 [Channel Member Exclusive] Sta... ❌
  📊 Cofit211: 0✅ 4❌
  📊 總計: 成功:0 失敗:4

============================================================
✅ 完成! 時間: 11:11:45
============================================================
>>> Round done at Fri Mar 27 11:11:45 CST 2026. last_channel_index=7
============================================================
🚀 知識庫爬蟲（kd subtitles 專用）- 11:11:48
============================================================

📺 [8/9] 泛科學
  ✅ 無新影片

📺 [9/9] 泛科學院
  🔄 公開Gemini 3.1 Pro 六大功能！不是工程師也能寫... ❌
  🔄 [2026 Best AI Subscription Gui... ❌
  🔄 Stop using AI to copy and past... ❌
  🔄 [AI Teaching Notes | YouTube C... ❌
  📊 泛科學院: 0✅ 4❌
  📊 總計: 成功:0 失敗:4

============================================================
✅ 完成! 時間: 11:12:34
============================================================
>>> Round done at Fri Mar 27 11:12:34 CST 2026. last_channel_index=0
============================================================
🚀 知識庫爬蟲（kd subtitles 專用）- 11:12:37
============================================================

📺 [1/9] 胡乃文开播
  🔄 注意！她癢2個月查出是肝癌！春季濕疹大爆發，按2穴止癢，戒3... ❌
  🔄 不讓醫師演戲真的太可惜！喝這1杯花茶，血壓穩下來，眼睛不花了... ❌
  🔄 血壓總是早上5點-8點高，吃降血壓藥也不管用怎麼辦？｜胡乃文... ❌
  🔄 💖粉絲問什麼？胡太太逗趣提問，胡醫師親解答！胡乃文開講會員專... ❌
  🔄 {沒看到太可惜！醫師爆笑模仿蔣部長，全場笑翻｜胡乃文開講會員... ❌
  🔄 { 會員Q&A } 急救時先別亂按！極泉穴、人中穴，其實很多... ❌
  🔄 關於食用油對膽結石和便秘的問題｜胡乃文開講會員專屬7 ❌
  🔄 翻轉糖尿病迷思！為什麼糖尿病反而要吃米飯才會好！3個簡單運動... ❌
  📊 胡乃文开播: 0✅ 8❌
  📊 總計: 成功:0 失敗:8

============================================================
✅ 完成! 時間: 11:13:47
============================================================
>>> Round done at Fri Mar 27 11:13:47 CST 2026. last_channel_index=1
============================================================
🚀 知識庫爬蟲（kd subtitles 專用）- 11:13:50
============================================================

📺 [2/9] 柏格醫生中文
  🔄 佛羅里達新法案威脅言論自由？批評糖與農藥恐被告，食品誹謗法大... ❌
  🔄 清血管這樣吃就對了！逆轉三高、改善心臟病、糖尿病、慢性腎臟病... ❌
  🔄 【柏格醫生】癌症研究70年都錯了？揭開致癌真相與30個科學防... ❌
  🔄 頭前傾2.5公分加重4.5公斤！柏格醫生教你每晚幾分鐘快速矯... ❌
  🔄 別再吃麵包了！就算0糖也比砂糖更害血糖飆升，無麩質、全麥全是... ❌
  🔄 養成這7個習慣，胰島素直降、脂肪狂燒！不餓不節食，輕鬆達到最... ❌
  📊 柏格醫生中文: 0✅ 6❌
  📊 總計: 成功:0 失敗:6

============================================================
✅ 完成! 時間: 11:15:08
============================================================
>>> Round done at Fri Mar 27 11:15:08 CST 2026. last_channel_index=2
============================================================
🚀 知識庫爬蟲（kd subtitles 專用）- 11:15:11
============================================================

📺 [3/9] Dr.HuangAmin
  🔄 睡覺狂打呼，口腔肌少症找上門！教你練舌肌力！feat.黃斌洋... ❌
  🔄 你靠吃「某些食物」才想大便，不正常！？必吃3種食物養腸道！｜... ❌
  🔄 手抬不起來，竟跟腸胃有關？內臟卡卡，手也會被扯住！｜功操大全 ❌
  🔄 轉頭就痛！頸因性頭痛，真正的原因在手部！？｜功操大全 ❌
  🔄 骨盆前傾一招練回正臀！檢測你有沒有假翹臀！｜功操大全 ❌
  🔄 你的身體會替情緒說話？什麼是身心學？feat.趙耕樂身心療癒... ❌
  🔄 別再硬按！淋巴塞，痠痛來！帶你一起疏通淋巴｜功操大全 ❌
  🔄 烏龜頸，脖子前傾的真相！搞錯原因復健還是凸！｜功操大全 ❌
  🔄 床墊、枕頭選錯你就痛！睡姿問題一次解！｜功操大全 ❌
  🔄 常常聳肩！你的腸胃、鎖骨卡住肩！｜迷思破解 ❌
  🔄 身體失調！月經亂、變胖竟是身體太冷！？feat.內科李琪醫師... ❌
  🔄 膝蓋痛，關鍵在骨盆、腳底的影響！｜迷思破解 ❌
  🔄 圓肩，全因你手指沒力氣？｜迷思破解 ❌
  🔄 消水腫！先清除體內垃圾｜迷思破解 ❌
  🔄 顳顎關節卡住的真正原因！｜功操大全 ❌
  📊 Dr.HuangAmin: 0✅ 15❌
  📊 總計: 成功:0 失敗:15

============================================================
✅ 完成! 時間: 11:17:29
============================================================
>>> Round done at Fri Mar 27 11:17:29 CST 2026. last_channel_index=3
============================================================
🚀 知識庫爬蟲（kd subtitles 專用）- 11:17:33
============================================================

📺 [4/9] 周慕姿放心說
  ✅ 無新影片

📺 [5/9] 松明讲心理
  🔄 Depression is a slow betrayal ... ❌
  🔄 愛操心的人，其實最孤單！#人生 #心理學 #煩惱 #認知 #... ❌
  🔄 Learn to make choices so your ... ❌
  🔄 看清選擇背後的三大陷阱，做出更清晰的人生決策！#朋友 #人際... ❌
  🔄 The power of choice: Living yo... ❌
  🔄 Long-distance relationships ar... ❌
  🔄 內心強大到可怕的10種心境！#人生 #心理學 #煩惱 #認知... ❌
  🔄 當恨佔滿了心，親密就進不來！#情感 #愛情 #戀愛 #離婚 ... ❌
  🔄 3句話學會放下執著、停止內耗，走向內在的力量！#人生 #心理... ❌
  🔄 原諒出軌，是救贖還是折磨？#情感 #愛情 #戀愛 #離婚  ... ❌
  🔄 女人最該守住的三重分寸感！#情感 #愛情 #戀愛 #離婚  ... ❌
  🔄 Whether your employees are wor... ❌
  🔄 苦難生智慧「物極必反」的哲學！#人生 #心理學 #煩惱 #認... ❌
  🔄 Four ways to quickly improve y... ❌
  🔄 如何挽救孩子的躺平和厭學？#松明  #煩惱 #親子 #婚姻 ... ❌
  📊 松明讲心理: 0✅ 15❌
  📊 總計: 成功:0 失敗:15

============================================================
✅ 完成! 時間: 11:19:45
============================================================
>>> Round done at Fri Mar 27 11:19:45 CST 2026. last_channel_index=5
============================================================
🚀 知識庫爬蟲（kd subtitles 專用）- 11:19:48
============================================================

📺 [6/9] 超真實商談
  ✅ 無新影片

📺 [7/9] Cofit211
  🔄 【頻道會員專屬】腦科學權威：你擁有「重塑大腦」的能力，人生隨... ❌
  🔄 這動作能緩解腰痠背痛？科學實證：真的有用｜初日診所 魏士航醫... ❌
  🔄 [Channel Member Exclusive] Inv... ❌
  🔄 [Channel Member Exclusive] Sta... ❌
  📊 Cofit211: 0✅ 4❌
  📊 總計: 成功:0 失敗:4

============================================================
✅ 完成! 時間: 11:20:31
============================================================
>>> Round done at Fri Mar 27 11:20:31 CST 2026. last_channel_index=7
============================================================
🚀 知識庫爬蟲（kd subtitles 專用）- 11:20:34
============================================================

📺 [8/9] 泛科學
  ✅ 無新影片

📺 [9/9] 泛科學院
  🔄 公開Gemini 3.1 Pro 六大功能！不是工程師也能寫... ❌
  🔄 [2026 Best AI Subscription Gui... ❌
  🔄 Stop using AI to copy and past... ❌
  🔄 [AI Teaching Notes | YouTube C... ❌
  📊 泛科學院: 0✅ 4❌
  📊 總計: 成功:0 失敗:4

============================================================
✅ 完成! 時間: 11:21:19
============================================================
>>> Round done at Fri Mar 27 11:21:19 CST 2026. last_channel_index=0
============================================================
🚀 知識庫爬蟲（kd subtitles 專用）- 11:21:22
============================================================

📺 [1/9] 胡乃文开播
  🔄 注意！她癢2個月查出是肝癌！春季濕疹大爆發，按2穴止癢，戒3... ❌
  🔄 不讓醫師演戲真的太可惜！喝這1杯花茶，血壓穩下來，眼睛不花了... ❌
  🔄 血壓總是早上5點-8點高，吃降血壓藥也不管用怎麼辦？｜胡乃文... ❌
  🔄 💖粉絲問什麼？胡太太逗趣提問，胡醫師親解答！胡乃文開講會員專... ❌
  🔄 {沒看到太可惜！醫師爆笑模仿蔣部長，全場笑翻｜胡乃文開講會員... ❌
  🔄 { 會員Q&A } 急救時先別亂按！極泉穴、人中穴，其實很多... ❌
  🔄 關於食用油對膽結石和便秘的問題｜胡乃文開講會員專屬7 ❌
  🔄 翻轉糖尿病迷思！為什麼糖尿病反而要吃米飯才會好！3個簡單運動... ❌
  📊 胡乃文开播: 0✅ 8❌
  📊 總計: 成功:0 失敗:8

============================================================
✅ 完成! 時間: 11:22:32
============================================================
>>> Round done at Fri Mar 27 11:22:32 CST 2026. last_channel_index=1
============================================================
🚀 知識庫爬蟲（kd subtitles 專用）- 11:22:35
============================================================

📺 [2/9] 柏格醫生中文
  🔄 佛羅里達新法案威脅言論自由？批評糖與農藥恐被告，食品誹謗法大... ❌
  🔄 清血管這樣吃就對了！逆轉三高、改善心臟病、糖尿病、慢性腎臟病... ❌
  🔄 癌症根本不是基因突變！柏格醫生：只要做對這30件事，從「粒線... ❌
  🔄 頭前傾2.5公分加重4.5公斤！柏格醫生教你每晚幾分鐘快速矯... ❌
  🔄 別再吃麵包了！就算0糖也比砂糖更害血糖飆升，無麩質、全麥全是... ❌
  🔄 養成這7個習慣，胰島素直降、脂肪狂燒！不餓不節食，輕鬆達到最... ❌
  📊 柏格醫生中文: 0✅ 6❌
  📊 總計: 成功:0 失敗:6

============================================================
✅ 完成! 時間: 11:23:48
============================================================
>>> Round done at Fri Mar 27 11:23:48 CST 2026. last_channel_index=2
============================================================
🚀 知識庫爬蟲（kd subtitles 專用）- 11:23:51
============================================================

📺 [3/9] Dr.HuangAmin
  🔄 睡覺狂打呼，口腔肌少症找上門！教你練舌肌力！feat.黃斌洋... ❌
  🔄 你靠吃「某些食物」才想大便，不正常！？必吃3種食物養腸道！｜... ❌
  🔄 手抬不起來，竟跟腸胃有關？內臟卡卡，手也會被扯住！｜功操大全 ❌
  🔄 轉頭就痛！頸因性頭痛，真正的原因在手部！？｜功操大全 ❌
  🔄 骨盆前傾一招練回正臀！檢測你有沒有假翹臀！｜功操大全 ❌
  🔄 你的身體會替情緒說話？什麼是身心學？feat.趙耕樂身心療癒... ❌
  🔄 別再硬按！淋巴塞，痠痛來！帶你一起疏通淋巴｜功操大全 ❌
  🔄 烏龜頸，脖子前傾的真相！搞錯原因復健還是凸！｜功操大全 ❌
  🔄 床墊、枕頭選錯你就痛！睡姿問題一次解！｜功操大全 ❌
  🔄 常常聳肩！你的腸胃、鎖骨卡住肩！｜迷思破解 ❌
  🔄 身體失調！月經亂、變胖竟是身體太冷！？feat.內科李琪醫師... ❌
  🔄 膝蓋痛，關鍵在骨盆、腳底的影響！｜迷思破解 ❌
  🔄 圓肩，全因你手指沒力氣？｜迷思破解 ❌
  🔄 消水腫！先清除體內垃圾｜迷思破解 ❌
  🔄 顳顎關節卡住的真正原因！｜功操大全 ❌
  📊 Dr.HuangAmin: 0✅ 15❌
  📊 總計: 成功:0 失敗:15

============================================================
✅ 完成! 時間: 11:25:57
============================================================
>>> Round done at Fri Mar 27 11:25:57 CST 2026. last_channel_index=3
============================================================
🚀 知識庫爬蟲（kd subtitles 專用）- 11:26:00
============================================================

📺 [4/9] 周慕姿放心說
  ✅ 無新影片

📺 [5/9] 松明讲心理
  🔄 Depression is a slow betrayal ... ❌
  🔄 愛操心的人，其實最孤單！#人生 #心理學 #煩惱 #認知 #... ❌
  🔄 Learn to make choices so your ... ❌
  🔄 看清選擇背後的三大陷阱，做出更清晰的人生決策！#朋友 #人際... ❌
  🔄 The power of choice: Living yo... ❌
  🔄 Long-distance relationships ar... ❌
  🔄 內心強大到可怕的10種心境！#人生 #心理學 #煩惱 #認知... ❌
  🔄 當恨佔滿了心，親密就進不來！#情感 #愛情 #戀愛 #離婚 ... ❌
  🔄 3句話學會放下執著、停止內耗，走向內在的力量！#人生 #心理... ❌
  🔄 原諒出軌，是救贖還是折磨？#情感 #愛情 #戀愛 #離婚  ... ❌
  🔄 女人最該守住的三重分寸感！#情感 #愛情 #戀愛 #離婚  ... ❌
  🔄 Whether your employees are wor... ❌
  🔄 苦難生智慧「物極必反」的哲學！#人生 #心理學 #煩惱 #認... ❌
  🔄 Four ways to quickly improve y... ❌
  🔄 如何挽救孩子的躺平和厭學？#松明  #煩惱 #親子 #婚姻 ... ❌
  📊 松明讲心理: 0✅ 15❌
  📊 總計: 成功:0 失敗:15

============================================================
✅ 完成! 時間: 11:28:06
============================================================
>>> Round done at Fri Mar 27 11:28:06 CST 2026. last_channel_index=5
============================================================
🚀 知識庫爬蟲（kd subtitles 專用）- 11:28:09
============================================================

📺 [6/9] 超真實商談
  ✅ 無新影片

📺 [7/9] Cofit211
  🔄 【頻道會員專屬】腦科學權威：你擁有「重塑大腦」的能力，人生隨... ❌
  🔄 這動作能緩解腰痠背痛？科學實證：真的有用｜初日診所 魏士航醫... ❌
  🔄 [Channel Member Exclusive] Inv... ❌
  🔄 [Channel Member Exclusive] Sta... ❌
  📊 Cofit211: 0✅ 4❌
  📊 總計: 成功:0 失敗:4

============================================================
✅ 完成! 時間: 11:28:51
============================================================
>>> Round done at Fri Mar 27 11:28:51 CST 2026. last_channel_index=7
============================================================
🚀 知識庫爬蟲（kd subtitles 專用）- 11:28:54
============================================================

📺 [8/9] 泛科學
  ✅ 無新影片

📺 [9/9] 泛科學院
  🔄 公開Gemini 3.1 Pro 六大功能！不是工程師也能寫... ❌
  🔄 [2026 Best AI Subscription Gui... ❌
  🔄 Stop using AI to copy and past... ❌
  🔄 [AI Teaching Notes | YouTube C... ❌
  📊 泛科學院: 0✅ 4❌
  📊 總計: 成功:0 失敗:4

============================================================
✅ 完成! 時間: 11:29:35
============================================================
>>> Round done at Fri Mar 27 11:29:35 CST 2026. last_channel_index=0
============================================================
🚀 知識庫爬蟲（kd subtitles 專用）- 11:29:38
============================================================

📺 [1/9] 胡乃文开播
  🔄 注意！她癢2個月查出是肝癌！春季濕疹大爆發，按2穴止癢，戒3... ❌
  🔄 不讓醫師演戲真的太可惜！喝這1杯花茶，血壓穩下來，眼睛不花了... ❌
  🔄 血壓總是早上5點-8點高，吃降血壓藥也不管用怎麼辦？｜胡乃文... ❌
  🔄 💖粉絲問什麼？胡太太逗趣提問，胡醫師親解答！胡乃文開講會員專... ❌
  🔄 {沒看到太可惜！醫師爆笑模仿蔣部長，全場笑翻｜胡乃文開講會員... ❌
  🔄 { 會員Q&A } 急救時先別亂按！極泉穴、人中穴，其實很多... ❌
  🔄 關於食用油對膽結石和便秘的問題｜胡乃文開講會員專屬7 ❌
  🔄 翻轉糖尿病迷思！為什麼糖尿病反而要吃米飯才會好！3個簡單運動... ❌
  📊 胡乃文开播: 0✅ 8❌
  📊 總計: 成功:0 失敗:8

============================================================
✅ 完成! 時間: 11:30:51
============================================================
>>> Round done at Fri Mar 27 11:30:51 CST 2026. last_channel_index=1
============================================================
🚀 知識庫爬蟲（kd subtitles 專用）- 11:30:54
============================================================

📺 [2/9] 柏格醫生中文
  🔄 佛羅里達新法案威脅言論自由？批評糖與農藥恐被告，食品誹謗法大... ❌
  🔄 清血管這樣吃就對了！逆轉三高、改善心臟病、糖尿病、慢性腎臟病... ❌
  🔄 癌症根本不是基因突變！柏格醫生：只要做對這30件事，從「粒線... ❌
  🔄 頭前傾2.5公分加重4.5公斤！柏格醫生教你每晚幾分鐘快速矯... ❌
  🔄 麵包真正毒物不是麩質！血糖暴衝、胰島素阻抗元兇曝光，戒掉後該... ❌
  🔄 養成這7個習慣，胰島素直降、脂肪狂燒！不餓不節食，輕鬆達到最... ❌
  📊 柏格醫生中文: 0✅ 6❌
  📊 總計: 成功:0 失敗:6

============================================================
✅ 完成! 時間: 11:32:12
============================================================
>>> Round done at Fri Mar 27 11:32:12 CST 2026. last_channel_index=2
============================================================
🚀 知識庫爬蟲（kd subtitles 專用）- 11:32:15
============================================================

📺 [3/9] Dr.HuangAmin
  🔄 睡覺狂打呼，口腔肌少症找上門！教你練舌肌力！feat.黃斌洋... ❌
  🔄 你靠吃「某些食物」才想大便，不正常！？必吃3種食物養腸道！｜... ❌
  🔄 手抬不起來，竟跟腸胃有關？內臟卡卡，手也會被扯住！｜功操大全 ❌
  🔄 轉頭就痛！頸因性頭痛，真正的原因在手部！？｜功操大全 ❌
  🔄 骨盆前傾一招練回正臀！檢測你有沒有假翹臀！｜功操大全 ❌
  🔄 你的身體會替情緒說話？什麼是身心學？feat.趙耕樂身心療癒... ❌
  🔄 別再硬按！淋巴塞，痠痛來！帶你一起疏通淋巴｜功操大全 ❌
  🔄 烏龜頸，脖子前傾的真相！搞錯原因復健還是凸！｜功操大全 ❌
  🔄 床墊、枕頭選錯你就痛！睡姿問題一次解！｜功操大全 ❌
  🔄 常常聳肩！你的腸胃、鎖骨卡住肩！｜迷思破解 ❌
  🔄 身體失調！月經亂、變胖竟是身體太冷！？feat.內科李琪醫師... ❌
  🔄 膝蓋痛，關鍵在骨盆、腳底的影響！｜迷思破解 ❌
  🔄 圓肩，全因你手指沒力氣？｜迷思破解 ❌
  🔄 消水腫！先清除體內垃圾｜迷思破解 ❌
  🔄 顳顎關節卡住的真正原因！｜功操大全 ❌
  📊 Dr.HuangAmin: 0✅ 15❌
  📊 總計: 成功:0 失敗:15

============================================================
✅ 完成! 時間: 11:34:37
============================================================
>>> Round done at Fri Mar 27 11:34:37 CST 2026. last_channel_index=3
============================================================
🚀 知識庫爬蟲（kd subtitles 專用）- 11:34:40
============================================================

📺 [4/9] 周慕姿放心說
  ✅ 無新影片

📺 [5/9] 松明讲心理
  🔄 Depression is a slow betrayal ... ❌
  🔄 愛操心的人，其實最孤單！#人生 #心理學 #煩惱 #認知 #... ❌
  🔄 Learn to make choices so your ... ❌
  🔄 看清選擇背後的三大陷阱，做出更清晰的人生決策！#朋友 #人際... ❌
  🔄 The power of choice: Living yo... ❌
  🔄 Long-distance relationships ar... ❌
  🔄 內心強大到可怕的10種心境！#人生 #心理學 #煩惱 #認知... ❌
  🔄 當恨佔滿了心，親密就進不來！#情感 #愛情 #戀愛 #離婚 ... ❌
  🔄 3句話學會放下執著、停止內耗，走向內在的力量！#人生 #心理... ❌
  🔄 原諒出軌，是救贖還是折磨？#情感 #愛情 #戀愛 #離婚  ... ❌
  🔄 女人最該守住的三重分寸感！#情感 #愛情 #戀愛 #離婚  ... ❌
  🔄 Whether your employees are wor... ❌
  🔄 苦難生智慧「物極必反」的哲學！#人生 #心理學 #煩惱 #認... ❌
  🔄 Four ways to quickly improve y... ❌
  🔄 如何挽救孩子的躺平和厭學？#松明  #煩惱 #親子 #婚姻 ... ❌
  📊 松明讲心理: 0✅ 15❌
  📊 總計: 成功:0 失敗:15

============================================================
✅ 完成! 時間: 11:36:51
============================================================
>>> Round done at Fri Mar 27 11:36:51 CST 2026. last_channel_index=5
============================================================
🚀 知識庫爬蟲（kd subtitles 專用）- 11:36:54
============================================================

📺 [6/9] 超真實商談
  ✅ 無新影片

📺 [7/9] Cofit211
  🔄 【頻道會員專屬】腦科學權威：你擁有「重塑大腦」的能力，人生隨... ❌
  🔄 這動作能緩解腰痠背痛？科學實證：真的有用｜初日診所 魏士航醫... ❌
  🔄 [Channel Member Exclusive] Inv... ❌
  🔄 [Channel Member Exclusive] Sta... ❌
  📊 Cofit211: 0✅ 4❌
  📊 總計: 成功:0 失敗:4

============================================================
✅ 完成! 時間: 11:37:33
============================================================
>>> Round done at Fri Mar 27 11:37:33 CST 2026. last_channel_index=7
============================================================
🚀 知識庫爬蟲（kd subtitles 專用）- 11:37:36
============================================================

📺 [8/9] 泛科學
  ✅ 無新影片

📺 [9/9] 泛科學院
  🔄 公開Gemini 3.1 Pro 六大功能！不是工程師也能寫... ❌
  🔄 [2026 Best AI Subscription Gui... ❌
  🔄 Stop using AI to copy and past... ❌
  🔄 [AI Teaching Notes | YouTube C... ❌
  📊 泛科學院: 0✅ 4❌
  📊 總計: 成功:0 失敗:4

============================================================
✅ 完成! 時間: 11:38:23
============================================================
>>> Round done at Fri Mar 27 11:38:23 CST 2026. last_channel_index=0
============================================================
🚀 知識庫爬蟲（kd subtitles 專用）- 11:38:26
============================================================

📺 [1/9] 胡乃文开播
  🔄 她雙腿癢2個月竟是肝出大問題！換季皮膚就癢癢，按2大穴止癢，... ❌
  🔄 不讓醫師演戲真的太可惜！喝這1杯花茶，血壓穩下來，眼睛不花了... ❌
  🔄 血壓總是早上5點-8點高，吃降血壓藥也不管用怎麼辦？｜胡乃文... ❌
  🔄 💖粉絲問什麼？胡太太逗趣提問，胡醫師親解答！胡乃文開講會員專... ❌
  🔄 {沒看到太可惜！醫師爆笑模仿蔣部長，全場笑翻｜胡乃文開講會員... ❌
  🔄 { 會員Q&A } 急救時先別亂按！極泉穴、人中穴，其實很多... ❌
  🔄 關於食用油對膽結石和便秘的問題｜胡乃文開講會員專屬7 ❌
  🔄 翻轉糖尿病迷思！為什麼糖尿病反而要吃米飯才會好！3個簡單運動... ❌
  📊 胡乃文开播: 0✅ 8❌
  📊 總計: 成功:0 失敗:8

============================================================
✅ 完成! 時間: 11:39:38
============================================================
>>> Round done at Fri Mar 27 11:39:38 CST 2026. last_channel_index=1
============================================================
🚀 知識庫爬蟲（kd subtitles 專用）- 11:39:41
============================================================

📺 [2/9] 柏格醫生中文
  🔄 佛羅里達新法案威脅言論自由？批評糖與農藥恐被告，食品誹謗法大... ❌
  🔄 清血管這樣吃就對了！逆轉三高、改善心臟病、糖尿病、慢性腎臟病... ❌
  🔄 如何永久遠離癌症？柏格醫生破解「癌細胞」弱點，30招從根本打... ❌
  🔄 頭前傾2.5公分加重4.5公斤！柏格醫生教你每晚幾分鐘快速矯... ❌
  🔄 別再吃麵包了！就算0糖也比砂糖更害血糖飆升，無麩質、全麥全是... ❌
  🔄 養成這7個習慣，胰島素直降、脂肪狂燒！不餓不節食，輕鬆達到最... ❌
  📊 柏格醫生中文: 0✅ 6❌
  📊 總計: 成功:0 失敗:6

============================================================
✅ 完成! 時間: 11:40:54
============================================================
>>> Round done at Fri Mar 27 11:40:54 CST 2026. last_channel_index=2
============================================================
🚀 知識庫爬蟲（kd subtitles 專用）- 11:40:57
============================================================

📺 [3/9] Dr.HuangAmin
  🔄 睡覺狂打呼，口腔肌少症找上門！教你練舌肌力！feat.黃斌洋... ❌
  🔄 你靠吃「某些食物」才想大便，不正常！？必吃3種食物養腸道！｜... ❌
  🔄 手抬不起來，竟跟腸胃有關？內臟卡卡，手也會被扯住！｜功操大全 ❌
  🔄 轉頭就痛！頸因性頭痛，真正的原因在手部！？｜功操大全 ❌
  🔄 骨盆前傾一招練回正臀！檢測你有沒有假翹臀！｜功操大全 ❌
  🔄 你的身體會替情緒說話？什麼是身心學？feat.趙耕樂身心療癒... ❌
  🔄 別再硬按！淋巴塞，痠痛來！帶你一起疏通淋巴｜功操大全 ❌
  🔄 烏龜頸，脖子前傾的真相！搞錯原因復健還是凸！｜功操大全 ❌
  🔄 床墊、枕頭選錯你就痛！睡姿問題一次解！｜功操大全 ❌
  🔄 常常聳肩！你的腸胃、鎖骨卡住肩！｜迷思破解 ❌
  🔄 身體失調！月經亂、變胖竟是身體太冷！？feat.內科李琪醫師... ❌
  🔄 膝蓋痛，關鍵在骨盆、腳底的影響！｜迷思破解 ❌
  🔄 圓肩，全因你手指沒力氣？｜迷思破解 ❌
  🔄 消水腫！先清除體內垃圾｜迷思破解 ❌
  🔄 顳顎關節卡住的真正原因！｜功操大全 ❌
  📊 Dr.HuangAmin: 0✅ 15❌
  📊 總計: 成功:0 失敗:15

============================================================
✅ 完成! 時間: 11:43:13
============================================================
>>> Round done at Fri Mar 27 11:43:13 CST 2026. last_channel_index=3
============================================================
🚀 知識庫爬蟲（kd subtitles 專用）- 11:43:16
============================================================

📺 [4/9] 周慕姿放心說
  ✅ 無新影片

📺 [5/9] 松明讲心理
  🔄 Depression is a slow betrayal ... ❌
  🔄 愛操心的人，其實最孤單！#人生 #心理學 #煩惱 #認知 #... ❌
  🔄 Learn to make choices so your ... ❌
  🔄 看清選擇背後的三大陷阱，做出更清晰的人生決策！#朋友 #人際... ❌
  🔄 The power of choice: Living yo... ❌
  🔄 Long-distance relationships ar... ❌
  🔄 內心強大到可怕的10種心境！#人生 #心理學 #煩惱 #認知... ❌
  🔄 當恨佔滿了心，親密就進不來！#情感 #愛情 #戀愛 #離婚 ... ❌
  🔄 3句話學會放下執著、停止內耗，走向內在的力量！#人生 #心理... ❌
  🔄 原諒出軌，是救贖還是折磨？#情感 #愛情 #戀愛 #離婚  ... ❌
  🔄 女人最該守住的三重分寸感！#情感 #愛情 #戀愛 #離婚  ... ❌
  🔄 Whether your employees are wor... ❌
  🔄 苦難生智慧「物極必反」的哲學！#人生 #心理學 #煩惱 #認... ❌
  🔄 Four ways to quickly improve y... ❌
  🔄 如何挽救孩子的躺平和厭學？#松明  #煩惱 #親子 #婚姻 ... ❌
  📊 松明讲心理: 0✅ 15❌
  📊 總計: 成功:0 失敗:15

============================================================
✅ 完成! 時間: 11:45:27
============================================================
>>> Round done at Fri Mar 27 11:45:27 CST 2026. last_channel_index=5
============================================================
🚀 知識庫爬蟲（kd subtitles 專用）- 11:45:30
============================================================

📺 [6/9] 超真實商談
  ✅ 無新影片

📺 [7/9] Cofit211
  🔄 【頻道會員專屬】腦科學權威：你擁有「重塑大腦」的能力，人生隨... ❌
  🔄 這動作能緩解腰痠背痛？科學實證：真的有用｜初日診所 魏士航醫... ❌
  🔄 [Channel Member Exclusive] Inv... ❌
  🔄 [Channel Member Exclusive] Sta... ❌
  📊 Cofit211: 0✅ 4❌
  📊 總計: 成功:0 失敗:4

============================================================
✅ 完成! 時間: 11:46:12
============================================================
>>> Round done at Fri Mar 27 11:46:12 CST 2026. last_channel_index=7
============================================================
🚀 知識庫爬蟲（kd subtitles 專用）- 11:46:15
============================================================

📺 [8/9] 泛科學
  ✅ 無新影片

📺 [9/9] 泛科學院
  🔄 公開Gemini 3.1 Pro 六大功能！不是工程師也能寫... ❌
  🔄 [2026 Best AI Subscription Gui... ❌
  🔄 Stop using AI to copy and past... ❌
  🔄 [AI Teaching Notes | YouTube C... ❌
  📊 泛科學院: 0✅ 4❌
  📊 總計: 成功:0 失敗:4

============================================================
✅ 完成! 時間: 11:46:57
============================================================
>>> Round done at Fri Mar 27 11:46:57 CST 2026. last_channel_index=0
============================================================
🚀 知識庫爬蟲（kd subtitles 專用）- 11:47:00
============================================================

📺 [1/9] 胡乃文开播
  🔄 地瓜葉菊花茶讓濕疹好得快，但你吃對了嗎？她雙腿癢2個月竟是肝... ❌
  🔄 不讓醫師演戲真的太可惜！喝這1杯花茶，血壓穩下來，眼睛不花了... ❌
  🔄 血壓總是早上5點-8點高，吃降血壓藥也不管用怎麼辦？｜胡乃文... ❌
  🔄 💖粉絲問什麼？胡太太逗趣提問，胡醫師親解答！胡乃文開講會員專... ❌
  🔄 {沒看到太可惜！醫師爆笑模仿蔣部長，全場笑翻｜胡乃文開講會員... ❌
  🔄 { 會員Q&A } 急救時先別亂按！極泉穴、人中穴，其實很多... ❌
  🔄 關於食用油對膽結石和便秘的問題｜胡乃文開講會員專屬7 ❌
  🔄 翻轉糖尿病迷思！為什麼糖尿病反而要吃米飯才會好！3個簡單運動... ❌
  📊 胡乃文开播: 0✅ 8❌
  📊 總計: 成功:0 失敗:8

============================================================
✅ 完成! 時間: 11:48:10
============================================================
>>> Round done at Fri Mar 27 11:48:10 CST 2026. last_channel_index=1
============================================================
🚀 知識庫爬蟲（kd subtitles 專用）- 11:48:13
============================================================

📺 [2/9] 柏格醫生中文
  🔄 佛羅里達新法案威脅言論自由？批評糖與農藥恐被告，食品誹謗法大... ❌
  🔄 清血管這樣吃就對了！逆轉三高、改善心臟病、糖尿病、慢性腎臟病... ❌
  🔄 癌症根本不是基因突變！柏格醫生：只要做對這30件事，從「粒線... ❌
  🔄 頭前傾2.5公分加重4.5公斤！柏格醫生教你每晚幾分鐘快速矯... ❌
  🔄 麵包真正毒物不是麩質！血糖暴衝、胰島素阻抗元兇曝光，戒掉後該... ❌
  🔄 養成這7個習慣，胰島素直降、脂肪狂燒！不餓不節食，輕鬆達到最... ❌
  📊 柏格醫生中文: 0✅ 6❌
  📊 總計: 成功:0 失敗:6

============================================================
✅ 完成! 時間: 11:49:37
============================================================
>>> Round done at Fri Mar 27 11:49:37 CST 2026. last_channel_index=2
============================================================
🚀 知識庫爬蟲（kd subtitles 專用）- 11:49:41
============================================================

📺 [3/9] Dr.HuangAmin
  🔄 睡覺狂打呼，口腔肌少症找上門！教你練舌肌力！feat.黃斌洋... ❌
  🔄 你靠吃「某些食物」才想大便，不正常！？必吃3種食物養腸道！｜... ❌
  🔄 手抬不起來，竟跟腸胃有關？內臟卡卡，手也會被扯住！｜功操大全 ❌
  🔄 轉頭就痛！頸因性頭痛，真正的原因在手部！？｜功操大全 ❌
  🔄 骨盆前傾一招練回正臀！檢測你有沒有假翹臀！｜功操大全 ❌
  🔄 你的身體會替情緒說話？什麼是身心學？feat.趙耕樂身心療癒... ❌
  🔄 別再硬按！淋巴塞，痠痛來！帶你一起疏通淋巴｜功操大全 ❌
  🔄 烏龜頸，脖子前傾的真相！搞錯原因復健還是凸！｜功操大全 ❌
  🔄 床墊、枕頭選錯你就痛！睡姿問題一次解！｜功操大全 ❌
  🔄 常常聳肩！你的腸胃、鎖骨卡住肩！｜迷思破解 ❌
  🔄 身體失調！月經亂、變胖竟是身體太冷！？feat.內科李琪醫師... ❌
  🔄 膝蓋痛，關鍵在骨盆、腳底的影響！｜迷思破解 ❌
  🔄 圓肩，全因你手指沒力氣？｜迷思破解 ❌
  🔄 消水腫！先清除體內垃圾｜迷思破解 ❌
  🔄 顳顎關節卡住的真正原因！｜功操大全 ❌
  📊 Dr.HuangAmin: 0✅ 15❌
  📊 總計: 成功:0 失敗:15

============================================================
✅ 完成! 時間: 11:51:56
============================================================
>>> Round done at Fri Mar 27 11:51:56 CST 2026. last_channel_index=3
============================================================
🚀 知識庫爬蟲（kd subtitles 專用）- 11:51:59
============================================================

📺 [4/9] 周慕姿放心說
  ✅ 無新影片

📺 [5/9] 松明讲心理
  🔄 Depression is a slow betrayal ... ❌
  🔄 愛操心的人，其實最孤單！#人生 #心理學 #煩惱 #認知 #... ❌
  🔄 Learn to make choices so your ... ❌
  🔄 看清選擇背後的三大陷阱，做出更清晰的人生決策！#朋友 #人際... ❌
  🔄 The power of choice: Living yo... ❌
  🔄 Long-distance relationships ar... ❌
  🔄 內心強大到可怕的10種心境！#人生 #心理學 #煩惱 #認知... ❌
  🔄 當恨佔滿了心，親密就進不來！#情感 #愛情 #戀愛 #離婚 ... ❌
  🔄 3句話學會放下執著、停止內耗，走向內在的力量！#人生 #心理... ❌
  🔄 原諒出軌，是救贖還是折磨？#情感 #愛情 #戀愛 #離婚  ... ❌
  🔄 女人最該守住的三重分寸感！#情感 #愛情 #戀愛 #離婚  ... ❌
  🔄 Whether your employees are wor... ❌
  🔄 苦難生智慧「物極必反」的哲學！#人生 #心理學 #煩惱 #認... ❌
  🔄 Four ways to quickly improve y... ❌
  🔄 如何挽救孩子的躺平和厭學？#松明  #煩惱 #親子 #婚姻 ... ❌
  📊 松明讲心理: 0✅ 15❌
  📊 總計: 成功:0 失敗:15

============================================================
✅ 完成! 時間: 11:54:04
============================================================
>>> Round done at Fri Mar 27 11:54:04 CST 2026. last_channel_index=5
============================================================
🚀 知識庫爬蟲（kd subtitles 專用）- 11:54:07
============================================================

📺 [6/9] 超真實商談
  ✅ 無新影片

📺 [7/9] Cofit211
  🔄 【頻道會員專屬】腦科學權威：你擁有「重塑大腦」的能力，人生隨... ❌
  🔄 這動作能緩解腰痠背痛？科學實證：真的有用｜初日診所 魏士航醫... ❌
  🔄 [Channel Member Exclusive] Inv... ❌
  🔄 [Channel Member Exclusive] Sta... ❌
  📊 Cofit211: 0✅ 4❌
  📊 總計: 成功:0 失敗:4

============================================================
✅ 完成! 時間: 11:54:49
============================================================
>>> Round done at Fri Mar 27 11:54:49 CST 2026. last_channel_index=7
============================================================
🚀 知識庫爬蟲（kd subtitles 專用）- 11:54:52
============================================================

📺 [8/9] 泛科學
  ✅ 無新影片

📺 [9/9] 泛科學院
  🔄 公開Gemini 3.1 Pro 六大功能！不是工程師也能寫... ❌
  🔄 [2026 Best AI Subscription Gui... ❌
  🔄 Stop using AI to copy and past... ❌
  🔄 [AI Teaching Notes | YouTube C... ❌
  📊 泛科學院: 0✅ 4❌
  📊 總計: 成功:0 失敗:4

============================================================
✅ 完成! 時間: 11:55:35
============================================================
>>> Round done at Fri Mar 27 11:55:35 CST 2026. last_channel_index=0
============================================================
🚀 知識庫爬蟲（kd subtitles 專用）- 11:55:38
============================================================

📺 [1/9] 胡乃文开播
  🔄 地瓜葉菊花茶讓濕疹好得快，但你吃對了嗎？她雙腿癢2個月竟是肝... ❌
  🔄 不讓醫師演戲真的太可惜！喝這1杯花茶，血壓穩下來，眼睛不花了... ❌
  🔄 血壓總是早上5點-8點高，吃降血壓藥也不管用怎麼辦？｜胡乃文... ❌
  🔄 💖粉絲問什麼？胡太太逗趣提問，胡醫師親解答！胡乃文開講會員專... ❌
  🔄 {沒看到太可惜！醫師爆笑模仿蔣部長，全場笑翻｜胡乃文開講會員... ❌
  🔄 { 會員Q&A } 急救時先別亂按！極泉穴、人中穴，其實很多... ❌
  🔄 關於食用油對膽結石和便秘的問題｜胡乃文開講會員專屬7 ❌
  🔄 翻轉糖尿病迷思！為什麼糖尿病反而要吃米飯才會好！3個簡單運動... ❌
  📊 胡乃文开播: 0✅ 8❌
  📊 總計: 成功:0 失敗:8

============================================================
✅ 完成! 時間: 11:56:49
============================================================
>>> Round done at Fri Mar 27 11:56:49 CST 2026. last_channel_index=1
============================================================
🚀 知識庫爬蟲（kd subtitles 專用）- 11:56:52
============================================================

📺 [2/9] 柏格醫生中文
  🔄 佛羅里達新法案威脅言論自由？批評糖與農藥恐被告，食品誹謗法大... ❌
  🔄 清血管這樣吃就對了！逆轉三高、改善心臟病、糖尿病、慢性腎臟病... ❌
  🔄 癌症根本不是基因突變！柏格醫生：只要做對這30件事，從「粒線... ❌
  🔄 頭前傾2.5公分加重4.5公斤！柏格醫生教你每晚幾分鐘快速矯... ❌
  🔄 別再吃麵包了！就算0糖也比砂糖更害血糖飆升，無麩質、全麥全是... ❌
  🔄 養成這7個習慣，胰島素直降、脂肪狂燒！不餓不節食，輕鬆達到最... ❌
  📊 柏格醫生中文: 0✅ 6❌
  📊 總計: 成功:0 失敗:6

============================================================
✅ 完成! 時間: 11:58:06
============================================================
>>> Round done at Fri Mar 27 11:58:06 CST 2026. last_channel_index=2
============================================================
🚀 知識庫爬蟲（kd subtitles 專用）- 11:58:09
============================================================

📺 [3/9] Dr.HuangAmin
  🔄 睡覺狂打呼，口腔肌少症找上門！教你練舌肌力！feat.黃斌洋... ❌
  🔄 你靠吃「某些食物」才想大便，不正常！？必吃3種食物養腸道！｜... ❌
  🔄 手抬不起來，竟跟腸胃有關？內臟卡卡，手也會被扯住！｜功操大全 ❌
  🔄 轉頭就痛！頸因性頭痛，真正的原因在手部！？｜功操大全 ❌
  🔄 骨盆前傾一招練回正臀！檢測你有沒有假翹臀！｜功操大全 ❌
  🔄 你的身體會替情緒說話？什麼是身心學？feat.趙耕樂身心療癒... ❌
  🔄 別再硬按！淋巴塞，痠痛來！帶你一起疏通淋巴｜功操大全 ❌
  🔄 烏龜頸，脖子前傾的真相！搞錯原因復健還是凸！｜功操大全 ❌
  🔄 床墊、枕頭選錯你就痛！睡姿問題一次解！｜功操大全 ❌
  🔄 常常聳肩！你的腸胃、鎖骨卡住肩！｜迷思破解 ❌
  🔄 身體失調！月經亂、變胖竟是身體太冷！？feat.內科李琪醫師... ❌
  🔄 膝蓋痛，關鍵在骨盆、腳底的影響！｜迷思破解 ❌
  🔄 圓肩，全因你手指沒力氣？｜迷思破解 ❌
  🔄 消水腫！先清除體內垃圾｜迷思破解 ❌
  🔄 顳顎關節卡住的真正原因！｜功操大全 ❌
  📊 Dr.HuangAmin: 0✅ 15❌
  📊 總計: 成功:0 失敗:15

============================================================
✅ 完成! 時間: 12:00:30
============================================================
>>> Round done at Fri Mar 27 12:00:30 CST 2026. last_channel_index=3
============================================================
🚀 知識庫爬蟲（kd subtitles 專用）- 12:00:33
============================================================

📺 [4/9] 周慕姿放心說
  ✅ 無新影片

📺 [5/9] 松明讲心理
  🔄 Depression is a slow betrayal ... ❌
  🔄 愛操心的人，其實最孤單！#人生 #心理學 #煩惱 #認知 #... ❌
  🔄 Learn to make choices so your ... ❌
  🔄 看清選擇背後的三大陷阱，做出更清晰的人生決策！#朋友 #人際... ❌
  🔄 The power of choice: Living yo... ❌
  🔄 Long-distance relationships ar... ❌
  🔄 內心強大到可怕的10種心境！#人生 #心理學 #煩惱 #認知... ❌
  🔄 當恨佔滿了心，親密就進不來！#情感 #愛情 #戀愛 #離婚 ... ❌
  🔄 3句話學會放下執著、停止內耗，走向內在的力量！#人生 #心理... ❌
  🔄 原諒出軌，是救贖還是折磨？#情感 #愛情 #戀愛 #離婚  ... ❌
  🔄 女人最該守住的三重分寸感！#情感 #愛情 #戀愛 #離婚  ... ❌
  🔄 Whether your employees are wor... ❌
  🔄 苦難生智慧「物極必反」的哲學！#人生 #心理學 #煩惱 #認... ❌
  🔄 Four ways to quickly improve y... ❌
  🔄 如何挽救孩子的躺平和厭學？#松明  #煩惱 #親子 #婚姻 ... ❌
  📊 松明讲心理: 0✅ 15❌
  📊 總計: 成功:0 失敗:15

============================================================
✅ 完成! 時間: 12:02:50
============================================================
>>> Round done at Fri Mar 27 12:02:50 CST 2026. last_channel_index=5
============================================================
🚀 知識庫爬蟲（kd subtitles 專用）- 12:02:53
============================================================

📺 [6/9] 超真實商談
  ✅ 無新影片

📺 [7/9] Cofit211
  🔄 【頻道會員專屬】腦科學權威：你擁有「重塑大腦」的能力，人生隨... ❌
  🔄 這動作能緩解腰痠背痛？科學實證：真的有用｜初日診所 魏士航醫... ❌
  🔄 [Channel Member Exclusive] Inv... ❌
  🔄 [Channel Member Exclusive] Sta... ❌
  📊 Cofit211: 0✅ 4❌
  📊 總計: 成功:0 失敗:4

============================================================
✅ 完成! 時間: 12:03:38
============================================================
>>> Round done at Fri Mar 27 12:03:38 CST 2026. last_channel_index=7
============================================================
🚀 知識庫爬蟲（kd subtitles 專用）- 12:03:41
============================================================

📺 [8/9] 泛科學
  ✅ 無新影片

📺 [9/9] 泛科學院
  🔄 公開Gemini 3.1 Pro 六大功能！不是工程師也能寫... ❌
  🔄 [2026 Best AI Subscription Gui... ❌
  🔄 Stop using AI to copy and past... ❌
  🔄 [AI Teaching Notes | YouTube C... ❌
  📊 泛科學院: 0✅ 4❌
  📊 總計: 成功:0 失敗:4

============================================================
✅ 完成! 時間: 12:04:23
============================================================
>>> Round done at Fri Mar 27 12:04:23 CST 2026. last_channel_index=0
============================================================
🚀 知識庫爬蟲（kd subtitles 專用）- 12:04:26
============================================================

📺 [1/9] 胡乃文开播
  🔄 她雙腿癢2個月竟是肝出大問題！換季皮膚就癢癢，按2大穴止癢，... ❌
  🔄 不讓醫師演戲真的太可惜！喝這1杯花茶，血壓穩下來，眼睛不花了... ❌
  🔄 血壓總是早上5點-8點高，吃降血壓藥也不管用怎麼辦？｜胡乃文... ❌
  🔄 💖粉絲問什麼？胡太太逗趣提問，胡醫師親解答！胡乃文開講會員專... ❌
  🔄 {沒看到太可惜！醫師爆笑模仿蔣部長，全場笑翻｜胡乃文開講會員... ❌
  🔄 { 會員Q&A } 急救時先別亂按！極泉穴、人中穴，其實很多... ❌
  🔄 關於食用油對膽結石和便秘的問題｜胡乃文開講會員專屬7 ❌
  🔄 翻轉糖尿病迷思！為什麼糖尿病反而要吃米飯才會好！3個簡單運動... ❌
  📊 胡乃文开播: 0✅ 8❌
  📊 總計: 成功:0 失敗:8

============================================================
✅ 完成! 時間: 12:05:38
============================================================
>>> Round done at Fri Mar 27 12:05:38 CST 2026. last_channel_index=1
============================================================
🚀 知識庫爬蟲（kd subtitles 專用）- 12:05:41
============================================================

📺 [2/9] 柏格醫生中文
  🔄 佛羅里達新法案威脅言論自由？批評糖與農藥恐被告，食品誹謗法大... ❌
  🔄 清血管這樣吃就對了！逆轉三高、改善心臟病、糖尿病、慢性腎臟病... ❌
  🔄 如何永久遠離癌症？柏格醫生破解「癌細胞」弱點，30招從根本打... ❌
  🔄 頭前傾2.5公分加重4.5公斤！柏格醫生教你每晚幾分鐘快速矯... ❌
  🔄 別再吃麵包了！就算0糖也比砂糖更害血糖飆升，無麩質、全麥全是... ❌
  🔄 養成這7個習慣，胰島素直降、脂肪狂燒！不餓不節食，輕鬆達到最... ❌
  📊 柏格醫生中文: 0✅ 6❌
  📊 總計: 成功:0 失敗:6

============================================================
✅ 完成! 時間: 12:06:55
============================================================
>>> Round done at Fri Mar 27 12:06:55 CST 2026. last_channel_index=2
============================================================
🚀 知識庫爬蟲（kd subtitles 專用）- 12:06:58
============================================================

📺 [3/9] Dr.HuangAmin
  🔄 睡覺狂打呼，口腔肌少症找上門！教你練舌肌力！feat.黃斌洋... ❌
  🔄 你靠吃「某些食物」才想大便，不正常！？必吃3種食物養腸道！｜... ❌
  🔄 手抬不起來，竟跟腸胃有關？內臟卡卡，手也會被扯住！｜功操大全 ❌
  🔄 轉頭就痛！頸因性頭痛，真正的原因在手部！？｜功操大全 ❌
  🔄 骨盆前傾一招練回正臀！檢測你有沒有假翹臀！｜功操大全 ❌
  🔄 你的身體會替情緒說話？什麼是身心學？feat.趙耕樂身心療癒... ❌
  🔄 別再硬按！淋巴塞，痠痛來！帶你一起疏通淋巴｜功操大全 ❌
  🔄 烏龜頸，脖子前傾的真相！搞錯原因復健還是凸！｜功操大全 ❌
  🔄 床墊、枕頭選錯你就痛！睡姿問題一次解！｜功操大全 ❌
  🔄 常常聳肩！你的腸胃、鎖骨卡住肩！｜迷思破解 ❌
  🔄 身體失調！月經亂、變胖竟是身體太冷！？feat.內科李琪醫師... ❌
  🔄 膝蓋痛，關鍵在骨盆、腳底的影響！｜迷思破解 ❌
  🔄 圓肩，全因你手指沒力氣？｜迷思破解 ❌
  🔄 消水腫！先清除體內垃圾｜迷思破解 ❌
  🔄 顳顎關節卡住的真正原因！｜功操大全 ❌
  📊 Dr.HuangAmin: 0✅ 15❌
  📊 總計: 成功:0 失敗:15

============================================================
✅ 完成! 時間: 12:09:07
============================================================
>>> Round done at Fri Mar 27 12:09:07 CST 2026. last_channel_index=3
============================================================
🚀 知識庫爬蟲（kd subtitles 專用）- 12:09:10
============================================================

📺 [4/9] 周慕姿放心說
  ✅ 無新影片

📺 [5/9] 松明讲心理
  🔄 Depression is a slow betrayal ... ❌
  🔄 愛操心的人，其實最孤單！#人生 #心理學 #煩惱 #認知 #... ❌
  🔄 Learn to make choices so your ... ❌
  🔄 看清選擇背後的三大陷阱，做出更清晰的人生決策！#朋友 #人際... ❌
  🔄 The power of choice: Living yo... ❌
  🔄 Long-distance relationships ar... ❌
  🔄 內心強大到可怕的10種心境！#人生 #心理學 #煩惱 #認知... ❌
  🔄 當恨佔滿了心，親密就進不來！#情感 #愛情 #戀愛 #離婚 ... ❌
  🔄 3句話學會放下執著、停止內耗，走向內在的力量！#人生 #心理... ❌
  🔄 原諒出軌，是救贖還是折磨？#情感 #愛情 #戀愛 #離婚  ... ❌
  🔄 女人最該守住的三重分寸感！#情感 #愛情 #戀愛 #離婚  ... ❌
  🔄 Whether your employees are wor... ❌
  🔄 苦難生智慧「物極必反」的哲學！#人生 #心理學 #煩惱 #認... ❌
  🔄 Four ways to quickly improve y... ❌
  🔄 如何挽救孩子的躺平和厭學？#松明  #煩惱 #親子 #婚姻 ... ❌
  📊 松明讲心理: 0✅ 15❌
  📊 總計: 成功:0 失敗:15

============================================================
✅ 完成! 時間: 12:11:16
============================================================
>>> Round done at Fri Mar 27 12:11:17 CST 2026. last_channel_index=5
============================================================
🚀 知識庫爬蟲（kd subtitles 專用）- 12:11:20
============================================================

📺 [6/9] 超真實商談
  ✅ 無新影片

📺 [7/9] Cofit211
  🔄 【頻道會員專屬】腦科學權威：你擁有「重塑大腦」的能力，人生隨... ❌
  🔄 這動作能緩解腰痠背痛？科學實證：真的有用｜初日診所 魏士航醫... ❌
  🔄 [Channel Member Exclusive] Inv... ❌
  🔄 [Channel Member Exclusive] Sta... ❌
  📊 Cofit211: 0✅ 4❌
  📊 總計: 成功:0 失敗:4

============================================================
✅ 完成! 時間: 12:12:01
============================================================
>>> Round done at Fri Mar 27 12:12:01 CST 2026. last_channel_index=7
============================================================
🚀 知識庫爬蟲（kd subtitles 專用）- 12:12:04
============================================================

📺 [8/9] 泛科學
  ✅ 無新影片

📺 [9/9] 泛科學院
  🔄 公開Gemini 3.1 Pro 六大功能！不是工程師也能寫... ❌
  🔄 [2026 Best AI Subscription Gui... ❌
  🔄 Stop using AI to copy and past... ❌
  🔄 [AI Teaching Notes | YouTube C... ❌
  📊 泛科學院: 0✅ 4❌
  📊 總計: 成功:0 失敗:4

============================================================
✅ 完成! 時間: 12:12:51
============================================================
>>> Round done at Fri Mar 27 12:12:51 CST 2026. last_channel_index=0
============================================================
🚀 知識庫爬蟲（kd subtitles 專用）- 12:12:54
============================================================

📺 [1/9] 胡乃文开播
  🔄 她雙腿癢2個月竟是肝出大問題！換季皮膚就癢癢，按2大穴止癢，... ❌
  🔄 不讓醫師演戲真的太可惜！喝這1杯花茶，血壓穩下來，眼睛不花了... ❌
  🔄 血壓總是早上5點-8點高，吃降血壓藥也不管用怎麼辦？｜胡乃文... ❌
  🔄 💖粉絲問什麼？胡太太逗趣提問，胡醫師親解答！胡乃文開講會員專... ❌
  🔄 {沒看到太可惜！醫師爆笑模仿蔣部長，全場笑翻｜胡乃文開講會員... ❌
  🔄 { 會員Q&A } 急救時先別亂按！極泉穴、人中穴，其實很多... ❌
  🔄 關於食用油對膽結石和便秘的問題｜胡乃文開講會員專屬7 ❌
  🔄 翻轉糖尿病迷思！為什麼糖尿病反而要吃米飯才會好！3個簡單運動... ❌
  📊 胡乃文开播: 0✅ 8❌
  📊 總計: 成功:0 失敗:8

============================================================
✅ 完成! 時間: 12:14:10
============================================================
>>> Round done at Fri Mar 27 12:14:10 CST 2026. last_channel_index=1
============================================================
🚀 知識庫爬蟲（kd subtitles 專用）- 12:14:13
============================================================

📺 [2/9] 柏格醫生中文
  🔄 佛羅里達新法案威脅言論自由？批評糖與農藥恐被告，食品誹謗法大... ❌
  🔄 清血管這樣吃就對了！逆轉三高、改善心臟病、糖尿病、慢性腎臟病... ❌
  🔄 如何永久遠離癌症？柏格醫生破解「癌細胞」弱點，30招從根本打... ❌
  🔄 頭前傾2.5公分加重4.5公斤！柏格醫生教你每晚幾分鐘快速矯... ❌
  🔄 麵包真正毒物不是麩質！血糖暴衝、胰島素阻抗元兇曝光，戒掉後該... ❌
  🔄 養成這7個習慣，胰島素直降、脂肪狂燒！不餓不節食，輕鬆達到最... ❌
  📊 柏格醫生中文: 0✅ 6❌
  📊 總計: 成功:0 失敗:6

============================================================
✅ 完成! 時間: 12:15:27
============================================================
>>> Round done at Fri Mar 27 12:15:28 CST 2026. last_channel_index=2
============================================================
🚀 知識庫爬蟲（kd subtitles 專用）- 12:15:31
============================================================

📺 [3/9] Dr.HuangAmin
  🔄 睡覺狂打呼，口腔肌少症找上門！教你練舌肌力！feat.黃斌洋... ❌
  🔄 你靠吃「某些食物」才想大便，不正常！？必吃3種食物養腸道！｜... ❌
  🔄 手抬不起來，竟跟腸胃有關？內臟卡卡，手也會被扯住！｜功操大全 ❌
  🔄 轉頭就痛！頸因性頭痛，真正的原因在手部！？｜功操大全 ❌
  🔄 骨盆前傾一招練回正臀！檢測你有沒有假翹臀！｜功操大全 ❌
  🔄 你的身體會替情緒說話？什麼是身心學？feat.趙耕樂身心療癒... ❌
  🔄 別再硬按！淋巴塞，痠痛來！帶你一起疏通淋巴｜功操大全 ❌
  🔄 烏龜頸，脖子前傾的真相！搞錯原因復健還是凸！｜功操大全 ❌
  🔄 床墊、枕頭選錯你就痛！睡姿問題一次解！｜功操大全 ❌
  🔄 常常聳肩！你的腸胃、鎖骨卡住肩！｜迷思破解 ❌
  🔄 身體失調！月經亂、變胖竟是身體太冷！？feat.內科李琪醫師... ❌
  🔄 膝蓋痛，關鍵在骨盆、腳底的影響！｜迷思破解 ❌
  🔄 圓肩，全因你手指沒力氣？｜迷思破解 ❌
  🔄 消水腫！先清除體內垃圾｜迷思破解 ❌
  🔄 顳顎關節卡住的真正原因！｜功操大全 ❌
  📊 Dr.HuangAmin: 0✅ 15❌
  📊 總計: 成功:0 失敗:15

============================================================
✅ 完成! 時間: 12:17:50
============================================================
>>> Round done at Fri Mar 27 12:17:51 CST 2026. last_channel_index=3
============================================================
🚀 知識庫爬蟲（kd subtitles 專用）- 12:17:54
============================================================

📺 [4/9] 周慕姿放心說
  ✅ 無新影片

📺 [5/9] 松明讲心理
  🔄 Depression is a slow betrayal ... ❌
  🔄 愛操心的人，其實最孤單！#人生 #心理學 #煩惱 #認知 #... ❌
  🔄 Learn to make choices so your ... ❌
  🔄 看清選擇背後的三大陷阱，做出更清晰的人生決策！#朋友 #人際... ❌
  🔄 The power of choice: Living yo... ❌
  🔄 Long-distance relationships ar... ❌
  🔄 內心強大到可怕的10種心境！#人生 #心理學 #煩惱 #認知... ❌
  🔄 當恨佔滿了心，親密就進不來！#情感 #愛情 #戀愛 #離婚 ... ❌
  🔄 3句話學會放下執著、停止內耗，走向內在的力量！#人生 #心理... ❌
  🔄 原諒出軌，是救贖還是折磨？#情感 #愛情 #戀愛 #離婚  ... ❌
  🔄 女人最該守住的三重分寸感！#情感 #愛情 #戀愛 #離婚  ... ❌
  🔄 Whether your employees are wor... ❌
  🔄 苦難生智慧「物極必反」的哲學！#人生 #心理學 #煩惱 #認... ❌
  🔄 Four ways to quickly improve y... ❌
  🔄 如何挽救孩子的躺平和厭學？#松明  #煩惱 #親子 #婚姻 ... ❌
  📊 松明讲心理: 0✅ 15❌
  📊 總計: 成功:0 失敗:15

============================================================
✅ 完成! 時間: 12:20:14
============================================================
>>> Round done at Fri Mar 27 12:20:14 CST 2026. last_channel_index=5
============================================================
🚀 知識庫爬蟲（kd subtitles 專用）- 12:20:17
============================================================

📺 [6/9] 超真實商談
  ✅ 無新影片

📺 [7/9] Cofit211
  🔄 【頻道會員專屬】腦科學權威：你擁有「重塑大腦」的能力，人生隨... ❌
  🔄 這動作能緩解腰痠背痛？科學實證：真的有用｜初日診所 魏士航醫... ❌
  🔄 [Channel Member Exclusive] Inv... ❌
  🔄 [Channel Member Exclusive] Sta... ❌
  📊 Cofit211: 0✅ 4❌
  📊 總計: 成功:0 失敗:4

============================================================
✅ 完成! 時間: 12:21:00
============================================================
>>> Round done at Fri Mar 27 12:21:00 CST 2026. last_channel_index=7
============================================================
🚀 知識庫爬蟲（kd subtitles 專用）- 12:21:03
============================================================

📺 [8/9] 泛科學
  ✅ 無新影片

📺 [9/9] 泛科學院
  🔄 公開Gemini 3.1 Pro 六大功能！不是工程師也能寫... ❌
  🔄 [2026 Best AI Subscription Gui... ❌
  🔄 Stop using AI to copy and past... ❌
  🔄 [AI Teaching Notes | YouTube C... ❌
  📊 泛科學院: 0✅ 4❌
  📊 總計: 成功:0 失敗:4

============================================================
✅ 完成! 時間: 12:21:48
============================================================
>>> Round done at Fri Mar 27 12:21:48 CST 2026. last_channel_index=0
============================================================
🚀 知識庫爬蟲（kd subtitles 專用）- 12:21:52
============================================================

📺 [1/9] 胡乃文开播
  🔄 她雙腿癢2個月竟是肝出大問題！換季皮膚就癢癢，按2大穴止癢，... ❌
  🔄 不讓醫師演戲真的太可惜！喝這1杯花茶，血壓穩下來，眼睛不花了... ❌
  🔄 血壓總是早上5點-8點高，吃降血壓藥也不管用怎麼辦？｜胡乃文... ❌
  🔄 💖粉絲問什麼？胡太太逗趣提問，胡醫師親解答！胡乃文開講會員專... ❌
  🔄 {沒看到太可惜！醫師爆笑模仿蔣部長，全場笑翻｜胡乃文開講會員... ❌
  🔄 { 會員Q&A } 急救時先別亂按！極泉穴、人中穴，其實很多... ❌
  🔄 關於食用油對膽結石和便秘的問題｜胡乃文開講會員專屬7 ❌
  🔄 翻轉糖尿病迷思！為什麼糖尿病反而要吃米飯才會好！3個簡單運動... ❌
  📊 胡乃文开播: 0✅ 8❌
  📊 總計: 成功:0 失敗:8

============================================================
✅ 完成! 時間: 12:23:04
============================================================
>>> Round done at Fri Mar 27 12:23:04 CST 2026. last_channel_index=1
============================================================
🚀 知識庫爬蟲（kd subtitles 專用）- 12:23:07
============================================================

📺 [2/9] 柏格醫生中文
  🔄 佛羅里達新法案威脅言論自由？批評糖與農藥恐被告，食品誹謗法大... ❌
  🔄 清血管這樣吃就對了！逆轉三高、改善心臟病、糖尿病、慢性腎臟病... ❌
  🔄 如何永久遠離癌症？柏格醫生破解「癌細胞」弱點，30招從根本打... ❌
  🔄 頭前傾2.5公分加重4.5公斤！柏格醫生教你每晚幾分鐘快速矯... ❌
  🔄 別再吃麵包了！就算0糖也比砂糖更害血糖飆升，無麩質、全麥全是... ❌
  🔄 養成這7個習慣，胰島素直降、脂肪狂燒！不餓不節食，輕鬆達到最... ❌
  📊 柏格醫生中文: 0✅ 6❌
  📊 總計: 成功:0 失敗:6

============================================================
✅ 完成! 時間: 12:24:26
============================================================
>>> Round done at Fri Mar 27 12:24:26 CST 2026. last_channel_index=2
============================================================
🚀 知識庫爬蟲（kd subtitles 專用）- 12:24:29
============================================================

📺 [3/9] Dr.HuangAmin
  🔄 睡覺狂打呼，口腔肌少症找上門！教你練舌肌力！feat.黃斌洋... ❌
  🔄 你靠吃「某些食物」才想大便，不正常！？必吃3種食物養腸道！｜... ❌
  🔄 手抬不起來，竟跟腸胃有關？內臟卡卡，手也會被扯住！｜功操大全 ❌
  🔄 轉頭就痛！頸因性頭痛，真正的原因在手部！？｜功操大全 ❌
  🔄 骨盆前傾一招練回正臀！檢測你有沒有假翹臀！｜功操大全 ❌
  🔄 你的身體會替情緒說話？什麼是身心學？feat.趙耕樂身心療癒... ❌
  🔄 別再硬按！淋巴塞，痠痛來！帶你一起疏通淋巴｜功操大全 ❌
  🔄 烏龜頸，脖子前傾的真相！搞錯原因復健還是凸！｜功操大全 ❌
  🔄 床墊、枕頭選錯你就痛！睡姿問題一次解！｜功操大全 ❌
  🔄 常常聳肩！你的腸胃、鎖骨卡住肩！｜迷思破解 ❌
  🔄 身體失調！月經亂、變胖竟是身體太冷！？feat.內科李琪醫師... ❌
  🔄 膝蓋痛，關鍵在骨盆、腳底的影響！｜迷思破解 ❌
  🔄 圓肩，全因你手指沒力氣？｜迷思破解 ❌
  🔄 消水腫！先清除體內垃圾｜迷思破解 ❌
  🔄 顳顎關節卡住的真正原因！｜功操大全 ❌
  📊 Dr.HuangAmin: 0✅ 15❌
  📊 總計: 成功:0 失敗:15

============================================================
✅ 完成! 時間: 12:26:47
============================================================
>>> Round done at Fri Mar 27 12:26:47 CST 2026. last_channel_index=3
============================================================
🚀 知識庫爬蟲（kd subtitles 專用）- 12:26:50
============================================================

📺 [4/9] 周慕姿放心說
  ✅ 無新影片

📺 [5/9] 松明讲心理
  🔄 Depression is a slow betrayal ... ❌
  🔄 愛操心的人，其實最孤單！#人生 #心理學 #煩惱 #認知 #... ❌
  🔄 Learn to make choices so your ... ❌
  🔄 看清選擇背後的三大陷阱，做出更清晰的人生決策！#朋友 #人際... ❌
  🔄 The power of choice: Living yo... ❌
  🔄 Long-distance relationships ar... ❌
  🔄 內心強大到可怕的10種心境！#人生 #心理學 #煩惱 #認知... ❌
  🔄 當恨佔滿了心，親密就進不來！#情感 #愛情 #戀愛 #離婚 ... ❌
  🔄 3句話學會放下執著、停止內耗，走向內在的力量！#人生 #心理... ❌
  🔄 原諒出軌，是救贖還是折磨？#情感 #愛情 #戀愛 #離婚  ... ❌
  🔄 女人最該守住的三重分寸感！#情感 #愛情 #戀愛 #離婚  ... ❌
  🔄 Whether your employees are wor... ❌
  🔄 苦難生智慧「物極必反」的哲學！#人生 #心理學 #煩惱 #認... ❌
  🔄 Four ways to quickly improve y... ❌
  🔄 如何挽救孩子的躺平和厭學？#松明  #煩惱 #親子 #婚姻 ... ❌
  📊 松明讲心理: 0✅ 15❌
  📊 總計: 成功:0 失敗:15

============================================================
✅ 完成! 時間: 12:29:04
============================================================
>>> Round done at Fri Mar 27 12:29:04 CST 2026. last_channel_index=5
============================================================
🚀 知識庫爬蟲（kd subtitles 專用）- 12:29:07
============================================================

📺 [6/9] 超真實商談
  ✅ 無新影片

📺 [7/9] Cofit211
  🔄 【頻道會員專屬】腦科學權威：你擁有「重塑大腦」的能力，人生隨... ❌
  🔄 這動作能緩解腰痠背痛？科學實證：真的有用｜初日診所 魏士航醫... ❌
  🔄 [Channel Member Exclusive] Inv... ❌
  🔄 [Channel Member Exclusive] Sta... ❌
  📊 Cofit211: 0✅ 4❌
  📊 總計: 成功:0 失敗:4

============================================================
✅ 完成! 時間: 12:29:49
============================================================
>>> Round done at Fri Mar 27 12:29:49 CST 2026. last_channel_index=7
============================================================
🚀 知識庫爬蟲（kd subtitles 專用）- 12:29:52
============================================================

📺 [8/9] 泛科學
  ✅ 無新影片

📺 [9/9] 泛科學院
  🔄 公開Gemini 3.1 Pro 六大功能！不是工程師也能寫... ❌
  🔄 [2026 Best AI Subscription Gui... ❌
  🔄 Stop using AI to copy and past... ❌
  🔄 [AI Teaching Notes | YouTube C... ❌
  📊 泛科學院: 0✅ 4❌
  📊 總計: 成功:0 失敗:4

============================================================
✅ 完成! 時間: 12:30:35
============================================================
>>> Round done at Fri Mar 27 12:30:35 CST 2026. last_channel_index=0
============================================================
🚀 知識庫爬蟲（kd subtitles 專用）- 12:30:38
============================================================

📺 [1/9] 胡乃文开播
  🔄 注意！她癢2個月查出是肝癌！春季濕疹大爆發，按2穴止癢，戒3... ❌
  🔄 不讓醫師演戲真的太可惜！喝這1杯花茶，血壓穩下來，眼睛不花了... ❌
  🔄 血壓總是早上5點-8點高，吃降血壓藥也不管用怎麼辦？｜胡乃文... ❌
  🔄 💖粉絲問什麼？胡太太逗趣提問，胡醫師親解答！胡乃文開講會員專... ❌
  🔄 {沒看到太可惜！醫師爆笑模仿蔣部長，全場笑翻｜胡乃文開講會員... ❌
  🔄 { 會員Q&A } 急救時先別亂按！極泉穴、人中穴，其實很多... ❌
  🔄 關於食用油對膽結石和便秘的問題｜胡乃文開講會員專屬7 ❌
  🔄 翻轉糖尿病迷思！為什麼糖尿病反而要吃米飯才會好！3個簡單運動... ❌
  📊 胡乃文开播: 0✅ 8❌
  📊 總計: 成功:0 失敗:8

============================================================
✅ 完成! 時間: 12:31:50
============================================================
>>> Round done at Fri Mar 27 12:31:50 CST 2026. last_channel_index=1
============================================================
🚀 知識庫爬蟲（kd subtitles 專用）- 12:31:54
============================================================

📺 [2/9] 柏格醫生中文
  🔄 佛羅里達新法案威脅言論自由？批評糖與農藥恐被告，食品誹謗法大... ❌
  🔄 清血管這樣吃就對了！逆轉三高、改善心臟病、糖尿病、慢性腎臟病... ❌
  🔄 【柏格醫生】癌症研究70年都錯了？揭開致癌真相與30個科學防... ❌
  🔄 頭前傾2.5公分加重4.5公斤！柏格醫生教你每晚幾分鐘快速矯... ❌
  🔄 麵包真正毒物不是麩質！血糖暴衝、胰島素阻抗元兇曝光，戒掉後該... ❌
  🔄 養成這7個習慣，胰島素直降、脂肪狂燒！不餓不節食，輕鬆達到最... ❌
  📊 柏格醫生中文: 0✅ 6❌
  📊 總計: 成功:0 失敗:6

============================================================
✅ 完成! 時間: 12:33:11
============================================================
>>> Round done at Fri Mar 27 12:33:11 CST 2026. last_channel_index=2
============================================================
🚀 知識庫爬蟲（kd subtitles 專用）- 12:33:14
============================================================

📺 [3/9] Dr.HuangAmin
  🔄 睡覺狂打呼，口腔肌少症找上門！教你練舌肌力！feat.黃斌洋... ❌
  🔄 你靠吃「某些食物」才想大便，不正常！？必吃3種食物養腸道！｜... ❌
  🔄 手抬不起來，竟跟腸胃有關？內臟卡卡，手也會被扯住！｜功操大全 ❌
  🔄 轉頭就痛！頸因性頭痛，真正的原因在手部！？｜功操大全 ❌
  🔄 骨盆前傾一招練回正臀！檢測你有沒有假翹臀！｜功操大全 ❌
  🔄 你的身體會替情緒說話？什麼是身心學？feat.趙耕樂身心療癒... ❌
  🔄 別再硬按！淋巴塞，痠痛來！帶你一起疏通淋巴｜功操大全 ❌
  🔄 烏龜頸，脖子前傾的真相！搞錯原因復健還是凸！｜功操大全 ❌
  🔄 床墊、枕頭選錯你就痛！睡姿問題一次解！｜功操大全 ❌
  🔄 常常聳肩！你的腸胃、鎖骨卡住肩！｜迷思破解 ❌
  🔄 身體失調！月經亂、變胖竟是身體太冷！？feat.內科李琪醫師... ❌
  🔄 膝蓋痛，關鍵在骨盆、腳底的影響！｜迷思破解 ❌
  🔄 圓肩，全因你手指沒力氣？｜迷思破解 ❌
  🔄 消水腫！先清除體內垃圾｜迷思破解 ❌
  🔄 顳顎關節卡住的真正原因！｜功操大全 ❌
  📊 Dr.HuangAmin: 0✅ 15❌
  📊 總計: 成功:0 失敗:15

============================================================
✅ 完成! 時間: 12:35:28
============================================================
>>> Round done at Fri Mar 27 12:35:28 CST 2026. last_channel_index=3
============================================================
🚀 知識庫爬蟲（kd subtitles 專用）- 12:35:31
============================================================

📺 [4/9] 周慕姿放心說
  ✅ 無新影片

📺 [5/9] 松明讲心理
  🔄 Depression is a slow betrayal ... ❌
  🔄 愛操心的人，其實最孤單！#人生 #心理學 #煩惱 #認知 #... ❌
  🔄 Learn to make choices so your ... ❌
  🔄 看清選擇背後的三大陷阱，做出更清晰的人生決策！#朋友 #人際... ❌
  🔄 The power of choice: Living yo... ❌
  🔄 Long-distance relationships ar... ❌
  🔄 內心強大到可怕的10種心境！#人生 #心理學 #煩惱 #認知... ❌
  🔄 當恨佔滿了心，親密就進不來！#情感 #愛情 #戀愛 #離婚 ... ❌
  🔄 3句話學會放下執著、停止內耗，走向內在的力量！#人生 #心理... ❌
  🔄 原諒出軌，是救贖還是折磨？#情感 #愛情 #戀愛 #離婚  ... ❌
  🔄 女人最該守住的三重分寸感！#情感 #愛情 #戀愛 #離婚  ... ❌
  🔄 Whether your employees are wor... ❌
  🔄 苦難生智慧「物極必反」的哲學！#人生 #心理學 #煩惱 #認... ❌
  🔄 Four ways to quickly improve y... ❌
  🔄 如何挽救孩子的躺平和厭學？#松明  #煩惱 #親子 #婚姻 ... ❌
  📊 松明讲心理: 0✅ 15❌
  📊 總計: 成功:0 失敗:15

============================================================
✅ 完成! 時間: 12:37:45
============================================================
>>> Round done at Fri Mar 27 12:37:45 CST 2026. last_channel_index=5
============================================================
🚀 知識庫爬蟲（kd subtitles 專用）- 12:37:48
============================================================

📺 [6/9] 超真實商談
  ✅ 無新影片

📺 [7/9] Cofit211
  🔄 【頻道會員專屬】腦科學權威：你擁有「重塑大腦」的能力，人生隨... ❌
  🔄 這動作能緩解腰痠背痛？科學實證：真的有用｜初日診所 魏士航醫... ❌
  🔄 [Channel Member Exclusive] Inv... ❌
  🔄 [Channel Member Exclusive] Sta... ❌
  📊 Cofit211: 0✅ 4❌
  📊 總計: 成功:0 失敗:4

============================================================
✅ 完成! 時間: 12:38:28
============================================================
>>> Round done at Fri Mar 27 12:38:28 CST 2026. last_channel_index=7
============================================================
🚀 知識庫爬蟲（kd subtitles 專用）- 12:38:32
============================================================

📺 [8/9] 泛科學
  ✅ 無新影片

📺 [9/9] 泛科學院
  🔄 公開Gemini 3.1 Pro 六大功能！不是工程師也能寫... ❌
  🔄 [2026 Best AI Subscription Gui... ❌
  🔄 Stop using AI to copy and past... ❌
  🔄 [AI Teaching Notes | YouTube C... ❌
  📊 泛科學院: 0✅ 4❌
  📊 總計: 成功:0 失敗:4

============================================================
✅ 完成! 時間: 12:39:16
============================================================
>>> Round done at Fri Mar 27 12:39:16 CST 2026. last_channel_index=0
============================================================
🚀 知識庫爬蟲（kd subtitles 專用）- 12:39:19
============================================================

📺 [1/9] 胡乃文开播
  🔄 注意！她癢2個月查出是肝癌！春季濕疹大爆發，按2穴止癢，戒3... ❌
  🔄 不讓醫師演戲真的太可惜！喝這1杯花茶，血壓穩下來，眼睛不花了... ❌
  🔄 血壓總是早上5點-8點高，吃降血壓藥也不管用怎麼辦？｜胡乃文... ❌
  🔄 💖粉絲問什麼？胡太太逗趣提問，胡醫師親解答！胡乃文開講會員專... ❌
  🔄 {沒看到太可惜！醫師爆笑模仿蔣部長，全場笑翻｜胡乃文開講會員... ❌
  🔄 { 會員Q&A } 急救時先別亂按！極泉穴、人中穴，其實很多... ❌
  🔄 關於食用油對膽結石和便秘的問題｜胡乃文開講會員專屬7 ❌
  🔄 翻轉糖尿病迷思！為什麼糖尿病反而要吃米飯才會好！3個簡單運動... ❌
  📊 胡乃文开播: 0✅ 8❌
  📊 總計: 成功:0 失敗:8

============================================================
✅ 完成! 時間: 12:40:31
============================================================
>>> Round done at Fri Mar 27 12:40:31 CST 2026. last_channel_index=1
============================================================
🚀 知識庫爬蟲（kd subtitles 專用）- 12:40:34
============================================================

📺 [2/9] 柏格醫生中文
  🔄 佛羅里達新法案威脅言論自由？批評糖與農藥恐被告，食品誹謗法大... ❌
  🔄 清血管這樣吃就對了！逆轉三高、改善心臟病、糖尿病、慢性腎臟病... ❌
  🔄 癌症根本不是基因突變！柏格醫生：只要做對這30件事，從「粒線... ❌
  🔄 頭前傾2.5公分加重4.5公斤！柏格醫生教你每晚幾分鐘快速矯... ❌
  🔄 別再吃麵包了！就算0糖也比砂糖更害血糖飆升，無麩質、全麥全是... ❌
  🔄 養成這7個習慣，胰島素直降、脂肪狂燒！不餓不節食，輕鬆達到最... ❌
  📊 柏格醫生中文: 0✅ 6❌
  📊 總計: 成功:0 失敗:6

============================================================
✅ 完成! 時間: 12:41:56
============================================================
>>> Round done at Fri Mar 27 12:41:56 CST 2026. last_channel_index=2
============================================================
🚀 知識庫爬蟲（kd subtitles 專用）- 12:41:59
============================================================

📺 [3/9] Dr.HuangAmin
  🔄 睡覺狂打呼，口腔肌少症找上門！教你練舌肌力！feat.黃斌洋... ❌
  🔄 你靠吃「某些食物」才想大便，不正常！？必吃3種食物養腸道！｜... ❌
  🔄 手抬不起來，竟跟腸胃有關？內臟卡卡，手也會被扯住！｜功操大全 ❌
  🔄 轉頭就痛！頸因性頭痛，真正的原因在手部！？｜功操大全 ❌
  🔄 骨盆前傾一招練回正臀！檢測你有沒有假翹臀！｜功操大全 ❌
  🔄 你的身體會替情緒說話？什麼是身心學？feat.趙耕樂身心療癒... ❌
  🔄 別再硬按！淋巴塞，痠痛來！帶你一起疏通淋巴｜功操大全 ❌
  🔄 烏龜頸，脖子前傾的真相！搞錯原因復健還是凸！｜功操大全 ❌
  🔄 床墊、枕頭選錯你就痛！睡姿問題一次解！｜功操大全 ❌
  🔄 常常聳肩！你的腸胃、鎖骨卡住肩！｜迷思破解 ❌
  🔄 身體失調！月經亂、變胖竟是身體太冷！？feat.內科李琪醫師... ❌
  🔄 膝蓋痛，關鍵在骨盆、腳底的影響！｜迷思破解 ❌
  🔄 圓肩，全因你手指沒力氣？｜迷思破解 ❌
  🔄 消水腫！先清除體內垃圾｜迷思破解 ❌
  🔄 顳顎關節卡住的真正原因！｜功操大全 ❌
  📊 Dr.HuangAmin: 0✅ 15❌
  📊 總計: 成功:0 失敗:15

============================================================
✅ 完成! 時間: 12:44:15
============================================================
>>> Round done at Fri Mar 27 12:44:16 CST 2026. last_channel_index=3
============================================================
🚀 知識庫爬蟲（kd subtitles 專用）- 12:44:19
============================================================

📺 [4/9] 周慕姿放心說
  ✅ 無新影片

📺 [5/9] 松明讲心理
  🔄 Depression is a slow betrayal ... ❌
  🔄 愛操心的人，其實最孤單！#人生 #心理學 #煩惱 #認知 #... ❌
  🔄 Learn to make choices so your ... ❌
  🔄 看清選擇背後的三大陷阱，做出更清晰的人生決策！#朋友 #人際... ❌
  🔄 The power of choice: Living yo... ❌
  🔄 Long-distance relationships ar... ❌
  🔄 內心強大到可怕的10種心境！#人生 #心理學 #煩惱 #認知... ❌
  🔄 當恨佔滿了心，親密就進不來！#情感 #愛情 #戀愛 #離婚 ... ❌
  🔄 3句話學會放下執著、停止內耗，走向內在的力量！#人生 #心理... ❌
  🔄 原諒出軌，是救贖還是折磨？#情感 #愛情 #戀愛 #離婚  ... ❌
  🔄 女人最該守住的三重分寸感！#情感 #愛情 #戀愛 #離婚  ... ❌
  🔄 Whether your employees are wor... ❌
  🔄 苦難生智慧「物極必反」的哲學！#人生 #心理學 #煩惱 #認... ❌
  🔄 Four ways to quickly improve y... ❌
  🔄 如何挽救孩子的躺平和厭學？#松明  #煩惱 #親子 #婚姻 ... ❌
  📊 松明讲心理: 0✅ 15❌
  📊 總計: 成功:0 失敗:15

============================================================
✅ 完成! 時間: 12:46:29
============================================================
>>> Round done at Fri Mar 27 12:46:29 CST 2026. last_channel_index=5
============================================================
🚀 知識庫爬蟲（kd subtitles 專用）- 12:46:32
============================================================

📺 [6/9] 超真實商談
  ✅ 無新影片

📺 [7/9] Cofit211
  🔄 【頻道會員專屬】腦科學權威：你擁有「重塑大腦」的能力，人生隨... ❌
  🔄 這動作能緩解腰痠背痛？科學實證：真的有用｜初日診所 魏士航醫... ❌
  🔄 [Channel Member Exclusive] Inv... ❌
  🔄 [Channel Member Exclusive] Sta... ❌
  📊 Cofit211: 0✅ 4❌
  📊 總計: 成功:0 失敗:4

============================================================
✅ 完成! 時間: 12:47:14
============================================================
>>> Round done at Fri Mar 27 12:47:15 CST 2026. last_channel_index=7
============================================================
🚀 知識庫爬蟲（kd subtitles 專用）- 12:47:18
============================================================

📺 [8/9] 泛科學
  ✅ 無新影片

📺 [9/9] 泛科學院
  🔄 公開Gemini 3.1 Pro 六大功能！不是工程師也能寫... ❌
  🔄 [2026 Best AI Subscription Gui... ❌
  🔄 Stop using AI to copy and past... ❌
  🔄 [AI Teaching Notes | YouTube C... ❌
  📊 泛科學院: 0✅ 4❌
  📊 總計: 成功:0 失敗:4

============================================================
✅ 完成! 時間: 12:48:06
============================================================
>>> Round done at Fri Mar 27 12:48:06 CST 2026. last_channel_index=0
============================================================
🚀 知識庫爬蟲（kd subtitles 專用）- 12:48:09
============================================================

📺 [1/9] 胡乃文开播
  🔄 她雙腿癢2個月竟是肝出大問題！換季皮膚就癢癢，按2大穴止癢，... ❌
  🔄 不讓醫師演戲真的太可惜！喝這1杯花茶，血壓穩下來，眼睛不花了... ❌
  🔄 血壓總是早上5點-8點高，吃降血壓藥也不管用怎麼辦？｜胡乃文... ❌
  🔄 💖粉絲問什麼？胡太太逗趣提問，胡醫師親解答！胡乃文開講會員專... ❌
  🔄 {沒看到太可惜！醫師爆笑模仿蔣部長，全場笑翻｜胡乃文開講會員... ❌
  🔄 { 會員Q&A } 急救時先別亂按！極泉穴、人中穴，其實很多... ❌
  🔄 關於食用油對膽結石和便秘的問題｜胡乃文開講會員專屬7 ❌
  🔄 翻轉糖尿病迷思！為什麼糖尿病反而要吃米飯才會好！3個簡單運動... ❌
  📊 胡乃文开播: 0✅ 8❌
  📊 總計: 成功:0 失敗:8

============================================================
✅ 完成! 時間: 12:49:25
============================================================
>>> Round done at Fri Mar 27 12:49:25 CST 2026. last_channel_index=1
============================================================
🚀 知識庫爬蟲（kd subtitles 專用）- 12:49:28
============================================================

📺 [2/9] 柏格醫生中文
  🔄 佛羅里達新法案威脅言論自由？批評糖與農藥恐被告，食品誹謗法大... ❌
  🔄 清血管這樣吃就對了！逆轉三高、改善心臟病、糖尿病、慢性腎臟病... ❌
  🔄 如何永久遠離癌症？柏格醫生破解「癌細胞」弱點，30招從根本打... ❌
  🔄 頭前傾2.5公分加重4.5公斤！柏格醫生教你每晚幾分鐘快速矯... ❌
  🔄 麵包真正毒物不是麩質！血糖暴衝、胰島素阻抗元兇曝光，戒掉後該... ❌
  🔄 養成這7個習慣，胰島素直降、脂肪狂燒！不餓不節食，輕鬆達到最... ❌
  📊 柏格醫生中文: 0✅ 6❌
  📊 總計: 成功:0 失敗:6

============================================================
✅ 完成! 時間: 12:50:49
============================================================
>>> Round done at Fri Mar 27 12:50:49 CST 2026. last_channel_index=2
============================================================
🚀 知識庫爬蟲（kd subtitles 專用）- 12:50:52
============================================================

📺 [3/9] Dr.HuangAmin
  🔄 睡覺狂打呼，口腔肌少症找上門！教你練舌肌力！feat.黃斌洋... ❌
  🔄 你靠吃「某些食物」才想大便，不正常！？必吃3種食物養腸道！｜... ❌
  🔄 手抬不起來，竟跟腸胃有關？內臟卡卡，手也會被扯住！｜功操大全 ❌
  🔄 轉頭就痛！頸因性頭痛，真正的原因在手部！？｜功操大全 ❌
  🔄 骨盆前傾一招練回正臀！檢測你有沒有假翹臀！｜功操大全 ❌
  🔄 你的身體會替情緒說話？什麼是身心學？feat.趙耕樂身心療癒... ❌
  🔄 別再硬按！淋巴塞，痠痛來！帶你一起疏通淋巴｜功操大全 ❌
  🔄 烏龜頸，脖子前傾的真相！搞錯原因復健還是凸！｜功操大全 ❌
  🔄 床墊、枕頭選錯你就痛！睡姿問題一次解！｜功操大全 ❌
  🔄 常常聳肩！你的腸胃、鎖骨卡住肩！｜迷思破解 ❌
  🔄 身體失調！月經亂、變胖竟是身體太冷！？feat.內科李琪醫師... ❌
  🔄 膝蓋痛，關鍵在骨盆、腳底的影響！｜迷思破解 ❌
  🔄 圓肩，全因你手指沒力氣？｜迷思破解 ❌
  🔄 消水腫！先清除體內垃圾｜迷思破解 ❌
  🔄 顳顎關節卡住的真正原因！｜功操大全 ❌
  📊 Dr.HuangAmin: 0✅ 15❌
  📊 總計: 成功:0 失敗:15

============================================================
✅ 完成! 時間: 12:53:04
============================================================
>>> Round done at Fri Mar 27 12:53:04 CST 2026. last_channel_index=3
============================================================
🚀 知識庫爬蟲（kd subtitles 專用）- 12:53:08
============================================================

📺 [4/9] 周慕姿放心說
  ✅ 無新影片

📺 [5/9] 松明讲心理
  🔄 Depression is a slow betrayal ... ❌
  🔄 愛操心的人，其實最孤單！#人生 #心理學 #煩惱 #認知 #... ❌
  🔄 Learn to make choices so your ... ❌
  🔄 看清選擇背後的三大陷阱，做出更清晰的人生決策！#朋友 #人際... ❌
  🔄 The power of choice: Living yo... ❌
  🔄 Long-distance relationships ar... ❌
  🔄 內心強大到可怕的10種心境！#人生 #心理學 #煩惱 #認知... ❌
  🔄 當恨佔滿了心，親密就進不來！#情感 #愛情 #戀愛 #離婚 ... ❌
  🔄 3句話學會放下執著、停止內耗，走向內在的力量！#人生 #心理... ❌
  🔄 原諒出軌，是救贖還是折磨？#情感 #愛情 #戀愛 #離婚  ... ❌
  🔄 女人最該守住的三重分寸感！#情感 #愛情 #戀愛 #離婚  ... ❌
  🔄 Whether your employees are wor... ❌
  🔄 苦難生智慧「物極必反」的哲學！#人生 #心理學 #煩惱 #認... ❌
  🔄 Four ways to quickly improve y... ❌
  🔄 如何挽救孩子的躺平和厭學？#松明  #煩惱 #親子 #婚姻 ... ❌
  📊 松明讲心理: 0✅ 15❌
  📊 總計: 成功:0 失敗:15

============================================================
✅ 完成! 時間: 12:55:24
============================================================
>>> Round done at Fri Mar 27 12:55:24 CST 2026. last_channel_index=5
============================================================
🚀 知識庫爬蟲（kd subtitles 專用）- 12:55:27
============================================================

📺 [6/9] 超真實商談
  ✅ 無新影片

📺 [7/9] Cofit211
  🔄 【頻道會員專屬】腦科學權威：你擁有「重塑大腦」的能力，人生隨... ❌
  🔄 這動作能緩解腰痠背痛？科學實證：真的有用｜初日診所 魏士航醫... ❌
  🔄 [Channel Member Exclusive] Inv... ❌
  🔄 [Channel Member Exclusive] Sta... ❌
  📊 Cofit211: 0✅ 4❌
  📊 總計: 成功:0 失敗:4

============================================================
✅ 完成! 時間: 12:56:07
============================================================
>>> Round done at Fri Mar 27 12:56:07 CST 2026. last_channel_index=7
============================================================
🚀 知識庫爬蟲（kd subtitles 專用）- 12:56:10
============================================================

📺 [8/9] 泛科學
  ✅ 無新影片

📺 [9/9] 泛科學院
  🔄 公開Gemini 3.1 Pro 六大功能！不是工程師也能寫... ❌
  🔄 [2026 Best AI Subscription Gui... ❌
  🔄 Stop using AI to copy and past... ❌
  🔄 [AI Teaching Notes | YouTube C... ❌
  📊 泛科學院: 0✅ 4❌
  📊 總計: 成功:0 失敗:4

============================================================
✅ 完成! 時間: 12:56:58
============================================================
>>> Round done at Fri Mar 27 12:56:58 CST 2026. last_channel_index=0
============================================================
🚀 知識庫爬蟲（kd subtitles 專用）- 12:57:01
============================================================

📺 [1/9] 胡乃文开播
  🔄 地瓜葉菊花茶讓濕疹好得快，但你吃對了嗎？她雙腿癢2個月竟是肝... ❌
  🔄 不讓醫師演戲真的太可惜！喝這1杯花茶，血壓穩下來，眼睛不花了... ❌
  🔄 血壓總是早上5點-8點高，吃降血壓藥也不管用怎麼辦？｜胡乃文... ❌
  🔄 💖粉絲問什麼？胡太太逗趣提問，胡醫師親解答！胡乃文開講會員專... ❌
  🔄 {沒看到太可惜！醫師爆笑模仿蔣部長，全場笑翻｜胡乃文開講會員... ❌
  🔄 { 會員Q&A } 急救時先別亂按！極泉穴、人中穴，其實很多... ❌
  🔄 關於食用油對膽結石和便秘的問題｜胡乃文開講會員專屬7 ❌
  🔄 翻轉糖尿病迷思！為什麼糖尿病反而要吃米飯才會好！3個簡單運動... ❌
  📊 胡乃文开播: 0✅ 8❌
  📊 總計: 成功:0 失敗:8

============================================================
✅ 完成! 時間: 12:58:12
============================================================
>>> Round done at Fri Mar 27 12:58:12 CST 2026. last_channel_index=1
============================================================
🚀 知識庫爬蟲（kd subtitles 專用）- 12:58:16
============================================================

📺 [2/9] 柏格醫生中文
  🔄 佛羅里達新法案威脅言論自由？批評糖與農藥恐被告，食品誹謗法大... ❌
  🔄 清血管這樣吃就對了！逆轉三高、改善心臟病、糖尿病、慢性腎臟病... ❌
  🔄 如何永久遠離癌症？柏格醫生破解「癌細胞」弱點，30招從根本打... ❌
  🔄 頭前傾2.5公分加重4.5公斤！柏格醫生教你每晚幾分鐘快速矯... ❌
  🔄 別再吃麵包了！就算0糖也比砂糖更害血糖飆升，無麩質、全麥全是... ❌
  🔄 養成這7個習慣，胰島素直降、脂肪狂燒！不餓不節食，輕鬆達到最... ❌
  📊 柏格醫生中文: 0✅ 6❌
  📊 總計: 成功:0 失敗:6

============================================================
✅ 完成! 時間: 12:59:30
============================================================
>>> Round done at Fri Mar 27 12:59:30 CST 2026. last_channel_index=2
============================================================
🚀 知識庫爬蟲（kd subtitles 專用）- 12:59:33
============================================================

📺 [3/9] Dr.HuangAmin
  🔄 睡覺狂打呼，口腔肌少症找上門！教你練舌肌力！feat.黃斌洋... ❌
  🔄 你靠吃「某些食物」才想大便，不正常！？必吃3種食物養腸道！｜... ❌
  🔄 手抬不起來，竟跟腸胃有關？內臟卡卡，手也會被扯住！｜功操大全 ❌
  🔄 轉頭就痛！頸因性頭痛，真正的原因在手部！？｜功操大全 ❌
  🔄 骨盆前傾一招練回正臀！檢測你有沒有假翹臀！｜功操大全 ❌
  🔄 你的身體會替情緒說話？什麼是身心學？feat.趙耕樂身心療癒... ❌
  🔄 別再硬按！淋巴塞，痠痛來！帶你一起疏通淋巴｜功操大全 ❌
  🔄 烏龜頸，脖子前傾的真相！搞錯原因復健還是凸！｜功操大全 ❌
  🔄 床墊、枕頭選錯你就痛！睡姿問題一次解！｜功操大全 ❌
  🔄 常常聳肩！你的腸胃、鎖骨卡住肩！｜迷思破解 ❌
  🔄 身體失調！月經亂、變胖竟是身體太冷！？feat.內科李琪醫師... ❌
  🔄 膝蓋痛，關鍵在骨盆、腳底的影響！｜迷思破解 ❌
  🔄 圓肩，全因你手指沒力氣？｜迷思破解 ❌
  🔄 消水腫！先清除體內垃圾｜迷思破解 ❌
  🔄 顳顎關節卡住的真正原因！｜功操大全 ❌
  📊 Dr.HuangAmin: 0✅ 15❌
  📊 總計: 成功:0 失敗:15

============================================================
✅ 完成! 時間: 13:01:47
============================================================
>>> Round done at Fri Mar 27 13:01:47 CST 2026. last_channel_index=3
============================================================
🚀 知識庫爬蟲（kd subtitles 專用）- 13:01:50
============================================================

📺 [4/9] 周慕姿放心說
  ✅ 無新影片

📺 [5/9] 松明讲心理
  🔄 Depression is a slow betrayal ... ❌
  🔄 愛操心的人，其實最孤單！#人生 #心理學 #煩惱 #認知 #... ❌
  🔄 Learn to make choices so your ... ❌
  🔄 看清選擇背後的三大陷阱，做出更清晰的人生決策！#朋友 #人際... ❌
  🔄 The power of choice: Living yo... ❌
  🔄 Long-distance relationships ar... ❌
  🔄 內心強大到可怕的10種心境！#人生 #心理學 #煩惱 #認知... ❌
  🔄 當恨佔滿了心，親密就進不來！#情感 #愛情 #戀愛 #離婚 ... ❌
  🔄 3句話學會放下執著、停止內耗，走向內在的力量！#人生 #心理... ❌
  🔄 原諒出軌，是救贖還是折磨？#情感 #愛情 #戀愛 #離婚  ... ❌
  🔄 女人最該守住的三重分寸感！#情感 #愛情 #戀愛 #離婚  ... ❌
  🔄 Whether your employees are wor... ❌
  🔄 苦難生智慧「物極必反」的哲學！#人生 #心理學 #煩惱 #認... ❌
  🔄 Four ways to quickly improve y... ❌
  🔄 如何挽救孩子的躺平和厭學？#松明  #煩惱 #親子 #婚姻 ... ❌
  📊 松明讲心理: 0✅ 15❌
  📊 總計: 成功:0 失敗:15

============================================================
✅ 完成! 時間: 13:04:07
============================================================
>>> Round done at Fri Mar 27 13:04:07 CST 2026. last_channel_index=5
============================================================
🚀 知識庫爬蟲（kd subtitles 專用）- 13:04:10
============================================================

📺 [6/9] 超真實商談
  ✅ 無新影片

📺 [7/9] Cofit211
  🔄 【頻道會員專屬】腦科學權威：你擁有「重塑大腦」的能力，人生隨... ❌
  🔄 這動作能緩解腰痠背痛？科學實證：真的有用｜初日診所 魏士航醫... ❌
  🔄 [Channel Member Exclusive] Inv... ❌
  🔄 [Channel Member Exclusive] Sta... ❌
  📊 Cofit211: 0✅ 4❌
  📊 總計: 成功:0 失敗:4

============================================================
✅ 完成! 時間: 13:04:50
============================================================
>>> Round done at Fri Mar 27 13:04:51 CST 2026. last_channel_index=7
============================================================
🚀 知識庫爬蟲（kd subtitles 專用）- 13:04:54
============================================================

📺 [8/9] 泛科學
  ✅ 無新影片

📺 [9/9] 泛科學院
  🔄 公開Gemini 3.1 Pro 六大功能！不是工程師也能寫... ❌
  🔄 [2026 Best AI Subscription Gui... ❌
  🔄 Stop using AI to copy and past... ❌
  🔄 [AI Teaching Notes | YouTube C... ❌
  📊 泛科學院: 0✅ 4❌
  📊 總計: 成功:0 失敗:4

============================================================
✅ 完成! 時間: 13:05:37
============================================================
>>> Round done at Fri Mar 27 13:05:37 CST 2026. last_channel_index=0
============================================================
🚀 知識庫爬蟲（kd subtitles 專用）- 13:05:40
============================================================

📺 [1/9] 胡乃文开播
  🔄 注意！她癢2個月查出是肝癌！春季濕疹大爆發，按2穴止癢，戒3... ❌
  🔄 不讓醫師演戲真的太可惜！喝這1杯花茶，血壓穩下來，眼睛不花了... ❌
  🔄 血壓總是早上5點-8點高，吃降血壓藥也不管用怎麼辦？｜胡乃文... ❌
  🔄 💖粉絲問什麼？胡太太逗趣提問，胡醫師親解答！胡乃文開講會員專... ❌
  🔄 {沒看到太可惜！醫師爆笑模仿蔣部長，全場笑翻｜胡乃文開講會員... ❌
  🔄 { 會員Q&A } 急救時先別亂按！極泉穴、人中穴，其實很多... ❌
  🔄 關於食用油對膽結石和便秘的問題｜胡乃文開講會員專屬7 ❌
  🔄 翻轉糖尿病迷思！為什麼糖尿病反而要吃米飯才會好！3個簡單運動... ❌
  📊 胡乃文开播: 0✅ 8❌
  📊 總計: 成功:0 失敗:8

============================================================
✅ 完成! 時間: 13:06:50
============================================================
>>> Round done at Fri Mar 27 13:06:50 CST 2026. last_channel_index=1
============================================================
🚀 知識庫爬蟲（kd subtitles 專用）- 13:06:53
============================================================

📺 [2/9] 柏格醫生中文
  🔄 佛羅里達新法案威脅言論自由？批評糖與農藥恐被告，食品誹謗法大... ❌
  🔄 清血管這樣吃就對了！逆轉三高、改善心臟病、糖尿病、慢性腎臟病... ❌
  🔄 癌症根本不是基因突變！柏格醫生：只要做對這30件事，從「粒線... ❌
  🔄 頭前傾2.5公分加重4.5公斤！柏格醫生教你每晚幾分鐘快速矯... ❌
  🔄 別再吃麵包了！就算0糖也比砂糖更害血糖飆升，無麩質、全麥全是... ❌
  🔄 養成這7個習慣，胰島素直降、脂肪狂燒！不餓不節食，輕鬆達到最... ❌
  📊 柏格醫生中文: 0✅ 6❌
  📊 總計: 成功:0 失敗:6

============================================================
✅ 完成! 時間: 13:08:11
============================================================
>>> Round done at Fri Mar 27 13:08:11 CST 2026. last_channel_index=2
============================================================
🚀 知識庫爬蟲（kd subtitles 專用）- 13:08:14
============================================================

📺 [3/9] Dr.HuangAmin
  🔄 睡覺狂打呼，口腔肌少症找上門！教你練舌肌力！feat.黃斌洋... ❌
  🔄 你靠吃「某些食物」才想大便，不正常！？必吃3種食物養腸道！｜... ❌
  🔄 手抬不起來，竟跟腸胃有關？內臟卡卡，手也會被扯住！｜功操大全 ❌
  🔄 轉頭就痛！頸因性頭痛，真正的原因在手部！？｜功操大全 ❌
  🔄 骨盆前傾一招練回正臀！檢測你有沒有假翹臀！｜功操大全 ❌
  🔄 你的身體會替情緒說話？什麼是身心學？feat.趙耕樂身心療癒... ❌
  🔄 別再硬按！淋巴塞，痠痛來！帶你一起疏通淋巴｜功操大全 ❌
  🔄 烏龜頸，脖子前傾的真相！搞錯原因復健還是凸！｜功操大全 ❌
  🔄 床墊、枕頭選錯你就痛！睡姿問題一次解！｜功操大全 ❌
  🔄 常常聳肩！你的腸胃、鎖骨卡住肩！｜迷思破解 ❌
  🔄 身體失調！月經亂、變胖竟是身體太冷！？feat.內科李琪醫師... ❌
  🔄 膝蓋痛，關鍵在骨盆、腳底的影響！｜迷思破解 ❌
  🔄 圓肩，全因你手指沒力氣？｜迷思破解 ❌
  🔄 消水腫！先清除體內垃圾｜迷思破解 ❌
  🔄 顳顎關節卡住的真正原因！｜功操大全 ❌
  📊 Dr.HuangAmin: 0✅ 15❌
  📊 總計: 成功:0 失敗:15

============================================================
✅ 完成! 時間: 13:10:24
============================================================
>>> Round done at Fri Mar 27 13:10:24 CST 2026. last_channel_index=3
============================================================
🚀 知識庫爬蟲（kd subtitles 專用）- 13:10:27
============================================================

📺 [4/9] 周慕姿放心說
  ✅ 無新影片

📺 [5/9] 松明讲心理
  🔄 Depression is a slow betrayal ... ❌
  🔄 愛操心的人，其實最孤單！#人生 #心理學 #煩惱 #認知 #... ❌
  🔄 Learn to make choices so your ... ❌
  🔄 看清選擇背後的三大陷阱，做出更清晰的人生決策！#朋友 #人際... ❌
  🔄 The power of choice: Living yo... ❌
  🔄 Long-distance relationships ar... ❌
  🔄 內心強大到可怕的10種心境！#人生 #心理學 #煩惱 #認知... ❌
  🔄 當恨佔滿了心，親密就進不來！#情感 #愛情 #戀愛 #離婚 ... ❌
  🔄 3句話學會放下執著、停止內耗，走向內在的力量！#人生 #心理... ❌
  🔄 原諒出軌，是救贖還是折磨？#情感 #愛情 #戀愛 #離婚  ... ❌
  🔄 女人最該守住的三重分寸感！#情感 #愛情 #戀愛 #離婚  ... ❌
  🔄 Whether your employees are wor... ❌
  🔄 苦難生智慧「物極必反」的哲學！#人生 #心理學 #煩惱 #認... ❌
  🔄 Four ways to quickly improve y... ❌
  🔄 如何挽救孩子的躺平和厭學？#松明  #煩惱 #親子 #婚姻 ... ❌
  📊 松明讲心理: 0✅ 15❌
  📊 總計: 成功:0 失敗:15

============================================================
✅ 完成! 時間: 13:12:39
============================================================
>>> Round done at Fri Mar 27 13:12:39 CST 2026. last_channel_index=5
============================================================
🚀 知識庫爬蟲（kd subtitles 專用）- 13:12:42
============================================================

📺 [6/9] 超真實商談
  ✅ 無新影片

📺 [7/9] Cofit211
  🔄 【頻道會員專屬】腦科學權威：你擁有「重塑大腦」的能力，人生隨... ❌
  🔄 這動作能緩解腰痠背痛？科學實證：真的有用｜初日診所 魏士航醫... ❌
  🔄 [Channel Member Exclusive] Inv... ❌
  🔄 [Channel Member Exclusive] Sta... ❌
  📊 Cofit211: 0✅ 4❌
  📊 總計: 成功:0 失敗:4

============================================================
✅ 完成! 時間: 13:13:26
============================================================
>>> Round done at Fri Mar 27 13:13:26 CST 2026. last_channel_index=7
============================================================
🚀 知識庫爬蟲（kd subtitles 專用）- 13:13:29
============================================================

📺 [8/9] 泛科學
  ✅ 無新影片

📺 [9/9] 泛科學院
  🔄 公開Gemini 3.1 Pro 六大功能！不是工程師也能寫... ❌
  🔄 [2026 Best AI Subscription Gui... ❌
  🔄 Stop using AI to copy and past... ❌
  🔄 [AI Teaching Notes | YouTube C... ❌
  📊 泛科學院: 0✅ 4❌
  📊 總計: 成功:0 失敗:4

============================================================
✅ 完成! 時間: 13:14:16
============================================================
>>> Round done at Fri Mar 27 13:14:16 CST 2026. last_channel_index=0
============================================================
🚀 知識庫爬蟲（kd subtitles 專用）- 13:14:20
============================================================

📺 [1/9] 胡乃文开播
  🔄 地瓜葉菊花茶讓濕疹好得快，但你吃對了嗎？她雙腿癢2個月竟是肝... ❌
  🔄 不讓醫師演戲真的太可惜！喝這1杯花茶，血壓穩下來，眼睛不花了... ❌
  🔄 血壓總是早上5點-8點高，吃降血壓藥也不管用怎麼辦？｜胡乃文... ❌
  🔄 💖粉絲問什麼？胡太太逗趣提問，胡醫師親解答！胡乃文開講會員專... ❌
  🔄 {沒看到太可惜！醫師爆笑模仿蔣部長，全場笑翻｜胡乃文開講會員... ❌
  🔄 { 會員Q&A } 急救時先別亂按！極泉穴、人中穴，其實很多... ❌
  🔄 關於食用油對膽結石和便秘的問題｜胡乃文開講會員專屬7 ❌
  🔄 翻轉糖尿病迷思！為什麼糖尿病反而要吃米飯才會好！3個簡單運動... ❌
  📊 胡乃文开播: 0✅ 8❌
  📊 總計: 成功:0 失敗:8

============================================================
✅ 完成! 時間: 13:15:35
============================================================
>>> Round done at Fri Mar 27 13:15:35 CST 2026. last_channel_index=1
============================================================
🚀 知識庫爬蟲（kd subtitles 專用）- 13:15:38
============================================================

📺 [2/9] 柏格醫生中文
  🔄 佛羅里達新法案威脅言論自由？批評糖與農藥恐被告，食品誹謗法大... ❌
  🔄 清血管這樣吃就對了！逆轉三高、改善心臟病、糖尿病、慢性腎臟病... ❌
  🔄 如何永久遠離癌症？柏格醫生破解「癌細胞」弱點，30招從根本打... ❌
  🔄 頭前傾2.5公分加重4.5公斤！柏格醫生教你每晚幾分鐘快速矯... ❌
  🔄 別再吃麵包了！就算0糖也比砂糖更害血糖飆升，無麩質、全麥全是... ❌
  🔄 養成這7個習慣，胰島素直降、脂肪狂燒！不餓不節食，輕鬆達到最... ❌
  📊 柏格醫生中文: 0✅ 6❌
  📊 總計: 成功:0 失敗:6

============================================================
✅ 完成! 時間: 13:17:00
============================================================
>>> Round done at Fri Mar 27 13:17:00 CST 2026. last_channel_index=2
============================================================
🚀 知識庫爬蟲（kd subtitles 專用）- 13:17:03
============================================================

📺 [3/9] Dr.HuangAmin
  🔄 睡覺狂打呼，口腔肌少症找上門！教你練舌肌力！feat.黃斌洋... ❌
  🔄 你靠吃「某些食物」才想大便，不正常！？必吃3種食物養腸道！｜... ❌
  🔄 手抬不起來，竟跟腸胃有關？內臟卡卡，手也會被扯住！｜功操大全 ❌
  🔄 轉頭就痛！頸因性頭痛，真正的原因在手部！？｜功操大全 ❌
  🔄 骨盆前傾一招練回正臀！檢測你有沒有假翹臀！｜功操大全 ❌
  🔄 你的身體會替情緒說話？什麼是身心學？feat.趙耕樂身心療癒... ❌
  🔄 別再硬按！淋巴塞，痠痛來！帶你一起疏通淋巴｜功操大全 ❌
  🔄 烏龜頸，脖子前傾的真相！搞錯原因復健還是凸！｜功操大全 ❌
  🔄 床墊、枕頭選錯你就痛！睡姿問題一次解！｜功操大全 ❌
  🔄 常常聳肩！你的腸胃、鎖骨卡住肩！｜迷思破解 ❌
  🔄 身體失調！月經亂、變胖竟是身體太冷！？feat.內科李琪醫師... ❌
  🔄 膝蓋痛，關鍵在骨盆、腳底的影響！｜迷思破解 ❌
  🔄 圓肩，全因你手指沒力氣？｜迷思破解 ❌
  🔄 消水腫！先清除體內垃圾｜迷思破解 ❌
  🔄 顳顎關節卡住的真正原因！｜功操大全 ❌
  📊 Dr.HuangAmin: 0✅ 15❌
  📊 總計: 成功:0 失敗:15

============================================================
✅ 完成! 時間: 13:19:24
============================================================
>>> Round done at Fri Mar 27 13:19:24 CST 2026. last_channel_index=3
============================================================
🚀 知識庫爬蟲（kd subtitles 專用）- 13:19:27
============================================================

📺 [4/9] 周慕姿放心說
  ✅ 無新影片

📺 [5/9] 松明讲心理
  🔄 Depression is a slow betrayal ... ❌
  🔄 愛操心的人，其實最孤單！#人生 #心理學 #煩惱 #認知 #... ❌
  🔄 Learn to make choices so your ... ❌
  🔄 看清選擇背後的三大陷阱，做出更清晰的人生決策！#朋友 #人際... ❌
  🔄 The power of choice: Living yo... ❌
  🔄 Long-distance relationships ar... ❌
  🔄 內心強大到可怕的10種心境！#人生 #心理學 #煩惱 #認知... ❌
  🔄 當恨佔滿了心，親密就進不來！#情感 #愛情 #戀愛 #離婚 ... ❌
  🔄 3句話學會放下執著、停止內耗，走向內在的力量！#人生 #心理... ❌
  🔄 原諒出軌，是救贖還是折磨？#情感 #愛情 #戀愛 #離婚  ... ❌
  🔄 女人最該守住的三重分寸感！#情感 #愛情 #戀愛 #離婚  ... ❌
  🔄 Whether your employees are wor... ❌
  🔄 苦難生智慧「物極必反」的哲學！#人生 #心理學 #煩惱 #認... ❌
  🔄 Four ways to quickly improve y... ❌
  🔄 如何挽救孩子的躺平和厭學？#松明  #煩惱 #親子 #婚姻 ... ❌
  📊 松明讲心理: 0✅ 15❌
  📊 總計: 成功:0 失敗:15

============================================================
✅ 完成! 時間: 13:21:45
============================================================
>>> Round done at Fri Mar 27 13:21:45 CST 2026. last_channel_index=5
============================================================
🚀 知識庫爬蟲（kd subtitles 專用）- 13:21:48
============================================================

📺 [6/9] 超真實商談
  ✅ 無新影片

📺 [7/9] Cofit211
  🔄 【頻道會員專屬】腦科學權威：你擁有「重塑大腦」的能力，人生隨... ❌
  🔄 這動作能緩解腰痠背痛？科學實證：真的有用｜初日診所 魏士航醫... ❌
  🔄 [Channel Member Exclusive] Inv... ❌
  🔄 [Channel Member Exclusive] Sta... ❌
  📊 Cofit211: 0✅ 4❌
  📊 總計: 成功:0 失敗:4

============================================================
✅ 完成! 時間: 13:22:29
============================================================
>>> Round done at Fri Mar 27 13:22:29 CST 2026. last_channel_index=7
============================================================
🚀 知識庫爬蟲（kd subtitles 專用）- 13:22:32
============================================================

📺 [8/9] 泛科學
  ✅ 無新影片

📺 [9/9] 泛科學院
  🔄 公開Gemini 3.1 Pro 六大功能！不是工程師也能寫... ❌
  🔄 [2026 Best AI Subscription Gui... ❌
  🔄 Stop using AI to copy and past... ❌
  🔄 [AI Teaching Notes | YouTube C... ❌
  📊 泛科學院: 0✅ 4❌
  📊 總計: 成功:0 失敗:4

============================================================
✅ 完成! 時間: 13:23:18
============================================================
>>> Round done at Fri Mar 27 13:23:18 CST 2026. last_channel_index=0
============================================================
🚀 知識庫爬蟲（kd subtitles 專用）- 13:23:21
============================================================

📺 [1/9] 胡乃文开播
  🔄 地瓜葉菊花茶讓濕疹好得快，但你吃對了嗎？她雙腿癢2個月竟是肝... ❌
  🔄 不讓醫師演戲真的太可惜！喝這1杯花茶，血壓穩下來，眼睛不花了... ❌
  🔄 血壓總是早上5點-8點高，吃降血壓藥也不管用怎麼辦？｜胡乃文... ❌
  🔄 💖粉絲問什麼？胡太太逗趣提問，胡醫師親解答！胡乃文開講會員專... ❌
  🔄 {沒看到太可惜！醫師爆笑模仿蔣部長，全場笑翻｜胡乃文開講會員... ❌
  🔄 { 會員Q&A } 急救時先別亂按！極泉穴、人中穴，其實很多... ❌
  🔄 關於食用油對膽結石和便秘的問題｜胡乃文開講會員專屬7 ❌
  🔄 翻轉糖尿病迷思！為什麼糖尿病反而要吃米飯才會好！3個簡單運動... ❌
  📊 胡乃文开播: 0✅ 8❌
  📊 總計: 成功:0 失敗:8

============================================================
✅ 完成! 時間: 13:24:31
============================================================
>>> Round done at Fri Mar 27 13:24:31 CST 2026. last_channel_index=1
============================================================
🚀 知識庫爬蟲（kd subtitles 專用）- 13:24:34
============================================================

📺 [2/9] 柏格醫生中文
  🔄 佛羅里達新法案威脅言論自由？批評糖與農藥恐被告，食品誹謗法大... ❌
  🔄 清血管這樣吃就對了！逆轉三高、改善心臟病、糖尿病、慢性腎臟病... ❌
  🔄 如何永久遠離癌症？柏格醫生破解「癌細胞」弱點，30招從根本打... ❌
  🔄 頭前傾2.5公分加重4.5公斤！柏格醫生教你每晚幾分鐘快速矯... ❌
  🔄 麵包真正毒物不是麩質！血糖暴衝、胰島素阻抗元兇曝光，戒掉後該... ❌
  🔄 養成這7個習慣，胰島素直降、脂肪狂燒！不餓不節食，輕鬆達到最... ❌
  📊 柏格醫生中文: 0✅ 6❌
  📊 總計: 成功:0 失敗:6

============================================================
✅ 完成! 時間: 13:25:53
============================================================
>>> Round done at Fri Mar 27 13:25:53 CST 2026. last_channel_index=2
============================================================
🚀 知識庫爬蟲（kd subtitles 專用）- 13:25:56
============================================================

📺 [3/9] Dr.HuangAmin
  🔄 睡覺狂打呼，口腔肌少症找上門！教你練舌肌力！feat.黃斌洋... ❌
  🔄 你靠吃「某些食物」才想大便，不正常！？必吃3種食物養腸道！｜... ❌
  🔄 手抬不起來，竟跟腸胃有關？內臟卡卡，手也會被扯住！｜功操大全 ❌
  🔄 轉頭就痛！頸因性頭痛，真正的原因在手部！？｜功操大全 ❌
  🔄 骨盆前傾一招練回正臀！檢測你有沒有假翹臀！｜功操大全 ❌
  🔄 你的身體會替情緒說話？什麼是身心學？feat.趙耕樂身心療癒... ❌
  🔄 別再硬按！淋巴塞，痠痛來！帶你一起疏通淋巴｜功操大全 ❌
  🔄 烏龜頸，脖子前傾的真相！搞錯原因復健還是凸！｜功操大全 ❌
  🔄 床墊、枕頭選錯你就痛！睡姿問題一次解！｜功操大全 ❌
  🔄 常常聳肩！你的腸胃、鎖骨卡住肩！｜迷思破解 ❌
  🔄 身體失調！月經亂、變胖竟是身體太冷！？feat.內科李琪醫師... ❌
  🔄 膝蓋痛，關鍵在骨盆、腳底的影響！｜迷思破解 ❌
  🔄 圓肩，全因你手指沒力氣？｜迷思破解 ❌
  🔄 消水腫！先清除體內垃圾｜迷思破解 ❌
  🔄 顳顎關節卡住的真正原因！｜功操大全 ❌
  📊 Dr.HuangAmin: 0✅ 15❌
  📊 總計: 成功:0 失敗:15

============================================================
✅ 完成! 時間: 13:28:08
============================================================
>>> Round done at Fri Mar 27 13:28:08 CST 2026. last_channel_index=3
============================================================
🚀 知識庫爬蟲（kd subtitles 專用）- 13:28:11
============================================================

📺 [4/9] 周慕姿放心說
  ✅ 無新影片

📺 [5/9] 松明讲心理
  🔄 Depression is a slow betrayal ... ❌
  🔄 愛操心的人，其實最孤單！#人生 #心理學 #煩惱 #認知 #... ❌
  🔄 Learn to make choices so your ... ❌
  🔄 看清選擇背後的三大陷阱，做出更清晰的人生決策！#朋友 #人際... ❌
  🔄 The power of choice: Living yo... ❌
  🔄 Long-distance relationships ar... ❌
  🔄 內心強大到可怕的10種心境！#人生 #心理學 #煩惱 #認知... ❌
  🔄 當恨佔滿了心，親密就進不來！#情感 #愛情 #戀愛 #離婚 ... ❌
  🔄 3句話學會放下執著、停止內耗，走向內在的力量！#人生 #心理... ❌
  🔄 原諒出軌，是救贖還是折磨？#情感 #愛情 #戀愛 #離婚  ... ❌
  🔄 女人最該守住的三重分寸感！#情感 #愛情 #戀愛 #離婚  ... ❌
  🔄 Whether your employees are wor... ❌
  🔄 苦難生智慧「物極必反」的哲學！#人生 #心理學 #煩惱 #認... ❌
  🔄 Four ways to quickly improve y... ❌
  🔄 如何挽救孩子的躺平和厭學？#松明  #煩惱 #親子 #婚姻 ... ❌
  📊 松明讲心理: 0✅ 15❌
  📊 總計: 成功:0 失敗:15

============================================================
✅ 完成! 時間: 13:30:21
============================================================
>>> Round done at Fri Mar 27 13:30:21 CST 2026. last_channel_index=5
============================================================
🚀 知識庫爬蟲（kd subtitles 專用）- 13:30:24
============================================================

📺 [6/9] 超真實商談
  ✅ 無新影片

📺 [7/9] Cofit211
  🔄 【頻道會員專屬】腦科學權威：你擁有「重塑大腦」的能力，人生隨... ❌
  🔄 這動作能緩解腰痠背痛？科學實證：真的有用｜初日診所 魏士航醫... ❌
  🔄 [Channel Member Exclusive] Inv... ❌
  🔄 [Channel Member Exclusive] Sta... ❌
  📊 Cofit211: 0✅ 4❌
  📊 總計: 成功:0 失敗:4

============================================================
✅ 完成! 時間: 13:31:05
============================================================
>>> Round done at Fri Mar 27 13:31:05 CST 2026. last_channel_index=7
============================================================
🚀 知識庫爬蟲（kd subtitles 專用）- 13:31:08
============================================================

📺 [8/9] 泛科學
  ✅ 無新影片

📺 [9/9] 泛科學院
  🔄 公開Gemini 3.1 Pro 六大功能！不是工程師也能寫... ❌
  🔄 [2026 Best AI Subscription Gui... ❌
  🔄 Stop using AI to copy and past... ❌
  🔄 [AI Teaching Notes | YouTube C... ❌
  📊 泛科學院: 0✅ 4❌
  📊 總計: 成功:0 失敗:4

============================================================
✅ 完成! 時間: 13:31:54
============================================================
>>> Round done at Fri Mar 27 13:31:54 CST 2026. last_channel_index=0
============================================================
🚀 知識庫爬蟲（kd subtitles 專用）- 13:31:57
============================================================

📺 [1/9] 胡乃文开播
  🔄 她雙腿癢2個月竟是肝出大問題！換季皮膚就癢癢，按2大穴止癢，... ❌
  🔄 不讓醫師演戲真的太可惜！喝這1杯花茶，血壓穩下來，眼睛不花了... ❌
  🔄 血壓總是早上5點-8點高，吃降血壓藥也不管用怎麼辦？｜胡乃文... ❌
  🔄 💖粉絲問什麼？胡太太逗趣提問，胡醫師親解答！胡乃文開講會員專... ❌
  🔄 {沒看到太可惜！醫師爆笑模仿蔣部長，全場笑翻｜胡乃文開講會員... ❌
  🔄 { 會員Q&A } 急救時先別亂按！極泉穴、人中穴，其實很多... ❌
  🔄 關於食用油對膽結石和便秘的問題｜胡乃文開講會員專屬7 ❌
  🔄 翻轉糖尿病迷思！為什麼糖尿病反而要吃米飯才會好！3個簡單運動... ❌
  📊 胡乃文开播: 0✅ 8❌
  📊 總計: 成功:0 失敗:8

============================================================
✅ 完成! 時間: 13:33:09
============================================================
>>> Round done at Fri Mar 27 13:33:09 CST 2026. last_channel_index=1
============================================================
🚀 知識庫爬蟲（kd subtitles 專用）- 13:33:12
============================================================

📺 [2/9] 柏格醫生中文
  🔄 佛羅里達新法案威脅言論自由？批評糖與農藥恐被告，食品誹謗法大... ❌
  🔄 清血管這樣吃就對了！逆轉三高、改善心臟病、糖尿病、慢性腎臟病... ❌
  🔄 癌症根本不是基因突變！柏格醫生：只要做對這30件事，從「粒線... ❌
  🔄 頭前傾2.5公分加重4.5公斤！柏格醫生教你每晚幾分鐘快速矯... ❌
  🔄 麵包真正毒物不是麩質！血糖暴衝、胰島素阻抗元兇曝光，戒掉後該... ❌
  🔄 養成這7個習慣，胰島素直降、脂肪狂燒！不餓不節食，輕鬆達到最... ✅ (29823字)
  📊 柏格醫生中文: 1✅ 5❌
  📊 總計: 成功:1 失敗:5

============================================================
✅ 完成! 時間: 13:34:32
============================================================
>>> Round done at Fri Mar 27 13:34:32 CST 2026. last_channel_index=2
============================================================
🚀 知識庫爬蟲（kd subtitles 專用）- 13:34:35
============================================================

📺 [3/9] Dr.HuangAmin
  🔄 睡覺狂打呼，口腔肌少症找上門！教你練舌肌力！feat.黃斌洋... ❌
  🔄 你靠吃「某些食物」才想大便，不正常！？必吃3種食物養腸道！｜... ❌
  🔄 手抬不起來，竟跟腸胃有關？內臟卡卡，手也會被扯住！｜功操大全 ❌
  🔄 轉頭就痛！頸因性頭痛，真正的原因在手部！？｜功操大全 ❌
  🔄 骨盆前傾一招練回正臀！檢測你有沒有假翹臀！｜功操大全 ❌
  🔄 你的身體會替情緒說話？什麼是身心學？feat.趙耕樂身心療癒... ❌
  🔄 別再硬按！淋巴塞，痠痛來！帶你一起疏通淋巴｜功操大全 ❌
  🔄 烏龜頸，脖子前傾的真相！搞錯原因復健還是凸！｜功操大全 ❌
  🔄 床墊、枕頭選錯你就痛！睡姿問題一次解！｜功操大全 ❌
  🔄 常常聳肩！你的腸胃、鎖骨卡住肩！｜迷思破解 ❌
  🔄 身體失調！月經亂、變胖竟是身體太冷！？feat.內科李琪醫師... ❌
  🔄 膝蓋痛，關鍵在骨盆、腳底的影響！｜迷思破解 ❌
  🔄 圓肩，全因你手指沒力氣？｜迷思破解 ❌
  🔄 消水腫！先清除體內垃圾｜迷思破解 ❌
  🔄 顳顎關節卡住的真正原因！｜功操大全 ❌
  📊 Dr.HuangAmin: 0✅ 15❌
  📊 總計: 成功:0 失敗:15

============================================================
✅ 完成! 時間: 13:36:54
============================================================
>>> Round done at Fri Mar 27 13:36:54 CST 2026. last_channel_index=3
============================================================
🚀 知識庫爬蟲（kd subtitles 專用）- 13:36:57
============================================================

📺 [4/9] 周慕姿放心說
  ✅ 無新影片

📺 [5/9] 松明讲心理
  🔄 Depression is a slow betrayal ... ❌
  🔄 愛操心的人，其實最孤單！#人生 #心理學 #煩惱 #認知 #... ❌
  🔄 Learn to make choices so your ... ❌
  🔄 看清選擇背後的三大陷阱，做出更清晰的人生決策！#朋友 #人際... ❌
  🔄 The power of choice: Living yo... ❌
  🔄 Long-distance relationships ar... ❌
  🔄 內心強大到可怕的10種心境！#人生 #心理學 #煩惱 #認知... ❌
  🔄 當恨佔滿了心，親密就進不來！#情感 #愛情 #戀愛 #離婚 ... ❌
  🔄 3句話學會放下執著、停止內耗，走向內在的力量！#人生 #心理... ❌
  🔄 原諒出軌，是救贖還是折磨？#情感 #愛情 #戀愛 #離婚  ... ❌
  🔄 女人最該守住的三重分寸感！#情感 #愛情 #戀愛 #離婚  ... ❌
  🔄 Whether your employees are wor... ❌
  🔄 苦難生智慧「物極必反」的哲學！#人生 #心理學 #煩惱 #認... ❌
  🔄 Four ways to quickly improve y... ❌
  🔄 如何挽救孩子的躺平和厭學？#松明  #煩惱 #親子 #婚姻 ... ❌
  📊 松明讲心理: 0✅ 15❌
  📊 總計: 成功:0 失敗:15

============================================================
✅ 完成! 時間: 13:39:12
============================================================
>>> Round done at Fri Mar 27 13:39:12 CST 2026. last_channel_index=5
============================================================
🚀 知識庫爬蟲（kd subtitles 專用）- 13:39:15
============================================================

📺 [6/9] 超真實商談
  ✅ 無新影片

📺 [7/9] Cofit211
  🔄 【頻道會員專屬】腦科學權威：你擁有「重塑大腦」的能力，人生隨... ❌
  🔄 這動作能緩解腰痠背痛？科學實證：真的有用｜初日診所 魏士航醫... ❌
  🔄 [Channel Member Exclusive] Inv... ❌
  🔄 [Channel Member Exclusive] Sta... ❌
  📊 Cofit211: 0✅ 4❌
  📊 總計: 成功:0 失敗:4

============================================================
✅ 完成! 時間: 13:39:59
============================================================
>>> Round done at Fri Mar 27 13:39:59 CST 2026. last_channel_index=7
============================================================
🚀 知識庫爬蟲（kd subtitles 專用）- 13:40:03
============================================================

📺 [8/9] 泛科學
  ✅ 無新影片

📺 [9/9] 泛科學院
  🔄 公開Gemini 3.1 Pro 六大功能！不是工程師也能寫... ❌
  🔄 [2026 Best AI Subscription Gui... ❌
  🔄 Stop using AI to copy and past... ❌
  🔄 [AI Teaching Notes | YouTube C... ❌
  📊 泛科學院: 0✅ 4❌
  📊 總計: 成功:0 失敗:4

============================================================
✅ 完成! 時間: 13:40:49
============================================================
>>> Round done at Fri Mar 27 13:40:49 CST 2026. last_channel_index=0
============================================================
🚀 知識庫爬蟲（kd subtitles 專用）- 13:40:52
============================================================

📺 [1/9] 胡乃文开播
  🔄 注意！她癢2個月查出是肝癌！春季濕疹大爆發，按2穴止癢，戒3... ❌
  🔄 不讓醫師演戲真的太可惜！喝這1杯花茶，血壓穩下來，眼睛不花了... ❌
  🔄 血壓總是早上5點-8點高，吃降血壓藥也不管用怎麼辦？｜胡乃文... ❌
  🔄 💖粉絲問什麼？胡太太逗趣提問，胡醫師親解答！胡乃文開講會員專... ❌
  🔄 {沒看到太可惜！醫師爆笑模仿蔣部長，全場笑翻｜胡乃文開講會員... ❌
  🔄 { 會員Q&A } 急救時先別亂按！極泉穴、人中穴，其實很多... ❌
  🔄 關於食用油對膽結石和便秘的問題｜胡乃文開講會員專屬7 ❌
  🔄 翻轉糖尿病迷思！為什麼糖尿病反而要吃米飯才會好！3個簡單運動... ❌
  📊 胡乃文开播: 0✅ 8❌
  📊 總計: 成功:0 失敗:8

============================================================
✅ 完成! 時間: 13:42:06
============================================================
>>> Round done at Fri Mar 27 13:42:06 CST 2026. last_channel_index=1
============================================================
🚀 知識庫爬蟲（kd subtitles 專用）- 13:42:09
============================================================

📺 [2/9] 柏格醫生中文
  🔄 佛羅里達新法案威脅言論自由？批評糖與農藥恐被告，食品誹謗法大... ❌
  🔄 清血管這樣吃就對了！逆轉三高、改善心臟病、糖尿病、慢性腎臟病... ❌
  🔄 癌症根本不是基因突變！柏格醫生：只要做對這30件事，從「粒線... ❌
  🔄 頭前傾2.5公分加重4.5公斤！柏格醫生教你每晚幾分鐘快速矯... ❌
  🔄 別再吃麵包了！就算0糖也比砂糖更害血糖飆升，無麩質、全麥全是... ❌
  📊 柏格醫生中文: 0✅ 5❌
  📊 總計: 成功:0 失敗:5

============================================================
✅ 完成! 時間: 13:43:12
============================================================
>>> Round done at Fri Mar 27 13:43:12 CST 2026. last_channel_index=2
============================================================
🚀 知識庫爬蟲（kd subtitles 專用）- 13:43:15
============================================================

📺 [3/9] Dr.HuangAmin
  🔄 睡覺狂打呼，口腔肌少症找上門！教你練舌肌力！feat.黃斌洋... ❌
  🔄 你靠吃「某些食物」才想大便，不正常！？必吃3種食物養腸道！｜... ❌
  🔄 手抬不起來，竟跟腸胃有關？內臟卡卡，手也會被扯住！｜功操大全 ❌
  🔄 轉頭就痛！頸因性頭痛，真正的原因在手部！？｜功操大全 ❌
  🔄 骨盆前傾一招練回正臀！檢測你有沒有假翹臀！｜功操大全 ❌
  🔄 你的身體會替情緒說話？什麼是身心學？feat.趙耕樂身心療癒... ❌
  🔄 別再硬按！淋巴塞，痠痛來！帶你一起疏通淋巴｜功操大全 ❌
  🔄 烏龜頸，脖子前傾的真相！搞錯原因復健還是凸！｜功操大全 ❌
  🔄 床墊、枕頭選錯你就痛！睡姿問題一次解！｜功操大全 ❌
  🔄 常常聳肩！你的腸胃、鎖骨卡住肩！｜迷思破解 ❌
  🔄 身體失調！月經亂、變胖竟是身體太冷！？feat.內科李琪醫師... ❌
  🔄 膝蓋痛，關鍵在骨盆、腳底的影響！｜迷思破解 ❌
  🔄 圓肩，全因你手指沒力氣？｜迷思破解 ❌
  🔄 消水腫！先清除體內垃圾｜迷思破解 ❌
  🔄 顳顎關節卡住的真正原因！｜功操大全 ❌
  📊 Dr.HuangAmin: 0✅ 15❌
  📊 總計: 成功:0 失敗:15

============================================================
✅ 完成! 時間: 13:45:31
============================================================
>>> Round done at Fri Mar 27 13:45:31 CST 2026. last_channel_index=3
============================================================
🚀 知識庫爬蟲（kd subtitles 專用）- 13:45:34
============================================================

📺 [4/9] 周慕姿放心說
  ✅ 無新影片

📺 [5/9] 松明讲心理
  🔄 Depression is a slow betrayal ... ❌
  🔄 愛操心的人，其實最孤單！#人生 #心理學 #煩惱 #認知 #... ❌
  🔄 Learn to make choices so your ... ❌
  🔄 看清選擇背後的三大陷阱，做出更清晰的人生決策！#朋友 #人際... ❌
  🔄 The power of choice: Living yo... ❌
  🔄 Long-distance relationships ar... ❌
  🔄 內心強大到可怕的10種心境！#人生 #心理學 #煩惱 #認知... ❌
  🔄 當恨佔滿了心，親密就進不來！#情感 #愛情 #戀愛 #離婚 ... ❌
  🔄 3句話學會放下執著、停止內耗，走向內在的力量！#人生 #心理... ❌
  🔄 原諒出軌，是救贖還是折磨？#情感 #愛情 #戀愛 #離婚  ... ❌
  🔄 女人最該守住的三重分寸感！#情感 #愛情 #戀愛 #離婚  ... ❌
  🔄 Whether your employees are wor... ❌
  🔄 苦難生智慧「物極必反」的哲學！#人生 #心理學 #煩惱 #認... ❌
  🔄 Four ways to quickly improve y... ❌
  🔄 如何挽救孩子的躺平和厭學？#松明  #煩惱 #親子 #婚姻 ... ❌
  📊 松明讲心理: 0✅ 15❌
  📊 總計: 成功:0 失敗:15

============================================================
✅ 完成! 時間: 13:47:50
============================================================
>>> Round done at Fri Mar 27 13:47:50 CST 2026. last_channel_index=5
============================================================
🚀 知識庫爬蟲（kd subtitles 專用）- 13:47:53
============================================================

📺 [6/9] 超真實商談
  ✅ 無新影片

📺 [7/9] Cofit211
  🔄 【頻道會員專屬】腦科學權威：你擁有「重塑大腦」的能力，人生隨... ❌
  🔄 這動作能緩解腰痠背痛？科學實證：真的有用｜初日診所 魏士航醫... ❌
  🔄 [Channel Member Exclusive] Inv... ❌
  🔄 [Channel Member Exclusive] Sta... ❌
  📊 Cofit211: 0✅ 4❌
  📊 總計: 成功:0 失敗:4

============================================================
✅ 完成! 時間: 13:48:38
============================================================
>>> Round done at Fri Mar 27 13:48:38 CST 2026. last_channel_index=7
============================================================
🚀 知識庫爬蟲（kd subtitles 專用）- 13:48:41
============================================================

📺 [8/9] 泛科學
  ✅ 無新影片

📺 [9/9] 泛科學院
  🔄 公開Gemini 3.1 Pro 六大功能！不是工程師也能寫... ❌
  🔄 [2026 Best AI Subscription Gui... ❌
  🔄 Stop using AI to copy and past... ❌
  🔄 [AI Teaching Notes | YouTube C... ❌
  📊 泛科學院: 0✅ 4❌
  📊 總計: 成功:0 失敗:4

============================================================
✅ 完成! 時間: 13:49:29
============================================================
>>> Round done at Fri Mar 27 13:49:29 CST 2026. last_channel_index=0
============================================================
🚀 知識庫爬蟲（kd subtitles 專用）- 13:49:32
============================================================

📺 [1/9] 胡乃文开播
  🔄 注意！她癢2個月查出是肝癌！春季濕疹大爆發，按2穴止癢，戒3... ❌
  🔄 不讓醫師演戲真的太可惜！喝這1杯花茶，血壓穩下來，眼睛不花了... ❌
  🔄 血壓總是早上5點-8點高，吃降血壓藥也不管用怎麼辦？｜胡乃文... ❌
  🔄 💖粉絲問什麼？胡太太逗趣提問，胡醫師親解答！胡乃文開講會員專... ❌
  🔄 {沒看到太可惜！醫師爆笑模仿蔣部長，全場笑翻｜胡乃文開講會員... ❌
  🔄 { 會員Q&A } 急救時先別亂按！極泉穴、人中穴，其實很多... ❌
  🔄 關於食用油對膽結石和便秘的問題｜胡乃文開講會員專屬7 ❌
  🔄 翻轉糖尿病迷思！為什麼糖尿病反而要吃米飯才會好！3個簡單運動... ❌
  📊 胡乃文开播: 0✅ 8❌
  📊 總計: 成功:0 失敗:8

============================================================
✅ 完成! 時間: 13:50:46
============================================================
>>> Round done at Fri Mar 27 13:50:47 CST 2026. last_channel_index=1
============================================================
🚀 知識庫爬蟲（kd subtitles 專用）- 13:50:50
============================================================

📺 [2/9] 柏格醫生中文
  🔄 佛羅里達新法案威脅言論自由？批評糖與農藥恐被告，食品誹謗法大... ❌
  🔄 清血管這樣吃就對了！逆轉三高、改善心臟病、糖尿病、慢性腎臟病... ❌
  🔄 如何永久遠離癌症？柏格醫生破解「癌細胞」弱點，30招從根本打... ❌
  🔄 頭前傾2.5公分加重4.5公斤！柏格醫生教你每晚幾分鐘快速矯... ❌
  🔄 麵包真正毒物不是麩質！血糖暴衝、胰島素阻抗元兇曝光，戒掉後該... ❌
  📊 柏格醫生中文: 0✅ 5❌
  📊 總計: 成功:0 失敗:5

============================================================
✅ 完成! 時間: 13:51:54
============================================================
>>> Round done at Fri Mar 27 13:51:54 CST 2026. last_channel_index=2
============================================================
🚀 知識庫爬蟲（kd subtitles 專用）- 13:51:57
============================================================

📺 [3/9] Dr.HuangAmin
  🔄 睡覺狂打呼，口腔肌少症找上門！教你練舌肌力！feat.黃斌洋... ❌
  🔄 你靠吃「某些食物」才想大便，不正常！？必吃3種食物養腸道！｜... ❌
  🔄 手抬不起來，竟跟腸胃有關？內臟卡卡，手也會被扯住！｜功操大全 ❌
  🔄 轉頭就痛！頸因性頭痛，真正的原因在手部！？｜功操大全 ❌
  🔄 骨盆前傾一招練回正臀！檢測你有沒有假翹臀！｜功操大全 ❌
  🔄 你的身體會替情緒說話？什麼是身心學？feat.趙耕樂身心療癒... ❌
  🔄 別再硬按！淋巴塞，痠痛來！帶你一起疏通淋巴｜功操大全 ❌
  🔄 烏龜頸，脖子前傾的真相！搞錯原因復健還是凸！｜功操大全 ❌
  🔄 床墊、枕頭選錯你就痛！睡姿問題一次解！｜功操大全 ❌
  🔄 常常聳肩！你的腸胃、鎖骨卡住肩！｜迷思破解 ❌
  🔄 身體失調！月經亂、變胖竟是身體太冷！？feat.內科李琪醫師... ❌
  🔄 膝蓋痛，關鍵在骨盆、腳底的影響！｜迷思破解 ❌
  🔄 圓肩，全因你手指沒力氣？｜迷思破解 ❌
  🔄 消水腫！先清除體內垃圾｜迷思破解 ❌
  🔄 顳顎關節卡住的真正原因！｜功操大全 ❌
  📊 Dr.HuangAmin: 0✅ 15❌
  📊 總計: 成功:0 失敗:15

============================================================
✅ 完成! 時間: 13:54:19
============================================================
>>> Round done at Fri Mar 27 13:54:19 CST 2026. last_channel_index=3
============================================================
🚀 知識庫爬蟲（kd subtitles 專用）- 13:54:22
============================================================

📺 [4/9] 周慕姿放心說
  ✅ 無新影片

📺 [5/9] 松明讲心理
  🔄 Depression is a slow betrayal ... ❌
  🔄 愛操心的人，其實最孤單！#人生 #心理學 #煩惱 #認知 #... ❌
  🔄 Learn to make choices so your ... ❌
  🔄 看清選擇背後的三大陷阱，做出更清晰的人生決策！#朋友 #人際... ❌
  🔄 The power of choice: Living yo... ❌
  🔄 Long-distance relationships ar... ❌
  🔄 內心強大到可怕的10種心境！#人生 #心理學 #煩惱 #認知... ❌
  🔄 當恨佔滿了心，親密就進不來！#情感 #愛情 #戀愛 #離婚 ... ❌
  🔄 3句話學會放下執著、停止內耗，走向內在的力量！#人生 #心理... ❌
  🔄 原諒出軌，是救贖還是折磨？#情感 #愛情 #戀愛 #離婚  ... ❌
  🔄 女人最該守住的三重分寸感！#情感 #愛情 #戀愛 #離婚  ... ❌
  🔄 Whether your employees are wor... ❌
  🔄 苦難生智慧「物極必反」的哲學！#人生 #心理學 #煩惱 #認... ❌
  🔄 Four ways to quickly improve y... ❌
  🔄 如何挽救孩子的躺平和厭學？#松明  #煩惱 #親子 #婚姻 ... ❌
  📊 松明讲心理: 0✅ 15❌
  📊 總計: 成功:0 失敗:15

============================================================
✅ 完成! 時間: 13:56:43
============================================================
>>> Round done at Fri Mar 27 13:56:43 CST 2026. last_channel_index=5
============================================================
🚀 知識庫爬蟲（kd subtitles 專用）- 13:56:46
============================================================

📺 [6/9] 超真實商談
  ✅ 無新影片

📺 [7/9] Cofit211
  🔄 【頻道會員專屬】腦科學權威：你擁有「重塑大腦」的能力，人生隨... ❌
  🔄 這動作能緩解腰痠背痛？科學實證：真的有用｜初日診所 魏士航醫... ❌
  🔄 [Channel Member Exclusive] Inv... ❌
  🔄 [Channel Member Exclusive] Sta... ❌
  📊 Cofit211: 0✅ 4❌
  📊 總計: 成功:0 失敗:4

============================================================
✅ 完成! 時間: 13:57:27
============================================================
>>> Round done at Fri Mar 27 13:57:27 CST 2026. last_channel_index=7
============================================================
🚀 知識庫爬蟲（kd subtitles 專用）- 13:57:30
============================================================

📺 [8/9] 泛科學
  ✅ 無新影片

📺 [9/9] 泛科學院
  🔄 公開Gemini 3.1 Pro 六大功能！不是工程師也能寫... ❌
  🔄 [2026 Best AI Subscription Gui... ❌
  🔄 Stop using AI to copy and past... ❌
  🔄 [AI Teaching Notes | YouTube C... ❌
  📊 泛科學院: 0✅ 4❌
  📊 總計: 成功:0 失敗:4

============================================================
✅ 完成! 時間: 13:58:16
============================================================
>>> Round done at Fri Mar 27 13:58:16 CST 2026. last_channel_index=0
============================================================
🚀 知識庫爬蟲（kd subtitles 專用）- 13:58:19
============================================================

📺 [1/9] 胡乃文开播
  🔄 注意！她癢2個月查出是肝癌！春季濕疹大爆發，按2穴止癢，戒3... ❌
  🔄 不讓醫師演戲真的太可惜！喝這1杯花茶，血壓穩下來，眼睛不花了... ❌
  🔄 血壓總是早上5點-8點高，吃降血壓藥也不管用怎麼辦？｜胡乃文... ❌
  🔄 💖粉絲問什麼？胡太太逗趣提問，胡醫師親解答！胡乃文開講會員專... ❌
  🔄 {沒看到太可惜！醫師爆笑模仿蔣部長，全場笑翻｜胡乃文開講會員... ❌
  🔄 { 會員Q&A } 急救時先別亂按！極泉穴、人中穴，其實很多... ❌
  🔄 關於食用油對膽結石和便秘的問題｜胡乃文開講會員專屬7 ❌
  🔄 翻轉糖尿病迷思！為什麼糖尿病反而要吃米飯才會好！3個簡單運動... ❌
  📊 胡乃文开播: 0✅ 8❌
  📊 總計: 成功:0 失敗:8

============================================================
✅ 完成! 時間: 13:59:31
============================================================
>>> Round done at Fri Mar 27 13:59:31 CST 2026. last_channel_index=1
============================================================
🚀 知識庫爬蟲（kd subtitles 專用）- 13:59:34
============================================================

📺 [2/9] 柏格醫生中文
  🔄 佛羅里達新法案威脅言論自由？批評糖與農藥恐被告，食品誹謗法大... ❌
  🔄 清血管這樣吃就對了！逆轉三高、改善心臟病、糖尿病、慢性腎臟病... ❌
  🔄 如何永久遠離癌症？柏格醫生破解「癌細胞」弱點，30招從根本打... ❌
  🔄 頭前傾2.5公分加重4.5公斤！柏格醫生教你每晚幾分鐘快速矯... ❌
  🔄 別再吃麵包了！就算0糖也比砂糖更害血糖飆升，無麩質、全麥全是... ❌
  📊 柏格醫生中文: 0✅ 5❌
  📊 總計: 成功:0 失敗:5

============================================================
✅ 完成! 時間: 14:00:43
============================================================
>>> Round done at Fri Mar 27 14:00:43 CST 2026. last_channel_index=2
============================================================
🚀 知識庫爬蟲（kd subtitles 專用）- 14:00:46
============================================================

📺 [3/9] Dr.HuangAmin
  🔄 睡覺狂打呼，口腔肌少症找上門！教你練舌肌力！feat.黃斌洋... ❌
  🔄 你靠吃「某些食物」才想大便，不正常！？必吃3種食物養腸道！｜... ❌
  🔄 手抬不起來，竟跟腸胃有關？內臟卡卡，手也會被扯住！｜功操大全 ❌
  🔄 轉頭就痛！頸因性頭痛，真正的原因在手部！？｜功操大全 ❌
  🔄 骨盆前傾一招練回正臀！檢測你有沒有假翹臀！｜功操大全 ❌
  🔄 你的身體會替情緒說話？什麼是身心學？feat.趙耕樂身心療癒... ❌
  🔄 別再硬按！淋巴塞，痠痛來！帶你一起疏通淋巴｜功操大全 ❌
  🔄 烏龜頸，脖子前傾的真相！搞錯原因復健還是凸！｜功操大全 ❌
  🔄 床墊、枕頭選錯你就痛！睡姿問題一次解！｜功操大全 ❌
  🔄 常常聳肩！你的腸胃、鎖骨卡住肩！｜迷思破解 ❌
  🔄 身體失調！月經亂、變胖竟是身體太冷！？feat.內科李琪醫師... ❌
  🔄 膝蓋痛，關鍵在骨盆、腳底的影響！｜迷思破解 ❌
  🔄 圓肩，全因你手指沒力氣？｜迷思破解 ❌
  🔄 消水腫！先清除體內垃圾｜迷思破解 ❌
  🔄 顳顎關節卡住的真正原因！｜功操大全 ❌
  📊 Dr.HuangAmin: 0✅ 15❌
  📊 總計: 成功:0 失敗:15

============================================================
✅ 完成! 時間: 14:02:59
============================================================
>>> Round done at Fri Mar 27 14:02:59 CST 2026. last_channel_index=3
============================================================
🚀 知識庫爬蟲（kd subtitles 專用）- 14:03:02
============================================================

📺 [4/9] 周慕姿放心說
  ✅ 無新影片

📺 [5/9] 松明讲心理
  🔄 Depression is a slow betrayal ... ❌
  🔄 愛操心的人，其實最孤單！#人生 #心理學 #煩惱 #認知 #... ❌
  🔄 Learn to make choices so your ... ❌
  🔄 看清選擇背後的三大陷阱，做出更清晰的人生決策！#朋友 #人際... ❌
  🔄 The power of choice: Living yo... ❌
  🔄 Long-distance relationships ar... ❌
  🔄 內心強大到可怕的10種心境！#人生 #心理學 #煩惱 #認知... ❌
  🔄 當恨佔滿了心，親密就進不來！#情感 #愛情 #戀愛 #離婚 ... ❌
  🔄 3句話學會放下執著、停止內耗，走向內在的力量！#人生 #心理... ❌
  🔄 原諒出軌，是救贖還是折磨？#情感 #愛情 #戀愛 #離婚  ... ❌
  🔄 女人最該守住的三重分寸感！#情感 #愛情 #戀愛 #離婚  ... ❌
  🔄 Whether your employees are wor... ❌
  🔄 苦難生智慧「物極必反」的哲學！#人生 #心理學 #煩惱 #認... ❌
  🔄 Four ways to quickly improve y... ❌
  🔄 如何挽救孩子的躺平和厭學？#松明  #煩惱 #親子 #婚姻 ... ❌
  📊 松明讲心理: 0✅ 15❌
  📊 總計: 成功:0 失敗:15

============================================================
✅ 完成! 時間: 14:05:17
============================================================
>>> Round done at Fri Mar 27 14:05:17 CST 2026. last_channel_index=5
============================================================
🚀 知識庫爬蟲（kd subtitles 專用）- 14:05:20
============================================================

📺 [6/9] 超真實商談
  ✅ 無新影片

📺 [7/9] Cofit211
  🔄 【頻道會員專屬】腦科學權威：你擁有「重塑大腦」的能力，人生隨... ❌
  🔄 這動作能緩解腰痠背痛？科學實證：真的有用｜初日診所 魏士航醫... ❌
  🔄 [Channel Member Exclusive] Inv... ❌
  🔄 [Channel Member Exclusive] Sta... ❌
  📊 Cofit211: 0✅ 4❌
  📊 總計: 成功:0 失敗:4

============================================================
✅ 完成! 時間: 14:06:00
============================================================
>>> Round done at Fri Mar 27 14:06:00 CST 2026. last_channel_index=7
============================================================
🚀 知識庫爬蟲（kd subtitles 專用）- 14:06:03
============================================================

📺 [8/9] 泛科學
  ✅ 無新影片

📺 [9/9] 泛科學院
  🔄 公開Gemini 3.1 Pro 六大功能！不是工程師也能寫... ❌
  🔄 [2026 Best AI Subscription Gui... ❌
  🔄 Stop using AI to copy and past... ❌
  🔄 [AI Teaching Notes | YouTube C... ❌
  📊 泛科學院: 0✅ 4❌
  📊 總計: 成功:0 失敗:4

============================================================
✅ 完成! 時間: 14:06:52
============================================================
>>> Round done at Fri Mar 27 14:06:52 CST 2026. last_channel_index=0
============================================================
🚀 知識庫爬蟲（kd subtitles 專用）- 14:06:55
============================================================

📺 [1/9] 胡乃文开播
  🔄 地瓜葉菊花茶讓濕疹好得快，但你吃對了嗎？她雙腿癢2個月竟是肝... ❌
  🔄 不讓醫師演戲真的太可惜！喝這1杯花茶，血壓穩下來，眼睛不花了... ❌
  🔄 血壓總是早上5點-8點高，吃降血壓藥也不管用怎麼辦？｜胡乃文... ❌
  🔄 💖粉絲問什麼？胡太太逗趣提問，胡醫師親解答！胡乃文開講會員專... ❌
  🔄 {沒看到太可惜！醫師爆笑模仿蔣部長，全場笑翻｜胡乃文開講會員... ❌
  🔄 { 會員Q&A } 急救時先別亂按！極泉穴、人中穴，其實很多... ❌
  🔄 關於食用油對膽結石和便秘的問題｜胡乃文開講會員專屬7 ❌
  🔄 翻轉糖尿病迷思！為什麼糖尿病反而要吃米飯才會好！3個簡單運動... ❌
  📊 胡乃文开播: 0✅ 8❌
  📊 總計: 成功:0 失敗:8

============================================================
✅ 完成! 時間: 14:08:11
============================================================
>>> Round done at Fri Mar 27 14:08:11 CST 2026. last_channel_index=1
============================================================
🚀 知識庫爬蟲（kd subtitles 專用）- 14:08:14
============================================================

📺 [2/9] 柏格醫生中文
  🔄 佛羅里達新法案威脅言論自由？批評糖與農藥恐被告，食品誹謗法大... ❌
  🔄 清血管這樣吃就對了！逆轉三高、改善心臟病、糖尿病、慢性腎臟病... ❌
  🔄 癌症根本不是基因突變！柏格醫生：只要做對這30件事，從「粒線... ❌
  🔄 頭前傾2.5公分加重4.5公斤！柏格醫生教你每晚幾分鐘快速矯... ❌
  🔄 麵包真正毒物不是麩質！血糖暴衝、胰島素阻抗元兇曝光，戒掉後該... ❌
  📊 柏格醫生中文: 0✅ 5❌
  📊 總計: 成功:0 失敗:5

============================================================
✅ 完成! 時間: 14:09:19
============================================================
>>> Round done at Fri Mar 27 14:09:19 CST 2026. last_channel_index=2
============================================================
🚀 知識庫爬蟲（kd subtitles 專用）- 14:09:22
============================================================

📺 [3/9] Dr.HuangAmin
  🔄 睡覺狂打呼，口腔肌少症找上門！教你練舌肌力！feat.黃斌洋... ❌
  🔄 你靠吃「某些食物」才想大便，不正常！？必吃3種食物養腸道！｜... ❌
  🔄 手抬不起來，竟跟腸胃有關？內臟卡卡，手也會被扯住！｜功操大全 ❌
  🔄 轉頭就痛！頸因性頭痛，真正的原因在手部！？｜功操大全 ❌
  🔄 骨盆前傾一招練回正臀！檢測你有沒有假翹臀！｜功操大全 ❌
  🔄 你的身體會替情緒說話？什麼是身心學？feat.趙耕樂身心療癒... ❌
  🔄 別再硬按！淋巴塞，痠痛來！帶你一起疏通淋巴｜功操大全 ❌
  🔄 烏龜頸，脖子前傾的真相！搞錯原因復健還是凸！｜功操大全 ❌
  🔄 床墊、枕頭選錯你就痛！睡姿問題一次解！｜功操大全 ❌
  🔄 常常聳肩！你的腸胃、鎖骨卡住肩！｜迷思破解 ❌
  🔄 身體失調！月經亂、變胖竟是身體太冷！？feat.內科李琪醫師... ❌
  🔄 膝蓋痛，關鍵在骨盆、腳底的影響！｜迷思破解 ❌
  🔄 圓肩，全因你手指沒力氣？｜迷思破解 ❌
  🔄 消水腫！先清除體內垃圾｜迷思破解 ❌
  🔄 顳顎關節卡住的真正原因！｜功操大全 ❌
  📊 Dr.HuangAmin: 0✅ 15❌
  📊 總計: 成功:0 失敗:15

============================================================
✅ 完成! 時間: 14:11:40
============================================================
>>> Round done at Fri Mar 27 14:11:40 CST 2026. last_channel_index=3
============================================================
🚀 知識庫爬蟲（kd subtitles 專用）- 14:11:43
============================================================

📺 [4/9] 周慕姿放心說
  ✅ 無新影片

📺 [5/9] 松明讲心理
  🔄 Depression is a slow betrayal ... ❌
  🔄 愛操心的人，其實最孤單！#人生 #心理學 #煩惱 #認知 #... ❌
  🔄 Learn to make choices so your ... ❌
  🔄 看清選擇背後的三大陷阱，做出更清晰的人生決策！#朋友 #人際... ❌
  🔄 The power of choice: Living yo... ❌
  🔄 Long-distance relationships ar... ❌
  🔄 內心強大到可怕的10種心境！#人生 #心理學 #煩惱 #認知... ❌
  🔄 當恨佔滿了心，親密就進不來！#情感 #愛情 #戀愛 #離婚 ... ❌
  🔄 3句話學會放下執著、停止內耗，走向內在的力量！#人生 #心理... ❌
  🔄 原諒出軌，是救贖還是折磨？#情感 #愛情 #戀愛 #離婚  ... ❌
  🔄 女人最該守住的三重分寸感！#情感 #愛情 #戀愛 #離婚  ... ❌
  🔄 Whether your employees are wor... ❌
  🔄 苦難生智慧「物極必反」的哲學！#人生 #心理學 #煩惱 #認... ❌
  🔄 Four ways to quickly improve y... ❌
  🔄 如何挽救孩子的躺平和厭學？#松明  #煩惱 #親子 #婚姻 ... ❌
  📊 松明讲心理: 0✅ 15❌
  📊 總計: 成功:0 失敗:15

============================================================
✅ 完成! 時間: 14:14:01
============================================================
>>> Round done at Fri Mar 27 14:14:01 CST 2026. last_channel_index=5
============================================================
🚀 知識庫爬蟲（kd subtitles 專用）- 14:14:04
============================================================

📺 [6/9] 超真實商談
  ✅ 無新影片

📺 [7/9] Cofit211
  🔄 【頻道會員專屬】腦科學權威：你擁有「重塑大腦」的能力，人生隨... ❌
  🔄 這動作能緩解腰痠背痛？科學實證：真的有用｜初日診所 魏士航醫... ❌
  🔄 [Channel Member Exclusive] Inv... ❌
  🔄 [Channel Member Exclusive] Sta... ❌
  📊 Cofit211: 0✅ 4❌
  📊 總計: 成功:0 失敗:4

============================================================
✅ 完成! 時間: 14:14:47
============================================================
>>> Round done at Fri Mar 27 14:14:47 CST 2026. last_channel_index=7
============================================================
🚀 知識庫爬蟲（kd subtitles 專用）- 14:14:50
============================================================

📺 [8/9] 泛科學
  ✅ 無新影片

📺 [9/9] 泛科學院
  🔄 公開Gemini 3.1 Pro 六大功能！不是工程師也能寫... ❌
  🔄 [2026 Best AI Subscription Gui... ❌
  🔄 Stop using AI to copy and past... ❌
  🔄 [AI Teaching Notes | YouTube C... ❌
  📊 泛科學院: 0✅ 4❌
  📊 總計: 成功:0 失敗:4

============================================================
✅ 完成! 時間: 14:15:40
============================================================
>>> Round done at Fri Mar 27 14:15:40 CST 2026. last_channel_index=0
============================================================
🚀 知識庫爬蟲（kd subtitles 專用）- 14:15:43
============================================================

📺 [1/9] 胡乃文开播
  🔄 注意！她癢2個月查出是肝癌！春季濕疹大爆發，按2穴止癢，戒3... ❌
  🔄 不讓醫師演戲真的太可惜！喝這1杯花茶，血壓穩下來，眼睛不花了... ❌
  🔄 血壓總是早上5點-8點高，吃降血壓藥也不管用怎麼辦？｜胡乃文... ❌
  🔄 💖粉絲問什麼？胡太太逗趣提問，胡醫師親解答！胡乃文開講會員專... ❌
  🔄 {沒看到太可惜！醫師爆笑模仿蔣部長，全場笑翻｜胡乃文開講會員... ❌
  🔄 { 會員Q&A } 急救時先別亂按！極泉穴、人中穴，其實很多... ❌
  🔄 關於食用油對膽結石和便秘的問題｜胡乃文開講會員專屬7 ❌
  🔄 翻轉糖尿病迷思！為什麼糖尿病反而要吃米飯才會好！3個簡單運動... ❌
  📊 胡乃文开播: 0✅ 8❌
  📊 總計: 成功:0 失敗:8

============================================================
✅ 完成! 時間: 14:16:50
============================================================
>>> Round done at Fri Mar 27 14:16:50 CST 2026. last_channel_index=1
============================================================
🚀 知識庫爬蟲（kd subtitles 專用）- 14:16:53
============================================================

📺 [2/9] 柏格醫生中文
  🔄 佛羅里達新法案威脅言論自由？批評糖與農藥恐被告，食品誹謗法大... ❌
  🔄 清血管這樣吃就對了！逆轉三高、改善心臟病、糖尿病、慢性腎臟病... ❌
  🔄 如何永久遠離癌症？柏格醫生破解「癌細胞」弱點，30招從根本打... ❌
  🔄 頭前傾2.5公分加重4.5公斤！柏格醫生教你每晚幾分鐘快速矯... ❌
  🔄 麵包真正毒物不是麩質！血糖暴衝、胰島素阻抗元兇曝光，戒掉後該... ❌
  📊 柏格醫生中文: 0✅ 5❌
  📊 總計: 成功:0 失敗:5

============================================================
✅ 完成! 時間: 14:18:07
============================================================
>>> Round done at Fri Mar 27 14:18:07 CST 2026. last_channel_index=2
============================================================
🚀 知識庫爬蟲（kd subtitles 專用）- 14:18:10
============================================================

📺 [3/9] Dr.HuangAmin
  🔄 睡覺狂打呼，口腔肌少症找上門！教你練舌肌力！feat.黃斌洋... ❌
  🔄 你靠吃「某些食物」才想大便，不正常！？必吃3種食物養腸道！｜... ❌
  🔄 手抬不起來，竟跟腸胃有關？內臟卡卡，手也會被扯住！｜功操大全 ❌
  🔄 轉頭就痛！頸因性頭痛，真正的原因在手部！？｜功操大全 ❌
  🔄 骨盆前傾一招練回正臀！檢測你有沒有假翹臀！｜功操大全 ❌
  🔄 你的身體會替情緒說話？什麼是身心學？feat.趙耕樂身心療癒... ❌
  🔄 別再硬按！淋巴塞，痠痛來！帶你一起疏通淋巴｜功操大全 ❌
  🔄 烏龜頸，脖子前傾的真相！搞錯原因復健還是凸！｜功操大全 ❌
  🔄 床墊、枕頭選錯你就痛！睡姿問題一次解！｜功操大全 ❌
  🔄 常常聳肩！你的腸胃、鎖骨卡住肩！｜迷思破解 ❌
  🔄 身體失調！月經亂、變胖竟是身體太冷！？feat.內科李琪醫師... ❌
  🔄 膝蓋痛，關鍵在骨盆、腳底的影響！｜迷思破解 ❌
  🔄 圓肩，全因你手指沒力氣？｜迷思破解 ❌
  🔄 消水腫！先清除體內垃圾｜迷思破解 ❌
  🔄 顳顎關節卡住的真正原因！｜功操大全 ❌
  📊 Dr.HuangAmin: 0✅ 15❌
  📊 總計: 成功:0 失敗:15

============================================================
✅ 完成! 時間: 14:20:34
============================================================
>>> Round done at Fri Mar 27 14:20:34 CST 2026. last_channel_index=3
============================================================
🚀 知識庫爬蟲（kd subtitles 專用）- 14:20:37
============================================================

📺 [4/9] 周慕姿放心說
  ✅ 無新影片

📺 [5/9] 松明讲心理
  🔄 Depression is a slow betrayal ... ❌
  🔄 愛操心的人，其實最孤單！#人生 #心理學 #煩惱 #認知 #... ❌
  🔄 Learn to make choices so your ... ❌
  🔄 看清選擇背後的三大陷阱，做出更清晰的人生決策！#朋友 #人際... ❌
  🔄 The power of choice: Living yo... ❌
  🔄 Long-distance relationships ar... ❌
  🔄 內心強大到可怕的10種心境！#人生 #心理學 #煩惱 #認知... ❌
  🔄 當恨佔滿了心，親密就進不來！#情感 #愛情 #戀愛 #離婚 ... ❌
  🔄 3句話學會放下執著、停止內耗，走向內在的力量！#人生 #心理... ❌
  🔄 原諒出軌，是救贖還是折磨？#情感 #愛情 #戀愛 #離婚  ... ❌
  🔄 女人最該守住的三重分寸感！#情感 #愛情 #戀愛 #離婚  ... ❌
  🔄 Whether your employees are wor... ❌
  🔄 苦難生智慧「物極必反」的哲學！#人生 #心理學 #煩惱 #認... ❌
  🔄 Four ways to quickly improve y... ❌
  🔄 如何挽救孩子的躺平和厭學？#松明  #煩惱 #親子 #婚姻 ... ❌
  📊 松明讲心理: 0✅ 15❌
  📊 總計: 成功:0 失敗:15

============================================================
✅ 完成! 時間: 14:22:51
============================================================
>>> Round done at Fri Mar 27 14:22:51 CST 2026. last_channel_index=5
============================================================
🚀 知識庫爬蟲（kd subtitles 專用）- 14:22:54
============================================================

📺 [6/9] 超真實商談
  ✅ 無新影片

📺 [7/9] Cofit211
  🔄 【頻道會員專屬】腦科學權威：你擁有「重塑大腦」的能力，人生隨... ❌
  🔄 這動作能緩解腰痠背痛？科學實證：真的有用｜初日診所 魏士航醫... ❌
  🔄 [Channel Member Exclusive] Inv... ❌
  🔄 [Channel Member Exclusive] Sta... ❌
  📊 Cofit211: 0✅ 4❌
  📊 總計: 成功:0 失敗:4

============================================================
✅ 完成! 時間: 14:23:37
============================================================
>>> Round done at Fri Mar 27 14:23:37 CST 2026. last_channel_index=7
============================================================
🚀 知識庫爬蟲（kd subtitles 專用）- 14:23:40
============================================================

📺 [8/9] 泛科學
  ✅ 無新影片

📺 [9/9] 泛科學院
  🔄 公開Gemini 3.1 Pro 六大功能！不是工程師也能寫... ❌
  🔄 [2026 Best AI Subscription Gui... ❌
  🔄 Stop using AI to copy and past... ❌
  🔄 [AI Teaching Notes | YouTube C... ❌
  📊 泛科學院: 0✅ 4❌
  📊 總計: 成功:0 失敗:4

============================================================
✅ 完成! 時間: 14:24:27
============================================================
>>> Round done at Fri Mar 27 14:24:27 CST 2026. last_channel_index=0
============================================================
🚀 知識庫爬蟲（kd subtitles 專用）- 14:24:30
============================================================

📺 [1/9] 胡乃文开播
  ⏭️  跳過 12 個會員限定/私人影片
  🔄 她雙腿癢2個月竟是肝出大問題！換季皮膚就癢癢，按2大穴止癢，... ❌
  🔄 皮膚爛20年，吃這1物竟好轉！吃1油＋1養心穴，防心肌梗塞、... ✅ (10154字)
  🔄 60歲婦人吃香蕉昏倒中毒！注意！3種情況不能吃香蕉。這個時間... ✅ (8758字)
  🔄 年薪百萬卻換不到睡眠？科技人胃痛、失眠、憋尿、壓力爆表！三餐... ✅ (10030字)
  🔄 每年六千人心肌梗塞猝死，按1穴位自救。1動作測血管彈性。回家... ✅ (10542字)
  🔄 你也是一換季就皮膚癢？2穴位止癢，急性期蕁麻疹別吃7種食物。... ✅ (10500字)
  🔄 別等痛風拖到洗腎才後悔！78歲嬤靠這1種小吃逆轉三高＋痛風！... ✅ (9913字)
  🔄 卵巢一老，45歲看起來像55歲！吃5類食物，延緩卵巢保固期。... ✅ (9622字)
  🔄 味噌是天然雌激素！加它這樣吃改善熱潮紅、盜汗心悸，強骨胳防乳... ✅ (9446字)
  🔄 養命又養髮！每年上千人截肢竟與不吃它有關？3招控糖吃米法，第... ✅ (9544字)
  🔄 素食者專用！4大習慣恐三高脂肪肝上身！1菜是蛋白王！這樣吃補... ✅ (9885字)
  🔄 它是五穀之首！連吃三個月降血糖膽固醇，強心臟！1碗小米粥這樣... ✅ (9853字)
  🔄 流感大爆發，養肺是關鍵！手上1穴位敲一敲，止咳清肺，保護呼吸... ✅ (9968字)
  🔄 超慢跑強心肺控三高，這樣跑不傷膝蓋！2動作檢測肌少症。台灣人... ✅ (20659字)
  🔄 五行體質決定抗病力！快看！你是哪一種體質？7-8月出生吃它養... ✅ (10253字)
  📊 胡乃文开播: 14✅ 1❌
  📊 總計: 成功:14 失敗:1

============================================================
✅ 完成! 時間: 14:27:52
============================================================
>>> Round done at Fri Mar 27 14:27:52 CST 2026. last_channel_index=1
============================================================
🚀 知識庫爬蟲（kd subtitles 專用）- 14:27:55
============================================================

📺 [2/9] 柏格醫生中文
  🔄 佛羅里達新法案威脅言論自由？批評糖與農藥恐被告，食品誹謗法大... ❌
  🔄 清血管這樣吃就對了！逆轉三高、改善心臟病、糖尿病、慢性腎臟病... ❌
  🔄 如何永久遠離癌症？柏格醫生破解「癌細胞」弱點，30招從根本打... ❌
  🔄 頭前傾2.5公分加重4.5公斤！柏格醫生教你每晚幾分鐘快速矯... ❌
  🔄 別再吃麵包了！就算0糖也比砂糖更害血糖飆升，無麩質、全麥全是... ❌
  🔄 最佳伸展筋膜,能消炎、助眠、不僵硬! 減壓！自然療法,柏格醫... ❌
  🔄 柏格醫生談：生酮不是高蛋白！為什麼生酮+斷食+有機蔬菜能救腎... ❌
  🔄 戒不掉糖、菸、色情、社媒？柏格醫生教你：NAC + 鎂 + ... ❌
  🔄 心悸、胸悶、頭暈竟是缺鎂惹的禍？5大原因＋高鎂食物一次看 ❌
  🔄 柏格醫生：吃早餐竟是傷肝元兇？停吃早餐會啟動細胞自噬，肝功能... ❌
  🔄 這個維生素能殺死癌細胞 你卻不知道 ❌
  🔄 薑黃vs布洛芬(止痛藥)：為什麼醫生偏偏推薦天然的 ❌
  🔄 運動竟能殺死癌細胞？柏格醫生揭秘：增加氧氣降低癌症風險的真相 ❌
  🔄 【超級訪談】維生素D3超過您想像！身體正渴求維生素D!!D3... ❌
  🔄 防彈咖啡會阻斷自噬嗎？柏格醫生解析：斷食中喝防彈咖啡的真相（... ❌
  📊 柏格醫生中文: 0✅ 15❌
  📊 總計: 成功:0 失敗:15

============================================================
✅ 完成! 時間: 14:31:29
============================================================
>>> Round done at Fri Mar 27 14:31:29 CST 2026. last_channel_index=2
============================================================
🚀 知識庫爬蟲（kd subtitles 專用）- 14:31:32
============================================================

📺 [3/9] Dr.HuangAmin
  🔄 睡覺狂打呼，口腔肌少症找上門！教你練舌肌力！feat.黃斌洋... ❌
  🔄 你靠吃「某些食物」才想大便，不正常！？必吃3種食物養腸道！｜... ❌
  🔄 手抬不起來，竟跟腸胃有關？內臟卡卡，手也會被扯住！｜功操大全 ❌
  🔄 轉頭就痛！頸因性頭痛，真正的原因在手部！？｜功操大全 ❌
  🔄 骨盆前傾一招練回正臀！檢測你有沒有假翹臀！｜功操大全 ❌
  🔄 你的身體會替情緒說話？什麼是身心學？feat.趙耕樂身心療癒... ❌
  🔄 別再硬按！淋巴塞，痠痛來！帶你一起疏通淋巴｜功操大全 ❌
  🔄 烏龜頸，脖子前傾的真相！搞錯原因復健還是凸！｜功操大全 ❌
  🔄 床墊、枕頭選錯你就痛！睡姿問題一次解！｜功操大全 ❌
  🔄 常常聳肩！你的腸胃、鎖骨卡住肩！｜迷思破解 ❌
  🔄 身體失調！月經亂、變胖竟是身體太冷！？feat.內科李琪醫師... ❌
  🔄 膝蓋痛，關鍵在骨盆、腳底的影響！｜迷思破解 ❌
  🔄 圓肩，全因你手指沒力氣？｜迷思破解 ❌
  🔄 消水腫！先清除體內垃圾｜迷思破解 ❌
  🔄 顳顎關節卡住的真正原因！｜功操大全 ❌
  📊 Dr.HuangAmin: 0✅ 15❌
  📊 總計: 成功:0 失敗:15

============================================================
✅ 完成! 時間: 14:34:02
============================================================
>>> Round done at Fri Mar 27 14:34:02 CST 2026. last_channel_index=3
============================================================
🚀 知識庫爬蟲（kd subtitles 專用）- 14:34:05
============================================================

📺 [4/9] 周慕姿放心說
  🔄 【十分鐘心理學】別人的一句批評，為何讓你內耗一整天？ ✅ (5500字)
  🔄 【放心來信】婚後界線怎麼談？不是妥協，是找回主導權 ✅ (5093字)
  🔄 面對失去與遺憾，怎麼讓自己不被情緒淹沒？｜Ft.小冬瓜 ✅ (17652字)
  🔄 【十分鐘心理學】四十歲前該知道的事？ ✅ (10585字)
  🔄 掉進黑洞時，最不需要的其實是加油。｜Ft. @peggyhs... ✅ (13833字)
  🔄 【十分鐘心理學】不必在社群上放大恐懼，陪你練習把心放回安全地... ✅ (6584字)
  🔄 【日常生活】被讓座、被餵肉？心理師的非典型首爾演出觀察 ✅ (6176字)
  🔄 【放心來信】生孩子是為了傳承愛，還是「被消耗」的開始？ ✅ (5536字)
  🔄 當別人的投射變成枷鎖，學會質疑、設下界線｜Ft. @Drin... ✅ (20552字)
  🔄 【十分鐘心理學】做錯事反而會先生氣？為什麼會見笑轉生氣？ ✅ (5110字)
  🔄 【10 萬訂閱 Q&A】有顏值焦慮嗎？怎麼給想當心理師的人建... ✅ (5381字)
  🔄 你會覺得算命很準，其實是因為你沒改變｜Ft.徐玉蘭 @mas... ✅ (21867字)
  🔄 【日常生活】芬蘭演出前的真心話，該怎麼在夢想與工作之間找到餘... ✅ (4293字)
  🔄 怕衝突的人，更需要學會跟自己吵架｜Ft.張西 ✅ (18843字)
  🔄 怕高也能跳傘？把恐懼練成勇氣肌肉｜Ft. Eric｜The ... ✅ (17368字)
  📊 周慕姿放心說: 15✅ 0❌
  📊 總計: 成功:15 失敗:0

============================================================
✅ 完成! 時間: 14:37:19
============================================================
>>> Round done at Fri Mar 27 14:37:19 CST 2026. last_channel_index=4
============================================================
🚀 知識庫爬蟲（kd subtitles 專用）- 14:37:22
============================================================

📺 [5/9] 松明讲心理
  ⏭️  跳過 22 個會員限定/私人影片
  🔄 Depression is a slow betrayal ... ❌
  🔄 Long-distance relationships ar... ❌
  🔄 粉絲互動答疑直播：一切都有出口！（4K字幕版） ✅ (29831字)
  🔄 How to negotiate boundaries wi... ❌
  🔄 直播課『眼淚、沉默：親密關係裡的隱藏危機』 ✅ (14477字)
  🔄 你和任何人的關係，都有保質期！ ✅ (2806字)
  🔄 深度解析回避型依戀的內耗人生！#情感 #迴避型人格 #婚姻 ... ✅ (3412字)
  🔄 An Island in Marriage: A Mothe... ✅ (3996字)
  🔄 Parents' hearts are the mold o... ✅ (1791字)
  🔄 直播課『心無外物，真正讓人不再焦慮的心理學真相』 ✅ (12782字)
  🔄 學會四種說話方式，让春節家庭更有連結。#深層智慧溝通法 #家... ✅ (6373字)
  🔄 Why does the atmosphere at hom... ✅ (5494字)
  🔄 Avoid getting emotionally over... ✅ (12510字)
  🔄 討好型人格如何一步步影響你的愛情選擇？#情感 #愛情 #戀愛... ✅ (3485字)
  📊 松明讲心理: 11✅ 3❌
  📊 總計: 成功:11 失敗:3

============================================================
✅ 完成! 時間: 14:40:31
============================================================
>>> Round done at Fri Mar 27 14:40:31 CST 2026. last_channel_index=5
============================================================
🚀 知識庫爬蟲（kd subtitles 專用）- 14:40:34
============================================================

📺 [6/9] 超真實商談
  🔄 下個上兆級敘事是機會嗎？RWA 資產代幣化的現在與未來｜【超... ✅ (21152字)
  🔄 為什麼你的新創跑不快？九成卡在同樣問題！｜【超真實商談】ft... ✅ (16697字)
  🔄 把問題定義清楚才能做好工作 ✅ (16341字)
  🔄 如何找到適合練功的怪？ ✅ (11649字)
  🔄 你是真的沒對手，還是沒做功課？做到這 3 點，競爭者分析才夠... ✅ (4829字)
  🔄 SpaceX 還在虧錢，為什麼可以價值千億？ft. 台杉投資... ✅ (5130字)
  🔄 為什麼你的策略明明很完美，最後卻總是做不成？ ✅ (6852字)
  🔄 公司被高價收購，創辦人竟一毛錢拿不到？ft. 台杉投資 Bi... ✅ (4050字)
  🔄 不是每家公司都該找 VC！新創募資＆加入創投前必懂的 12 ... ✅ (7673字)
  🔄 讓團隊從混亂變高效的方法 ✅ (8558字)
  🔄 管理顧問業實習到底在幹嘛？｜實習經驗 Part 2 ✅ (7570字)
  🔄 連創投也被詐騙！募資時投資人和新創如何自保？ft. 台杉投資... ✅ (4180字)
  🔄 為什麼越來越多公司，不再請全職的高階主管？ ✅ (4024字)
  🔄 創投在想什麼？想募資，先搞懂創投怎麼做決定｜Forbes 3... ✅ (18094字)
  🔄 大公司還是小公司？我想告訴你另一個真相 ✅ (6465字)
  📊 超真實商談: 15✅ 0❌
  📊 總計: 成功:15 失敗:0

============================================================
✅ 完成! 時間: 14:43:47
============================================================
>>> Round done at Fri Mar 27 14:43:47 CST 2026. last_channel_index=6
============================================================
🚀 知識庫爬蟲（kd subtitles 專用）- 14:43:50
============================================================

📺 [7/9] Cofit211
  ⏭️  跳過 8 個會員限定/私人影片
  🔄 [Channel Member Exclusive] Inv... ❌
  🔄 How to get a good night's slee... ✅ (3470字)
  🔄 Headache expert: Patients ofte... ✅ (6637字)
  🔄 More terrifying than wrinkles!... ✅ (5662字)
  🔄 A 10-year running veteran emer... ✅ (3393字)
  🔄 [Women's Healing Room] Middle ... ✅ (8819字)
  🔄 Renowned Urologist: After age ... ✅ (6605字)
  🔄 Can You Build Muscle in a Clos... ✅ (6593字)
  🔄 Renowned Obstetrician and Gyne... ✅ (7443字)
  🔄 It's not that your metabolism ... ✅ (2573字)
  🔄 [Women's Healing Room] Childre... ✅ (9452字)
  🔄 Don't drink coffee when you wa... ✅ (5410字)
  🔄 Does aging start at 40? Doctor... ✅ (3033字)
  🔄 I was only 30 when my blood su... ✅ (2197字)
  🔄 Aging research expert: The onl... ✅ (5324字)
  📊 Cofit211: 14✅ 1❌
  📊 總計: 成功:14 失敗:1

============================================================
✅ 完成! 時間: 14:46:58
============================================================
>>> Round done at Fri Mar 27 14:46:58 CST 2026. last_channel_index=7
============================================================
🚀 知識庫爬蟲（kd subtitles 專用）- 14:47:01
============================================================

📺 [8/9] 泛科學
  🔄 Zero contact! Gears that never... ✅ (7060字)
  🔄 Rubin Observatory Reveals the ... ✅ (7428字)
  🔄 Why can we understand the Sun?... ✅ (7903字)
  🔄 Climate change will impact ind... ✅ (12338字)
  🔄 Why does swearing sometimes ma... ✅ (8297字)
  🔄 Scientists reverse Alzheimer's... ✅ (13968字)
  🔄 How can buildings achieve net-... ✅ (3395字)
  🔄 Revolutionary! Can brain neuro... ✅ (8182字)
  🔄 Why should houses be prefabric... ✅ (5180字)
  🔄 Once a butterfly kingdom – Tai... ✅ (13994字)
  🔄 A brilliant strategy for snipi... ✅ (9366字)
  🔄 Is your cat meowing at you bec... ✅ (9007字)
  🔄 160分鐘略懂晶片戰爭｜電晶體、半導體、積體電路、晶片、BJ... ✅ (57894字)
  🔄 Rural Taiwan faces a death spi... ✅ (5901字)
  🔄 The final mile of semiconducto... ✅ (5594字)
  📊 泛科學: 15✅ 0❌
  📊 總計: 成功:15 失敗:0

============================================================
✅ 完成! 時間: 14:50:39
============================================================
>>> Round done at Fri Mar 27 14:50:39 CST 2026. last_channel_index=8
============================================================
🚀 知識庫爬蟲（kd subtitles 專用）- 14:50:42
============================================================

📺 [9/9] 泛科學院
  ⏭️  跳過 3 個會員限定/私人影片
  🔄 公開Gemini 3.1 Pro 六大功能！不是工程師也能寫... ❌
  🔄 [2026 Best AI Subscription Gui... ❌
  🔄 [AI Teaching Notes ❌
  🔄 玩 Sora2 會上癮！10 分鐘帶你拆解官方 Prompt... ✅ (3462字)
  🔄 The hottest AI updates in Octo... ✅ (6031字)
  🔄 這次AI真的自動化了！ 一鍵指令AI直接幫我留言、做簡報、設... ✅ (3433字)
  🔄 Google「AI 模式」上線！三個隱藏功能大公開，不只聊天... ✅ (4407字)
  🔄 Canva 新功能直接屌打 PPT！現在支援 ChatGPT... ✅ (6043字)
  🔄 【你的 AI 神隊友｜YouTube Course 官方課程... ✅ (1020字)
  🔄 懶人必學！4 招教你無腦生成神級 Prompt，不用再抄別人... ✅ (5616字)
  🔄 最新 5 個 AI 更新大公開！從 GPT 思考模式到 No... ✅ (5460字)
  🔄 用完這個 AI 保證你立刻退訂其它設計工具！「Lovart」... ✅ (7998字)
  🔄 【少年們的 AI 簡報影音大作戰｜YouTube Cours... ❌
  🔄 一個月 600 塊訂閱哪家 AI 最香？四大 AI 品牌殘酷... ✅ (7292字)
  🔄 神級會議記錄 AI ！「傳譯寶 App」從逐字稿、翻譯到摘要... ✅ (5472字)
  📊 泛科學院: 11✅ 4❌
  📊 總計: 成功:11 失敗:4

============================================================
✅ 完成! 時間: 14:54:06
============================================================
>>> Round done at Fri Mar 27 14:54:06 CST 2026. last_channel_index=0
============================================================
🚀 知識庫爬蟲（kd subtitles 專用）- 14:54:09
============================================================

📺 [1/9] 胡乃文开播
  ⏭️  跳過 12 個會員限定/私人影片
  🔄 注意！她癢2個月查出是肝癌！春季濕疹大爆發，按2穴止癢，戒3... ❌
  🔄 身上8個地方拍一拍，解毒去瘀濕舒暢氣血！久坐腿軟浮腫？拍它腿... ✅ (8397字)
  📊 胡乃文开播: 1✅ 1❌
  📊 總計: 成功:1 失敗:1

============================================================
✅ 完成! 時間: 14:54:44
============================================================
>>> Round done at Fri Mar 27 14:54:44 CST 2026. last_channel_index=1
============================================================
🚀 知識庫爬蟲（kd subtitles 專用）- 14:54:48
============================================================

📺 [2/9] 柏格醫生中文
  🔄 佛羅里達新法案威脅言論自由？批評糖與農藥恐被告，食品誹謗法大... ❌
  🔄 清血管這樣吃就對了！逆轉三高、改善心臟病、糖尿病、慢性腎臟病... ❌
  🔄 癌症根本不是基因突變！柏格醫生：只要做對這30件事，從「粒線... ❌
  🔄 頭前傾2.5公分加重4.5公斤！柏格醫生教你每晚幾分鐘快速矯... ❌
  🔄 別再吃麵包了！就算0糖也比砂糖更害血糖飆升，無麩質、全麥全是... ❌
  🔄 最佳伸展筋膜,能消炎、助眠、不僵硬! 減壓！自然療法,柏格醫... ❌
  🔄 柏格醫生談：生酮不是高蛋白！為什麼生酮+斷食+有機蔬菜能救腎... ❌
  🔄 戒不掉糖、菸、色情、社媒？柏格醫生教你：NAC + 鎂 + ... ❌
  🔄 心悸、胸悶、頭暈竟是缺鎂惹的禍？5大原因＋高鎂食物一次看 ❌
  🔄 柏格醫生：吃早餐竟是傷肝元兇？停吃早餐會啟動細胞自噬，肝功能... ❌
  🔄 這個維生素能殺死癌細胞 你卻不知道 ❌
  🔄 薑黃vs布洛芬(止痛藥)：為什麼醫生偏偏推薦天然的 ❌
  🔄 柏格醫生：每天運動就能大幅降低癌症風險！戶外曬太陽+線粒體修... ❌
  🔄 【超級訪談】維生素D3超過您想像！身體正渴求維生素D!!D3... ❌
  🔄 防彈咖啡會阻斷自噬嗎？柏格醫生解析：斷食中喝防彈咖啡的真相（... ❌
  📊 柏格醫生中文: 0✅ 15❌
  📊 總計: 成功:0 失敗:15

============================================================
✅ 完成! 時間: 14:58:37
============================================================
>>> Round done at Fri Mar 27 14:58:37 CST 2026. last_channel_index=2
============================================================
🚀 知識庫爬蟲（kd subtitles 專用）- 14:58:40
============================================================

📺 [3/9] Dr.HuangAmin
  🔄 睡覺狂打呼，口腔肌少症找上門！教你練舌肌力！feat.黃斌洋... ❌
  🔄 你靠吃「某些食物」才想大便，不正常！？必吃3種食物養腸道！｜... ❌
  🔄 手抬不起來，竟跟腸胃有關？內臟卡卡，手也會被扯住！｜功操大全 ❌
  🔄 轉頭就痛！頸因性頭痛，真正的原因在手部！？｜功操大全 ❌
  🔄 骨盆前傾一招練回正臀！檢測你有沒有假翹臀！｜功操大全 ❌
  🔄 你的身體會替情緒說話？什麼是身心學？feat.趙耕樂身心療癒... ❌
  🔄 別再硬按！淋巴塞，痠痛來！帶你一起疏通淋巴｜功操大全 ❌
  🔄 烏龜頸，脖子前傾的真相！搞錯原因復健還是凸！｜功操大全 ❌
  🔄 床墊、枕頭選錯你就痛！睡姿問題一次解！｜功操大全 ❌
  🔄 常常聳肩！你的腸胃、鎖骨卡住肩！｜迷思破解 ❌
  🔄 身體失調！月經亂、變胖竟是身體太冷！？feat.內科李琪醫師... ❌
  🔄 膝蓋痛，關鍵在骨盆、腳底的影響！｜迷思破解 ❌
  🔄 圓肩，全因你手指沒力氣？｜迷思破解 ❌
  🔄 消水腫！先清除體內垃圾｜迷思破解 ❌
  🔄 顳顎關節卡住的真正原因！｜功操大全 ❌
  📊 Dr.HuangAmin: 0✅ 15❌
  📊 總計: 成功:0 失敗:15

============================================================
✅ 完成! 時間: 15:01:09
============================================================
>>> Round done at Fri Mar 27 15:01:09 CST 2026. last_channel_index=3
============================================================
🚀 知識庫爬蟲（kd subtitles 專用）- 15:01:13
============================================================

📺 [4/9] 周慕姿放心說
  🔄 【十分鐘心理學】決定，比想要重要：三步驟啟動行動力 ✅ (5373字)
  🔄 覺得不對，先喊停。練習獨處、了解界限與做自己的底氣｜Ft. ... ✅ (17981字)
  🔄 【十分鐘心理學】面具不是壞事，但你要會摘：三步驟靠近真我 ✅ (7543字)
  🔄 【十分鐘心理學】空間越亂心就越亂？五分鐘整理術，讓焦慮有出口 ✅ (5949字)
  🔄 【十分鐘心理學】難過時為何會笑？討好、對抗、疏遠、高功能的幽... ❌
  📊 周慕姿放心說: 4✅ 1❌
  📊 總計: 成功:4 失敗:1

============================================================
✅ 完成! 時間: 15:02:22
============================================================
>>> Round done at Fri Mar 27 15:02:22 CST 2026. last_channel_index=4
============================================================
🚀 知識庫爬蟲（kd subtitles 專用）- 15:02:25
============================================================

📺 [5/9] 松明讲心理
  ⏭️  跳過 22 個會員限定/私人影片
  🔄 Depression is a slow betrayal ... ❌
  🔄 Long-distance relationships ar... ❌
  🔄 How to negotiate boundaries wi... ❌
  📊 松明讲心理: 0✅ 3❌
  📊 總計: 成功:0 失敗:3

============================================================
✅ 完成! 時間: 15:03:12
============================================================
>>> Round done at Fri Mar 27 15:03:12 CST 2026. last_channel_index=5
============================================================
🚀 知識庫爬蟲（kd subtitles 專用）- 15:03:15
============================================================

📺 [6/9] 超真實商談
  🔄 拆解 Z 世代工作狂的心理狀態｜【超真實商談】 ft. Co... ✅ (20643字)
  🔄 AI 時代，超級個體會跑贏公司嗎？｜【超真實商談】 ft. ... ✅ (23131字)
  🔄 你會的，AI 也會了——職場英文我們還要學什麼？｜【超真實商... ✅ (16700字)
  🔄 快速擴張的醫療 AI 獨角獸，為何兩年內從市值 42 億走向... ✅ (6011字)
  🔄 英文口說給了他不一樣的人生！首次英文訪談｜【超真實商談】 f... ✅ (39790字)
  📊 超真實商談: 5✅ 0❌
  📊 總計: 成功:5 失敗:0

============================================================
✅ 完成! 時間: 15:04:25
============================================================
>>> Round done at Fri Mar 27 15:04:26 CST 2026. last_channel_index=6
============================================================
🚀 知識庫爬蟲（kd subtitles 專用）- 15:04:29
============================================================

📺 [7/9] Cofit211
  ⏭️  跳過 8 個會員限定/私人影片
  🔄 [Channel Member Exclusive] Inv... ❌
  🔄 Don't Take Weight-Loss Shots W... ✅ (6286字)
  📊 Cofit211: 1✅ 1❌
  📊 總計: 成功:1 失敗:1

============================================================
✅ 完成! 時間: 15:05:02
============================================================
>>> Round done at Fri Mar 27 15:05:02 CST 2026. last_channel_index=7
============================================================
🚀 知識庫爬蟲（kd subtitles 專用）- 15:05:05
============================================================

📺 [8/9] 泛科學
  🔄 Is the universe a creation of ... ✅ (7554字)
  🔄 Batman solves the problem of p... ✅ (8745字)
  🔄 How do we define "wisdom"? Jan... ✅ (10588字)
  🔄 Without exposure machines, wou... ✅ (5273字)
  🔄 Scientists believe the solar s... ✅ (8423字)
  📊 泛科學: 5✅ 0❌
  📊 總計: 成功:5 失敗:0

============================================================
✅ 完成! 時間: 15:06:24
============================================================
>>> Round done at Fri Mar 27 15:06:24 CST 2026. last_channel_index=8
============================================================
🚀 知識庫爬蟲（kd subtitles 專用）- 15:06:28
============================================================

📺 [9/9] 泛科學院
  ⏭️  跳過 3 個會員限定/私人影片
  🔄 公開Gemini 3.1 Pro 六大功能！不是工程師也能寫... ❌
  🔄 [2026 Best AI Subscription Gui... ❌
  🔄 [AI Teaching Notes ❌
  🔄 【少年們的 AI 簡報影音大作戰｜YouTube Cours... ❌
  📊 泛科學院: 0✅ 4❌
  📊 進度: 33/37 (89%)
  📊 總計: 成功:0 失敗:4

============================================================
✅ 完成! 時間: 15:07:19
============================================================
>>> Round done at Fri Mar 27 15:07:19 CST 2026. last_channel_index=0
============================================================
🚀 知識庫爬蟲（kd subtitles 專用）- 15:07:22
============================================================

📺 [1/9] 胡乃文开播
  ⏭️  跳過 12 個會員限定/私人影片
  🔄 注意！她癢2個月查出是肝癌！春季濕疹大爆發，按2穴止癢，戒3... ❌
  📊 胡乃文开播: 0✅ 1❌
  📊 進度: 27/28 (96%)
  📊 總計: 成功:0 失敗:1

============================================================
✅ 完成! 時間: 15:07:42
============================================================
>>> Round done at Fri Mar 27 15:07:42 CST 2026. last_channel_index=1
============================================================
🚀 知識庫爬蟲（kd subtitles 專用）- 15:07:45
============================================================

📺 [2/9] 柏格醫生中文
  🔄 佛羅里達新法案威脅言論自由？批評糖與農藥恐被告，食品誹謗法大... ❌
  🔄 清血管這樣吃就對了！逆轉三高、改善心臟病、糖尿病、慢性腎臟病... ❌
  🔄 【柏格醫生】癌症研究70年都錯了？揭開致癌真相與30個科學防... ❌
  🔄 頭前傾2.5公分加重4.5公斤！柏格醫生教你每晚幾分鐘快速矯... ❌
  🔄 麵包真正毒物不是麩質！血糖暴衝、胰島素阻抗元兇曝光，戒掉後該... ❌
  🔄 最佳伸展筋膜,能消炎、助眠、不僵硬! 減壓！自然療法,柏格醫... ❌
  🔄 柏格醫生談：生酮不是高蛋白！為什麼生酮+斷食+有機蔬菜能救腎... ❌
  🔄 戒不掉糖、菸、色情、社媒？柏格醫生教你：NAC + 鎂 + ... ❌
  🔄 心悸、胸悶、頭暈竟是缺鎂惹的禍？5大原因＋高鎂食物一次看 ❌
  🔄 柏格醫生：吃早餐竟是傷肝元兇？停吃早餐會啟動細胞自噬，肝功能... ❌
  🔄 這個維生素能殺死癌細胞 你卻不知道 ❌
  🔄 薑黃vs布洛芬(止痛藥)：為什麼醫生偏偏推薦天然的 ❌
  🔄 運動竟能殺死癌細胞？柏格醫生揭秘：增加氧氣降低癌症風險的真相 ❌
  🔄 【超級訪談】維生素D3超過您想像！身體正渴求維生素D!!D3... ❌
  🔄 防彈咖啡會阻斷自噬嗎？柏格醫生解析：斷食中喝防彈咖啡的真相（... ❌
  📊 柏格醫生中文: 0✅ 15❌
  📊 進度: 15/40 (37%)
  📊 總計: 成功:0 失敗:15

============================================================
✅ 完成! 時間: 15:11:36
============================================================
>>> Round done at Fri Mar 27 15:11:36 CST 2026. last_channel_index=2
============================================================
🚀 知識庫爬蟲（kd subtitles 專用）- 15:11:40
============================================================

📺 [3/9] Dr.HuangAmin
  🔄 睡覺狂打呼，口腔肌少症找上門！教你練舌肌力！feat.黃斌洋... ❌
  🔄 你靠吃「某些食物」才想大便，不正常！？必吃3種食物養腸道！｜... ❌
  🔄 手抬不起來，竟跟腸胃有關？內臟卡卡，手也會被扯住！｜功操大全 ❌
  🔄 轉頭就痛！頸因性頭痛，真正的原因在手部！？｜功操大全 ❌
  🔄 骨盆前傾一招練回正臀！檢測你有沒有假翹臀！｜功操大全 ❌
  🔄 你的身體會替情緒說話？什麼是身心學？feat.趙耕樂身心療癒... ❌
  🔄 別再硬按！淋巴塞，痠痛來！帶你一起疏通淋巴｜功操大全 ❌
  🔄 烏龜頸，脖子前傾的真相！搞錯原因復健還是凸！｜功操大全 ❌
  🔄 床墊、枕頭選錯你就痛！睡姿問題一次解！｜功操大全 ❌
  🔄 常常聳肩！你的腸胃、鎖骨卡住肩！｜迷思破解 ❌
  🔄 身體失調！月經亂、變胖竟是身體太冷！？feat.內科李琪醫師... ❌
  🔄 膝蓋痛，關鍵在骨盆、腳底的影響！｜迷思破解 ❌
  🔄 圓肩，全因你手指沒力氣？｜迷思破解 ❌
  🔄 消水腫！先清除體內垃圾｜迷思破解 ❌
  🔄 顳顎關節卡住的真正原因！｜功操大全 ❌
  📊 Dr.HuangAmin: 0✅ 15❌
  📊 進度: 4/40 (10%)
  📊 總計: 成功:0 失敗:15

============================================================
✅ 完成! 時間: 15:14:01
============================================================
>>> Round done at Fri Mar 27 15:14:01 CST 2026. last_channel_index=3
============================================================
🚀 知識庫爬蟲（kd subtitles 專用）- 15:14:04
============================================================

📺 [4/9] 周慕姿放心說
  🔄 【十分鐘心理學】難過時為何會笑？討好、對抗、疏遠、高功能的幽... ❌
  📊 周慕姿放心說: 0✅ 1❌
  📊 進度: 39/40 (97%)
  📊 總計: 成功:0 失敗:1

============================================================
✅ 完成! 時間: 15:14:25
============================================================
>>> Round done at Fri Mar 27 15:14:25 CST 2026. last_channel_index=4
============================================================
🚀 知識庫爬蟲（kd subtitles 專用）- 15:14:28
============================================================

📺 [5/9] 松明讲心理
  ⏭️  跳過 22 個會員限定/私人影片
  🔄 Depression is a slow betrayal ... ❌
  🔄 Long-distance relationships ar... ❌
  🔄 How to negotiate boundaries wi... ❌
  📊 松明讲心理: 0✅ 3❌
  📊 進度: 15/18 (83%)
  📊 總計: 成功:0 失敗:3

============================================================
✅ 完成! 時間: 15:15:19
============================================================
>>> Round done at Fri Mar 27 15:15:19 CST 2026. last_channel_index=5
============================================================
🚀 知識庫爬蟲（kd subtitles 專用）- 15:15:22
============================================================

📺 [6/9] 超真實商談
  ✅ 無新影片

📺 [7/9] Cofit211
  ⏭️  跳過 8 個會員限定/私人影片
  🔄 [Channel Member Exclusive] Inv... ❌
  📊 Cofit211: 0✅ 1❌
  📊 進度: 70/32 (218%)
  📊 總計: 成功:0 失敗:1

============================================================
✅ 完成! 時間: 15:15:42
============================================================
>>> Round done at Fri Mar 27 15:15:42 CST 2026. last_channel_index=7
============================================================
🚀 知識庫爬蟲（kd subtitles 專用）- 15:15:45
============================================================

📺 [8/9] 泛科學
  ✅ 無新影片

📺 [9/9] 泛科學院
  ⏭️  跳過 3 個會員限定/私人影片
  🔄 公開Gemini 3.1 Pro 六大功能！不是工程師也能寫... ❌
  🔄 [2026 Best AI Subscription Gui... ❌
  🔄 [AI Teaching Notes ❌
  🔄 【少年們的 AI 簡報影音大作戰｜YouTube Cours... ❌
  📊 泛科學院: 0✅ 4❌
  📊 進度: 33/37 (89%)
  📊 總計: 成功:0 失敗:4

============================================================
✅ 完成! 時間: 15:16:33
============================================================
>>> Round done at Fri Mar 27 15:16:34 CST 2026. last_channel_index=0
============================================================
🚀 知識庫爬蟲（kd subtitles 專用）- 15:16:37
============================================================

📺 [1/9] 胡乃文开播
  ⏭️  跳過 12 個會員限定/私人影片
  🔄 地瓜葉菊花茶讓濕疹好得快，但你吃對了嗎？她雙腿癢2個月竟是肝... ❌
  📊 胡乃文开播: 0✅ 1❌
  📊 進度: 27/28 (96%)
  📊 總計: 成功:0 失敗:1

============================================================
✅ 完成! 時間: 15:16:56
============================================================
>>> Round done at Fri Mar 27 15:16:56 CST 2026. last_channel_index=1
============================================================
🚀 知識庫爬蟲（kd subtitles 專用）- 15:17:00
============================================================

📺 [2/9] 柏格醫生中文
  🔄 佛羅里達新法案威脅言論自由？批評糖與農藥恐被告，食品誹謗法大... ❌
  🔄 清血管這樣吃就對了！逆轉三高、改善心臟病、糖尿病、慢性腎臟病... ❌
  🔄 如何永久遠離癌症？柏格醫生破解「癌細胞」弱點，30招從根本打... ❌
  🔄 頭前傾2.5公分加重4.5公斤！柏格醫生教你每晚幾分鐘快速矯... ❌
  🔄 別再吃麵包了！就算0糖也比砂糖更害血糖飆升，無麩質、全麥全是... ❌
  🔄 最佳伸展筋膜,能消炎、助眠、不僵硬! 減壓！自然療法,柏格醫... ❌
  🔄 柏格醫生：生酮飲食保護腎臟的4大秘訣！多囊腎病、糖尿病腎損傷... ❌
  🔄 戒不掉糖、菸、色情、社媒？柏格醫生教你：NAC + 鎂 + ... ❌
  🔄 心悸、胸悶、頭暈竟是缺鎂惹的禍？5大原因＋高鎂食物一次看 ❌
  🔄 柏格醫生：吃早餐竟是傷肝元兇？停吃早餐會啟動細胞自噬，肝功能... ❌
  🔄 這個維生素能殺死癌細胞 你卻不知道 ❌
  🔄 薑黃vs布洛芬(止痛藥)：為什麼醫生偏偏推薦天然的 ❌
  🔄 為什麼運動能預防癌症？柏格醫生解釋：氧氣暴增10-20倍、R... ✅ (20821字)
  🔄 【超級訪談】維生素D3超過您想像！身體正渴求維生素D!!D3... ❌
  🔄 防彈咖啡會阻斷自噬嗎？柏格醫生解析：斷食中喝防彈咖啡的真相（... ❌
  📊 柏格醫生中文: 1✅ 14❌
  📊 進度: 16/40 (40%)
  📊 總計: 成功:1 失敗:14

============================================================
✅ 完成! 時間: 15:20:31
============================================================
>>> Round done at Fri Mar 27 15:20:31 CST 2026. last_channel_index=2
============================================================
🚀 知識庫爬蟲（kd subtitles 專用）- 15:20:34
============================================================

📺 [3/9] Dr.HuangAmin
  🔄 睡覺狂打呼，口腔肌少症找上門！教你練舌肌力！feat.黃斌洋... ❌
  🔄 你靠吃「某些食物」才想大便，不正常！？必吃3種食物養腸道！｜... ❌
  🔄 手抬不起來，竟跟腸胃有關？內臟卡卡，手也會被扯住！｜功操大全 ❌
  🔄 轉頭就痛！頸因性頭痛，真正的原因在手部！？｜功操大全 ❌
  🔄 骨盆前傾一招練回正臀！檢測你有沒有假翹臀！｜功操大全 ❌
  🔄 你的身體會替情緒說話？什麼是身心學？feat.趙耕樂身心療癒... ❌
  🔄 別再硬按！淋巴塞，痠痛來！帶你一起疏通淋巴｜功操大全 ❌
  🔄 烏龜頸，脖子前傾的真相！搞錯原因復健還是凸！｜功操大全 ❌
  🔄 床墊、枕頭選錯你就痛！睡姿問題一次解！｜功操大全 ❌
  🔄 常常聳肩！你的腸胃、鎖骨卡住肩！｜迷思破解 ❌
  🔄 身體失調！月經亂、變胖竟是身體太冷！？feat.內科李琪醫師... ❌
  🔄 膝蓋痛，關鍵在骨盆、腳底的影響！｜迷思破解 ❌
  🔄 圓肩，全因你手指沒力氣？｜迷思破解 ❌
  🔄 消水腫！先清除體內垃圾｜迷思破解 ❌
  🔄 顳顎關節卡住的真正原因！｜功操大全 ❌
  📊 Dr.HuangAmin: 0✅ 15❌
  📊 進度: 4/40 (10%)
  📊 總計: 成功:0 失敗:15

============================================================
✅ 完成! 時間: 15:22:56
============================================================
>>> Round done at Fri Mar 27 15:22:56 CST 2026. last_channel_index=3
============================================================
🚀 知識庫爬蟲（kd subtitles 專用）- 15:23:00
============================================================

📺 [4/9] 周慕姿放心說
  🔄 【十分鐘心理學】難過時為何會笑？討好、對抗、疏遠、高功能的幽... ❌
  📊 周慕姿放心說: 0✅ 1❌
  📊 進度: 39/40 (97%)
  📊 總計: 成功:0 失敗:1

============================================================
✅ 完成! 時間: 15:23:21
============================================================
>>> Round done at Fri Mar 27 15:23:21 CST 2026. last_channel_index=4
============================================================
🚀 知識庫爬蟲（kd subtitles 專用）- 15:23:24
============================================================

📺 [5/9] 松明讲心理
  ⏭️  跳過 22 個會員限定/私人影片
  🔄 Depression is a slow betrayal ... ❌
  🔄 Long-distance relationships ar... ❌
  🔄 How to negotiate boundaries wi... ❌
  📊 松明讲心理: 0✅ 3❌
  📊 進度: 15/18 (83%)
  📊 總計: 成功:0 失敗:3

============================================================
✅ 完成! 時間: 15:24:09
============================================================
>>> Round done at Fri Mar 27 15:24:09 CST 2026. last_channel_index=5
============================================================
🚀 知識庫爬蟲（kd subtitles 專用）- 15:24:12
============================================================

📺 [6/9] 超真實商談
  ✅ 無新影片

📺 [7/9] Cofit211
  ⏭️  跳過 8 個會員限定/私人影片
  🔄 [Channel Member Exclusive] Inv... ❌
  📊 Cofit211: 0✅ 1❌
  📊 進度: 70/32 (218%)
  📊 總計: 成功:0 失敗:1

============================================================
✅ 完成! 時間: 15:24:32
============================================================
>>> Round done at Fri Mar 27 15:24:32 CST 2026. last_channel_index=7
============================================================
🚀 知識庫爬蟲（kd subtitles 專用）- 15:24:36
============================================================

📺 [8/9] 泛科學
  ✅ 無新影片

📺 [9/9] 泛科學院
  ⏭️  跳過 3 個會員限定/私人影片
  🔄 公開Gemini 3.1 Pro 六大功能！不是工程師也能寫... ❌
  🔄 [2026 Best AI Subscription Gui... ❌
  🔄 [AI Teaching Notes ❌
  🔄 【少年們的 AI 簡報影音大作戰｜YouTube Cours... ❌
  📊 泛科學院: 0✅ 4❌
  📊 進度: 33/37 (89%)
  📊 總計: 成功:0 失敗:4

============================================================
✅ 完成! 時間: 15:25:26
============================================================
>>> Round done at Fri Mar 27 15:25:26 CST 2026. last_channel_index=0
============================================================
🚀 知識庫爬蟲（kd subtitles 專用）- 15:25:29
============================================================

📺 [1/9] 胡乃文开播
  ⏭️  跳過 12 個會員限定/私人影片
  🔄 她雙腿癢2個月竟是肝出大問題！換季皮膚就癢癢，按2大穴止癢，... ❌
  📊 胡乃文开播: 0✅ 1❌
  📊 進度: 27/28 (96%)
  📊 總計: 成功:0 失敗:1

============================================================
✅ 完成! 時間: 15:25:49
============================================================
>>> Round done at Fri Mar 27 15:25:49 CST 2026. last_channel_index=1
============================================================
🚀 知識庫爬蟲（kd subtitles 專用）- 15:25:52
============================================================

📺 [2/9] 柏格醫生中文
  🔄 佛羅里達新法案威脅言論自由？批評糖與農藥恐被告，食品誹謗法大... ❌
  🔄 清血管這樣吃就對了！逆轉三高、改善心臟病、糖尿病、慢性腎臟病... ❌
  🔄 癌症根本不是基因突變！柏格醫生：只要做對這30件事，從「粒線... ❌
  🔄 頭前傾2.5公分加重4.5公斤！柏格醫生教你每晚幾分鐘快速矯... ❌
  🔄 別再吃麵包了！就算0糖也比砂糖更害血糖飆升，無麩質、全麥全是... ❌
  🔄 最佳伸展筋膜,能消炎、助眠、不僵硬! 減壓！自然療法,柏格醫... ❌
  🔄 柏格醫生：生酮飲食保護腎臟的4大秘訣！多囊腎病、糖尿病腎損傷... ❌
  🔄 戒不掉糖、菸、色情、社媒？柏格醫生教你：NAC + 鎂 + ... ❌
  🔄 心悸、胸悶、頭暈竟是缺鎂惹的禍？5大原因＋高鎂食物一次看 ❌
  🔄 柏格醫生：吃早餐竟是傷肝元兇？停吃早餐會啟動細胞自噬，肝功能... ❌
  🔄 這個維生素能殺死癌細胞 你卻不知道 ❌
  🔄 薑黃vs布洛芬(止痛藥)：為什麼醫生偏偏推薦天然的 ❌
  🔄 【超級訪談】維生素D3超過您想像！身體正渴求維生素D!!D3... ❌
  🔄 斷食自噬大公開！防彈咖啡到底能不能喝？柏格醫生告訴你脂肪如何... ❌
  🔄 沒喝過母乳？沒關係！柏格醫生：成人吃初乳補充劑就能重啟免疫系... ❌
  📊 柏格醫生中文: 0✅ 15❌
  📊 進度: 16/40 (40%)
  📊 總計: 成功:0 失敗:15

============================================================
✅ 完成! 時間: 15:29:17
============================================================
>>> Round done at Fri Mar 27 15:29:18 CST 2026. last_channel_index=2
============================================================
🚀 知識庫爬蟲（kd subtitles 專用）- 15:29:21
============================================================

📺 [3/9] Dr.HuangAmin
  🔄 睡覺狂打呼，口腔肌少症找上門！教你練舌肌力！feat.黃斌洋... ❌
  🔄 你靠吃「某些食物」才想大便，不正常！？必吃3種食物養腸道！｜... ❌
  🔄 手抬不起來，竟跟腸胃有關？內臟卡卡，手也會被扯住！｜功操大全 ❌
  🔄 轉頭就痛！頸因性頭痛，真正的原因在手部！？｜功操大全 ❌
  🔄 骨盆前傾一招練回正臀！檢測你有沒有假翹臀！｜功操大全 ❌
  🔄 你的身體會替情緒說話？什麼是身心學？feat.趙耕樂身心療癒... ❌
  🔄 別再硬按！淋巴塞，痠痛來！帶你一起疏通淋巴｜功操大全 ❌
  🔄 烏龜頸，脖子前傾的真相！搞錯原因復健還是凸！｜功操大全 ❌
  🔄 床墊、枕頭選錯你就痛！睡姿問題一次解！｜功操大全 ❌
  🔄 常常聳肩！你的腸胃、鎖骨卡住肩！｜迷思破解 ❌
  🔄 身體失調！月經亂、變胖竟是身體太冷！？feat.內科李琪醫師... ❌
  🔄 膝蓋痛，關鍵在骨盆、腳底的影響！｜迷思破解 ❌
  🔄 圓肩，全因你手指沒力氣？｜迷思破解 ❌
  🔄 消水腫！先清除體內垃圾｜迷思破解 ❌
  🔄 顳顎關節卡住的真正原因！｜功操大全 ❌
  📊 Dr.HuangAmin: 0✅ 15❌
  📊 進度: 4/40 (10%)
  📊 總計: 成功:0 失敗:15

============================================================
✅ 完成! 時間: 15:31:47
============================================================
>>> Round done at Fri Mar 27 15:31:47 CST 2026. last_channel_index=3
============================================================
🚀 知識庫爬蟲（kd subtitles 專用）- 15:31:51
============================================================

📺 [4/9] 周慕姿放心說
  🔄 【十分鐘心理學】難過時為何會笑？討好、對抗、疏遠、高功能的幽... ❌
  📊 周慕姿放心說: 0✅ 1❌
  📊 進度: 39/40 (97%)
  📊 總計: 成功:0 失敗:1

============================================================
✅ 完成! 時間: 15:32:10
============================================================
>>> Round done at Fri Mar 27 15:32:10 CST 2026. last_channel_index=4
============================================================
🚀 知識庫爬蟲（kd subtitles 專用）- 15:32:13
============================================================

📺 [5/9] 松明讲心理
  ⏭️  跳過 22 個會員限定/私人影片
  🔄 Depression is a slow betrayal ... ❌
  🔄 Long-distance relationships ar... ❌
  🔄 How to negotiate boundaries wi... ❌
  📊 松明讲心理: 0✅ 3❌
  📊 進度: 15/18 (83%)
  📊 總計: 成功:0 失敗:3

============================================================
✅ 完成! 時間: 15:32:53
============================================================
>>> Round done at Fri Mar 27 15:32:53 CST 2026. last_channel_index=5
============================================================
🚀 知識庫爬蟲（kd subtitles 專用）- 15:32:56
============================================================

📺 [6/9] 超真實商談
  ✅ 無新影片

📺 [7/9] Cofit211
  ⏭️  跳過 8 個會員限定/私人影片
  🔄 [Channel Member Exclusive] Inv... ❌
  📊 Cofit211: 0✅ 1❌
  📊 進度: 70/32 (218%)
  📊 總計: 成功:0 失敗:1

============================================================
✅ 完成! 時間: 15:33:17
============================================================
>>> Round done at Fri Mar 27 15:33:17 CST 2026. last_channel_index=7
============================================================
🚀 知識庫爬蟲（kd subtitles 專用）- 15:33:20
============================================================

📺 [8/9] 泛科學
  ✅ 無新影片

📺 [9/9] 泛科學院
  ⏭️  跳過 3 個會員限定/私人影片
  🔄 公開Gemini 3.1 Pro 六大功能！不是工程師也能寫... ❌
  🔄 [2026 Best AI Subscription Gui... ❌
  🔄 [AI Teaching Notes ❌
  🔄 【少年們的 AI 簡報影音大作戰｜YouTube Cours... ❌
  📊 泛科學院: 0✅ 4❌
  📊 進度: 33/37 (89%)
  📊 總計: 成功:0 失敗:4

============================================================
✅ 完成! 時間: 15:34:13
============================================================
>>> Round done at Fri Mar 27 15:34:13 CST 2026. last_channel_index=0
============================================================
🚀 知識庫爬蟲（kd subtitles 專用）- 15:34:16
============================================================

📺 [1/9] 胡乃文开播
  ⏭️  跳過 12 個會員限定/私人影片
  🔄 地瓜葉菊花茶讓濕疹好得快，但你吃對了嗎？她雙腿癢2個月竟是肝... ❌
  📊 胡乃文开播: 0✅ 1❌
  📊 進度: 27/28 (96%)
  📊 總計: 成功:0 失敗:1

============================================================
✅ 完成! 時間: 15:34:34
============================================================
>>> Round done at Fri Mar 27 15:34:34 CST 2026. last_channel_index=1
============================================================
🚀 知識庫爬蟲（kd subtitles 專用）- 15:34:37
============================================================

📺 [2/9] 柏格醫生中文
  🔄 佛羅里達新法案威脅言論自由？批評糖與農藥恐被告，食品誹謗法大... ❌
  🔄 清血管這樣吃就對了！逆轉三高、改善心臟病、糖尿病、慢性腎臟病... ❌
  🔄 【柏格醫生】癌症研究70年都錯了？揭開致癌真相與30個科學防... ❌
  🔄 頭前傾2.5公分加重4.5公斤！柏格醫生教你每晚幾分鐘快速矯... ❌
  🔄 麵包真正毒物不是麩質！血糖暴衝、胰島素阻抗元兇曝光，戒掉後該... ❌
  🔄 最佳伸展筋膜,能消炎、助眠、不僵硬! 減壓！自然療法,柏格醫... ❌
  🔄 柏格醫生：生酮飲食保護腎臟的4大秘訣！多囊腎病、糖尿病腎損傷... ❌
  🔄 戒不掉糖、菸、色情、社媒？柏格醫生教你：NAC + 鎂 + ... ❌
  🔄 心悸、胸悶、頭暈竟是缺鎂惹的禍？5大原因＋高鎂食物一次看 ❌
  🔄 柏格醫生：吃早餐竟是傷肝元兇？停吃早餐會啟動細胞自噬，肝功能... ❌
  🔄 這個維生素能殺死癌細胞 你卻不知道 ❌
  🔄 薑黃vs布洛芬(止痛藥)：為什麼醫生偏偏推薦天然的 ❌
  🔄 【超級訪談】維生素D3超過您想像！身體正渴求維生素D!!D3... ❌
  🔄 防彈咖啡會阻斷自噬嗎？柏格醫生解析：斷食中喝防彈咖啡的真相（... ❌
  🔄 柏格醫生：初乳是地球上#1免疫食物！抗病毒、抗腫瘤、治腸漏、... ❌
  📊 柏格醫生中文: 0✅ 15❌
  📊 進度: 16/40 (40%)
  📊 總計: 成功:0 失敗:15

============================================================
✅ 完成! 時間: 15:37:59
============================================================
>>> Round done at Fri Mar 27 15:37:59 CST 2026. last_channel_index=2
============================================================
🚀 知識庫爬蟲（kd subtitles 專用）- 15:38:02
============================================================

📺 [3/9] Dr.HuangAmin
  🔄 睡覺狂打呼，口腔肌少症找上門！教你練舌肌力！feat.黃斌洋... ❌
  🔄 你靠吃「某些食物」才想大便，不正常！？必吃3種食物養腸道！｜... ❌
  🔄 手抬不起來，竟跟腸胃有關？內臟卡卡，手也會被扯住！｜功操大全 ❌
  🔄 轉頭就痛！頸因性頭痛，真正的原因在手部！？｜功操大全 ❌
  🔄 骨盆前傾一招練回正臀！檢測你有沒有假翹臀！｜功操大全 ❌
  🔄 你的身體會替情緒說話？什麼是身心學？feat.趙耕樂身心療癒... ❌
  🔄 別再硬按！淋巴塞，痠痛來！帶你一起疏通淋巴｜功操大全 ❌
  🔄 烏龜頸，脖子前傾的真相！搞錯原因復健還是凸！｜功操大全 ❌
  🔄 床墊、枕頭選錯你就痛！睡姿問題一次解！｜功操大全 ❌
  🔄 常常聳肩！你的腸胃、鎖骨卡住肩！｜迷思破解 ❌
  🔄 身體失調！月經亂、變胖竟是身體太冷！？feat.內科李琪醫師... ❌
  🔄 膝蓋痛，關鍵在骨盆、腳底的影響！｜迷思破解 ❌
  🔄 圓肩，全因你手指沒力氣？｜迷思破解 ❌
  🔄 消水腫！先清除體內垃圾｜迷思破解 ❌
  🔄 顳顎關節卡住的真正原因！｜功操大全 ❌
  📊 Dr.HuangAmin: 0✅ 15❌
  📊 進度: 4/40 (10%)
  📊 總計: 成功:0 失敗:15

============================================================
✅ 完成! 時間: 15:40:19
============================================================
>>> Round done at Fri Mar 27 15:40:19 CST 2026. last_channel_index=3
============================================================
🚀 知識庫爬蟲（kd subtitles 專用）- 15:40:22
============================================================

📺 [4/9] 周慕姿放心說
  🔄 【十分鐘心理學】難過時為何會笑？討好、對抗、疏遠、高功能的幽... ❌
  📊 周慕姿放心說: 0✅ 1❌
  📊 進度: 39/40 (97%)
  📊 總計: 成功:0 失敗:1

============================================================
✅ 完成! 時間: 15:40:41
============================================================
>>> Round done at Fri Mar 27 15:40:41 CST 2026. last_channel_index=4
============================================================
🚀 知識庫爬蟲（kd subtitles 專用）- 15:40:44
============================================================

📺 [5/9] 松明讲心理
  ⏭️  跳過 22 個會員限定/私人影片
  🔄 Depression is a slow betrayal ... ❌
  🔄 Long-distance relationships ar... ❌
  🔄 How to negotiate boundaries wi... ❌
  📊 松明讲心理: 0✅ 3❌
  📊 進度: 15/18 (83%)
  📊 總計: 成功:0 失敗:3

============================================================
✅ 完成! 時間: 15:41:32
============================================================
>>> Round done at Fri Mar 27 15:41:32 CST 2026. last_channel_index=5
============================================================
🚀 知識庫爬蟲（kd subtitles 專用）- 15:41:35
============================================================

📺 [6/9] 超真實商談
  ✅ 無新影片

📺 [7/9] Cofit211
  ⏭️  跳過 8 個會員限定/私人影片
  🔄 [Channel Member Exclusive] Inv... ❌
  📊 Cofit211: 0✅ 1❌
  📊 進度: 70/32 (218%)
  📊 總計: 成功:0 失敗:1

============================================================
✅ 完成! 時間: 15:41:52
============================================================
>>> Round done at Fri Mar 27 15:41:52 CST 2026. last_channel_index=7
============================================================
🚀 知識庫爬蟲（kd subtitles 專用）- 15:41:55
============================================================

📺 [8/9] 泛科學
  ✅ 無新影片

📺 [9/9] 泛科學院
  ⏭️  跳過 3 個會員限定/私人影片
  🔄 公開Gemini 3.1 Pro 六大功能！不是工程師也能寫... ❌
  🔄 [2026 Best AI Subscription Gui... ❌
  🔄 [AI Teaching Notes ❌
  🔄 【少年們的 AI 簡報影音大作戰｜YouTube Cours... ❌
  📊 泛科學院: 0✅ 4❌
  📊 進度: 33/37 (89%)
  📊 總計: 成功:0 失敗:4

============================================================
✅ 完成! 時間: 15:42:44
============================================================
>>> Round done at Fri Mar 27 15:42:44 CST 2026. last_channel_index=0
============================================================
🚀 知識庫爬蟲（kd subtitles 專用）- 15:42:47
============================================================

📺 [1/9] 胡乃文开播
  ⏭️  跳過 12 個會員限定/私人影片
  🔄 她雙腿癢2個月竟是肝出大問題！換季皮膚就癢癢，按2大穴止癢，... ❌
  📊 胡乃文开播: 0✅ 1❌
  📊 進度: 27/28 (96%)
  📊 總計: 成功:0 失敗:1

============================================================
✅ 完成! 時間: 15:43:07
============================================================
>>> Round done at Fri Mar 27 15:43:07 CST 2026. last_channel_index=1
============================================================
🚀 知識庫爬蟲（kd subtitles 專用）- 15:43:10
============================================================

📺 [2/9] 柏格醫生中文
  🔄 佛羅里達新法案威脅言論自由？批評糖與農藥恐被告，食品誹謗法大... ❌
  🔄 清血管這樣吃就對了！逆轉三高、改善心臟病、糖尿病、慢性腎臟病... ❌
  🔄 如何永久遠離癌症？柏格醫生破解「癌細胞」弱點，30招從根本打... ❌
  🔄 頭前傾2.5公分加重4.5公斤！柏格醫生教你每晚幾分鐘快速矯... ❌
  🔄 別再吃麵包了！就算0糖也比砂糖更害血糖飆升，無麩質、全麥全是... ❌
  🔄 最佳伸展筋膜,能消炎、助眠、不僵硬! 減壓！自然療法,柏格醫... ❌
  🔄 柏格醫生談：生酮不是高蛋白！為什麼生酮+斷食+有機蔬菜能救腎... ❌
  🔄 戒不掉糖、菸、色情、社媒？柏格醫生教你：NAC + 鎂 + ... ❌
  🔄 心悸、胸悶、頭暈竟是缺鎂惹的禍？5大原因＋高鎂食物一次看 ❌
  🔄 柏格醫生：吃早餐竟是傷肝元兇？停吃早餐會啟動細胞自噬，肝功能... ❌
  🔄 這個維生素能殺死癌細胞 你卻不知道 ❌
  🔄 薑黃vs布洛芬(止痛藥)：為什麼醫生偏偏推薦天然的 ❌
  🔄 【超級訪談】維生素D3超過您想像！身體正渴求維生素D!!D3... ❌
  🔄 防彈咖啡會阻斷自噬嗎？柏格醫生解析：斷食中喝防彈咖啡的真相（... ❌
  🔄 全世界最強免疫超級食物！柏格醫生揭秘：初乳（牛初乳）對成人9... ❌
  📊 柏格醫生中文: 0✅ 15❌
  📊 進度: 16/40 (40%)
  📊 總計: 成功:0 失敗:15

============================================================
✅ 完成! 時間: 15:46:33
============================================================
>>> Round done at Fri Mar 27 15:46:33 CST 2026. last_channel_index=2
============================================================
🚀 知識庫爬蟲（kd subtitles 專用）- 15:46:36
============================================================

📺 [3/9] Dr.HuangAmin
  🔄 睡覺狂打呼，口腔肌少症找上門！教你練舌肌力！feat.黃斌洋... ❌
  🔄 你靠吃「某些食物」才想大便，不正常！？必吃3種食物養腸道！｜... ❌
  🔄 手抬不起來，竟跟腸胃有關？內臟卡卡，手也會被扯住！｜功操大全 ❌
  🔄 轉頭就痛！頸因性頭痛，真正的原因在手部！？｜功操大全 ❌
  🔄 骨盆前傾一招練回正臀！檢測你有沒有假翹臀！｜功操大全 ❌
  🔄 你的身體會替情緒說話？什麼是身心學？feat.趙耕樂身心療癒... ❌
  🔄 別再硬按！淋巴塞，痠痛來！帶你一起疏通淋巴｜功操大全 ❌
  🔄 烏龜頸，脖子前傾的真相！搞錯原因復健還是凸！｜功操大全 ❌
  🔄 床墊、枕頭選錯你就痛！睡姿問題一次解！｜功操大全 ❌
  🔄 常常聳肩！你的腸胃、鎖骨卡住肩！｜迷思破解 ❌
  🔄 身體失調！月經亂、變胖竟是身體太冷！？feat.內科李琪醫師... ❌
  🔄 膝蓋痛，關鍵在骨盆、腳底的影響！｜迷思破解 ❌
  🔄 圓肩，全因你手指沒力氣？｜迷思破解 ❌
  🔄 消水腫！先清除體內垃圾｜迷思破解 ❌
  🔄 顳顎關節卡住的真正原因！｜功操大全 ❌
  📊 Dr.HuangAmin: 0✅ 15❌
  📊 進度: 4/40 (10%)
  📊 總計: 成功:0 失敗:15

============================================================
✅ 完成! 時間: 15:48:55
============================================================
>>> Round done at Fri Mar 27 15:48:55 CST 2026. last_channel_index=3
============================================================
🚀 知識庫爬蟲（kd subtitles 專用）- 15:48:58
============================================================

📺 [4/9] 周慕姿放心說
  🔄 【十分鐘心理學】難過時為何會笑？討好、對抗、疏遠、高功能的幽... ❌
  📊 周慕姿放心說: 0✅ 1❌
  📊 進度: 39/40 (97%)
  📊 總計: 成功:0 失敗:1

============================================================
✅ 完成! 時間: 15:49:17
============================================================
>>> Round done at Fri Mar 27 15:49:17 CST 2026. last_channel_index=4
============================================================
🚀 知識庫爬蟲（kd subtitles 專用）- 15:49:20
============================================================

📺 [5/9] 松明讲心理
  🔄 Depression is a slow betrayal ... ❌
  🔄 愛操心的人，其實最孤單！#人生 #心理學 #煩惱 #認知 #... ❌
  🔄 Learn to make choices so your ... ❌
  🔄 看清選擇背後的三大陷阱，做出更清晰的人生決策！#朋友 #人際... ❌
  🔄 The power of choice: Living yo... ❌
  🔄 Long-distance relationships ar... ❌
  🔄 內心強大到可怕的10種心境！#人生 #心理學 #煩惱 #認知... ❌
  🔄 當恨佔滿了心，親密就進不來！#情感 #愛情 #戀愛 #離婚 ... ❌
  🔄 3句話學會放下執著、停止內耗，走向內在的力量！#人生 #心理... ❌
  🔄 原諒出軌，是救贖還是折磨？#情感 #愛情 #戀愛 #離婚  ... ❌
  🔄 女人最該守住的三重分寸感！#情感 #愛情 #戀愛 #離婚  ... ❌
  🔄 Whether your employees are wor... ❌
  🔄 苦難生智慧「物極必反」的哲學！#人生 #心理學 #煩惱 #認... ❌
  🔄 Four ways to quickly improve y... ❌
  🔄 如何挽救孩子的躺平和厭學？#松明  #煩惱 #親子 #婚姻 ... ❌
  📊 松明讲心理: 0✅ 15❌
  📊 進度: 15/40 (37%)
  📊 總計: 成功:0 失敗:15

============================================================
✅ 完成! 時間: 15:51:37
============================================================
>>> Round done at Fri Mar 27 15:51:37 CST 2026. last_channel_index=5
============================================================
🚀 知識庫爬蟲（kd subtitles 專用）- 15:51:40
============================================================

📺 [6/9] 超真實商談
  ✅ 無新影片

📺 [7/9] Cofit211
  ⏭️  跳過 8 個會員限定/私人影片
  🔄 [Channel Member Exclusive] Inv... ❌
  📊 Cofit211: 0✅ 1❌
  📊 進度: 70/32 (218%)
  📊 總計: 成功:0 失敗:1

============================================================
✅ 完成! 時間: 15:52:02
============================================================
>>> Round done at Fri Mar 27 15:52:02 CST 2026. last_channel_index=7
============================================================
🚀 知識庫爬蟲（kd subtitles 專用）- 15:52:05
============================================================

📺 [8/9] 泛科學
  ✅ 無新影片

📺 [9/9] 泛科學院
  ⏭️  跳過 3 個會員限定/私人影片
  🔄 公開Gemini 3.1 Pro 六大功能！不是工程師也能寫... ❌
  🔄 [2026 Best AI Subscription Gui... ❌
  🔄 [AI Teaching Notes ❌
  🔄 【少年們的 AI 簡報影音大作戰｜YouTube Cours... ❌
  📊 泛科學院: 0✅ 4❌
  📊 進度: 33/37 (89%)
  📊 總計: 成功:0 失敗:4

============================================================
✅ 完成! 時間: 15:52:54
============================================================
>>> Round done at Fri Mar 27 15:52:54 CST 2026. last_channel_index=0
============================================================
🚀 知識庫爬蟲（kd subtitles 專用）- 15:52:57
============================================================

📺 [1/9] 胡乃文开播
  ⏭️  跳過 12 個會員限定/私人影片
  🔄 地瓜葉菊花茶讓濕疹好得快，但你吃對了嗎？她雙腿癢2個月竟是肝... ❌
  📊 胡乃文开播: 0✅ 1❌
  📊 進度: 27/28 (96%)
  📊 總計: 成功:0 失敗:1

============================================================
✅ 完成! 時間: 15:53:17
============================================================
>>> Round done at Fri Mar 27 15:53:17 CST 2026. last_channel_index=1
============================================================
🚀 知識庫爬蟲（kd subtitles 專用）- 15:53:20
============================================================

📺 [2/9] 柏格醫生中文
  🔄 佛羅里達新法案威脅言論自由？批評糖與農藥恐被告，食品誹謗法大... ❌
  🔄 清血管這樣吃就對了！逆轉三高、改善心臟病、糖尿病、慢性腎臟病... ❌
  🔄 【柏格醫生】癌症研究70年都錯了？揭開致癌真相與30個科學防... ❌
  🔄 頭前傾2.5公分加重4.5公斤！柏格醫生教你每晚幾分鐘快速矯... ❌
  🔄 別再吃麵包了！就算0糖也比砂糖更害血糖飆升，無麩質、全麥全是... ❌
  🔄 最佳伸展筋膜,能消炎、助眠、不僵硬! 減壓！自然療法,柏格醫... ❌
  🔄 柏格醫生：生酮飲食保護腎臟的4大秘訣！多囊腎病、糖尿病腎損傷... ❌
  🔄 戒不掉糖、菸、色情、社媒？柏格醫生教你：NAC + 鎂 + ... ❌
  🔄 心悸、胸悶、頭暈竟是缺鎂惹的禍？5大原因＋高鎂食物一次看 ❌
  🔄 柏格醫生：吃早餐竟是傷肝元兇？停吃早餐會啟動細胞自噬，肝功能... ❌
  🔄 這個維生素能殺死癌細胞 你卻不知道 ✅ (6578字)
  🔄 薑黃vs布洛芬(止痛藥)：為什麼醫生偏偏推薦天然的 ❌
  🔄 【超級訪談】維生素D3超過您想像！身體正渴求維生素D!!D3... ❌
  🔄 防彈咖啡會阻斷自噬嗎？柏格醫生解析：斷食中喝防彈咖啡的真相（... ❌
  🔄 柏格醫生：初乳是地球上#1免疫食物！抗病毒、抗腫瘤、治腸漏、... ❌
  📊 柏格醫生中文: 1✅ 14❌
  📊 進度: 17/40 (42%)
  📊 總計: 成功:1 失敗:14

============================================================
✅ 完成! 時間: 15:56:17
============================================================
>>> Round done at Fri Mar 27 15:56:17 CST 2026. last_channel_index=2
============================================================
🚀 知識庫爬蟲（kd subtitles 專用）- 15:56:20
============================================================

📺 [3/9] Dr.HuangAmin
  🔄 睡覺狂打呼，口腔肌少症找上門！教你練舌肌力！feat.黃斌洋... ❌
  🔄 你靠吃「某些食物」才想大便，不正常！？必吃3種食物養腸道！｜... ❌
  🔄 手抬不起來，竟跟腸胃有關？內臟卡卡，手也會被扯住！｜功操大全 ❌
  🔄 轉頭就痛！頸因性頭痛，真正的原因在手部！？｜功操大全 ❌
  🔄 骨盆前傾一招練回正臀！檢測你有沒有假翹臀！｜功操大全 ❌
  🔄 你的身體會替情緒說話？什麼是身心學？feat.趙耕樂身心療癒... ❌
  🔄 別再硬按！淋巴塞，痠痛來！帶你一起疏通淋巴｜功操大全 ❌
  🔄 烏龜頸，脖子前傾的真相！搞錯原因復健還是凸！｜功操大全 ❌
  🔄 床墊、枕頭選錯你就痛！睡姿問題一次解！｜功操大全 ❌
  🔄 常常聳肩！你的腸胃、鎖骨卡住肩！｜迷思破解 ❌
  🔄 身體失調！月經亂、變胖竟是身體太冷！？feat.內科李琪醫師... ❌
  🔄 膝蓋痛，關鍵在骨盆、腳底的影響！｜迷思破解 ❌
  🔄 圓肩，全因你手指沒力氣？｜迷思破解 ❌
  🔄 消水腫！先清除體內垃圾｜迷思破解 ❌
  🔄 顳顎關節卡住的真正原因！｜功操大全 ❌
  📊 Dr.HuangAmin: 0✅ 15❌
  📊 進度: 4/40 (10%)
  📊 總計: 成功:0 失敗:15

============================================================
✅ 完成! 時間: 15:58:37
============================================================
>>> Round done at Fri Mar 27 15:58:37 CST 2026. last_channel_index=3
============================================================
🚀 知識庫爬蟲（kd subtitles 專用）- 15:58:40
============================================================

📺 [4/9] 周慕姿放心說
  🔄 【十分鐘心理學】難過時為何會笑？討好、對抗、疏遠、高功能的幽... ❌
  📊 周慕姿放心說: 0✅ 1❌
  📊 進度: 39/40 (97%)
  📊 總計: 成功:0 失敗:1

============================================================
✅ 完成! 時間: 15:59:00
============================================================
>>> Round done at Fri Mar 27 15:59:00 CST 2026. last_channel_index=4
============================================================
🚀 知識庫爬蟲（kd subtitles 專用）- 15:59:03
============================================================

📺 [5/9] 松明讲心理
  ⏭️  跳過 22 個會員限定/私人影片
  🔄 Depression is a slow betrayal ... ❌
  🔄 Long-distance relationships ar... ❌
  🔄 How to negotiate boundaries wi... ❌
  📊 松明讲心理: 0✅ 3❌
  📊 進度: 15/18 (83%)
  📊 總計: 成功:0 失敗:3

============================================================
✅ 完成! 時間: 15:59:45
============================================================
>>> Round done at Fri Mar 27 15:59:45 CST 2026. last_channel_index=5
============================================================
🚀 知識庫爬蟲（kd subtitles 專用）- 15:59:49
============================================================

📺 [6/9] 超真實商談
  ✅ 無新影片

📺 [7/9] Cofit211
  ⏭️  跳過 8 個會員限定/私人影片
  🔄 [Channel Member Exclusive] Inv... ❌
  📊 Cofit211: 0✅ 1❌
  📊 進度: 70/32 (218%)
  📊 總計: 成功:0 失敗:1

============================================================
✅ 完成! 時間: 16:00:11
============================================================
>>> Round done at Fri Mar 27 16:00:11 CST 2026. last_channel_index=7
============================================================
🚀 知識庫爬蟲（kd subtitles 專用）- 16:00:14
============================================================

📺 [8/9] 泛科學
  ✅ 無新影片

📺 [9/9] 泛科學院
  ⏭️  跳過 3 個會員限定/私人影片
  🔄 公開Gemini 3.1 Pro 六大功能！不是工程師也能寫... ❌
  🔄 [2026 Best AI Subscription Gui... ❌
  🔄 [AI Teaching Notes ❌
  🔄 【少年們的 AI 簡報影音大作戰｜YouTube Cours... ❌
  📊 泛科學院: 0✅ 4❌
  📊 進度: 33/37 (89%)
  📊 總計: 成功:0 失敗:4

============================================================
✅ 完成! 時間: 16:01:04
============================================================
>>> Round done at Fri Mar 27 16:01:04 CST 2026. last_channel_index=0
============================================================
🚀 知識庫爬蟲（kd subtitles 專用）- 16:01:07
============================================================

📺 [1/9] 胡乃文开播
  ⏭️  跳過 12 個會員限定/私人影片
  🔄 她雙腿癢2個月竟是肝出大問題！換季皮膚就癢癢，按2大穴止癢，... ❌
  📊 胡乃文开播: 0✅ 1❌
  📊 進度: 27/28 (96%)
  📊 總計: 成功:0 失敗:1

============================================================
✅ 完成! 時間: 16:01:29
============================================================
>>> Round done at Fri Mar 27 16:01:29 CST 2026. last_channel_index=1
============================================================
🚀 知識庫爬蟲（kd subtitles 專用）- 16:01:32
============================================================

📺 [2/9] 柏格醫生中文
  🔄 佛羅里達新法案威脅言論自由？批評糖與農藥恐被告，食品誹謗法大... ❌
  🔄 清血管這樣吃就對了！逆轉三高、改善心臟病、糖尿病、慢性腎臟病... ❌
  🔄 癌症根本不是基因突變！柏格醫生：只要做對這30件事，從「粒線... ❌
  🔄 頭前傾2.5公分加重4.5公斤！柏格醫生教你每晚幾分鐘快速矯... ❌
  🔄 麵包真正毒物不是麩質！血糖暴衝、胰島素阻抗元兇曝光，戒掉後該... ❌
  🔄 最佳伸展筋膜,能消炎、助眠、不僵硬! 減壓！自然療法,柏格醫... ❌
  🔄 生酮飲食會傷腎？柏格醫生揭真相：高糖高胰島素才是腎臟殺手！（... ❌
  🔄 戒不掉糖、菸、色情、社媒？柏格醫生教你：NAC + 鎂 + ... ❌
  🔄 心悸、胸悶、頭暈竟是缺鎂惹的禍？5大原因＋高鎂食物一次看 ❌
  🔄 柏格醫生：吃早餐竟是傷肝元兇？停吃早餐會啟動細胞自噬，肝功能... ❌
  🔄 薑黃vs布洛芬(止痛藥)：為什麼醫生偏偏推薦天然的 ❌
  🔄 【超級訪談】維生素D3超過您想像！身體正渴求維生素D!!D3... ❌
  🔄 防彈咖啡會阻斷自噬嗎？柏格醫生解析：斷食中喝防彈咖啡的真相（... ❌
  🔄 沒喝過母乳？沒關係！柏格醫生：成人吃初乳補充劑就能重啟免疫系... ❌
  🔄 更年期最大謊言曝光！補充雌激素竟有8大副作用（乳癌、血栓、中... ❌
  📊 柏格醫生中文: 0✅ 15❌
  📊 進度: 17/40 (42%)
  📊 總計: 成功:0 失敗:15

============================================================
✅ 完成! 時間: 16:04:45
============================================================
>>> Round done at Fri Mar 27 16:04:45 CST 2026. last_channel_index=2
============================================================
🚀 知識庫爬蟲（kd subtitles 專用）- 16:04:48
============================================================

📺 [3/9] Dr.HuangAmin
  🔄 睡覺狂打呼，口腔肌少症找上門！教你練舌肌力！feat.黃斌洋... ❌
  🔄 你靠吃「某些食物」才想大便，不正常！？必吃3種食物養腸道！｜... ❌
  🔄 手抬不起來，竟跟腸胃有關？內臟卡卡，手也會被扯住！｜功操大全 ❌
  🔄 轉頭就痛！頸因性頭痛，真正的原因在手部！？｜功操大全 ❌
  🔄 骨盆前傾一招練回正臀！檢測你有沒有假翹臀！｜功操大全 ❌
  🔄 你的身體會替情緒說話？什麼是身心學？feat.趙耕樂身心療癒... ❌
  🔄 別再硬按！淋巴塞，痠痛來！帶你一起疏通淋巴｜功操大全 ❌
  🔄 烏龜頸，脖子前傾的真相！搞錯原因復健還是凸！｜功操大全 ❌
  🔄 床墊、枕頭選錯你就痛！睡姿問題一次解！｜功操大全 ❌
  🔄 常常聳肩！你的腸胃、鎖骨卡住肩！｜迷思破解 ❌
  🔄 身體失調！月經亂、變胖竟是身體太冷！？feat.內科李琪醫師... ❌
  🔄 膝蓋痛，關鍵在骨盆、腳底的影響！｜迷思破解 ❌
  🔄 圓肩，全因你手指沒力氣？｜迷思破解 ❌
  🔄 消水腫！先清除體內垃圾｜迷思破解 ❌
  🔄 顳顎關節卡住的真正原因！｜功操大全 ❌
  📊 Dr.HuangAmin: 0✅ 15❌
  📊 進度: 4/40 (10%)
  📊 總計: 成功:0 失敗:15

============================================================
✅ 完成! 時間: 16:07:08
============================================================
>>> Round done at Fri Mar 27 16:07:08 CST 2026. last_channel_index=3
============================================================
🚀 知識庫爬蟲（kd subtitles 專用）- 16:07:11
============================================================

📺 [4/9] 周慕姿放心說
  🔄 【十分鐘心理學】難過時為何會笑？討好、對抗、疏遠、高功能的幽... ❌
  📊 周慕姿放心說: 0✅ 1❌
  📊 進度: 39/40 (97%)
  📊 總計: 成功:0 失敗:1

============================================================
✅ 完成! 時間: 16:07:32
============================================================
>>> Round done at Fri Mar 27 16:07:32 CST 2026. last_channel_index=4
============================================================
🚀 知識庫爬蟲（kd subtitles 專用）- 16:07:36
============================================================

📺 [5/9] 松明讲心理
  ⏭️  跳過 22 個會員限定/私人影片
  🔄 Depression is a slow betrayal ... ❌
  🔄 Long-distance relationships ar... ❌
  🔄 How to negotiate boundaries wi... ❌
  📊 松明讲心理: 0✅ 3❌
  📊 進度: 15/18 (83%)
  📊 總計: 成功:0 失敗:3

============================================================
✅ 完成! 時間: 16:08:15
============================================================
>>> Round done at Fri Mar 27 16:08:15 CST 2026. last_channel_index=5
============================================================
🚀 知識庫爬蟲（kd subtitles 專用）- 16:08:18
============================================================

📺 [6/9] 超真實商談
  ✅ 無新影片

📺 [7/9] Cofit211
  ⏭️  跳過 8 個會員限定/私人影片
  🔄 [Channel Member Exclusive] Inv... ❌
  📊 Cofit211: 0✅ 1❌
  📊 進度: 70/32 (218%)
  📊 總計: 成功:0 失敗:1

============================================================
✅ 完成! 時間: 16:08:38
============================================================
>>> Round done at Fri Mar 27 16:08:38 CST 2026. last_channel_index=7
============================================================
🚀 知識庫爬蟲（kd subtitles 專用）- 16:08:41
============================================================

📺 [8/9] 泛科學
  ✅ 無新影片

📺 [9/9] 泛科學院
  ⏭️  跳過 3 個會員限定/私人影片
  🔄 公開Gemini 3.1 Pro 六大功能！不是工程師也能寫... ❌
  🔄 [2026 Best AI Subscription Gui... ❌
  🔄 [AI Teaching Notes ❌
  🔄 【少年們的 AI 簡報影音大作戰｜YouTube Cours... ❌
  📊 泛科學院: 0✅ 4❌
  📊 進度: 33/37 (89%)
  📊 總計: 成功:0 失敗:4

============================================================
✅ 完成! 時間: 16:09:27
============================================================
>>> Round done at Fri Mar 27 16:09:27 CST 2026. last_channel_index=0
============================================================
🚀 知識庫爬蟲（kd subtitles 專用）- 16:09:30
============================================================

📺 [1/9] 胡乃文开播
  ⏭️  跳過 12 個會員限定/私人影片
  🔄 地瓜葉菊花茶讓濕疹好得快，但你吃對了嗎？她雙腿癢2個月竟是肝... ❌
  📊 胡乃文开播: 0✅ 1❌
  📊 進度: 27/28 (96%)
  📊 總計: 成功:0 失敗:1

============================================================
✅ 完成! 時間: 16:09:52
============================================================
>>> Round done at Fri Mar 27 16:09:52 CST 2026. last_channel_index=1
============================================================
🚀 知識庫爬蟲（kd subtitles 專用）- 16:09:55
============================================================

📺 [2/9] 柏格醫生中文
  🔄 佛羅里達新法案威脅言論自由？批評糖與農藥恐被告，食品誹謗法大... ❌
  🔄 清血管這樣吃就對了！逆轉三高、改善心臟病、糖尿病、慢性腎臟病... ❌
  🔄 【柏格醫生】癌症研究70年都錯了？揭開致癌真相與30個科學防... ❌
  🔄 頭前傾2.5公分加重4.5公斤！柏格醫生教你每晚幾分鐘快速矯... ❌
  🔄 麵包真正毒物不是麩質！血糖暴衝、胰島素阻抗元兇曝光，戒掉後該... ❌
  🔄 最佳伸展筋膜,能消炎、助眠、不僵硬! 減壓！自然療法,柏格醫... ❌
  🔄 柏格醫生談：生酮不是高蛋白！為什麼生酮+斷食+有機蔬菜能救腎... ❌
  🔄 戒不掉糖、菸、色情、社媒？柏格醫生教你：NAC + 鎂 + ... ❌
  🔄 心悸、胸悶、頭暈竟是缺鎂惹的禍？5大原因＋高鎂食物一次看 ❌
  🔄 柏格醫生：吃早餐竟是傷肝元兇？停吃早餐會啟動細胞自噬，肝功能... ❌
  🔄 薑黃vs布洛芬(止痛藥)：為什麼醫生偏偏推薦天然的 ❌
  🔄 【超級訪談】維生素D3超過您想像！身體正渴求維生素D!!D3... ❌
  🔄 防彈咖啡會阻斷自噬嗎？柏格醫生解析：斷食中喝防彈咖啡的真相（... ❌
  🔄 柏格醫生：初乳是地球上#1免疫食物！抗病毒、抗腫瘤、治腸漏、... ❌
  🔄 醫生騙你更年期只因低雌激素？柏格醫生揭秘真相：胰島素阻抗+維... ❌
  📊 柏格醫生中文: 0✅ 15❌
  📊 進度: 17/40 (42%)
  📊 總計: 成功:0 失敗:15

============================================================
✅ 完成! 時間: 16:13:05
============================================================
>>> Round done at Fri Mar 27 16:13:05 CST 2026. last_channel_index=2
============================================================
🚀 知識庫爬蟲（kd subtitles 專用）- 16:13:08
============================================================

📺 [3/9] Dr.HuangAmin
  🔄 睡覺狂打呼，口腔肌少症找上門！教你練舌肌力！feat.黃斌洋... ❌
  🔄 你靠吃「某些食物」才想大便，不正常！？必吃3種食物養腸道！｜... ❌
  🔄 手抬不起來，竟跟腸胃有關？內臟卡卡，手也會被扯住！｜功操大全 ❌
  🔄 轉頭就痛！頸因性頭痛，真正的原因在手部！？｜功操大全 ❌
  🔄 骨盆前傾一招練回正臀！檢測你有沒有假翹臀！｜功操大全 ❌
  🔄 你的身體會替情緒說話？什麼是身心學？feat.趙耕樂身心療癒... ❌
  🔄 別再硬按！淋巴塞，痠痛來！帶你一起疏通淋巴｜功操大全 ❌
  🔄 烏龜頸，脖子前傾的真相！搞錯原因復健還是凸！｜功操大全 ❌
  🔄 床墊、枕頭選錯你就痛！睡姿問題一次解！｜功操大全 ❌
  🔄 常常聳肩！你的腸胃、鎖骨卡住肩！｜迷思破解 ❌
  🔄 身體失調！月經亂、變胖竟是身體太冷！？feat.內科李琪醫師... ❌
  🔄 膝蓋痛，關鍵在骨盆、腳底的影響！｜迷思破解 ❌
  🔄 圓肩，全因你手指沒力氣？｜迷思破解 ❌
  🔄 消水腫！先清除體內垃圾｜迷思破解 ❌
  🔄 顳顎關節卡住的真正原因！｜功操大全 ❌
  📊 Dr.HuangAmin: 0✅ 15❌
  📊 進度: 4/40 (10%)
  📊 總計: 成功:0 失敗:15

============================================================
✅ 完成! 時間: 16:15:32
============================================================
>>> Round done at Fri Mar 27 16:15:32 CST 2026. last_channel_index=3
============================================================
🚀 知識庫爬蟲（kd subtitles 專用）- 16:15:35
============================================================

📺 [4/9] 周慕姿放心說
  🔄 【十分鐘心理學】難過時為何會笑？討好、對抗、疏遠、高功能的幽... ❌
  📊 周慕姿放心說: 0✅ 1❌
  📊 進度: 39/40 (97%)
  📊 總計: 成功:0 失敗:1

============================================================
✅ 完成! 時間: 16:15:58
============================================================
>>> Round done at Fri Mar 27 16:15:58 CST 2026. last_channel_index=4
============================================================
🚀 知識庫爬蟲（kd subtitles 專用）- 16:16:01
============================================================

📺 [5/9] 松明讲心理
  ⏭️  跳過 22 個會員限定/私人影片
  🔄 Depression is a slow betrayal ... ❌
  🔄 Long-distance relationships ar... ❌
  🔄 How to negotiate boundaries wi... ❌
  📊 松明讲心理: 0✅ 3❌
  📊 進度: 15/18 (83%)
  📊 總計: 成功:0 失敗:3

============================================================
✅ 完成! 時間: 16:16:44
============================================================
>>> Round done at Fri Mar 27 16:16:44 CST 2026. last_channel_index=5
============================================================
🚀 知識庫爬蟲（kd subtitles 專用）- 16:16:47
============================================================

📺 [6/9] 超真實商談
  ✅ 無新影片

📺 [7/9] Cofit211
  ⏭️  跳過 8 個會員限定/私人影片
  🔄 [Channel Member Exclusive] Inv... ❌
  📊 Cofit211: 0✅ 1❌
  📊 進度: 70/32 (218%)
  📊 總計: 成功:0 失敗:1

============================================================
✅ 完成! 時間: 16:17:06
============================================================
>>> Round done at Fri Mar 27 16:17:06 CST 2026. last_channel_index=7
============================================================
🚀 知識庫爬蟲（kd subtitles 專用）- 16:17:09
============================================================

📺 [8/9] 泛科學
  ✅ 無新影片

📺 [9/9] 泛科學院
  ⏭️  跳過 3 個會員限定/私人影片
  🔄 公開Gemini 3.1 Pro 六大功能！不是工程師也能寫... ❌
  🔄 [2026 Best AI Subscription Gui... ❌
  🔄 [AI Teaching Notes ❌
  🔄 【少年們的 AI 簡報影音大作戰｜YouTube Cours... ❌
  📊 泛科學院: 0✅ 4❌
  📊 進度: 33/37 (89%)
  📊 總計: 成功:0 失敗:4

============================================================
✅ 完成! 時間: 16:18:13
============================================================
>>> Round done at Fri Mar 27 16:18:13 CST 2026. last_channel_index=0
============================================================
🚀 知識庫爬蟲（kd subtitles 專用）- 16:18:16
============================================================

📺 [1/9] 胡乃文开播
  ⏭️  跳過 12 個會員限定/私人影片
  🔄 她雙腿癢2個月竟是肝出大問題！換季皮膚就癢癢，按2大穴止癢，... ❌
  📊 胡乃文开播: 0✅ 1❌
  📊 進度: 27/28 (96%)
  📊 總計: 成功:0 失敗:1

============================================================
✅ 完成! 時間: 16:18:45
============================================================
>>> Round done at Fri Mar 27 16:18:45 CST 2026. last_channel_index=1
============================================================
🚀 知識庫爬蟲（kd subtitles 專用）- 16:18:48
============================================================

📺 [2/9] 柏格醫生中文
  🔄 佛羅里達新法案威脅言論自由？批評糖與農藥恐被告，食品誹謗法大... ❌
  🔄 清血管這樣吃就對了！逆轉三高、改善心臟病、糖尿病、慢性腎臟病... ❌
  🔄 【柏格醫生】癌症研究70年都錯了？揭開致癌真相與30個科學防... ❌
  🔄 頭前傾2.5公分加重4.5公斤！柏格醫生教你每晚幾分鐘快速矯... ❌
  🔄 麵包真正毒物不是麩質！血糖暴衝、胰島素阻抗元兇曝光，戒掉後該... ❌
  🔄 最佳伸展筋膜,能消炎、助眠、不僵硬! 減壓！自然療法,柏格醫... ❌
  🔄 柏格醫生談：生酮不是高蛋白！為什麼生酮+斷食+有機蔬菜能救腎... ❌
  🔄 戒不掉糖、菸、色情、社媒？柏格醫生教你：NAC + 鎂 + ... ❌
  🔄 心悸、胸悶、頭暈竟是缺鎂惹的禍？5大原因＋高鎂食物一次看 ❌
  🔄 柏格醫生：吃早餐竟是傷肝元兇？停吃早餐會啟動細胞自噬，肝功能... ❌
  🔄 薑黃vs布洛芬(止痛藥)：為什麼醫生偏偏推薦天然的 ❌
  🔄 【超級訪談】維生素D3超過您想像！身體正渴求維生素D!!D3... ❌
  🔄 柏格醫生談：防彈咖啡阻斷自噬？什麼才真正停止細胞自噬（葡萄糖... ❌
  🔄 柏格醫生：初乳是地球上#1免疫食物！抗病毒、抗腫瘤、治腸漏、... ❌
  🔄 補充雌激素超危險！8大副作用讓你後悔，柏格醫生：更年期這樣做... ❌
  📊 柏格醫生中文: 0✅ 15❌
  📊 進度: 17/40 (42%)
  📊 總計: 成功:0 失敗:15

============================================================
✅ 完成! 時間: 16:22:13
============================================================
>>> Round done at Fri Mar 27 16:22:13 CST 2026. last_channel_index=2
============================================================
🚀 知識庫爬蟲（kd subtitles 專用）- 16:22:17
============================================================

📺 [3/9] Dr.HuangAmin
  🔄 睡覺狂打呼，口腔肌少症找上門！教你練舌肌力！feat.黃斌洋... ❌
  🔄 你靠吃「某些食物」才想大便，不正常！？必吃3種食物養腸道！｜... ❌
  🔄 手抬不起來，竟跟腸胃有關？內臟卡卡，手也會被扯住！｜功操大全 ❌
  🔄 轉頭就痛！頸因性頭痛，真正的原因在手部！？｜功操大全 ❌
  🔄 骨盆前傾一招練回正臀！檢測你有沒有假翹臀！｜功操大全 ❌
  🔄 你的身體會替情緒說話？什麼是身心學？feat.趙耕樂身心療癒... ❌
  🔄 別再硬按！淋巴塞，痠痛來！帶你一起疏通淋巴｜功操大全 ❌
  🔄 烏龜頸，脖子前傾的真相！搞錯原因復健還是凸！｜功操大全 ❌
  🔄 床墊、枕頭選錯你就痛！睡姿問題一次解！｜功操大全 ❌
  🔄 常常聳肩！你的腸胃、鎖骨卡住肩！｜迷思破解 ❌
  🔄 身體失調！月經亂、變胖竟是身體太冷！？feat.內科李琪醫師... ❌
  🔄 膝蓋痛，關鍵在骨盆、腳底的影響！｜迷思破解 ❌
  🔄 圓肩，全因你手指沒力氣？｜迷思破解 ❌
  🔄 消水腫！先清除體內垃圾｜迷思破解 ❌
  🔄 顳顎關節卡住的真正原因！｜功操大全 ❌
  📊 Dr.HuangAmin: 0✅ 15❌
  📊 進度: 4/40 (10%)
  📊 總計: 成功:0 失敗:15

============================================================
✅ 完成! 時間: 16:24:49
============================================================
>>> Round done at Fri Mar 27 16:24:49 CST 2026. last_channel_index=3
============================================================
🚀 知識庫爬蟲（kd subtitles 專用）- 16:24:52
============================================================

📺 [4/9] 周慕姿放心說
  🔄 【十分鐘心理學】難過時為何會笑？討好、對抗、疏遠、高功能的幽... 📝 無字幕，嘗試轉錄... 🎤 (4135字)
  📊 周慕姿放心說: 1✅ 0❌
  📊 進度: 40/40 (100%)
  📊 總計: 成功:1 失敗:0

============================================================
✅ 完成! 時間: 16:29:25
============================================================
>>> Round done at Fri Mar 27 16:29:25 CST 2026. last_channel_index=4
============================================================
🚀 知識庫爬蟲（kd subtitles 專用）- 16:29:28
============================================================

📺 [5/9] 松明讲心理
  ⏭️  跳過 22 個會員限定/私人影片
  🔄 Depression is a slow betrayal ... 📝 無字幕，嘗試轉錄... 🎤 (2205字)
  🔄 Long-distance relationships ar... 📝 無字幕，嘗試轉錄... 🎤 (2372字)
  🔄 How to negotiate boundaries wi... 📝 無字幕，嘗試轉錄... 